,,,,,,,,,,,,,,MSD-PL-only,,,,,,,,,,,,,,MSD-PL-Cubtc,,,,,,,,,,,,,,,PL-CuBTC,Li+,,,,,,,,,,TFSi-,,,,,,,RDF_Cu-O(PEO),,,,,,,RDF_Cu-O(TFSi-),,,Eint_total,,,,,,,,,RDF_PL-ONLY,,,320,,340,,360,,,,,,,,,Pl-cubtc,,,320,,,,,,,,380,,400,,,,,,,,,密度（cm^3/g）,,,,,,,,,,,,,,,,,,,,,,,,,,,,,,,,,,,,,,,,,,,,Distance,Mass density,Mass density,Mass density,,,Distance,Mass density,Mass density,Mass density,,,Distance,Mass density,Mass density,Mass density,,,,,,,,,,,,,,,,,Distance,Mass density,Mass density,Mass density,
,,,,,,,,,,,,,,,298,,320,,340,,360,,380,,410,,,,298,,320,,340,,360,,380,,410,,,,temp(k),slope(A^2/ps),D(10^-12*m^2/s),R^2,n_Li,cell,volume,ci,q^2,kB*T,sigmai(s/cm),slope(A^2/ps),D(10^-12*m^2/s),R^2,t_Li,,,,,300,320,340,360,380,410,,,,,,,,,,,,,298,_LI-O(PEO),Li-tfsI-,_LI-O(PEO),Li-tfsI-,_LI-O(PEO),Li-tfsI-,_LI-O(PEO),Li-tfsI-,380,_LI-O(PEO),Li-tfsI-,410,_LI-O(PEO),Li-tfsI-,,298,_LI-O(PEO),Li-tfsI-,_LI-O(PEO),Li-tfsI-,340,_LI-O(PEO),Li-tfsI-,360,_LI-O(PEO),Li-tfsI-,_LI-O(PEO),Li-tfsI-,_LI-O(PEO),Li-tfsI-,,,,,,,temp,PL only,误差,PL-CuBTC,误差,,,,,,Distance,Relative concentration,Relative concentration,Relative concentration,,Distance,Relative concentration,Relative concentration,Relative concentration,,Distance,Relative concentration,Relative concentration,Relative concentration,,Distance,Relative concentration,Relative concentration,Relative concentration,,Distance,Relative concentration,Relative concentration,Relative concentration,,Distance,Relative concentration,Relative concentration,Relative concentration,,,,,,,0.23765601,1.00834851,1.06947707,0.99184025,1.02322194333333,,0.27769959,0.99261307,1.01527425,0.9419103,0.983265873333333,,0.27926265,0.95354443,1.0140262,0.91156739,0.959712673333333,,,,,,,,,,,,,,,,0.28086404,0.88849269,1.00863049,0.97087853,0.95600057
,,,,,,,,,,,,,,298k,Li+,TFSi-,Li+,TFSi-,Li+,TFSi-,Li+,TFSi-,Li+,TFSi-,Li+,TFSi-,,298k,Li+,TFSi-,Li+,TFSi-,Li+,TFSi-,Li+,TFSi-,Li+,TFSi-,Li+,TFSi-,,,298,0.0109,18.1666666666667,0.9953,10,33.047235,3.60915377337654e-26,2.77073259492751e+26,2.567e-38,4.114188e-21,0.000314059255539814,0.01986,33.1,0.9972,0.354356306892068,150-300ps,,,r,gr,g(r),g(r),g(r),g(r),g(r),g®,,,temp,PEO+Cubtc,PEO,Cubtc,Eint,,,,,r,g(r),g(r),g(r),g(r),g(r),g(r),g(r),g(r),r,g(r),g(r),r,g(r),g(r),,r,g(r),g(r),g(r),g(r),r,g(r),g(r),r,g(r),g(r),g(r),g(r),g(r),g(r),,,,,,,298,1.218,0.023,1.238,0.03,,,,,,0.23765601,0.97798685,1.05606805,0.99435235,1.00946908333333,0.27575185,0.96824078,0.96232554,0.97821219,0.969592836666667,0.27713416,0.98372583,1.00149178,1.01316654,0.999461383333333,0.27769959,1.01387265,1.0028872,0.96435362,0.99370449,0.27926265,0.97871921,1.01843584,0.96519865,0.987451233333333,0.28086404,0.95370618,1.0197879,1.01235159,0.99528189,,,,,,0.71296803,0.90511493,1.11708966,1.04576206,1.02265555,,0.83309877,0.94360899,0.97382923,0.97806182,0.96516668,,0.83778795,0.98411546,1.00817015,0.9222448,0.971510136666667,,,,,,,,,,,,,,,,0.84259211,0.86310963,0.99662166,0.94598038,0.935237223333333
temp,a=b=c (Å),C,H,Li,N,O,F,S,Cu,Molecular weight (g/mol),density ( g/cm^3),,,Time,MSD,MSD,MSD,MSD,MSD,MSD,MSD,MSD,MSD,MSD,MSD,MSD,,Time,MSD,MSD,MSD,MSD,MSD,MSD,MSD,MSD,MSD,MSD,MSD,MSD,,,320,0.004241,7.06833333333333,0.9692,10,33.036496,3.60563643444547e-26,2.77343547576447e+26,2.567e-38,4.114188e-21,0.000122314184483568,0.008236,13.7266666666667,0.9773,0.33990542598381,,,,0.025,0,0,0,0,0,0,0,,,298,-4634.222157,1671.446261,-5677.701813,-627.966605000001,,,,,0.025,0,0,0,0,0,0,0,0,0.03,0,0,0.03,0,0,,0.025,0,0,0,0,0.03,0,0,0.025,0,0,0,0,0,0,,,,,,,320,1.21,0.06,1.24,0.007,,,,,,0.71296803,0.94900215,1.08130642,1.0126896,1.01433272333333,0.82725555,0.93410138,1.01488669,0.97787417,0.975620746666667,0.83140247,0.94954753,1.04396085,1.02196491,1.00515776333333,0.83309877,0.997986,0.98615551,1.00592933,0.99669028,0.83778795,1.02063293,1.02654817,0.98024027,1.00914045666667,0.84259211,0.93781953,1.01606974,1.00221117,0.985366813333333,,,,,,1.18828005,0.86202036,1.14610675,1.15384981,1.05399230666667,,1.38849795,0.94986995,0.98061052,0.99448648,0.974988983333333,,1.39631325,0.99623722,1.04526531,0.93965375,0.99371876,,,,,,,,,,,,,,,,1.40432018,0.89909193,0.97172312,0.96204018,0.944285076666667
298,32.417126,1020,2010,10,10,545,60,20,,24987.3,1.218,,,0,0,0,0,0,0,0,0,0,0,0,0,0,,0,0,0,0,0,0,0,0,0,0,0,0,0,,,340,0.008894,14.8233333333333,0.9706,10,33.205347,3.66120518795976e-26,2.73134104389615e+26,2.567e-38,4.114188e-21,0.000252617562997471,0.02077,34.6166666666667,0.9932,0.299824703344121,,,,0.075,0,0,0,0,0,0,0,,,320,-4432.212157,1881.469524,-5665.805985,-647.875696,,,,,0.075,0,0,0,0,0,0,0,0,0.09,0,0,0.09,0,0,,0.075,0,0,0,0,0.09,0,0,0.075,0,0,0,0,0,0,,,,,,,340,1.203,0.007,1.221,0.006,,,,,,1.18828005,0.91942594,1.09984085,1.05902567,1.02609748666667,1.37875924,0.94981902,1.04835007,0.98987367,0.996014253333333,1.38567079,0.93195079,1.04057686,1.0258565,0.999461383333333,1.38849795,0.99680295,1.00559131,0.98919764,0.9971973,1.39631325,1.00069011,1.06389871,0.97466304,1.01308395333333,1.40432018,0.95522724,1.01775981,1.02299903,0.998662026666667,,,,,,1.66359208,0.82151003,1.03434106,1.06988553,0.97524554,,1.94389713,0.94506111,1.02006694,1.0504395,1.00518918333333,,1.95483855,0.99712309,1.04011308,0.98581637,1.00768418,,,,,,,,,,,,,,,,1.96604826,0.92079727,0.9931749,0.98962663,0.967866266666667
320,32.485035,1020,2010,10,10,545,60,20,,24987.3,1.21,,,5,0.45417632,0.75473519,0.51435307,0.78287992,0.59364207,0.97474509,0.80928371,1.28808024,0.92674093,1.57820222,1.32508396,2.25064539,,5,0.45411484,0.75763596,0.54062501,0.84624812,0.62884742,1.06027618,0.67648721,1.20312323,0.86679103,1.62162434,1.26371474,2.1944399,,,360,0.007644,12.74,0.9767,10,33.304079,3.69396081491582e-26,2.70712129907309e+26,2.567e-38,4.114188e-21,0.000215188411355876,0.02264,37.7333333333333,0.9972,0.252410513802668,,,,0.125,0,0,0,0,0,0,0,,,340,-4131.076391,2172.130012,-5673.201325,-630.005078,,,,,0.125,0,0,0,0,0,0,0,0,0.15,0,0,0.15,0,0,,0.125,0,0,0,0,0.15,0,0,0.125,0,0,0,0,0,0,,,,,,,360,1.179,0.008,1.21,0.007,,,,,,1.66359208,0.89951129,1.07046181,1.06415222,1.01137510666667,1.93026294,0.96671972,1.06795488,1.03330845,1.02266101666667,1.93993911,0.93245838,1.07086357,1.05445122,1.01925772333333,1.94389713,0.96959283,1.06761686,1.03026633,1.02249200666667,1.95483855,1.02283002,1.02604115,1.00254919,1.01714012,1.96604826,0.96350858,1.0150557,1.05037815,1.00964747666667,,,,,,2.1389041,0.83997022,0.94649889,1.0455979,0.944022336666667,,2.49929631,0.9598084,1.00878865,1.04086962,1.00315555666667,,2.51336385,0.95392838,0.97797042,1.01323442,0.981711073333333,,,,,,,,,,,,,,,,2.52777633,0.97730663,0.98278447,1.00073608,0.986942393333333
340,32.549387,1020,2010,10,10,545,60,20,,24987.3,1.203,,,10,0.5545327,0.90244363,0.54580315,0.90254674,0.7175117,1.1501167,0.97815931,1.58214809,1.19469942,2.08237108,1.73662815,3.03488482,,10,0.50698655,0.86149588,0.61375264,0.988829,0.76612861,1.31299519,0.81639454,1.47941758,1.13236102,2.07065351,1.7045907,2.92795299,,,380,0.03291,54.85,0.9966,10,33.510777,3.76316701384464e-26,2.65733621792765e+26,2.567e-38,4.114188e-21,0.00090942078149419,0.02872,47.8666666666667,0.9959,0.533993185137109,,,,0.175,0,0,0,0,0,0,0,,,360,-3790.133222,2510.3879,-5660.113469,-640.407653,,,,,0.175,0,0,0,0,0,0,0,0,0.21,0,0,0.21,0,0,,0.175,0,0,0,0,0.21,0,0,0.175,0,0,0,0,0,0,,,,,,,380,1.158,0.01,1.188,0.008,,,,,,2.1389041,0.91390505,1.07460248,1.06415222,1.01755325,2.48176664,0.93731251,1.04953312,1.05240624,1.01308395666667,2.49420742,0.89878769,1.04565284,1.04869843,0.997712986666667,2.49929631,0.97331099,1.05173021,1.04615298,1.02373139333333,2.51336385,0.97702914,1.02063293,1.01336563,1.0036759,2.52777633,0.97094489,1.0344915,1.0491951,1.01821049666667,,,,,,2.61421612,0.91614196,0.93691754,1.07801799,0.97702583,,3.05469549,0.99129112,1.06127938,1.06022876,1.03759975333333,,3.07188915,0.95468276,0.95147866,1.05949073,0.988550716666667,,,,,,,,,,,,,,,,3.08950441,0.97430181,0.99026109,1.02373458,0.99609916
360,32.767159,1020,2010,10,10,545,60,20,,24987.3,1.179,,,15,0.59017899,0.99550963,0.61360099,0.97715384,0.78668477,1.30702696,1.1591978,1.84962764,1.43838504,2.51528248,2.17134865,3.70865274,,15,0.59090245,0.96212472,0.69373921,1.08825626,0.86437067,1.54637775,0.90636952,1.67002092,1.32780403,2.4950246,1.98171236,3.60308672,,,410,0.0425,70.8333333333333,0.9986,10,33.774801,3.85281713352644e-26,2.59550340787836e+26,2.567e-38,4.114188e-21,0.00114709931032567,0.0495,82.5,0.9968,0.46195652173913,,,,0.225,0,0,0,0,0,0,0,,,380,-3567.014272,2699.054441,-5647.573428,-618.495285000001,,,,,0.225,0,0,0,0,0,0,0,0,0.27,0,0,0.27,0,0,,0.225,0,0,0,0,0.27,0,0,0.225,0,0,0,0,0,0,,,,,,,410,1.135,0.01,1.16,0.01,,,,,,2.61421612,0.93401687,1.04581497,1.05626523,1.01203235666667,3.03327033,0.93832655,1.00153515,1.04446291,0.99477487,3.04847574,0.89997208,0.97678865,1.00825976,0.961673496666667,3.05469549,0.94998803,1.04835007,1.06322268,1.02052026,3.07188915,0.94593186,0.9832824,1.0441249,0.991113053333333,3.08950441,0.9834514,1.03533654,1.04311085,1.02063293,,,,,,3.08952814,0.96772642,0.96843424,1.0303057,0.98882212,,3.61009466,0.95267224,1.06791328,1.02193994,1.01417515333333,,3.63041445,0.96857775,0.93838711,1.03851383,0.98182623,,,,,,,,,,,,,,,,3.65123248,0.96784807,0.97181661,1.03065821,0.99010763
380,32.97151,1020,2010,10,10,545,60,20,,24987.3,1.158,,,20,0.67288102,1.08663979,0.63641211,1.08355033,0.8389536,1.41764254,1.32198018,2.04785302,1.67898909,2.91696226,2.44975353,4.27050696,,20,0.60819658,1.04520605,0.72062299,1.17811565,0.95339432,1.73027614,1.00351382,1.86924625,1.51406956,2.91061091,2.2543537,4.16771684,,,,,,,,,,,,,,,,,,,,,0.275,0,0,0,0,0,0,0,,,410,-2932.009392,3292.962474,-5639.386906,-585.58496,,,,,0.275,0,0,0,0,0,0,0,0,0.33,0,0,0.33,0,0,,0.275,0,0,0,0,0.33,0,0,0.275,0,0,0,0,0,0,,,,,,,,,,,,,,,,,3.08952814,0.91449657,0.98055012,1.03575905,0.976935246666667,3.58477403,0.91956678,0.98463445,1.0150557,0.973085643333333,3.60274405,0.95563871,0.99895378,0.99506219,0.983218226666667,3.61009466,0.93258031,1.02418208,1.05680042,1.00452093666667,3.63041445,0.96891681,0.95725533,1.02790023,0.98469079,3.65123248,0.97229695,1.02637917,1.06508176,1.02125262666667,,,,,,3.56484016,0.98349354,0.98579445,0.97991237,0.983066786666667,,4.16549384,0.95773859,1.07690018,0.93772999,0.990789586666667,,4.18893975,0.98323083,0.92698363,1.02599866,0.978737706666667,,,,,,,,,,,,,,,,4.21296055,0.95340677,1.01445476,1.02054496,0.996135496666667
410,33.187768,1020,2010,10,10,545,60,20,,24987.3,1.135,1.127,N=54（链长 54 个 EO 单元）体系，平衡模拟密度（423 K 下 NPT 弛豫后的模拟密度） Dependence of Ion Dynamics on the Polymer Chain Length in Poly(ethylene oxide)-Based Polymer Electrolytes,25,0.72105627,1.17022367,0.66241205,1.11178282,0.92945815,1.5300708,1.42595059,2.21802068,1.9250138,3.26211992,2.7099845,4.74792376,,25,0.64478864,1.08087852,0.79243535,1.27962715,1.04878172,1.91549064,1.08161852,2.03788772,1.70969032,3.30914081,2.59346062,4.68297514,,,,,,,,,,,,,,,,,,,,,0.325,0,0,0,0,0,0,0,,,,,,,,,,,,0.325,0,0,0,0,0,0,0,0,0.39,0,0,0.39,0,0,,0.325,0,0,0,0,0.39,0,0,0.325,0,0,0,0,0,0,,,,,,,,,,,,,,,,,3.56484016,0.93855189,0.9557061,0.99356365,0.962607213333333,4.13627773,1.00221117,1.02975931,1.01454868,1.01550638666667,4.15701237,0.97492746,1.02890209,0.99810779,1.00064578,4.16549384,0.93646747,1.01894286,0.98869062,0.981366983333333,4.18893975,0.99984508,0.97077588,1.05308226,1.00790107333333,4.21296055,0.96300156,1.01387265,1.06710984,1.01466135,,,,,,4.04015219,1.04812536,1.06617895,0.99434038,1.03621489666667,,4.72089302,0.97887886,1.03979449,1.00867321,1.00911552,,4.74746505,0.95851482,0.98518709,1.04132329,0.9950084,,,,,,,,,,,,,,,,4.77468863,0.94519513,0.97465998,0.99910949,0.9729882
298,33.047235,1092,2050,10,10,593,60,20,4,26914.6,1.238,,,30,0.76597558,1.22125608,0.68174374,1.18652624,0.98989668,1.63787124,1.51856986,2.34923182,2.09825969,3.64904138,2.9967717,5.25196897,,30,0.68876281,1.15777189,0.83028804,1.34330706,1.12460657,2.08699388,1.20206946,2.20747236,1.89445264,3.71570451,2.90310816,5.33883756,,,PL-CubTc,根据上面计算,,,,,,,,,,,,,,,,,0.375,0,0,0,0,0,0,0,,,,,,,,,,,,0.375,0,0,0,0,0,0,0,0,0.45,0,0,0.45,0,0,,0.375,0,0,0,0,0.45,0,0,0.375,0,0,0,0,0,0,,,,,,,相对体积（1/rho）,,,,,,,,,,4.04015219,0.97798685,1.0189992,1.02649184,1.00782596333333,4.68778143,1.00660535,1.05849049,1.04530794,1.03680126,4.71128069,0.99032461,1.03194768,1.02467211,1.01564813333333,4.72089302,0.96587468,1.02316804,1.00812642,0.99905638,4.74746505,0.99426785,0.99274679,1.05849049,1.01516837666667,4.77468863,0.96232554,1.00204217,1.04057575,1.00164782,,,,,,4.51546421,1.07362348,1.15230661,0.97921329,1.06838112666667,,5.2762922,0.94754575,1.03679272,1.03730502,1.00721449666667,,5.30599035,0.96985735,0.9918123,1.00448312,0.98871759,,,,,,,,,,,,,,,,5.3364167,0.93347193,0.94079735,0.99360724,0.95595884
320,33.036496,1092,2050,10,10,593,60,20,4,26914.6,1.24,,,35,0.83499122,1.30924956,0.70823584,1.25391328,1.01591221,1.7570948,1.58855363,2.50595223,2.21692468,3.93821991,3.28165677,5.64898999,,35,0.72338691,1.22987771,0.85995783,1.4044346,1.1865124,2.20051984,1.2620847,2.34846058,2.06533011,4.06718571,3.0970485,5.76926592,,,T/1000,,IN(D),fit(R2=0.8743),,,,,,,logsigma,,IN(D),fit(R2=0.9186,,,,,0.425,0,0,0,0,0,0,0,,,,,,,,,,,,0.425,0,0,0,0,0,0,0,0,0.51,0,0,0.51,0,0,,0.425,0,0,0,0,0.51,0,0,0.425,0,0,0,0,0,0,,,,,,,298,0.821018062397373,0.0155036251520029,0.807754442649435,0.019574017188597,,,,,,4.51546421,1.02649184,1.09136234,1.04325169,1.05370195666667,5.23928512,0.97871921,1.07403913,1.07167303,1.04147712333333,5.265549,0.98304903,1.04379165,1.07238636,1.03307568,5.2762922,0.95725533,1.02283002,1.02266101,1.00091545333333,5.30599035,1.00829542,0.99156374,1.05426531,1.01804149,5.3364167,0.98007126,0.98902863,1.04581497,1.00497162,,,,,,4.99077623,1.00532128,1.22126042,1.08978925,1.10545698333333,,5.83169138,0.93461298,1.01659629,1.09353137,1.01491354666667,,5.86451565,0.95203953,1.00034455,1.04133619,0.997906756666667,,,,,,,,,,,,,,,,5.89814477,0.8882685,0.93327832,1.01957827,0.947041696666667
340,33.205347,1092,2050,10,10,593,60,20,4,26914.6,1.221,,,40,0.88996991,1.39356584,0.74696283,1.30691834,1.07155437,1.82777846,1.70135219,2.70686942,2.34389693,4.21845323,3.50557685,6.11239266,,40,0.7458019,1.29646377,0.88298828,1.45239574,1.23684422,2.38769281,1.30437507,2.48140216,2.19818354,4.41041718,3.34233615,6.32564707,,,3.125,,1.95562471425844,1.89375,,,,,,,-3.91252317595035,,2.61934041293153,2.80875,,,,,0.475,0,0,0,0,0,0,0,,,,,,,,,,,,0.475,0,0,0,0,0,0,0,0,0.57,0,0,0.57,0,0,,0.475,0,0,0,0,0.57,0,0,0.475,0,0,0,0,0,0,,,,,,,320,0.826446280991736,0.0409808073219042,0.806451612903226,0.0045525494276795,,,,,,4.99077623,1.01209808,1.13257186,1.07282791,1.07249928333333,5.79078882,0.9711139,1.05004014,1.07657423,1.03257609,5.81981732,0.98710982,1.0265333,1.07729315,1.03031209,5.83169138,0.97229695,1.03922369,1.0490261,1.02018224666667,5.86451565,0.97145191,1.01877385,1.06220864,1.01747813333333,5.89814477,0.98226835,0.99376083,1.04480092,1.00694336666667,,,,,,5.46608825,0.99932817,1.1652323,1.1094284,1.09132962333333,,6.38709056,0.95009641,0.99134804,1.06113625,1.00086023333333,,6.42304095,0.92671043,0.94371976,1.03362599,0.968018726666667,,,,,,,,,,,,,,,,6.45987285,0.92165289,0.92415845,1.03048631,0.958765883333333
360,33.304079,1092,2050,10,10,593,60,20,4,26914.6,1.21,,,45,0.92830918,1.43195203,0.7402256,1.32775301,1.13760189,1.96300611,1.8036269,2.81711475,2.52314339,4.56202547,3.70174952,6.42691917,,45,0.77962535,1.35305341,0.88930952,1.48764786,1.32268303,2.56728367,1.37641816,2.64087002,2.39873974,4.75631403,3.49814933,6.7702681,,,2.94117647058823,,2.6962025158545,2.53529411764706,,,,,,,-3.59753645881737,,3.54433526165401,3.24,,,,,0.525,0,0,0,0,0,0,0,,,,,,,,,,,,0.525,0,0,0,0,0,0,0,0,0.63,0,0,0.63,0,0,,0.525,0,0,0,0,0.63,0,0,0.525,0,0,0,0,0,0,,,,,,,340,0.831255195344971,0.00483689639851604,0.819000819000819,0.00402457404914407,,,,,,5.46608825,1.01229526,1.1197555,1.07243356,1.06816144,6.34229252,0.9469459,0.98869062,1.09837612,1.01133754666667,6.37408563,1.03313208,1.02839449,1.07593955,1.04582204,6.38709056,0.97212794,1.02299903,1.07640522,1.02384406333333,6.42304095,0.95624129,0.98463445,1.06339169,1.00142247666667,6.45987285,1.00457727,0.97990226,1.06001155,1.01483036,,,,,,5.94140027,0.97236108,1.03460343,1.16624971,1.05773807333333,,6.94248974,1.00223941,0.99531939,1.09782037,1.03179305666667,,6.98156625,0.98703117,0.9392327,1.05218321,0.992815693333333,,,,,,,,,,,,,,,,7.02160092,0.91520662,0.94518508,1.07610361,0.97883177
380,33.510777,1092,2050,10,10,593,60,20,4,26914.6,1.188,,,50,1.00760752,1.52702977,0.7752565,1.36717711,1.19351142,2.02677689,1.90048347,2.95191461,2.68758654,4.82210455,3.89257322,6.75013954,,50,0.81435446,1.41129061,0.93220501,1.53968716,1.35511035,2.7116904,1.40937419,2.7103498,2.47984457,5.05408892,3.62923165,7.19269756,,,2.77777777777778,,2.54474665014402,3.10555555555556,,,,,,,-3.66718112064372,,3.63054387710097,3.62333333333333,,,,,0.575,0,0,0,0,0,0,0,,,,,,,,,,,,0.575,0,0,0,0,0,0,0,0,0.69,0,0,0.69,0,0,,0.575,0,0,0,0,0.69,0,0,0.575,0,0,0,0,0,0,,,,,,,360,0.848176420695505,0.0057552259249907,0.826446280991736,0.0047810941875555,,,,,,5.94140027,0.99218343,1.04798389,1.11443178,1.05153303333333,6.89379621,0.97584609,0.94626988,1.08620763,1.00277453333333,6.92835395,1.00775216,0.98084944,1.06866397,1.01908852333333,6.94248974,0.98700055,1.0174218,1.07234906,1.02559047,6.98156625,1.01860485,0.97702914,1.05426531,1.0166331,7.02160092,0.99376083,1.00153515,1.09127783,1.02885793666667,,,,,,6.41671229,0.96279231,0.93351018,1.07718921,0.9911639,,7.49788892,1.02969112,0.96936315,1.01764772,1.00556733,,7.54009155,1.00562607,0.98745779,1.03790764,1.0103305,,,,,,,,,,,,,,,,7.583329,0.97907189,0.97998274,1.09608131,1.01837864666667
410,33.774801,1092,2050,10,10,593,60,20,4,26914.6,1.16,,,55,1.05851556,1.58286268,0.78754136,1.40039252,1.26105235,2.14892072,1.97332847,3.06912286,2.81328109,5.13950372,4.12756658,7.13386936,,55,0.87629144,1.47079666,0.9497209,1.57368732,1.43087714,2.86783828,1.5094583,2.85972071,2.58357832,5.37404203,3.76271667,7.60913071,,,2.63157894736842,,4.00460218672124,3.61578947368421,,,,,,,-3.04123512580154,,3.86841936794601,3.96631578947369,,,,,0.625,0,0,0,0,0,0,0,,,,,,,,,,,,0.625,0,0,0,0,0,0,0,0,0.75,0,0,0.75,0,0,,0.625,0,0,0,0,0.75,0,0,0.625,0,0,0,0,0,0,,,,,,,380,0.863557858376511,0.00745732174763827,0.841750841750842,0.00566835583670601,,,,,,6.41671229,0.96438179,1.00381674,1.05350478,1.00723443666667,7.44529991,1.01894286,0.9298762,1.02553413,0.991451063333333,7.48262226,1.05208242,1.00809056,1.02890209,1.02969169,7.49788892,1.00508429,0.98193034,1.03161838,1.00621100333333,7.54009155,1.03094235,0.9954509,1.04243483,1.02294269333333,7.583329,1.02536513,1.0076194,1.11798093,1.05032182,,,,,,6.89202432,0.98244134,0.93840119,1.00461301,0.975151846666667,,8.0532881,1.0702609,1.0183843,0.92712038,1.00525519333333,,8.09861685,1.09203881,1.01201168,1.06924293,1.05776447333333,,,,,,,,,,,,,,,,8.14505707,1.03493137,1.01284061,1.06978667,1.03918621666667
,,,,,,,,,,,,,,60,1.11093633,1.65607886,0.79640808,1.43513978,1.34255093,2.2500495,2.10694536,3.23786947,3.028721,5.46447326,4.28630797,7.43696272,,60,0.90702206,1.53170612,0.96578251,1.60820074,1.48911498,3.03192523,1.54289056,2.95303082,2.75198188,5.65360244,3.92555587,7.9693657,,,2.4390243902439,,4.26032969969636,4.28780487804878,,,,,,,-2.94039898134948,,4.41279829334063,4.41804878048781,,,,,0.675,0,0,0,0,0,0,0,,,,,,,,,,,,0.675,0,0,0,0,0,0,0,0,0.81,0,0,0.81,0,0,,0.675,0,0,0,0,0.81,0,0,0.675,0,0,0,0,0,0,,,,,,,410,0.881057268722467,0.00776261910768693,0.862068965517241,0.00743162901307967,,,,,,6.89202432,1.00598566,1.00026759,1.01781615,1.00802313333333,7.99680361,1.03736462,0.96114249,0.98446545,0.994324186666667,8.03689058,1.08033874,1.04920603,0.97729625,1.03561367333333,8.0532881,1.03871667,1.02367506,0.97500106,1.01246426333333,8.09861685,1.06474374,1.03026633,1.04446291,1.04649099333333,8.14505707,1.06051857,1.03432249,1.11375576,1.06953227333333,,,,,,7.36733634,1.04537672,0.92326466,0.97087077,0.979837383333333,,8.60868728,1.02337585,1.02794912,0.8826662,0.977997056666667,,8.65714215,1.04594524,1.05336142,0.95932241,1.01954302333333,,,,,,,,,,,,,,,,8.70678514,1.08363484,1.00074025,1.02005272,1.03480927
,,,,,,,,,,,,,,65,1.19889093,1.70617906,0.80019173,1.49130146,1.40024755,2.33820693,2.20105906,3.45910381,3.22046661,5.77410238,4.36435984,7.66980029,,65,0.96512556,1.61728547,0.98195433,1.65595249,1.56548615,3.17945089,1.60788502,3.10378794,2.88008533,5.97471371,4.17732655,8.35446897,,,,,,,,,,,,,,,,,,,,,0.725,0,0,0,0,0,0,0,,,,,,,,,,,,0.725,0,0,0,0,0,0,0,0,0.87,0,0,0.87,0,0,,0.725,0,0,0,0,0.87,0,0,0.725,0,0,0,0,0,0,,,,,,,,,,,,,,,,,7.36733634,1.04522344,0.96556484,0.97384618,0.994878153333333,8.54830731,1.07674324,1.02215399,0.93832655,1.01240792666667,8.5911589,1.04209965,1.09945828,1.01875012,1.05343601666667,8.60868728,1.05020915,1.03280143,0.9102714,0.99776066,8.65714215,1.06271566,1.05815247,1.00339422,1.04142078333333,8.70678514,1.09431996,1.03229441,1.07268707,1.06643381333333,,,,,,7.84264836,1.08019626,1.03567049,0.91188582,1.00925085666667,,9.16408646,0.97139926,1.02370828,0.93238272,0.975830086666667,,9.21566745,0.9877515,1.06716248,0.98090124,1.01193840666667,,,,,,,,,,,,,,,,9.26851322,1.06924228,0.98659175,1.00065406,1.01882936333333
,,,,,,,,,,,,,,70,1.22490459,1.76168922,0.83746424,1.53582015,1.44903744,2.40144961,2.27985866,3.61984166,3.35083341,6.03914664,4.51910296,7.91749309,,70,0.99708621,1.67862602,0.97512026,1.68327032,1.6262153,3.35059891,1.63158291,3.15795512,2.99593119,6.26044502,4.3456654,8.69492992,,,,,,,,,,,,,,,,,,,,,0.775,0,0,0,0,0,0,0,,,,,,,,,,,,0.775,0,0,0,0,0,0,0,0,0.93,0,0,0.93,0,0,,0.775,0,0,0,0,0.93,0,0,0.775,0,0,0,0,0,0,,,,,,,,,,,,,,,,,7.84264836,1.04423757,1.02274552,0.9103559,0.99244633,9.099811,1.07927834,1.06761686,0.91263749,1.01984423,9.14542721,1.06138839,1.06494158,0.98744822,1.03792606333333,9.16408646,1.0197879,1.03381547,0.94626988,0.99995775,9.21566745,1.05223723,1.05798347,0.99511288,1.03511119333333,9.26851322,1.09922116,1.0272242,1.03550554,1.05398363333333,,,,,,8.31796038,1.13117891,1.08060633,0.90327729,1.03835417666667,,9.71948564,0.98697446,0.9884433,0.95334959,0.976255783333333,,9.77419275,1.00557681,1.02024835,0.9016184,0.97581452,,,,,,,,,,,,,,,,9.83024129,1.07863592,1.02995529,0.95025511,1.01961544
,,,,,,,,,,,,,,75,1.25498947,1.82603066,0.83961132,1.58738856,1.49073022,2.52113966,2.35394096,3.81644433,3.50742753,6.26599681,4.63530173,8.19298371,,75,1.01321374,1.71863045,0.9945721,1.71525655,1.6684282,3.48963447,1.70241185,3.27386227,3.17439883,6.58170961,4.52868366,9.03952042,,,PL-only,Li+,,,,,,,,,,TFSi-,,,,,,,0.825,0,0,0,0,0,0,0,,,,,,,,,,,,0.825,0,0,0,0,0,0,0,0,0.99,0,0,0.99,0,0,,0.825,0,0,0,0,0.99,0,0,0.825,0,0,0,0,0,0,,,,,,,,,,,,,,,,,8.31796038,1.09412278,1.09589736,0.88472318,1.02491444,9.6513147,1.02891427,1.04835007,0.89793389,0.991732743333333,9.69969553,1.11299424,1.06155759,0.96342189,1.04599124,9.71948564,1.03178739,0.98919764,0.93545343,0.985479486666667,9.77419275,1.04006873,1.04395589,0.95353717,1.01252059666667,9.83024129,1.10800952,1.04530794,0.99646494,1.04992746666667,,,,,,8.7932724,1.13270156,1.18817155,0.9497143,1.09019580333333,,10.27488481,0.96838755,1.01416646,1.02406907,1.00220769333333,,10.33271805,0.9714132,0.98713909,0.85756467,0.938705653333333,,,,,,,,,,,,,,,,10.39196936,1.01289189,0.97800065,0.91520794,0.96870016
,,,,,,,,,,,,,,80,1.30545611,1.8685128,0.87360379,1.65817649,1.55714069,2.61606416,2.44339127,3.89441524,3.65846509,6.56366932,4.78570058,8.36431791,,80,1.04233493,1.76009528,1.03306997,1.79244204,1.75212893,3.72525591,1.71941578,3.36405194,3.32509931,6.8146517,4.70989162,9.34824302,,,temp(k),slope(A^2/ps),D(10^-12*m^2/s),R^2,n_Li,cell,volume,ci,q^2,kB*T,sigmai(s/cm),slope(A^2/ps),D(10^-12*m^2/s),R^2,t_Li,,,,0.875,0,0,0,0,0,0,0,,,,,,,,,,,,0.875,0,0,0,0,0,0,0,0,1.05,0,0,1.05,0,0,,0.875,0,0,0,0,1.05,0,0,0.875,0,0,0,0,0,0,,,,,,,,,,,,,,,,,8.7932724,1.09826345,1.13612101,0.93401687,1.05613377666667,10.2028184,1.04750503,1.00085912,0.86869569,0.97235328,10.25396384,1.06781798,1.01418174,0.98423343,1.02207771666667,10.27488481,1.02283002,1.00238018,0.98953565,1.00491528333333,10.33271805,1.04395589,1.04040674,0.89370872,0.99269045,10.39196936,1.06339169,1.0319564,0.96976184,1.02170331,,,,,,9.26858443,1.09855997,1.15060837,0.87399329,1.04105387666667,,10.83028399,1.06138968,1.00510968,0.98424123,1.01691353,,10.89124335,0.96258958,0.96288599,0.86897627,0.931483946666667,,,,,,,,,,,,,,,,10.95369744,0.99203909,0.98759617,0.88213393,0.953923063333333
,,,,,,,,,,,,,,85,1.34024642,1.90036805,0.84141703,1.68887142,1.60676247,2.73642278,2.55239011,4.04058861,3.8083758,6.90072897,4.86059178,8.666149,,85,1.07015997,1.84192691,1.05750773,1.85260653,1.78166944,3.86248061,1.79282649,3.47171602,3.40475022,7.0814825,4.90310465,9.61181195,,,298,0.0046,7.66666666666667,0.989,10,32.417126,3.4066187083051e-26,2.93546206847884e+26,2.567e-38,4.114188e-21,0.000140418648819693,0.009525,15.875,0.9977,0.325663716814159,150-300ps,,,0.925,0,0,0,0,0,0,0,,,,,,,,,,,,0.925,0,0,0,0,0,0,0,0,1.11,0,0,1.11,0,0,,0.925,0,0,0,0,1.11,0,0,0.925,0,0,0,0,0,0,,,,,,,,,,,,,,,,,9.26858443,1.09017929,1.08170077,0.9079898,1.02662328666667,10.7543221,1.06947594,0.98632452,0.87765306,0.97781784,10.80823216,1.04396085,0.96815948,0.91130845,0.97447626,10.83028399,1.06187063,0.99105672,0.98057829,1.01116854666667,10.89124335,1.00694337,1.04632199,0.92091883,0.99139473,10.95369744,1.05088517,1.02367506,0.9469459,1.00716871,,,,,,9.74389645,1.00136971,1.06059106,0.81456304,0.95884127,,11.38568317,1.10820578,0.94484428,0.93524778,0.99609928,,11.44976865,1.00242074,0.97401175,0.85802808,0.94482019,,,,,,,,,,,,,,,,11.51542551,0.97570928,0.96688835,0.89315938,0.945252336666667
,,,,,,,,,,,,,,90,1.39846556,1.96409289,0.86609471,1.72332388,1.64394432,2.7880011,2.66673186,4.14354913,3.96680686,7.17718531,5.00062156,8.94117805,,90,1.11835428,1.88775423,1.07303547,1.84853606,1.80324812,3.99256655,1.84570011,3.64792756,3.5342788,7.32454463,5.07060812,9.92288338,,,320,0.002042,3.40333333333333,0.8892,10,32.485035,3.4280726488143e-26,2.91709103757144e+26,2.567e-38,4.114188e-21,6.19435663449528e-05,0.004412,7.35333333333333,0.9673,0.316392934614193,,,,0.975,0,0,0,0,0,0,0,,,,,,,,,,,,0.975,0,0,0,0,0,0,0,0,1.17,0,0,1.17,0,0,,0.975,0,0,0,0,1.17,0,0,0.975,0,0,0,0,0,0,,,,,,,,,,,,,,,,,9.74389645,1.0604059,1.04463192,0.86283678,0.989291533333333,11.30582579,1.07995437,1.0052533,0.88661042,0.99060603,11.36250048,1.06731038,0.98575622,0.90166408,0.984910226666667,11.38568317,1.08417954,0.93849556,0.97973325,1.00080278333333,11.44976865,1.01877385,1.03178739,0.90875033,0.98643719,11.51542551,1.02739321,1.0126896,0.94119967,0.993760826666667,,,,,,10.21920847,0.97720944,0.98424694,0.78859015,0.916682176666667,,11.94108235,1.10107981,0.8816325,0.81450021,0.932404173333333,,12.00829395,1.04480516,0.99694845,0.86784979,0.9698678,,,,,,,,,,,,,,,,12.07715359,0.97210465,0.95499283,0.87374077,0.93361275
298,32.417126,1.218,33.047235,1.238,C,H,Li,N,O,F,S,Cu,Molecular weight (g/mol),95,1.43701888,2.01880927,0.88170239,1.77435417,1.69662905,2.89631489,2.80032057,4.31193727,4.10512056,7.36824281,5.21577856,9.1829464,,95,1.14065788,1.95083444,1.07617082,1.84260718,1.87548174,4.12255515,1.86064769,3.69956897,3.65397786,7.49227166,5.27705777,10.22804585,,,340,0.005824,9.70666666666667,0.9756,10,32.549387,3.44848579865961e-26,2.89982345407567e+26,2.567e-38,4.114188e-21,0.000175623816095706,0.01905,31.75,0.9974,0.234140065932299,,,,1.025,0,0,0,0,0,0,0,,,,,,,,,,,,1.025,0,0,0,0,0,0,0,0,1.23,0,0,1.23,0,0,,1.025,0,0,0,0,1.23,0,0,1.025,0,0,0,0,0,0,,,,,,,,,,,,,,,,,10.21920847,1.06158895,1.01702745,0.8283312,0.968982533333333,11.85732949,1.04446291,1.00170415,0.92345394,0.989873666666667,11.91676879,1.07407836,0.94531755,0.90047968,0.973291863333333,11.94108235,1.0978691,0.94136867,0.8981029,0.979113556666667,12.00829395,1.04851908,1.01083053,0.93072124,0.996690283333333,12.07715359,1.03905469,0.98649353,0.93494641,0.986831543333333,,,,,,10.69452049,0.96510975,1.03994197,0.80080327,0.935284996666667,,12.49648153,1.0532188,0.85456478,0.81872145,0.90883501,,12.56681925,1.01967971,0.98804681,0.85126767,0.952998063333333,,,,,,,,,,,,,,,,12.63888166,0.97700752,0.8817942,0.87069061,0.909830776666667
320,32.485035,1.21,33.036496,1.24,1020,2010,10,10,545,60,20,,24987.3,100,1.48149849,2.05312036,0.89102204,1.81008383,1.73861088,2.97524882,2.90445196,4.39352611,4.20042803,7.53591935,5.39802626,9.43369284,,100,1.18837038,2.02537332,1.1087061,1.89926234,1.98167064,4.27853133,1.91154219,3.79155537,3.75550181,7.73366039,5.44813906,10.45616691,,,360,0.00805,13.4166666666667,0.8816,10,32.767159,3.5181663107738e-26,2.84238978964032e+26,2.567e-38,4.114188e-21,0.000237941393091233,0.01846,30.7666666666667,0.9936,0.303658996605055,,,,1.075,0,0,0,0,0,0,0,,,,,,,,,,,,1.075,0,0,0,0,0,0,0,0,1.29,0,0,1.29,0,0,,1.075,0,0,0,0,1.29,0,0,1.075,0,0,0,0,0,0,,,,,,,,,,,,,,,,,10.69452049,1.06178612,1.0572511,0.78022055,0.966419256666667,12.40883319,1.04006873,0.9322423,0.95573426,0.976015096666667,12.47103711,1.07492435,0.91113925,0.9260288,0.970697466666667,12.49648153,1.06744785,0.91551061,0.92514401,0.96936749,12.56681925,1.0368576,1.01133755,0.90368013,0.983958426666667,12.63888166,1.03246342,0.9226089,0.92142586,0.958832726666667,,,,,,11.16983251,1.08089989,1.06748172,0.75371044,0.967364016666667,,13.05188071,1.03896537,0.88675996,0.9141943,0.946639876666667,,13.12534455,1.01689997,1.02274885,0.89596867,0.978539163333333,,,,,,,,,,,,,,,,13.20060973,0.99138299,0.84974976,0.87346099,0.90486458
340,32.549387,1.203,33.205347,1.221,,,,,,,,,,105,1.52695761,2.11070259,0.90009282,1.85783755,1.75811263,3.04575192,2.98692718,4.54195552,4.30453746,7.8573729,5.50848589,9.58297636,,105,1.22949232,2.08515953,1.14348501,1.93150358,2.07705928,4.42506494,1.95954888,3.94194926,3.87204916,7.90811277,5.55113355,10.68593821,,,380,0.02013,33.55,0.9858,10,32.97151,3.58440035032051e-26,2.78986692965416e+26,2.567e-38,4.114188e-21,0.000584006591586398,0.05113,85.2166666666667,0.9965,0.282486668537749,,,,1.125,0,0,0,0,0,0,0,,,,,,,,,,,,1.125,0,0,0,0,0,0,0,0,1.35,0,0,1.35,0,0,,1.125,0,0,0,0,1.35,0,0,1.125,0,0,0,0,0,0,,,,,,,,,,,,,,,,,11.16983251,1.09629171,1.04325169,0.7666155,0.968719633333333,12.96033688,1.02536513,0.90452516,0.99122572,0.973705336666667,13.02530542,1.06917157,0.93567317,0.94734794,0.984064226666667,13.05188071,1.02519612,0.92463699,0.94626988,0.965367663333333,13.12534455,1.02283002,1.01944988,0.9297072,0.990662366666667,13.20060973,1.02299903,0.90131403,0.9273411,0.950551386666667,,,,,,11.64514453,1.11488205,0.96576413,0.75220632,0.944284166666667,,13.60727989,0.99607039,0.89987538,1.03060161,0.975515793333333,,13.68386985,1.02873821,1.02447887,0.91701533,0.99007747,,,,,,,,,,,,,,,,13.76233781,1.01166553,0.84002981,0.84735219,0.89968251
360,32.767159,1.179,33.304079,1.21,,,,,,,,,,110,1.563678,2.16304744,0.92390011,1.9203761,1.76569703,3.09878784,3.07624749,4.64362936,4.38945366,8.07670215,5.58699692,9.69314536,,110,1.29215265,2.16385504,1.15116752,1.97325797,2.10733007,4.54934305,2.029169,4.0481268,3.98334757,8.17040822,5.72874613,10.98214884,,,410,0.02286,38.1,0.9895,10,33.187768,3.65539351014635e-26,2.7356835788658e+26,2.567e-38,4.114188e-21,0.000650328182277374,0.05253,87.55,0.9968,0.303223239156387,,,,1.175,0,0,0,0,0,0,0,,,,,,,,,,,,1.175,0,0,0,0,0,0,0,0,1.41,0,0,1.41,0,0,,1.175,0,0,0,0,1.41,0,0,1.175,0,0,0,0,0,0,,,,,,,,,,,,,,,,,11.64514453,1.08564427,0.97857837,0.80624762,0.95682342,13.51184058,1.03854767,0.89117361,1.04023774,0.98998634,13.57957374,1.06544918,0.97492746,0.98152624,1.00730096,13.60727989,1.0248581,0.92159486,0.99950706,0.981986673333333,13.68386985,1.04344887,1.00694337,0.94221371,0.997535316666667,13.76233781,1.02688619,0.89996197,0.91331352,0.94672056,,,,,,12.12045656,1.06778063,0.89065553,0.86534915,0.94126177,,14.16267907,1.02253007,0.99825783,1.07774217,1.03284335666667,,14.24239515,0.94456223,0.96638011,0.97941254,0.963451626666667,,,,,,,,,,,,,,,,14.32406588,0.98486596,0.85195115,0.85659888,0.89780533
380,32.97151,1.158,33.510777,1.188,1092,2050,10,10,593,60,20,4,26914.6,115,1.5911655,2.17248929,0.93412758,1.94907269,1.79096684,3.19874089,3.19988767,4.80362856,4.43809425,8.24261899,5.70727033,9.81858009,,115,1.32886797,2.22882688,1.1697951,2.02608286,2.15100924,4.71699435,2.11501354,4.19118497,4.07908064,8.36271648,5.84074816,11.26462836,,,,,,,,,,,,,,,,,,,,,1.225,0,0,0,0,0,0,0,,,,,,,,,,,,1.225,0,0,0,0,0,0,0,0,1.47,0,0,1.47,0,0,,1.225,0,0,0,0,1.47,0,0,1.225,0,0,0,0,0,0,,,,,,,,,,,,,,,,,12.12045656,1.08091207,0.95156543,0.92238356,0.984953686666667,14.06334428,1.0295903,0.94103066,1.06339169,1.01133755,14.13384206,1.00386057,0.97848064,1.01976532,1.00070217666667,14.16267907,1.05325127,0.97517006,1.04091376,1.02311169666667,14.24239515,0.99173274,0.99257778,0.98395842,0.98942298,14.32406588,1.03770263,0.90908835,0.92531301,0.957367996666667,,,,,,12.59576858,1.11550511,0.87908328,0.92626792,0.97361877,,14.71807825,1.02855859,1.04546527,1.07742247,1.05048211,,14.80092045,0.97230131,0.95098648,1.02664105,0.983309613333333,,,,,,,,,,,,,,,,14.88579395,0.94505615,0.88570202,0.89624908,0.909002416666667
410,33.187768,1.135,33.774801,1.16,,,,,,,,,,120,1.63888004,2.24532989,0.94328457,1.98952772,1.84892361,3.28928394,3.29936871,4.97548297,4.49011806,8.47252744,5.84020311,10.03658136,,120,1.38376906,2.25638785,1.17397234,2.03404878,2.18077389,4.84393309,2.16281377,4.30025689,4.1383792,8.44249887,6.10072416,11.59126603,,,T/1000,,IN(D),fit(R2=0.9379),,,,,,,logsigma,,IN(D),fit(R2=0.8599,,,,,1.275,0,0,0,0,0,0,0,,,,,,,,,,,,1.275,0,0,0,0,0,0,0,0,1.53,0,0,1.53,0,0,,1.275,0,0,0,0,1.53,0,0,1.275,0,0,0,0,0,0,,,,,,,,,,,,,,,,,12.59576858,1.08899624,0.92770728,0.98390209,1.00020187,14.61484798,0.99883104,1.0028872,1.00440826,1.00204216666667,14.68811037,0.97881904,1.00910575,1.00606016,0.997994983333333,14.71807825,1.03347746,1.00694337,1.03516753,1.02519612,14.80092045,1.02367506,0.9834514,1.00711238,1.00474628,14.88579395,0.99122572,0.93207329,0.96012845,0.961142486666667,,,,,,13.0710806,1.13745212,0.93209524,0.99744605,1.02233113666667,,15.27347743,1.00886665,1.0629279,1.04096563,1.03758672666667,,15.35944575,0.93848427,0.92305403,0.99187253,0.951136943333333,,,,,,,,,,,,,,,,15.44752203,0.90371078,0.90788042,0.97263585,0.928075683333333
,,,,,,,,,,,,,,125,1.67924316,2.30379489,0.94939174,1.99255804,1.89044762,3.43161328,3.4322078,5.13436547,4.57146165,8.67299987,5.98106701,10.23817571,,125,1.38398166,2.35316029,1.19853114,2.06821273,2.19491668,4.9935108,2.19618983,4.42200047,4.23297927,8.61341558,6.32870042,11.89558137,,,3.125,,1.22475534350846,1.41875,,,,,,,-3.85257521028564,,1.99515372515725,2.354375,,,,,1.325,0,0,0,0,0,0,0,,,,,,,,,,,,1.325,0,0,0,0,0,0,0,0,1.59,0,0,1.59,0,0,,1.325,0,0,0,0,1.59,0.03782669,0,1.325,0,0,0,0,0,0,,,,,,,,,,,,,,,,,13.0710806,1.06632114,0.94269256,1.01466135,1.00789168333333,15.16635167,0.94474881,1.08975677,0.97381801,1.00277453,15.24237869,0.94582514,0.99675419,0.9928626,0.978480643333333,15.27347743,1.02621016,1.0393927,1.0246891,1.03009732,15.35944575,0.98885963,0.96283256,1.02688619,0.99285946,15.44752203,0.96435362,0.94525583,1.00356323,0.97105756,,,,,,13.54639262,1.10982708,0.93031111,1.01304626,1.01772815,,15.82887661,1.05043304,0.96755412,1.01015625,1.00938113666667,,15.91797105,0.93764385,0.90202939,0.94526033,0.92831119,,,,,,,,,,,,,,,,16.0092501,0.90332904,0.90451043,0.94585112,0.917896863333333
,,,,,,,,,,,,,,130,1.69389659,2.36555239,0.94520592,2.02815613,1.91280938,3.49558231,3.59553474,5.36811406,4.70746713,8.88899363,6.02658016,10.306113,,130,1.41290297,2.38603781,1.2039276,2.10600133,2.23350105,5.11941289,2.19300594,4.52087997,4.34222616,8.84266733,6.57292316,12.19055531,,,2.94117647058823,,2.27281293466038,2.07941176470588,,,,,,,-4.20800379414639,,3.4578927253387,3.00235294117647,,,,,1.375,0,0,0,0,0,0,0,,,,,,,,,,,,1.375,0,0,0,0,0,0,0,0,1.65,0.03413333,0,1.65,0,0,,1.375,0,0,0,0,1.65,0.03512598,0,1.375,0,0,0,0,0,0,,,,,,,,,,,,,,,,,13.54639262,1.06099742,0.94210104,0.9915919,0.99823012,15.71785537,0.93934059,1.09178485,0.98700055,1.00604199666667,15.796647,0.94582514,0.98220303,0.94734794,0.958458703333333,15.82887661,1.00914046,1.00322522,0.98615551,0.999507063333334,15.91797105,0.98193034,0.94829796,0.97466304,0.968297113333333,16.0092501,0.97381801,0.95134008,1.00964748,0.978268523333333,,,,,,14.02170464,1.0676256,0.92872052,1.05372281,1.01668964333333,,16.38427578,0.94230413,0.93677286,0.90546363,0.928180206666667,,16.47649635,0.94342346,0.88754698,0.97618127,0.935717236666667,,,,,,,,,,,,,,,,16.57097818,0.96522105,0.9320753,1.01334355,0.9702133
,,,,,,,,,,,,,,135,1.74068137,2.41979492,0.94667897,2.05120663,1.93127817,3.58764052,3.73096098,5.43433824,4.79051899,9.13425352,6.11440973,10.41318835,,135,1.42155372,2.41651809,1.23839495,2.14904459,2.26798967,5.25146388,2.22392124,4.62221076,4.44260367,8.98161138,6.80480868,12.4689902,,,2.77777777777778,,2.59649771519646,2.66666666666667,,,,,,,-3.7554165903798,,3.4264318528407,3.57833333333333,,,,,1.425,0,0,0,0,0,0,0,,,,,,,,,,,,1.425,0,0,0,0,0,0,0,0,1.71,1.14408999,3.61103402,1.71,0,4.5017228,,1.425,0,0,0,0,1.71,0.65408977,1.65157666,1.425,0,0,0,0,0,0,,,,,,,,,,,,,,,,,14.02170464,1.03161838,0.9549174,0.9923806,0.992972126666667,16.26935907,0.92751011,1.04463192,0.95607228,0.976071436666667,16.35091532,0.9258596,0.96240669,0.92467521,0.937647166666667,16.38427578,0.94965001,0.97686013,0.91094742,0.945819186666667,16.47649635,0.9783812,0.93900258,1.00592933,0.974437703333333,16.57097818,0.99392983,0.98480346,1.02012591,0.999619733333333,,,,,,14.49701667,1.07216571,0.96017211,1.08446319,1.03893367,,16.93967496,0.94026477,0.90276923,0.84105806,0.894697353333333,,17.03502165,0.97960111,0.93336355,0.93666064,0.9498751,,,,,,,,,,,,,,,,17.13270625,1.00744419,0.9374161,0.98939317,0.978084486666667
,,,,,,,,,,,,,,140,1.76592499,2.45802976,0.94583712,2.06969013,1.97749327,3.75211334,3.89207091,5.56228794,4.91029095,9.32783332,6.24183638,10.58437648,,140,1.4561411,2.50767534,1.26362054,2.18454849,2.28862419,5.3950625,2.26616922,4.78852573,4.55031208,9.23411918,6.99230027,12.7084051,,,2.63157894736842,,3.51303686341769,3.1921052631579,,,,,,,-3.6235300000503,,4.4451970328579,4.09368421052632,,,,,1.475,0,0,0,0,0,0,0,,,,,,,,,,,,1.475,0,0,0,0,0,0,0,0,1.77,4.18239892,19.0988802,1.77,0,23.68243812,,1.475,0,0,0,0,1.77,3.44932773,18.49816464,1.475,0,0,0,0,0,0,,,,,,,,,,,,,,,,,14.49701667,1.05547653,0.94663606,1.01229526,1.00480261666667,16.82086276,0.96840979,0.98784558,0.96164951,0.97263496,16.90518363,0.95377752,0.97746545,0.90860126,0.946614743333333,16.93967496,0.93731251,0.93562244,0.8786671,0.917200683333333,17.03502165,0.97212794,0.9687478,0.94829796,0.9630579,17.13270625,1.01911187,0.9883526,1.00238018,1.00328155,,,,,,14.97232869,0.93862669,1.04406801,1.00768734,0.996794013333333,,17.49507414,0.87757802,0.9359951,0.80595507,0.873176063333333,,17.59354695,1.00347436,0.8895215,0.92454006,0.93917864,,,,,,,,,,,,,,,,17.69443432,0.99770427,0.94324013,1.00971221,0.983552203333333
,,,,,,,,,,,,,,145,1.78555366,2.49791951,0.9639189,2.1053107,2.00606006,3.83680378,4.02716252,5.70637823,4.96115371,9.56575866,6.38209376,10.7563215,,145,1.51688022,2.59323143,1.24787983,2.1913479,2.33046132,5.5041105,2.2670394,4.93300194,4.73765007,9.40736254,7.17701096,12.94994598,,,2.4390243902439,,3.64021428213266,3.88414634146341,,,,,,,-3.23358225104951,,4.47221005873186,4.77243902439024,,,,,1.525,0,0,0,0,0,0,0,,,,,,,,,,,,1.525,0,0,0,0,0,0,0,0,1.83,8.74105657,55.35308757,1.83,0,54.31569551,,1.525,0,0,0,0,1.83,8.30990465,52.63653521,1.525,0,0,0,0,0,0,,,,,,,,,,,,,,,,,14.97232869,1.02452009,1.01328113,1.01091503,1.01623875,17.37236646,0.97990226,0.94728392,0.92531301,0.950833063333333,17.45945195,0.94413315,1.01012095,0.94328715,0.965847083333333,17.49507414,0.9200738,0.97533907,0.89759588,0.931002916666667,17.59354695,0.97314198,0.93984761,0.93629847,0.949762686666667,17.69443432,1.01860485,0.99190175,0.99629593,1.00226751,,,,,,15.44764071,0.93843241,1.05657981,0.99799988,0.9976707,,18.05047332,0.89351043,1.02470323,0.84502416,0.921079273333333,,18.15207225,1.04047555,0.95997361,0.93886446,0.979771206666667,,,,,,,,,,,,,,,,18.2561624,0.98939334,1.00298994,0.98791388,0.993432386666667
,,,,,,,,,,,,,,150,1.80745986,2.54067342,0.95883932,2.08955848,2.02299615,3.97021237,4.147142,5.82609726,4.99988349,9.70496301,6.45726582,11.00435976,,150,1.57435157,2.68010887,1.27456875,2.26693032,2.40725672,5.65449149,2.29856778,5.0409459,4.86368262,9.49943839,7.44891142,13.21756216,,,,,,,,,,,,,,,,,,,,,1.575,0,0,0,0,0,0,0,,,,,,,,,,,,1.575,0,0,0,0,0,0,0,0,1.89,11.05664355,79.81270666,1.89,0,88.44365581,,1.575,0,0,0,0,1.89,10.65533542,89.56974013,1.575,0,0,0,0,0,0,,,,,,,,,,,,,,,,,15.44764071,1.03201273,1.01623875,0.98607101,1.01144083,17.92387016,1.01454868,0.97280397,0.94559385,0.977648833333333,18.01372027,0.94751714,1.05055963,0.92975119,0.975942653333333,18.05047332,0.94322775,1.04885709,0.91162345,0.967902763333333,18.15207225,1.0052533,1.00254919,0.95843838,0.988746956666667,18.2561624,1.01843584,1.04480092,0.98362041,1.01561905666667,,,,,,15.92295273,0.86384802,1.04762686,0.93823251,0.949902463333333,,18.6058725,0.96700655,1.08743624,0.93893853,0.997793773333333,,18.71059755,0.99114552,1.03787,0.91781484,0.982276786666667,,,,,,,,,,,,,,,,18.81789047,0.96134253,1.05733294,0.98484608,1.00117385
,,,,,,,,,,,,,,155,1.83577242,2.57390763,0.98005335,2.10563876,2.01612357,4.04250305,4.25799156,5.96784233,5.03334185,9.8630081,6.58248487,11.13962275,,155,1.62462275,2.74923256,1.28511671,2.29283744,2.45532553,5.78843537,2.35092341,5.20479401,5.04779707,9.66426263,7.70038317,13.53018322,,,,,,,,,,,,,,,,,,,,,1.625,0,0,0,0,0,0,0,,,,,,,,,,,,1.625,0,0,0.04054322,0,0,0,0.04160425,0,1.95,12.5863036,76.82838572,1.95,0,85.60285679,,1.625,0,0,0,0,1.95,13.53078286,86.04810819,1.625,0.04372612,0,0,0,0,0,,,,,,,,,,,,,,,,,15.92295273,0.91686267,1.03418165,0.96043829,0.970494203333333,18.47537386,1.01944988,1.03466051,0.9104404,0.988183596666667,18.56798858,0.98998621,1.07543195,0.93753437,1.00098417666667,18.6058725,0.98733856,1.08992578,0.93697449,1.00474627666667,18.71059755,1.00626734,1.01961889,0.95573426,0.993873496666667,18.81789047,0.99815501,1.06508176,0.98362041,1.01561906,,,,,,16.39826475,0.93569607,0.95235308,0.84094488,0.909664676666667,,19.16127168,1.00601215,1.12897885,0.99232808,1.04243969333333,,19.26912285,0.92497437,1.1120836,0.88041047,0.97248948,,,,,,,,,,,,,,,,19.37961854,0.90130431,1.04642097,0.90508166,0.950935646666667
,,,,,,,,,,,,,,160,1.83774171,2.57814961,1.01035573,2.14717749,2.02591067,4.14758256,4.34741019,6.06778015,5.10096712,10.01485865,6.6973673,11.55104209,,160,1.66032172,2.77761412,1.31149429,2.3287619,2.57612826,5.96932882,2.3656906,5.34055333,5.2120424,9.78715958,7.94883196,13.72629677,,,,,,,,,,,,,,,,,,,,,1.675,0,0,0,0,0,0,0,,,,,,,,,,,,1.675,0.07650637,0,0.07631806,0,0.03857603,0,0.15663069,0.49436561,2.01,10.74204525,69.11597532,2.01,0,70.79398804,,1.675,0.04097448,0,0.04029475,0,2.01,12.82977554,77.40177543,1.675,0.12346426,0.51957878,0.12556172,0,0.25547104,0,,,,,,,,,,,,,,,,,16.39826475,0.92810163,0.99277495,0.89832824,0.93973494,19.02687755,1.0052533,1.14299396,0.92751011,1.02525245666667,19.1222569,0.98237223,1.08016954,0.96815948,1.01023375,19.16127168,0.99240877,1.09972818,0.9761841,1.02277368333333,19.26912285,0.96807177,1.08113742,0.92176387,0.990324353333333,19.37961854,0.92852415,1.07218005,0.93156627,0.97742349,,,,,,16.87357677,0.99591233,0.97384866,0.89454636,0.954769116666667,,19.71667086,1.02077061,1.17068112,1.02227583,1.07124252,,19.82764815,0.89624875,1.07742474,0.916878,0.963517163333333,,,,,,,,,,,,,,,,19.94134662,0.8651436,1.06176485,0.87402819,0.933645546666667
,,,,,,,,,,,,,,165,1.86181858,2.61241068,1.01388437,2.1636862,2.01986812,4.2761081,4.39971393,6.17581005,5.14567601,10.19106819,6.71661117,11.66008374,,165,1.68480038,2.85504971,1.29891767,2.35557798,2.61942321,6.08273072,2.41220178,5.43263246,5.37081878,9.91254785,8.19608652,13.98649748,,,,,,,,,,,,,,,,,,,,,1.725,0,0,0,0,0,0,0,,,,,,,,,,,,1.725,1.082037,0,1.15133205,1.8169459,1.45489192,3.21440184,1.10762152,3.72899245,2.07,8.97891178,42.71489551,2.07,0,41.61386096,,1.725,0.65677351,2.43875459,0.79784954,3.3576168,2.07,9.86495951,51.56505846,1.725,1.04770025,3.919175,1.53905406,5.48041364,1.3248223,5.06844893,,,,,,,,,,,,,,,,,16.87357677,0.95550892,0.98508514,0.93105925,0.95721777,19.57838125,0.98024027,1.17476726,0.94407279,1.03302677333333,19.67652521,0.97171267,1.08152313,0.94887073,1.00070217666667,19.71667086,1.00221117,1.11426278,1.00829542,1.04158979,19.82764815,0.92565103,1.06102559,0.93393237,0.97353633,19.94134662,0.90875033,1.08840472,0.92311592,0.973423656666667,,,,,,17.3488888,0.99887475,0.96567475,0.91592175,0.960157083333333,,20.27207004,0.94667764,1.10527462,1.03856232,1.03017152666667,,20.38617345,0.86170295,1.05959542,0.91594696,0.945748443333333,,,,,,,,,,,,,,,,20.50307469,0.90487528,1.05137227,0.82389536,0.926714303333333
,,,,,,,,,,,,,,170,1.89741727,2.68238634,1.02114653,2.1964338,2.01500718,4.3489561,4.44794386,6.23634834,5.21778746,10.41052767,6.84638026,11.87481474,,170,1.73894112,2.93944557,1.32423833,2.4066779,2.67098414,6.17945037,2.43527728,5.58891058,5.51946404,10.05166129,8.44625051,14.35997399,,,,,,,,,,,,,,,,,,,,,1.775,0,0,0,0,0,0,0,,,,,,,,,,,,1.775,3.67898304,13.76212175,3.26215823,18.01832712,3.71003212,11.276093,4.18441306,21.13128596,2.13,7.53796913,26.37777106,2.13,0,26.6413538,,1.775,2.59064694,13.81982434,3.12179318,14.49660281,2.13,8.05229308,26.08036549,1.775,3.66485212,18.5075032,3.98800981,24.93903795,4.96704571,22.97732597,,,,,,,,,,,,,,,,,17.3488888,0.97345183,0.9986902,0.94545301,0.97253168,20.12988495,0.90368013,1.12710731,0.93308733,0.987958256666667,20.23079353,0.93668837,1.05309762,1.00369137,0.997825786666667,20.27207004,0.92362295,1.08705266,0.98040928,0.997028296666667,20.38617345,0.91551061,1.06981395,0.94001662,0.975113726666667,20.50307469,0.92446798,1.09161585,0.8932017,0.969761843333333,,,,,,17.82420082,0.96582269,0.93813412,0.96754405,0.957166953333333,,20.82746922,0.86415548,1.08062555,0.99146181,0.978747613333333,,20.94469875,0.84257473,1.01741378,0.94673424,0.93557425,,,,,,,,,,,,,,,,21.06480277,0.87953006,1.01278921,0.80858515,0.900301473333333
,,,,,,,,,,,,,,175,1.88690927,2.73936129,1.06551631,2.26272675,2.01357379,4.4282866,4.50816307,6.38476831,5.24464347,10.54949526,6.94290306,12.06162702,,175,1.74461471,2.97043415,1.33846712,2.43768936,2.75006272,6.31776843,2.52339987,5.76275599,5.71490083,10.27638579,8.65125859,14.62318042,,,,,,,,,,,,,,,,,,,,,1.825,0,0,0,0,0,0,0,,,,,,,,,,,,1.825,8.12039398,32.95284877,8.29327421,41.79986995,8.28641393,39.7950967,8.47732738,48.72401638,2.19,5.52234996,15.90097697,2.19,0,18.71408978,,1.825,7.28290871,54.90657357,7.6033577,50.56742023,2.19,6.04186989,17.6221205,1.825,8.21631971,52.52204373,7.79179006,52.07894974,8.32122711,50.26361913,,,,,,,,,,,,,,,,,17.82420082,0.95531175,0.96911398,0.95314282,0.959189516666667,20.68138864,0.87883611,1.08654564,0.9298762,0.965085983333333,20.78506185,0.92399841,1.03770047,0.98880181,0.98350023,20.82746922,0.89455375,1.07708125,0.95725533,0.976296776666667,20.94469875,0.89421574,1.05967353,0.95235413,0.9687478,21.06480277,0.92074983,1.05612439,0.88559638,0.954156866666667,,,,,,18.29951284,1.02895932,0.93392666,0.98920399,0.98402999,,21.3828684,0.7991163,1.0550479,1.00434811,0.952837436666667,,21.50322405,0.89499882,1.03972855,0.94753499,0.96075412,,,,,,,,,,,,,,,,21.62653084,0.86316987,1.00508326,0.84630747,0.904853533333333
,,,,,,,,,,,,,,180,1.92405967,2.79693054,1.07222119,2.28538722,2.01813355,4.53257293,4.56569465,6.4508311,5.28587668,10.73263179,7.03997713,12.21797262,,180,1.80380611,3.0937042,1.38523602,2.52338588,2.74000279,6.40992705,2.61180641,5.85439378,5.8860539,10.50480229,8.88941671,14.97525444,,,,,,,,,,,,,,,,,,,,,1.875,0,0,0,0,0,0,0,,,,,,,,,,,,1.875,11.26490539,73.6149356,10.11041601,89.9659533,10.43640116,75.40222872,10.90626088,77.72273378,2.25,4.13034383,9.73384363,2.25,0,9.219273,,1.875,10.75828218,89.99842597,11.76963819,94.59525117,2.25,4.382696,11.92490022,1.875,13.10468248,88.32112601,10.82217623,96.99041432,11.51923694,73.35868038,,,,,,,,,,,,,,,,,18.29951284,0.99218343,0.95156543,0.96122699,0.968325283333333,21.23289234,0.91162345,1.00609833,0.93849556,0.952072446666667,21.33933016,0.89726489,1.04176125,0.94700954,0.962011893333333,21.3828684,0.86734363,1.07978536,0.97787417,0.975001053333333,21.50322405,0.93646747,1.07927834,0.95303015,0.989591986666667,21.62653084,0.91720068,1.04294185,0.90232807,0.954156866666667,,,,,,18.77482486,1.04501476,1.04462618,0.92874575,1.00612889666667,,21.93826758,0.87576228,1.05768507,1.04462911,0.992692153333333,,22.06174935,0.9500547,1.04036327,1.00271905,0.99771234,,,,,,,,,,,,,,,,22.18825891,0.89642241,0.98778303,0.88788922,0.924031553333333
,,,,,,,,,,,,,,185,1.9617468,2.85903278,1.11946103,2.3165463,2.07376865,4.67154003,4.65261117,6.55207265,5.36708817,10.99130575,7.12778806,12.32327963,,185,1.86379903,3.20350605,1.4166384,2.57622054,2.82273519,6.53515436,2.67514116,5.99600865,6.09150542,10.71086248,9.06230294,15.22013938,,,,,,,,,,,,,,,,,,,,,1.925,0,0,0,0,0,0,0,,,,,,,,,,,,1.925,12.22238696,89.95184432,12.33676275,92.28375253,13.05572474,95.87341492,11.53300425,93.95025411,2.31,3.11744726,5.27701966,2.31,0,5.60679236,,1.925,14.64304605,105.75102375,13.36283277,95.13772517,2.31,2.95719323,5.6567522,1.925,13.67919445,92.84091087,12.23205126,115.22212015,13.95899994,85.06366334,,,,,,,,,,,,,,,,,18.77482486,1.04246299,1.00145064,0.92889033,0.990934653333333,21.78439604,0.99274679,1.00390124,0.92345394,0.973367323333333,21.89359848,0.92399841,1.06781798,0.90809366,0.966636683333333,21.93826758,0.92936918,1.08722167,1.03026633,1.01561906,22.06174935,0.973649,1.08265848,0.98649353,1.01426700333333,22.18825891,0.9346084,1.06508176,0.9395096,0.979733253333333,,,,,,19.25013688,0.95669105,1.16264397,0.99279691,1.03737731,,22.49366676,1.04032379,1.06212127,1.00171056,1.03471854,,22.62027465,0.99890742,1.0219189,0.95215651,0.990994276666667,,,,,,,,,,,,,,,,22.74998699,0.93013733,0.98657184,0.9596208,0.958776656666667
,,,,,,,,,,,,,,190,1.93861292,2.86634297,1.1446339,2.36165862,2.10065321,4.73563114,4.77201355,6.69764299,5.47588371,11.22462904,7.28254982,12.52078559,,190,1.90765657,3.28105147,1.44795356,2.63243565,2.89723771,6.67035068,2.72911565,6.1483239,6.20306475,10.83419558,9.21920167,15.50417352,,,,,,,,,,,,,,,,,,,,,1.975,0,0,0,0,0,0,0,,,,,,,,,,,,1.975,12.90461076,77.11811898,13.06498089,73.80959401,11.93137254,71.81368266,11.80144977,91.03170798,2.37,2.72997404,5.84876255,2.37,0,4.90039162,,1.975,15.23731553,99.34832878,12.52093203,92.57736577,2.37,2.58802123,2.579508,1.975,12.34413169,88.94731342,12.28289216,84.3771471,12.86305681,78.10478724,,,,,,,,,,,,,,,,,19.25013688,0.97266313,1.0783488,0.95945242,1.00348811666667,22.33589974,1.02553413,1.01437967,1.00626734,1.01539371333333,22.44786679,1.05191322,1.07103277,0.94362555,1.02219051333333,22.49366676,1.02519612,1.10665747,0.99967607,1.04384322,22.62027465,1.00592933,1.06913792,1.00711238,1.02739321,22.74998699,0.97229695,1.04108277,0.97517006,0.99618326,,,,,,19.72544891,0.96970518,1.11572247,1.0277563,1.03772798333333,,23.04906593,1.15053345,1.04321661,1.05254032,1.08209679333333,,23.17879995,0.96896584,1.02398392,0.97051965,0.987823136666667,,,,,,,,,,,,,,,,23.31171506,0.95306227,0.96695232,0.94899704,0.95633721
,,,,,,,,,,,,,,195,1.99472498,2.92614519,1.14807665,2.39846895,2.13349571,4.86024747,4.82367113,6.80753979,5.50192134,11.43115428,7.35636051,12.74715558,,195,1.98339655,3.40312517,1.47040204,2.64178583,2.93870653,6.75138182,2.76481907,6.26952003,6.30586979,11.03713653,9.41007465,15.74498108,,,,,,,,,,,,,,,,,,,,,2.025,0,0,0,0,0,0,0,,,,,,,,,,,,2.025,11.51622176,72.03527578,10.83515676,50.43243297,10.9535608,61.64677215,10.23457889,53.10527406,2.43,1.44793036,2.18566662,2.43,0,3.64804959,,2.025,13.03635405,75.39007651,11.63457807,64.74146435,2.43,1.76537113,2.24922859,2.025,11.54499167,72.52225868,10.76746818,65.07731766,12.06092216,59.95137728,,,,,,,,,,,,,,,,,19.72544891,0.95353717,1.08682732,0.96753658,1.00263369,22.88740343,1.13623368,1.09381294,1.07809529,1.10271397,23.00213511,1.10013508,1.0608808,0.98355663,1.04819083666667,23.04906593,1.09093982,1.07572919,1.05409631,1.07358844,23.17879995,0.9907187,1.04851908,0.99105672,1.01009816666667,23.31171506,0.98412743,1.02046392,0.96959283,0.991394726666667,,,,,,20.20076093,0.84261597,1.10007028,1.00667073,0.983118993333333,,23.60446511,1.1821423,1.0710152,1.05174231,1.10163327,,23.73732525,1.02380142,0.98283513,0.99839158,1.00167604333333,,,,,,,,,,,,,,,,23.87344313,1.00545045,0.97146815,0.9577268,0.978215133333333
,,,,,,,,,,,,,,200,2.0275823,2.98698166,1.15517891,2.4126164,2.15694272,4.90369255,4.8671592,6.8660183,5.57994829,11.75329942,7.42084065,12.94466984,,200,2.0404453,3.51089439,1.45624635,2.62508226,3.017254,6.87648759,2.80205437,6.35034606,6.43334784,11.13080165,9.5537597,15.93001093,,,,,,,,,,,,,,,,,,,,,2.075,0,0,0,0,0,0,0,,,,,,,,,,,,2.075,9.44738157,45.31751897,9.69765239,37.98558008,10.00472607,38.40067754,8.44596957,41.87899565,2.49,1.39398372,1.13542222,2.49,0,1.35114255,,2.075,11.10737483,46.51880722,9.79404111,57.68112548,2.49,1.48079746,0.77896116,2.075,9.4667166,48.07777958,9.65481413,49.58319802,9.46127043,42.73525449,,,,,,,,,,,,,,,,,20.20076093,0.85396392,1.10200977,0.94446714,0.96681361,23.43890713,1.07758827,1.05122319,1.07065899,1.06649015,23.55640343,1.07154036,1.01367414,1.06392639,1.04971363,23.60446511,1.08468656,1.05308226,1.05680042,1.06485641333333,23.73732525,1.02604115,1.01150656,1.00846443,1.01533738,23.87344313,1.02891427,1.01691478,1.00373224,1.01652043,,,,,,20.67607295,0.82788105,1.06227075,1.01039115,0.96684765,,24.15986429,1.08934991,0.9885698,1.0126177,1.03017913666667,,24.29585056,1.03339066,0.95616305,1.04891208,1.01282193,,,,,,,,,,,,,,,,24.43517121,1.01457962,0.93757613,0.99507262,0.982409456666666
,,,,,,,,,,,,,,205,2.0354154,3.02426876,1.17855104,2.41506848,2.17489804,4.96731725,4.95117008,7.01233186,5.67197153,12.04435302,7.58730817,13.21267175,,205,2.11289196,3.59822519,1.47538962,2.64437454,3.04680208,7.00109559,2.83340252,6.45026811,6.55085554,11.28987995,9.82093155,16.27359464,,,,,,,,,,,,,,,,,,,,,2.125,0,0,0,0,0,0,0,,,,,,,,,,,,2.125,7.77211664,21.60505817,7.65814947,25.14386228,7.76580446,22.99780671,7.44495806,29.79503846,2.55,1.04331853,1.26305857,2.55,0,0.92022165,,2.125,8.75781668,31.82027944,7.53596542,27.18330383,2.55,1.11778256,1.67115847,2.125,7.44109708,28.73196805,7.82756102,41.36774979,8.46572908,34.73594462,,,,,,,,,,,,,,,,,20.67607295,0.87880794,1.06592679,0.98390209,0.976212273333333,23.99041083,1.06727885,1.01928088,1.07133501,1.05263158,24.11067174,1.07289396,0.97915744,1.11993142,1.05732760666667,24.15986429,1.03820965,0.99021168,1.04108277,1.02316803333333,24.29585056,1.02080194,0.98649353,1.06491275,1.02406940666667,24.43517121,1.01708379,1.00930947,1.01640776,1.01426700666667,,,,,,21.15138497,0.77653027,1.03150949,0.93226501,0.913434923333333,,24.71526347,0.95662465,0.95133192,1.00536251,0.97110636,,24.85437586,1.01961885,0.95675494,1.06303946,1.01313775,,,,,,,,,,,,,,,,24.99689928,0.98560762,0.93948572,0.99106791,0.97205375
,,,,,,,,,,,,,,210,2.08519141,3.09480014,1.19277019,2.43966029,2.24484724,5.08556934,4.98030972,7.11565115,5.78344726,12.25646539,7.67366751,13.36826348,,210,2.16916733,3.69817648,1.51331745,2.69483977,3.07951565,7.10844361,2.8590667,6.55476149,6.69078024,11.35059746,9.89884666,16.47331793,,,,,,,,,,,,,,,,,,,,,2.175,0,0,0,0,0,0,0,,,,,,,,,,,,2.175,5.80806916,21.19604926,6.04272506,13.42922091,5.90284532,18.48643032,5.94539962,14.9534929,2.61,1.00954583,1.55013034,2.61,0,0.70272061,,2.175,6.46426722,18.71539021,6.45262494,22.62899717,2.61,0.7440804,1.0634734,2.175,6.2242126,21.26300864,5.80866166,25.69836316,6.71732376,18.49158017,,,,,,,,,,,,,,,,,21.15138497,0.86362548,1.01564723,0.99356365,0.95761212,24.54191452,0.9907187,0.98057829,1.08130642,1.01753447,24.66494006,0.97205106,0.95749991,1.1260226,1.01852452333333,24.71526347,0.97770517,0.95387519,1.01894286,0.98350774,24.85437586,1.02840725,1.00119713,1.10344633,1.04435023666667,24.99689928,1.03499852,0.99376083,1.00576032,1.01150655666667,,,,,,21.62669699,0.88746443,0.97996724,0.90667813,0.924703266666667,,25.27066265,0.85626733,0.87380792,1.02787201,0.919315753333333,,25.41290116,0.9876495,0.93810724,1.037339,0.98769858,,,,,,,,,,,,,,,,25.55862736,0.96384923,0.93730632,0.96119974,0.95411843
,,,,,,,,,,,,,,215,2.11428523,3.14431652,1.18927055,2.46822336,2.27629571,5.14572347,5.00286155,7.19438905,5.96040409,12.52137015,7.79787995,13.52660315,,215,2.1956284,3.79463071,1.51346977,2.71912982,3.12171742,7.18460363,2.88336051,6.63466356,6.83067056,11.50535082,10.20447998,16.80787682,,,,,,,,,,,,,,,,,,,,,2.225,0,0,0,0,0,0,0,,,,,,,,,,,,2.225,4.48767607,9.85337572,4.82265037,7.09881159,5.9247541,9.66051925,4.86009259,9.24582682,2.67,0.84735816,0.65833211,2.67,0,0.8393673,,2.225,4.94625623,12.89974335,4.68150898,13.83899728,2.67,0.72443112,0.33873862,2.225,4.82807408,13.2509642,4.83893437,12.8771397,5.04336352,15.53729992,,,,,,,,,,,,,,,,,21.62669699,0.92120051,1.01328113,0.96043829,0.96497331,25.09341822,0.92379195,0.89911694,1.10462938,0.97584609,25.21920837,0.94125676,0.91604603,1.07120196,0.97616825,25.27066265,0.91179246,0.90266608,1.03956171,0.951340083333333,25.41290116,1.02333704,0.97009985,1.0782643,1.02390039666667,25.55862736,1.00119713,0.96722674,0.99950706,0.98931031,,,,,,22.10200902,1.0203845,0.94431544,0.8778035,0.947501146666667,,25.82606183,0.83272226,0.85166755,0.95973032,0.881373376666667,,25.97142646,0.96406051,0.98324015,1.03437399,0.99389155,,,,,,,,,,,,,,,,26.12035543,0.91975188,0.96138437,0.96822621,0.949787486666667
,,,,,,,,,,,,,,220,2.13709069,3.17130939,1.22097908,2.49482252,2.30160084,5.23983479,5.00153783,7.34877366,6.08092745,12.78343627,7.94628675,13.8451785,,220,2.2309599,3.90187581,1.54065721,2.75317009,3.14329982,7.3036067,2.8676388,6.69513884,6.99305764,11.64903617,10.43248264,17.01027633,,,,,,,,,,,,,,,,,,,,,2.275,0,0,0.05543513,0.05577526,0.05672279,0,0,,,,,,,,,,,,2.275,3.9815338,10.21045681,3.93036188,4.96208187,3.86875111,6.86441919,3.14166712,7.23591742,2.73,0.68582668,1.10199877,2.73,0,0.32115158,,2.275,3.42070601,5.60862511,3.77899334,9.65226983,2.73,0.7314358,0.97203969,2.275,3.05648431,8.16828698,3.97059541,8.59350293,3.76235363,8.15946018,,,,,,,,,,,,,,,,,22.10200902,1.02254834,1.0158444,0.933031,0.99047458,25.64492192,0.89286368,0.84165458,1.06187063,0.93212963,25.77347669,0.90623246,0.91401564,1.00978255,0.94334355,25.82606183,0.94103066,0.89387772,0.99714097,0.94401645,25.97142646,1.00846443,0.98632452,1.05899751,1.01792882,26.12035543,0.99984508,0.99477487,1.01725279,1.00395758,,,,,,22.57732104,1.15460684,0.94002245,0.91619802,1.00360910333333,,26.38146101,0.9018172,0.88171882,0.96834985,0.91729529,,26.52995176,0.91739922,0.95833455,1.06885899,0.98153092,,,,,,,,,,,,,,,,26.6820835,0.9277757,0.97421191,0.9717664,0.957918003333333
,,,,,,,,,,,,,,225,2.16343798,3.20536356,1.20447606,2.50228582,2.28778364,5.30963083,5.09203601,7.44389139,6.24498216,13.0279768,7.94953328,14.06030183,,225,2.28714694,3.99576411,1.5317398,2.78171403,3.20990971,7.40857521,2.89275234,6.78223782,7.14811489,11.73684823,10.73267745,17.24598382,,,,,,,,,,,,,,,,,,,,,2.325,0,0.05228627,0.21230623,0.16020663,0.21723771,0,0,,,,,,,,,,,,2.325,3.1569226,3.25867875,2.71342072,3.25065821,3.06343115,3.53896377,3.3128646,1.79616202,2.79,0.59695187,0.60292139,2.79,0,0.61497532,,2.325,2.63714704,4.2959976,2.55156999,3.6966393,2.79,0.57745327,0.31022756,2.325,2.43514085,2.96649285,3.01960419,3.83967655,2.96138205,7.25428102,,,,,,,,,,,,,,,,,22.57732104,1.11936115,1.00322522,0.93322817,1.01860484666667,26.19642562,0.92396096,0.92210188,1.05409631,0.966719716666667,26.32774501,0.95614631,0.96494469,0.97052827,0.96387309,26.38146101,0.94474881,0.91567962,1.00576032,0.95539625,26.52995176,0.98294438,0.97533907,1.05696942,1.00508429,26.6820835,0.99494388,0.99325381,1.03584356,1.00801375,,,,,,23.05263306,1.18202374,0.97631684,1.05289808,1.07041288666667,,26.93686019,0.95893067,0.92277975,1.01309907,0.964936496666667,,27.08847706,0.95240442,0.93347047,1.03221775,0.972697546666667,,,,,,,,,,,,,,,,27.24381158,0.92395943,0.97562777,0.97402443,0.957870543333333
,,,,,,,,,,,,,,230,2.20179927,3.28957555,1.20912274,2.48779035,2.35490811,5.45625536,5.14430435,7.54178543,6.40050285,13.32643438,8.04190075,14.27814407,,230,2.30683959,4.07807491,1.56555232,2.83605388,3.28565594,7.51679479,2.88489926,6.8989857,7.31815764,11.79808247,10.97331408,17.49042085,,,,,,,,,,,,,,,,,,,,,2.375,0.50953269,0.50107997,0.61038432,1.07472641,0.72865617,0.50953269,0,,,,,,,,,,,,2.375,2.03596342,2.88269587,2.31566528,1.19816697,2.20665235,2.66477257,2.20096892,1.72133299,2.85,0.48054935,0.86670507,2.85,0,1.17871027,,2.375,1.89546161,1.54388406,1.9241471,3.79568081,2.85,0.57694505,0.7432583,2.375,2.12898184,3.61824558,1.54058733,3.67971366,2.8803677,5.08035443,,,,,,,,,,,,,,,,,23.05263306,1.12409335,0.9979015,1.01643593,1.04614359333333,26.74792931,0.99240877,0.99950706,1.05815247,1.01668943333333,26.88201332,1.01282814,1.00639856,1.02433371,1.01452013666667,26.93686019,0.98159233,0.92852415,1.03820965,0.982775376666667,27.08847706,1.00001408,0.94255172,1.04666,0.9964086,27.24381158,0.98750757,0.98632452,1.04192781,1.0052533,,,,,,23.52794508,1.1168592,1.01175082,1.13670684,1.08843895333333,,27.49225937,1.01643461,0.94584302,1.08780922,1.01669561666667,,27.64700236,0.99402816,0.9124206,1.02353257,0.976660443333333,,,,,,,,,,,,,,,,27.80553965,0.93492654,0.96856302,0.99610305,0.96653087
,,,,,,,,,,,,,,235,2.22328359,3.3304803,1.21149471,2.52917476,2.36844808,5.57228081,5.1780282,7.61084656,6.50369247,13.63694286,8.07824935,14.44883002,,235,2.37878951,4.19786819,1.53782483,2.84867748,3.30782984,7.60037452,2.92643408,6.97094276,7.44276052,11.89401687,11.19548048,17.78630594,,,,,,,,,,,,,,,,,,,,,2.425,1.46621516,1.44189189,1.75642261,2.01264362,1.89706672,1.46621516,0,,,,,,,,,,,,2.425,1.51484669,0.92168383,1.82062436,0.45970765,1.71168334,0.69709684,1.66276115,2.35869208,2.91,0.36216547,0.69277864,2.91,0,0.28265162,,2.425,1.5444133,1.72769019,1.63414414,3.88349548,2.91,0.50822413,0.42775531,2.425,2.15991022,2.97478544,1.7972211,3.52954255,2.49872541,2.05179891,,,,,,,,,,,,,,,,,23.52794508,1.1002352,0.98173317,1.08741884,1.05646240333333,27.29943301,1.03651958,1.02925229,1.06913792,1.04496993,27.43628164,1.03770047,0.96579068,1.06308039,1.02219051333333,27.49225937,1.02401307,0.95066406,1.08722167,1.02063293333333,27.64700236,1.03854767,0.94626988,1.06525076,1.01668943666667,27.80553965,0.98987367,0.973649,1.04226582,1.00192949666667,,,,,,24.0032571,1.11723933,1.01151727,1.28727879,1.13867846333333,,28.04765855,1.04083678,0.99133027,1.03531904,1.02249536333333,,28.20552766,1.03689197,0.89754079,1.05097839,0.99513705,,,,,,,,,,,,,,,,28.36726772,0.9684779,0.94855898,1.00004617,0.972361016666667
,,,,,,,,,,,,,,240,2.2455061,3.36749187,1.22077271,2.52637561,2.41441059,5.71109005,5.2463685,7.66777116,6.58897019,13.86650359,8.1744906,14.67096555,,240,2.48616681,4.34210678,1.54607871,2.89201947,3.38915394,7.74082169,2.96246333,7.12983465,7.69108908,12.08779747,11.38634573,18.03229719,,,,,,,,,,,,,,,,,,,,,2.475,3.70661293,3.27599694,3.65337973,3.53441858,4.07372425,3.70661293,0,,,,,,,,,,,,2.475,1.15640037,0.88482149,1.74780929,0.44132185,1.36051989,1.78457803,1.41690473,0.67930717,2.97,0.37928816,1.33014252,2.97,0,1.35673544,,2.475,1.25743325,0.71082514,1.12583557,1.8640884,2.97,0.36863399,0.5475299,2.475,1.56456929,1.18992092,1.03520522,1.69419003,1.96973812,1.96973812,,,,,,,,,,,,,,,,,24.0032571,1.03082968,0.97009985,1.17930228,1.06007727,27.85093671,1.03297044,1.01860485,1.06237765,1.03798431333333,27.99054995,1.05225162,0.95546951,1.07881594,1.02884569,28.04765855,1.03330845,0.99088771,1.05206822,1.02542146,28.20552766,1.04496993,0.93511542,1.0611946,1.01375998333333,28.36726772,1.00964748,0.98209935,1.01370365,1.00181682666667,,,,,,24.47856912,1.06253142,1.02481906,1.1875795,1.09164332666667,,28.60305773,1.03148803,0.9576876,1.07736167,1.0221791,,28.76405296,1.00637211,0.87495812,1.02297467,0.968101633333333,,,,,,,,,,,,,,,,28.9289958,0.97928582,0.90216745,0.95259692,0.944683396666667
,,,,,,,,,,,,,,245,2.28071699,3.44124527,1.20605152,2.54448743,2.45492679,5.81751778,5.28954663,7.72551796,6.7352094,14.17454813,8.33873042,14.96319217,,245,2.55400586,4.44278178,1.57639199,2.9133343,3.43414146,7.8596437,3.02304006,7.21963456,7.88665005,12.22682103,11.62161231,18.37515332,,,,,,,,,,,,,,,,,,,,,2.525,4.77841902,5.36412302,5.35519629,4.4824983,4.83493036,4.77841902,0,,,,,,,,,,,,2.525,1.16155986,1.06265893,1.44417797,0.42401737,1.17136294,0.85730186,1.49920503,1.95801347,3.03,0.35429339,1.91698033,3.03,0,0.78212225,,2.525,0.79339788,1.36590657,0.86889927,1.11937278,3.03,0.20834097,1.18363714,2.525,1.10477736,0.68595807,0.97619546,1.62775989,1.25542317,1.65594064,,,,,,,,,,,,,,,,,24.47856912,0.99336648,1.014267,1.17180964,1.05981437333333,28.40244041,1.04209681,0.99038069,1.07082799,1.03443516333333,28.54481827,1.00013818,0.91926082,1.06697198,0.995456993333333,28.60305773,1.00846443,0.94745292,1.04632199,1.00074644666667,28.76405296,1.00880244,0.91432756,1.05004014,0.991056713333333,28.9289958,1.02553413,0.94863597,1.00187316,0.99201442,,,,,,24.95388115,0.97148135,0.89858534,1.12860768,0.999558123333333,,29.15845691,1.02877839,0.94325177,0.99726991,0.98976669,,29.32257826,1.01909386,0.89281377,0.97268079,0.961529473333333,,,,,,,,,,,,,,,,29.49072387,0.98853359,0.88179427,0.94261427,0.937647376666667
,,,,,,,,,,,,,,250,2.26765865,3.44677705,1.26574668,2.5662399,2.4639492,5.91627847,5.30739396,7.80438414,6.8802541,14.49282517,8.46961119,15.2759189,,250,2.61434878,4.51882672,1.61101587,2.98318096,3.54117606,7.99556011,3.02272627,7.39266687,8.00728292,12.30146064,11.80340008,18.46741797,,,,,,,,,,,,,,,,,,,,,2.575,6.89198516,6.7350262,6.75028136,5.70328506,6.55286896,6.89198516,0,,,,,,,,,,,,2.575,0.85790109,0.81743406,1.11414111,0.20385553,0.97940538,0.20608321,1.02731188,0.62757157,3.09,0.26280137,1.3517237,3.09,0,1.00272588,,2.575,0.72820975,0.43779277,0.76728147,1.07632539,3.09,0.33054262,0.63228797,2.575,1.07970587,1.09929731,0.88552283,1.56516161,1.00895595,0.68239655,,,,,,,,,,,,,,,,,24.95388115,0.95136825,0.91765137,1.15485261,1.00795741,28.9539441,1.01167556,0.92412997,1.04615298,0.99398617,29.09908658,0.98017264,0.90487887,1.02839449,0.971148666666667,29.15845691,1.01488669,0.96452263,1.01150656,0.99697196,29.32257826,1.01826683,0.92751011,1.01184457,0.985873836666667,29.49072387,1.01133755,0.93359436,0.98919764,0.978043183333333,,,,,,25.42919317,0.91712194,0.87368983,1.03714682,0.942652863333333,,29.71385608,1.03949296,0.90106776,0.9603325,0.966964406666667,,29.88110356,1.00014372,0.93479841,0.93470495,0.956549026666667,,,,,,,,,,,,,,,,30.05245195,0.98119605,0.92350875,0.94048872,0.94839784
,,,,,,,,,,,,,,255,2.27536571,3.45985871,1.21189849,2.5512092,2.5413171,6.03361264,5.32768569,7.87030373,6.9116697,14.76134147,8.6422093,15.7274876,,255,2.67343073,4.60551322,1.69994451,3.0409396,3.57647834,8.0597555,3.10423958,7.57422191,8.24777367,12.50711084,12.05143583,18.65150021,,,,,,,,,,,,,,,,,,,,,2.625,8.13351341,6.56294178,7.03688328,6.15839419,6.60385961,8.13351341,0,,,,,,,,,,,,2.625,1.01244414,0.39329561,1.08764086,0.78465519,0.83249852,0.99153715,0.87693959,0.60389249,3.15,0.28098393,1.77371103,3.15,0,1.08550321,,2.625,0.63399694,0.42127428,0.90240449,0.8285714,3.15,0.20240871,0.73011712,2.625,0.78760415,1.05781941,0.78394204,1.29094804,0.74550233,1.09441475,,,,,,,,,,,,,,,,,25.42919317,0.96635353,0.88906103,1.07203921,0.975817923333333,29.5054478,1.02113995,0.85416109,1.02130896,0.965536666666667,29.6533549,0.99776939,0.90640166,1.00013818,0.968103076666667,29.71385608,1.01285861,0.924975,0.98683154,0.974888383333333,29.88110356,0.99984508,0.94829796,0.99595792,0.981366986666667,30.05245195,1.00609833,0.98074729,0.99781699,0.994887536666667,,,,,,25.90450519,0.91015747,0.87385821,0.97304746,0.919021046666667,,30.26925526,1.01300704,0.9482735,0.92715264,0.96281106,,30.43962886,0.9559434,0.90479979,0.98050861,0.947083933333333,,,,,,,,,,,,,,,,30.61418002,0.99221183,0.8826442,0.94611247,0.940322833333333
,,,,,,,,,,,,,,260,2.33659735,3.53264623,1.22526819,2.61362299,2.54578993,6.09785672,5.39482061,7.95925732,7.06225371,15.13256494,8.80254449,16.02079348,,260,2.72531396,4.70313709,1.70177389,3.07682369,3.59026639,8.1978714,3.10912984,7.64885997,8.46243404,12.68949875,12.17503292,18.9009273,,,,,,,,,,,,,,,,,,,,,2.675,9.0372776,7.18888417,7.25744489,6.69683758,6.76957816,9.0372776,0,,,,,,,,,,,,2.675,0.83995742,0,0.8079654,0.56669796,0.7260397,0.5728907,0.9058797,0.38768581,3.21,0.22548194,2.04963082,3.21,0,1.50988365,,2.675,0.28919288,1.01418337,0.64778956,1.99471786,3.21,0.31557337,0.58589908,2.675,0.66161528,0.2037291,0.78773273,0.20719012,0.81806565,0.84310847,,,,,,,,,,,,,,,,,25.90450519,0.99415518,0.8892582,1.01308395,0.96549911,30.0569515,1.00102813,0.86852668,1.01387265,0.961142486666667,30.20762322,1.00301457,0.94971673,0.99590819,0.98287983,30.26925526,1.00457727,0.93291833,0.97804318,0.97184626,30.43962886,0.96232554,0.94576286,1.02925229,0.979113563333333,30.61418002,1.01556272,0.9469459,1.00153515,0.98801459,,,,,,26.37981721,0.90216435,0.97627322,1.02790361,0.968780393333333,,30.82465444,1.01875871,0.94397624,0.99533105,0.986022,,30.99815416,0.93732323,0.93631923,0.96624119,0.946627883333333,,,,,,,,,,,,,,,,31.17590809,0.98766847,0.96002036,0.96052391,0.969404246666667
,,,,,,,,,,,,,,265,2.34576252,3.59729667,1.24443325,2.65232304,2.56868224,6.17488805,5.40006072,8.07950307,7.17788495,15.40140655,9.00538876,16.23408457,,265,2.77119889,4.81043184,1.7314274,3.16039232,3.6005457,8.25390641,3.21867754,7.73706977,8.63687935,12.89175613,12.37462938,19.09063794,,,,,,,,,,,,,,,,,,,,,2.725,6.46378043,6.43267814,6.10488206,6.56997024,5.49550342,6.46378043,0,,,,,,,,,,,,2.725,0.56370109,0.36496032,0.66324175,0.72812409,0.58303435,0,0.75457726,0.37358972,3.27,0.3215796,2.41401985,3.27,0,1.34306303,,2.725,0.63476646,0.39092325,0.6394615,0.38443816,3.27,0.18782601,1.35503052,2.725,0.60645879,0.39264319,0.75909112,0.59897034,0.57917472,0.81245342,,,,,,,,,,,,,,,,,26.37981721,1.00322522,0.9557061,1.04285734,1.00059622,30.60845519,1.00136614,0.9322423,0.98176133,0.971789923333333,30.76189153,1.0280561,0.93702677,0.98575622,0.98361303,30.82465444,1.02992831,0.93055223,1.02823824,0.996239593333333,30.99815416,0.97195893,0.95725533,1.00812642,0.97911356,31.17590809,1.0295903,0.98683154,0.99578891,1.00407025,,,,,,26.85512923,0.95679994,1.01416895,1.0193098,0.996759563333333,,31.38005362,1.01302745,0.91447945,1.08048697,1.00266462333333,,31.55667946,0.92195008,0.92243466,1.00430938,0.949564706666667,,,,,,,,,,,,,,,,31.73763617,1.01031911,0.91922002,0.96369108,0.96441007
,,,,,,,,,,,,,,270,2.36592274,3.63019315,1.24954017,2.70974221,2.60863165,6.28091914,5.40477549,8.12864187,7.2456633,15.58649471,9.09861088,16.55869726,,270,2.82789769,4.96758956,1.73493786,3.17256976,3.55794897,8.34833665,3.26251409,7.88571795,8.83290093,13.01379693,12.52593343,19.23430655,,,,,,,,,,,,,,,,,,,,,2.775,6.00901756,5.2853662,5.14170021,4.08611579,4.87989104,6.00901756,0,,,,,,,,,,,,2.775,0.57144652,0.17596372,0.70907418,0.17553062,0.67465673,0.17744878,0.82750191,0.18012434,3.33,0.29333392,2.43362392,3.33,0,1.72680225,,2.775,0.41801861,0.37696321,0.44044718,0.18535486,3.33,0.16386927,2.39550999,2.775,0.50982729,0.56793261,0.44224013,0.96263476,0.48092379,0.58758028,,,,,,,,,,,,,,,,,26.85512923,0.96398744,0.98370491,1.05311043,1.00026759333333,31.15995889,1.08908074,0.96029745,1.00880244,1.01939354333333,31.31615985,1.06764878,0.96832868,1.01384334,1.01660693333333,31.38005362,1.05071617,0.96317057,1.06288467,1.02559047,31.55667946,0.99342281,0.94829796,1.02063293,0.987451233333333,31.73763617,1.04868808,0.95979043,0.99984508,1.00277453,,,,,,27.33044126,0.96365866,0.99079233,1.03629176,0.99691425,,31.9354528,1.09571391,0.96004944,1.07247474,1.04274603,,32.11520476,0.96167427,0.9330392,1.03933435,0.97801594,,,,,,,,,,,,,,,,32.29936424,0.9871653,0.91410493,1.00113151,0.967467246666667
,,,,,,,,,,,,,,275,2.36010293,3.65529205,1.26556712,2.71353775,2.69490174,6.39218421,5.33690469,8.24910475,7.31608243,15.80478737,9.3339431,16.90727802,,275,2.90995345,5.08324497,1.77990321,3.25946608,3.60471469,8.39172624,3.29930992,7.9645408,8.97075959,13.19262282,12.70203294,19.40922277,,,,,,,,,,,,,,,,,,,,,2.825,4.42967834,4.10828026,4.70964794,3.87041408,4.59832488,4.42967834,0,,,,,,,,,,,,2.825,0.41691058,0.1697902,0.69761261,0.33874459,0.44755359,0.34244631,0.68833602,0.52141454,3.39,0.2102602,4.18599755,3.39,0,1.97863509,,2.825,0.41775828,0.18186891,0.31166264,0.53655557,3.39,0.17476429,2.31146578,2.825,0.41959629,0.18266908,0.38258063,0.37154465,0.47902042,0.56696558,,,,,,,,,,,,,,,,,27.33044126,0.96931116,0.9760151,1.09096799,1.01209808333333,31.71146259,1.0831655,0.97449404,1.05443432,1.03736462,31.87042816,1.06494158,0.94954753,1.04091526,1.01846812333333,31.9354528,1.10547442,0.95556526,1.06440573,1.04181513666667,32.11520476,0.98514147,0.94103066,1.03128037,0.9858175,32.29936424,1.01387265,0.98176133,1.02891427,1.00818275,,,,,,27.80575328,0.99715944,1.00385245,1.08019905,1.02707031333333,,32.49085198,1.09579815,0.98601133,1.02785692,1.03655546666667,,32.67373006,0.96101426,0.94982555,0.99293236,0.967924056666667,,,,,,,,,,,,,,,,32.86109231,0.96555388,0.95691922,0.99408722,0.972186773333333
,,,,,,,,,,,,,,280,2.40451359,3.76391439,1.26957177,2.74778905,2.71369653,6.51176191,5.40037611,8.30634504,7.43973003,16.00053847,9.44294064,17.16385294,,280,2.94621437,5.15527643,1.81488113,3.31321021,3.63239761,8.44574403,3.39245376,8.08925437,9.17741626,13.35775722,12.92046649,19.71432899,,,,,,,,,,,,,,,,,,,,,2.875,3.16424476,2.87238703,3.9918718,3.73696498,3.26767656,3.16424476,0,,,,,,,,,,,,2.875,0.36358072,0.3278719,0.50516957,0,0.41902765,0,0.49180599,0,3.45,0.21081868,3.25304934,3.45,0,2.81534573,,2.875,0.2642666,0.52679459,0.38298494,0.17268517,3.45,0.13659787,2.53610011,2.875,0.36321903,0.17637078,0.38359681,0.89683514,0.39023787,0.72988935,,,,,,,,,,,,,,,,,27.80575328,0.9712829,0.97916989,1.1018126,1.01742179666667,32.26296629,1.06457474,0.9785502,1.0101545,1.01775981333333,32.42469648,1.03194768,0.95157793,1.02111892,1.00154817666667,32.49085198,1.08384153,0.9883526,1.0028872,1.02502711,32.67373006,0.99443685,0.97567708,0.99714097,0.989084966666667,32.86109231,1.01691478,0.98429644,1.01218258,1.0044646,,,,,,28.2810653,0.96056119,0.920265,1.12561864,1.00214827666667,,33.04625116,1.02620854,1.04917002,0.99723325,1.02420393666667,,33.23225536,1.00205926,0.98315038,0.97682382,0.987344486666667,,,,,,,,,,,,,,,,33.42282039,0.94434082,0.94572635,0.97574452,0.955270563333333
,,,,,,,,,,,,,,285,2.39027911,3.80719521,1.28507146,2.73892965,2.72882286,6.56495379,5.34774214,8.34446711,7.53369927,16.24697611,9.56717343,17.58189128,,285,3.03135125,5.28190593,1.84333718,3.39231078,3.62525213,8.53200567,3.44312682,8.22431525,9.34189847,13.50306172,13.28703977,20.08185249,,,,,,,,,,,,,,,,,,,,,2.925,2.55309278,2.97324371,2.31394037,2.26065548,2.77946099,2.55309278,0,,,,,,,,,,,,2.925,0.35125715,1.10865539,0.41296272,0.47396857,0.50603088,0.31943199,0.70628358,0.32424837,3.51,0.24893364,4.47609089,3.51,0,3.98273938,,2.925,0.22843462,0,0.35678924,0,3.51,0.16301915,3.92022238,2.925,0.28342546,0.34078538,0.4529492,0.17328738,0.37701076,0.70514975,,,,,,,,,,,,,,,,,28.2810653,0.99435235,0.93342535,1.10595327,1.01124365666667,32.81446998,1.00914046,0.96587468,0.96418461,0.97973325,32.9789648,1.03973086,0.96663668,1.00470657,1.00369137,33.04625116,1.01184457,1.00660535,0.98463445,1.00102812333333,33.23225536,1.02519612,0.99426785,1.00609833,1.00852076666667,33.42282039,0.98885963,0.99900004,1.00542231,0.99776066,,,,,,28.75637732,1.00002496,0.81354677,1.09148629,0.968352673333333,,,,,,,,,,,,,,,,,,,,,,,,,,,,,,,,
,,,,,,,,,,,,,,290,2.40943937,3.84251749,1.28607773,2.76576894,2.73929265,6.56677065,5.32446282,8.47538683,7.63221361,16.53656383,9.61931646,17.99933534,,290,3.05226994,5.36028358,1.89730028,3.45977141,3.63227495,8.55586441,3.44413652,8.32343794,9.51320137,13.64212434,13.52570416,20.29841311,,,,,,,,,,,,,,,,,,,,,2.975,1.91594558,1.91609661,1.653299,1.63082641,2.15609093,1.91594558,0,,,,,,,,,,,,2.975,0.31529613,0.61240211,0.37500474,0.30544741,0.4402483,0.30878526,0.49654037,0.15672055,3.57,0.21146856,5.52370456,3.57,0,3.94389619,,2.975,0.27277869,0.65596781,0.30657546,0.80635732,3.57,0.21011425,5.49486288,2.975,0.49577123,0.65885387,0.31843805,0.50253504,0.43193471,1.02247045,,,,,,,,,,,,,,,,,28.75637732,0.98863428,0.87230117,1.08820754,0.983047663333333,,,,,,,,,,,,,,,,,,,,,,,,,,,,,,,29.23168934,1.0272839,0.75964678,1.04128975,0.942740143333333,,,,,,,,,,,,,,,,,,,,,,,,,,,,,,,,
,,,,,,,,,,,,,,295,2.44900488,3.9051738,1.29771041,2.73369553,2.75363752,6.65779402,5.30097948,8.52998544,7.64747236,16.73568966,9.81617475,18.32700715,,295,3.10170661,5.43867801,1.89556546,3.52554108,3.71273885,8.70030761,3.45971449,8.43640312,9.66800926,13.75523015,13.72051336,20.51176193,,,,,,,,,,,,,,,,,,,,,3.025,1.16213452,1.69883953,1.12877464,1.89283388,1.28332669,1.16213452,0,,,,,,,,,,,,3.025,0.34014713,0.59232518,0.37441096,0.44315047,0.23656402,0.29866208,0.43223566,0.75791322,3.63,0.20453579,5.60974678,3.63,0,4.81366177,,3.025,0.16332701,0.79307828,0.23474874,1.0918905,3.63,0.15241942,6.41431706,3.025,0.40380456,0.31862704,0.35933147,0.64807998,0.37860788,0.8241249,,,,,,,,,,,,,,,,,29.23168934,0.98607101,0.8470628,1.04660366,0.95991249,,,,,,,,,,,,,,,,,,,,,,,,,,,,,,,29.70700136,1.02188173,0.79309547,1.04097988,0.951985693333333,,,,,,,,,,,,,,,,,,,,,,,,,,,,,,,,
,,,,,,,,,,,,,,300,2.46764784,3.94669907,1.2910738,2.72662081,2.7811553,6.73621534,5.25503451,8.59658929,7.66611632,17.04683252,9.87359106,18.63457835,,300,3.10547924,5.49250726,1.93545402,3.58123431,3.73257805,8.74955027,3.45933963,8.52141854,9.86139118,13.86546824,13.99748008,20.68456932,,,,,,,,,,,,,,,,,,,,,3.075,1.24623335,1.04620924,0.72824384,1.12959773,0.96249784,1.24623335,0,,,,,,,,,,,,3.075,0.28377208,0.2866098,0.21513596,0.28590437,0.25182696,0.72257167,0.38343598,0.58677325,3.69,0.25936762,7.41074717,3.69,0,6.06470428,,3.075,0.12158374,0.61399789,0.14348012,0.90571828,3.69,0.15452705,6.82816403,3.075,0.30529668,0.46252448,0.22354789,1.41114603,0.3663958,0.63803406,,,,,,,,,,,,,,,,,29.70700136,0.99652127,0.87249835,1.05291326,0.973977626666667,,,,,,,,,,,,,,,,,,,,,,,,,,,,,,,30.18231339,1.04342053,0.9076736,1.14239576,1.03116329666667,,,,,,,,,,,,,,,,,,,,,,,,,,,,,,,,
,,,,,,,,,,,,,,305,2.45232612,3.92062543,1.25939491,2.75112177,2.82252811,6.78292154,5.23432398,8.60224503,7.69085355,17.37845759,9.99907069,18.99390753,,305,3.17451786,5.62930777,1.94084254,3.59978435,3.80157914,8.79425426,3.44746671,8.67371653,10.06731139,13.97163312,14.0787888,20.8800194,,,,,,,,,,,,,,,,,,,,,3.125,0.79463882,0.81039926,0.79326783,1.47802776,1.17244689,0.79463882,0,,,,,,,,,,,,3.125,0.15386796,0.83253556,0.32890552,0.41524322,0.25491646,1.39926968,0.27001051,1.70444134,3.75,0.24452563,8.00986652,3.75,0,6.97854513,,3.125,0.08240699,0.14862689,0.18523412,0.58464518,3.75,0.16322383,8.24280363,3.125,0.28378133,0.1492808,0.28860231,1.06271789,0.30583205,0.77222592,,,,,,,,,,,,,,,,,30.18231339,1.01249243,0.91075025,1.0783488,1.00053049333333,,,,,,,,,,,,,,,,,,,,,,,,,,,,,,,30.65762541,1.03448619,1.01175404,1.13261251,1.05961758,,,,,,,,,,,,,,,,,,,,,,,,,,,,,,,,
,,,,,,,,,,,,,,310,2.4394086,3.99473853,1.26153291,2.71666511,2.82959493,6.84256097,5.20867103,8.75890046,7.75605969,17.65960033,10.07159038,19.34778775,,310,3.22453184,5.6711578,1.93705258,3.63104969,3.76733557,8.82858373,3.47112237,8.75247693,10.25424586,14.1057146,14.29511171,21.12326837,,,,,,,,,,,,,,,,,,,,,3.175,0.34213707,0.81311482,0.48385794,0.8018322,0.78633066,0.34213707,0,,,,,,,,,,,,3.175,0.20229569,0.94094113,0.19117685,0.53635726,0.25768797,1.35554612,0.31606783,0.96318947,3.81,0.23048254,8.32538151,3.81,0,6.84292855,,3.175,0.11404569,0.71991342,0.13458452,0.8495648,3.81,0.19765439,8.23477598,3.175,0.24054966,1.15692931,0.25628555,0.88243774,0.23702047,1.49619171,,,,,,,,,,,,,,,,,30.65762541,1.01564723,0.96241004,1.07223638,1.01676455,,,,,,,,,,,,,,,,,,,,,,,,,,,,,,,31.13293743,0.94637787,1.03571953,1.08133573,1.02114437666667,,,,,,,,,,,,,,,,,,,,,,,,,,,,,,,,
,,,,,,,,,,,,,,315,2.47593026,3.99683427,1.26914582,2.74762311,2.84707866,6.90107835,5.27158956,8.87303523,7.79461076,17.86738941,9.98026695,19.43142416,,315,3.3329789,5.79050638,1.96655323,3.69418405,3.85702006,8.98841,3.43563324,8.87648889,10.44598547,14.21875963,14.32102367,21.20474164,,,,,,,,,,,,,,,,,,,,,3.225,0.27634218,0.51634001,0.63449045,1.30452263,0.73391048,0.27634218,0,,,,,,,,,,,,3.225,0.19607171,0.91199142,0.21617744,0.90974675,0.23935309,1.57660842,0.35916128,1.20028532,3.87,0.31026575,8.77431536,3.87,0,8.86982781,,3.225,0.15475162,1.11642242,0.18479537,0.82342644,3.87,0.2171163,10.40003024,3.225,0.28866033,0.56066717,0.19194582,1.85312397,0.22972812,1.16012699,,,,,,,,,,,,,,,,,31.13293743,0.98350774,0.97936707,1.06651832,1.00979771,,,,,,,,,,,,,,,,,,,,,,,,,,,,,,,31.60824945,0.92071686,0.98331715,1.00553332,0.969855776666667,,,,,,,,,,,,,,,,,,,,,,,,,,,,,,,,
,,,,,,,,,,,,,,320,2.44985669,4.02146405,1.28309439,2.77129964,2.91055637,6.92667939,5.2501031,9.00185203,7.84781715,18.1127093,9.99609567,19.51038902,,320,3.3607384,5.85998034,1.95995602,3.70144874,3.9588891,9.10341495,3.49867038,8.99509805,10.60866516,14.3132519,14.28446201,21.36635456,,,,,,,,,,,,,,,,,,,,,3.275,0.29476571,0.63245628,0.40125976,0.78052865,0.35583625,0.29476571,0,,,,,,,,,,,,3.275,0.18012373,0.88435746,0.12976917,1.13423246,0.27246584,0.63701505,0.35852194,1.29323984,3.93,0.36103738,8.81232081,3.93,0,7.98116939,,3.275,0.06431252,1.08259407,0.18973689,1.8631108,3.93,0.154807,8.75588416,3.275,0.24761599,1.08735715,0.15328331,1.52051566,0.20049048,1.68746153,,,,,,,,,,,,,,,,,31.60824945,0.97029703,0.99178908,1.05587088,1.00598566333333,,,,,,,,,,,,,,,,,,,,,,,,,,,,,,,32.08356147,0.95273104,0.93796964,0.95806856,0.949589746666667,,,,,,,,,,,,,,,,,,,,,,,,,,,,,,,,
,,,,,,,,,,,,,,325,2.44230846,4.10838859,1.2820978,2.80118664,2.93163471,6.94421451,5.27887072,9.09204883,7.90518542,18.29636444,10.1175701,19.63482329,,325,3.42370007,5.91944054,1.98131349,3.80055088,3.96857332,9.14908616,3.48436109,9.17376842,10.79225257,14.24266878,14.34904321,21.42625329,,,,,,,,,,,,,,,,,,,,,3.325,0.38995554,0.33235497,0.33737839,0.60056255,0.61076513,0.38995554,0,,,,,,,,,,,,3.325,0.20387185,1.96105308,0.16463291,1.58943392,0.26433315,1.35960244,0.35775833,1.12917472,3.99,0.35026096,9.06519149,3.99,0,9.32160186,,3.325,0.11438696,1.18156529,0.1431683,2.5821425,3.99,0.24630545,11.14907612,3.325,0.21933589,1.45048912,0.15933003,2.14564445,0.23772973,2.45564001,,,,,,,,,,,,,,,,,32.08356147,1.00519696,0.95294565,1.01288678,0.99034313,,,,,,,,,,,,,,,,,,,,,,,,,,,,,,,32.5588735,1.03871137,0.95785781,0.87248306,0.956350746666667,,,,,,,,,,,,,,,,,,,,,,,,,,,,,,,,
,,,,,,,,,,,,,,330,2.47317944,4.1514594,1.28189894,2.8085143,2.99134114,7.00178014,5.22580287,9.15544541,7.8948916,18.61270491,10.09904143,19.70543496,,330,3.41333404,5.99618912,2.03103446,3.81473667,4.0028173,9.16174904,3.51194659,9.31945988,11.01239058,14.29806722,14.48387385,21.6433434,,,,,,,,,,,,,,,,,,,,,3.375,0.22709226,0.22332499,0.30226728,0.70961768,0.4639326,0.22709226,0,,,,,,,,,,,,3.375,0.18845339,2.73610769,0.20678851,2.01736291,0.23755483,1.67951262,0.42440053,1.94838423,4.05,0.33429392,9.29932035,4.05,0,9.33931061,,3.375,0.06055794,2.93075178,0.1985111,2.50620269,4.05,0.22156938,9.64336993,3.375,0.2128853,1.53581541,0.20619226,2.60317735,0.25171439,2.6482451,,,,,,,,,,,,,,,,,32.5588735,1.00421109,0.90976438,0.95531175,0.956429073333333,,,,,,,,,,,,,,,,,,,,,,,,,,,,,,,33.03418552,1.10127547,1.03452571,0.95182973,1.02921030333333,,,,,,,,,,,,,,,,,,,,,,,,,,,,,,,,
,,,,,,,,,,,,,,335,2.4841649,4.2046482,1.3189335,2.82450699,2.95288584,6.96512109,5.24226245,9.28422723,7.9250079,18.85388659,10.24052267,19.91392206,,335,3.52372753,6.18328168,2.08540645,3.78913267,4.04991518,9.35097968,3.58510328,9.48510664,11.25099351,14.32969182,14.62219891,21.78263071,,,,,,,,,,,,,,,,,,,,,3.425,0.12250575,0.43370453,0.24458878,0.4183521,0.30032415,0.12250575,0,,,,,,,,,,,,3.425,0.11894439,3.11885905,0.18254097,2.30457974,0.28603039,2.21327546,0.30907495,2.12840251,4.11,0.41263339,8.26573449,4.11,0,9.98965743,,3.425,0.05880276,3.71192412,0.15420605,1.58181679,4.11,0.30573597,8.72055238,3.425,0.08859221,2.23695328,0.17018369,2.52772829,0.20368236,3.21436228,,,,,,,,,,,,,,,,,33.03418552,1.00835176,0.98212752,0.97719815,0.98922581,,,,,,,,,,,,,,,,,,,,,,,,,,,,,,,,,,,,,,,,,,,,,,,,,,,,,,,,,,,,,,,,,,,
,,,,,,,,,,,,,,340,2.49590729,4.23963947,1.32303479,2.80708968,2.94853725,7.02145347,5.25018408,9.31429044,7.96757977,18.96064881,10.26873054,20.01403062,,340,3.54576777,6.19566714,2.06332109,3.83541571,4.12672686,9.44563858,3.57325868,9.62879274,11.45287096,14.36103843,14.75235963,22.14488524,,,,,,,,,,,,,,,,,,,,,3.475,0.14280699,0.30428221,0.21384091,0.43030589,0.26743205,0.14280699,0,,,,,,,,,,,,3.475,0.15998706,2.91754179,0.12412811,2.79842393,0.23304274,2.71584427,0.26385153,2.5270608,4.17,0.38481089,8.09706247,4.17,0,8.12129422,,3.475,0.06664326,2.64430941,0.11235035,3.66425995,4.17,0.35200149,10.2073558,3.475,0.1434353,2.05232003,0.09724802,4.05159557,0.17807694,2.99762851,,,,,,,,,,,,,,,,,,,,,,,,,,,,,,,,,,,,,,,,,,,,,,,,,,,,,,,,,,,,,,,,,,,,,,,,,,,,,,,,,,,,,,,,
,,,,,,,,,,,,,,345,2.48805057,4.28304432,1.32581846,2.86621804,2.89814379,7.08699394,5.21515062,9.4845304,8.00235117,19.00750215,10.31813241,20.08661765,,345,3.6637804,6.33332667,2.06321715,3.86447273,4.21449132,9.59972213,3.61682863,9.71131195,11.64462698,14.38408071,14.94702453,22.38648162,,,,,,,,,,,,,,,,,,,,,3.525,0.30069981,0.11373517,0.20781762,0.32525532,0.30715367,0.30069981,0,,,,,,,,,,,,3.525,0.20730758,3.81683485,0.18956422,3.37230447,0.27003218,4.28893846,0.30947192,4.13034492,4.23,0.43630052,8.91819036,4.23,0,8.42762822,,3.525,0.08327072,4.90603301,0.14558102,3.44617576,4.23,0.32070621,9.11006075,3.525,0.19515319,2.46380904,0.14176323,4.29542593,0.20190453,4.12702474,,,,,,,,,,,,,,,,,,,,,,,,,,,,,,,,,,,,,,,,,,,,,,,,,,,,,,,,,,,,,,,,,,,,,,,,,,,,,,,,,,,,,,,,
,,,,,,,,,,,,,,350,2.45876501,4.36494038,1.3125838,2.90425247,2.9262149,7.13874716,5.24773911,9.53004356,8.01698178,19.02322055,10.31530912,20.21530156,,350,3.71607862,6.46504568,2.13516444,3.92598697,4.2331786,9.67864079,3.63664829,9.79899269,11.80757543,14.35074768,15.17589782,22.74140266,,,,,,,,,,,,,,,,,,,,,3.575,0.20239448,0.55288035,0.26939372,0.2710466,0.29862218,0.20239448,0,,,,,,,,,,,,3.575,0.29392622,5.40719278,0.14241278,4.23049736,0.19478164,4.16980905,0.24929729,3.58149945,4.29,0.41408228,7.39540856,4.29,0,5.72247426,,3.575,0.0899531,4.88332899,0.22999822,4.35559137,4.29,0.39494449,6.3639329,3.575,0.17166285,5.47514139,0.15620237,5.68415833,0.23368623,4.60245038,,,,,,,,,,,,,,,,,,,,,,,,,,,,,,,,,,,,,,,,,,,,,,,,,,,,,,,,,,,,,,,,,,,,,,,,,,,,,,,,,,,,,,,,
,,,,,,,,,,,,,,355,2.4463611,4.39413755,1.33106728,2.92605458,2.95826599,7.20885808,5.25763582,9.60406487,8.03977928,19.05967782,10.4470491,20.18880733,,355,3.7854296,6.59326386,2.22533654,4.02294188,4.30287932,9.83682609,3.61614737,9.9140243,11.99629118,14.46244803,15.35763817,23.06042375,,,,,,,,,,,,,,,,,,,,,3.625,0.13123318,0.32264034,0.21834461,0.307558,0.44683272,0.13123318,0,,,,,,,,,,,,3.625,0.236867,4.94970344,0.21184083,5.34898087,0.24710282,3.84759675,0.30935529,3.27226832,4.35,0.38309251,4.21647335,4.35,0,5.81869064,,3.625,0.06999103,5.743639,0.15486736,4.67075666,4.35,0.35379914,5.93434882,3.625,0.10544846,4.32668196,0.13404982,4.85148627,0.20910154,4.82069952,,,,,,,,,,,,,,,,,,,,,,,,,,,,,,,,,,,,,,,,,,,,,,,,,,,,,,,,,,,,,,,,,,,,,,,,,,,,,,,,,,,,,,,,
,,,,,,,,,,,,,,360,2.44770474,4.49606129,1.29110944,2.93118516,2.99859174,7.25338426,5.3371934,9.63681744,8.08280688,19.1878621,10.47680521,20.36870902,,360,3.82617707,6.71976774,2.23122282,4.06105479,4.31217471,9.87285525,3.65004227,9.98325753,12.23583967,14.58740009,15.60518465,23.43485351,,,,,,,,,,,,,,,,,,,,,3.675,0.14896765,0.27206475,0.19119939,0.32062086,0.15216492,0.14896765,0,,,,,,,,,,,,3.675,0.23841267,3.71228394,0.18233317,5.20442274,0.25645309,3.84479282,0.29285986,4.416286,4.41,0.43008381,3.86119684,4.41,0,4.36915357,,3.675,0.07661194,6.44817126,0.11719712,6.44688825,4.41,0.46717959,4.09765677,3.675,0.11114856,5.50506008,0.15651249,5.04970146,0.17691347,6.81227432,,,,,,,,,,,,,,,,,,,,,,,,,,,,,,,,,,,,,,,,,,,,,,,,,,,,,,,,,,,,,,,,,,,,,,,,,,,,,,,,,,,,,,,,
,,,,,,,,,,,,,,365,2.42822614,4.55178768,1.3134396,2.93397525,2.98890796,7.33440242,5.47306377,9.75482176,8.21138714,19.39622441,10.49058196,20.30894442,,365,3.86014442,6.79068554,2.27609556,4.07557115,4.42247285,9.85249704,3.67411921,10.13119987,12.37274088,14.59568301,15.71997773,23.77407395,,,,,,,,,,,,,,,,,,,,,3.725,0.18642268,0.26481013,0.18610105,0.16643812,0.38084768,0.18642268,0,,,,,,,,,,,,3.725,0.30940717,4.58986204,0.19290352,5.06564647,0.20281199,6.59821496,0.31672304,6.2978396,4.47,0.49768743,2.99484573,4.47,0,3.23440971,,3.725,0.11599634,8.57751482,0.10592405,6.7893243,4.47,0.42121637,3.68624154,3.725,0.17476003,7.56461265,0.19465548,8.33421665,0.2927333,6.73932335,,,,,,,,,,,,,,,,,,,,,,,,,,,,,,,,,,,,,,,,,,,,,,,,,,,,,,,,,,,,,,,,,,,,,,,,,,,,,,,,,,,,,,,,
,,,,,,,,,,,,,,370,2.40123728,4.57445864,1.2934176,2.9677692,3.02525909,7.37895646,5.65032133,9.85515669,8.29875817,19.54733134,10.56715806,20.46217201,,370,3.9623365,7.04577684,2.30156664,4.07225943,4.47848245,9.89055057,3.66564646,10.32465366,12.5122078,14.53180276,15.99543625,24.15130982,,,,,,,,,,,,,,,,,,,,,3.775,0.18151711,0.23800786,0.22147148,0.24308764,0.22661586,0.18151711,0,,,,,,,,,,,,3.775,0.31632862,6.65608145,0.26295837,5.97572904,0.29621271,5.94514102,0.22358181,5.54810556,4.53,0.52535116,2.40144356,4.53,0,1.86625105,,3.775,0.0887417,8.04625014,0.1745391,8.71406278,4.53,0.4847019,2.35360056,3.775,0.17826427,6.64945986,0.18129269,7.59472157,0.17604809,6.66782154,,,,,,,,,,,,,,,,,,,,,,,,,,,,,,,,,,,,,,,,,,,,,,,,,,,,,,,,,,,,,,,,,,,,,,,,,,,,,,,,,,,,,,,,
,,,,,,,,,,,,,,375,2.44058285,4.66455648,1.27312658,2.99717262,3.12494777,7.35561066,5.73863042,9.96263807,8.18871872,19.58984274,10.64271438,20.29986341,,375,4.07940877,7.15219271,2.30176285,4.06820187,4.5334233,9.90684088,3.62398088,10.33027199,12.76532353,14.69172146,16.39867768,24.62403581,,,,,,,,,,,,,,,,,,,,,3.825,0.23573687,0.13523194,0.11766508,0.41435456,0.12039822,0.23573687,0,,,,,,,,,,,,3.825,0.31544878,7.31676113,0.21953886,7.39114176,0.24413173,8.21910145,0.20275587,7.01572856,4.59,0.4940614,1.22522817,4.59,0,1.76097414,,3.825,0.11786843,10.41662274,0.30137405,9.46333827,4.59,0.51750843,2.00591262,3.825,0.18941923,8.66888941,0.16855751,10.43752237,0.22863423,9.07187982,,,,,,,,,,,,,,,,,,,,,,,,,,,,,,,,,,,,,,,,,,,,,,,,,,,,,,,,,,,,,,,,,,,,,,,,,,,,,,,,,,,,,,,,
,,,,,,,,,,,,,,380,2.43246236,4.71527558,1.27286002,3.02854468,3.09206777,7.27695725,5.84394274,9.96711845,8.33696526,19.92003406,10.64753315,20.09276627,,380,4.14282339,7.25607379,2.30086237,4.14529023,4.61578374,10.01877497,3.73082082,10.38540605,12.96242776,14.78901168,16.30568384,24.90093047,,,,,,,,,,,,,,,,,,,,,3.875,0.30625689,0.28235282,0.19108032,0.26915378,0.19551876,0.30625689,0,,,,,,,,,,,,3.875,0.37169213,7.7608602,0.34225596,7.20163582,0.36762081,8.09937113,0.25609278,8.68337457,4.65,0.46420123,1.57366365,4.65,0,1.66047432,,3.875,0.09953349,8.02297341,0.14305876,10.45646622,4.65,0.47327763,2.12200883,3.875,0.21532303,9.41749868,0.16423576,8.39264289,0.29437748,10.24552959,,,,,,,,,,,,,,,,,,,,,,,,,,,,,,,,,,,,,,,,,,,,,,,,,,,,,,,,,,,,,,,,,,,,,,,,,,,,,,,,,,,,,,,,
,,,,,,,,,,,,,,385,2.44425929,4.77129077,1.26661357,3.11042336,3.13257562,7.19339959,5.75133821,9.98366649,8.41596147,20.10376405,10.62463763,19.9064185,,385,4.26842292,7.44127651,2.34071344,4.16087794,4.67436261,10.07997523,3.76712368,10.54961316,13.39387932,15.01424648,16.37592802,25.18535037,,,,,,,,,,,,,,,,,,,,,3.925,0.13059549,0.11008201,0.13037017,0.2998173,0.22868303,0.13059549,0,,,,,,,,,,,,3.925,0.36228271,8.44397398,0.36139103,7.45803365,0.32318559,7.53953328,0.29240002,7.6532139,4.71,0.56137306,1.6924979,4.71,0,1.29475141,,3.925,0.20149018,11.02319185,0.16145362,10.56236933,4.71,0.52165313,2.28600473,3.925,0.22486297,9.27372373,0.22106026,9.71998146,0.20162317,10.96519872,,,,,,,,,,,,,,,,,,,,,,,,,,,,,,,,,,,,,,,,,,,,,,,,,,,,,,,,,,,,,,,,,,,,,,,,,,,,,,,,,,,,,,,,
,,,,,,,,,,,,,,390,2.39114378,4.72597718,1.28635486,3.10798922,3.14305286,7.16211774,5.73571707,9.99119445,8.51895674,20.45419807,10.65943572,20.00548654,,390,4.34808101,7.54888545,2.37875832,4.19770522,4.86024338,10.21117658,3.84359916,10.75141181,13.77607947,15.30021808,16.55089048,25.66688048,,,,,,,,,,,,,,,,,,,,,3.975,0.10914066,0.10733011,0.18158727,0.23751184,0.20438573,0.10914066,0,,,,,,,,,,,,3.975,0.34643331,7.03225659,0.35235673,6.6727556,0.32195651,8.64829987,0.42415889,8.95427237,4.77,0.57184722,1.49548258,4.77,0,1.57798042,,3.975,0.1819011,10.19646625,0.25043692,10.20798785,4.77,0.49179885,1.80431331,3.975,0.19731752,10.42585605,0.26012729,10.13381615,0.21170462,9.25924171,,,,,,,,,,,,,,,,,,,,,,,,,,,,,,,,,,,,,,,,,,,,,,,,,,,,,,,,,,,,,,,,,,,,,,,,,,,,,,,,,,,,,,,,
,,,,,,,,,,,,,,395,2.39136572,4.84344265,1.30675292,3.19020178,3.11914003,7.19335372,5.74670938,10.10188654,8.5801039,20.60034672,10.67615901,19.91114658,,395,4.45722082,7.70777848,2.35229907,4.33472447,4.85463653,10.23768004,3.74010711,10.77799909,14.15168835,15.40698271,16.53388178,26.01560462,,,,,,,,,,,,,,,,,,,,,4.025,0.21289194,0.13957349,0.15939348,0.2494667,0.2174612,0.21289194,0,,,,,,,,,,,,4.025,0.3908806,8.19689874,0.47583279,8.17672383,0.38081746,10.29042256,0.37977765,9.07566866,4.83,0.5218743,1.00590275,4.83,0.41040532,1.53901994,,4.025,0.10644597,10.39267472,0.20936024,11.01322094,4.83,0.66823911,2.5878892,4.025,0.27797718,9.17859254,0.26820214,10.34118594,0.16960661,8.56513382,,,,,,,,,,,,,,,,,,,,,,,,,,,,,,,,,,,,,,,,,,,,,,,,,,,,,,,,,,,,,,,,,,,,,,,,,,,,,,,,,,,,,,,,
,,,,,,,,,,,,,,400,2.40171694,4.89638289,1.2523557,3.11251016,3.15506411,7.10014928,5.92476283,10.3035416,8.60810293,20.83653651,10.48659254,19.7241244,,400,4.51938052,7.81567366,2.4624981,4.32940861,4.85035528,10.28593355,3.74384809,10.9985181,14.36199579,15.53556315,16.62459699,26.42438642,,,,,,,,,,,,,,,,,,,,,4.075,0.12115816,0.10212707,0.13822758,0.22599799,0.17679794,0.12115816,0,,,,,,,,,,,,4.075,0.36195686,8.24179006,0.35461838,8.14010362,0.39760195,8.72280016,0.29773547,10.52494879,4.89,0.47805339,1.47205465,4.89,0,2.70267256,,4.075,0.29770292,10.7510563,0.19063721,7.90803978,4.89,0.59194681,2.22180035,4.075,0.2225211,8.25240345,0.28994862,10.53538935,0.28057969,9.08286804,,,,,,,,,,,,,,,,,,,,,,,,,,,,,,,,,,,,,,,,,,,,,,,,,,,,,,,,,,,,,,,,,,,,,,,,,,,,,,,,,,,,,,,,
,,,,,,,,,,,,,,405,2.40413675,4.89897898,1.24367846,3.09601849,3.15705001,7.07221486,6.0243271,10.46898719,8.60320515,21.05398091,10.47044763,19.87733281,,405,4.61457195,7.95570494,2.40566957,4.37589876,4.94584846,10.46523881,3.78194208,11.0725878,14.537649,15.61888437,16.53964208,26.76899507,,,,,,,,,,,,,,,,,,,,,4.125,0.15202136,0.0996663,0.1686212,0.22055252,0.22429935,0.15202136,0,,,,,,,,,,,,4.125,0.41631319,7.96356677,0.35236602,7.46732818,0.40074367,8.03077594,0.32284608,9.61919891,4.95,0.49687831,1.34081285,4.95,0,1.66068033,,4.125,0.29728621,10.49200739,0.32557658,9.81463903,4.95,0.63232949,2.80888954,4.125,0.29859418,9.510055,0.2622577,11.84990703,0.42126009,8.86401447,,,,,,,,,,,,,,,,,,,,,,,,,,,,,,,,,,,,,,,,,,,,,,,,,,,,,,,,,,,,,,,,,,,,,,,,,,,,,,,,,,,,,,,,
,,,,,,,,,,,,,,410,2.44760623,4.94401278,1.25889811,3.14710561,3.21999083,7.04100105,6.22845474,10.52067419,8.54257334,21.09044944,10.71295106,20.15867286,,410,4.70278802,8.07652573,2.50745899,4.38124441,5.05805107,10.51645202,3.69657715,11.04770704,14.73915502,15.89918448,16.6493032,27.30550626,,,,,,,,,,,,,,,,,,,,,4.175,0.11542376,0.08107784,0.06584264,0.21530152,0.10105807,0.11542376,0,,,,,,,,,,,,4.175,0.40640145,7.85170677,0.40540118,8.76296145,0.42225044,8.38834646,0.40340433,9.3106035,5.01,0.51837238,1.58936674,5.01,0,1.95490678,,4.175,0.40892989,9.15969967,0.22701795,8.76208214,5.01,0.60584373,2.54959235,4.175,0.3511071,10.87272679,0.33686022,11.56777988,0.32898446,7.09544081,,,,,,,,,,,,,,,,,,,,,,,,,,,,,,,,,,,,,,,,,,,,,,,,,,,,,,,,,,,,,,,,,,,,,,,,,,,,,,,,,,,,,,,,
,,,,,,,,,,,,,,415,2.50175122,5.1134537,1.29736332,3.15432795,3.25438554,7.07041325,6.46127747,10.76548143,8.5865541,21.00625634,10.73161902,20.20956514,,415,4.94012694,8.24917858,2.500637,4.42493702,5.04026191,10.57723489,3.76988239,11.13126828,15.02673601,16.24948526,16.60675287,27.68445392,,,,,,,,,,,,,,,,,,,,,4.225,0.12880918,0.07917021,0.17680705,0.17789186,0.18091396,0.12880918,0,,,,,,,,,,,,4.225,0.40886495,8.04652229,0.47983366,8.0267175,0.32136363,7.19581668,0.35082868,7.1489038,5.07,0.46640498,1.78020274,5.07,0,2.42105801,,4.225,0.48947488,9.43205216,0.38001703,10.3150873,5.07,0.53577894,3.71092028,4.225,0.36872132,8.82020204,0.33551315,9.71754643,0.40155501,5.66108906,,,,,,,,,,,,,,,,,,,,,,,,,,,,,,,,,,,,,,,,,,,,,,,,,,,,,,,,,,,,,,,,,,,,,,,,,,,,,,,,,,,,,,,,
,,,,,,,,,,,,,,420,2.5214036,5.13398823,1.33463023,3.14320447,3.32197392,7.11490464,6.5646549,10.60831248,8.66598853,21.16236912,10.71797544,20.16281539,,420,5.09323597,8.27643878,2.52153756,4.42776291,5.03445643,10.66127631,3.68961811,11.2450515,15.07662357,16.24640081,16.38416447,27.62954242,,,,,,,,,,,,,,,,,,,,,4.275,0.17299391,0.07732913,0.09419752,0.14216321,0.19277111,0.17299391,0,,,,,,,,,,,,4.275,0.5168148,5.70918853,0.5624103,6.50872753,0.50933158,6.20599806,0.40278784,6.98265781,5.13,0.50499935,1.47129617,5.13,0.36380875,2.95594613,,4.275,0.38373195,7.86257327,0.33406185,8.66936889,5.13,0.49061206,2.20230304,4.275,0.42964881,9.01393719,0.32128518,11.19518193,0.32031051,6.18967368,,,,,,,,,,,,,,,,,,,,,,,,,,,,,,,,,,,,,,,,,,,,,,,,,,,,,,,,,,,,,,,,,,,,,,,,,,,,,,,,,,,,,,,,
,,,,,,,,,,,,,,425,2.69265414,5.24695494,1.28221172,3.14215156,3.36235578,7.19991941,6.74358348,10.69172802,8.58684072,21.0473909,10.66453123,20.52959967,,425,5.23569919,8.42883503,2.49992174,4.52950335,5.16709012,10.69832116,3.82176785,11.35758825,14.9745516,16.11708512,16.37144218,28.07248125,,,,,,,,,,,,,,,,,,,,,4.325,0.15365202,0.06044122,0.24541907,0.15432804,0.18833978,0.15365202,0,,,,,,,,,,,,4.325,0.51641032,4.92598064,0.60099583,5.70874493,0.51498229,5.04060612,0.42877014,6.37722165,5.19,0.56239637,1.82951335,5.19,0.35544571,2.66584281,,4.325,0.49168645,7.75942678,0.39286795,8.54638897,5.19,0.46158101,3.18268983,4.325,0.40742602,8.10530855,0.35784559,7.21262893,0.31933406,4.35411985,,,,,,,,,,,,,,,,,,,,,,,,,,,,,,,,,,,,,,,,,,,,,,,,,,,,,,,,,,,,,,,,,,,,,,,,,,,,,,,,,,,,,,,,
,,,,,,,,,,,,,,430,2.70466102,5.32479526,1.33997967,3.20960522,3.42712009,7.26780441,6.8405558,10.71674672,8.39114886,20.96682468,10.70267353,20.62641895,,430,5.49832846,8.65715891,2.49441854,4.5700026,5.24243457,10.74891423,3.91488322,11.51544827,14.88033743,16.05889173,16.54208199,28.25429321,,,,,,,,,,,,,,,,,,,,,4.375,0.15016008,0.07383452,0.0899406,0.13573866,0.15338293,0.15016008,0,,,,,,,,,,,,4.375,0.5271042,4.46005851,0.46427625,3.38977603,0.44107567,4.14073926,0.33866468,4.34811007,5.25,0.55635894,1.95821487,5.25,0.6947355,2.82236295,,4.375,0.48051224,7.43142217,0.34849895,4.548945,5.25,0.58294836,3.76747725,4.375,0.4102324,7.23562477,0.39266031,6.35158725,0.30583524,5.20075953,,,,,,,,,,,,,,,,,,,,,,,,,,,,,,,,,,,,,,,,,,,,,,,,,,,,,,,,,,,,,,,,,,,,,,,,,,,,,,,,,,,,,,,,
,,,,,,,,,,,,,,435,2.71442816,5.42005095,1.33224329,3.26819825,3.42491659,7.18443876,6.96913586,10.91841994,8.49209585,21.04632451,10.93214353,20.82096436,,435,5.65454095,8.70418748,2.43005144,4.61340763,5.18800182,10.73633171,4.00464395,11.6827442,14.98317246,16.12401821,16.6498823,28.63689527,,,,,,,,,,,,,,,,,,,,,4.425,0.11742867,0.10104555,0.16118585,0.17691798,0.19491715,0.11742867,0,,,,,,,,,,,,4.425,0.44948183,3.59859541,0.4757155,4.07297223,0.47538626,3.34981481,0.40960988,4.74628435,5.31,0.55374533,2.24711833,5.31,0.33956206,3.05605857,,4.425,0.51668614,4.44761083,0.42727832,4.59252016,5.31,0.50540175,2.7407021,4.425,0.41280862,5.28616179,0.42581901,6.0574254,0.39048207,4.46766398,,,,,,,,,,,,,,,,,,,,,,,,,,,,,,,,,,,,,,,,,,,,,,,,,,,,,,,,,,,,,,,,,,,,,,,,,,,,,,,,,,,,,,,,
,,,,,,,,,,,,,,440,2.88907576,5.57316562,1.36713357,3.28532119,3.45066335,7.18941543,7.13350417,10.9423416,8.55101573,21.15364762,11.29306841,21.29765947,,440,5.87522711,8.8078119,2.39264008,4.62217786,5.26096442,10.93580829,4.09418876,11.94914412,15.31218132,16.44084767,16.50258165,28.63033816,,,,,,,,,,,,,,,,,,,,,4.475,0.11481925,0.01411431,0.15760409,0.23064884,0.14660449,0.11481925,0,,,,,,,,,,,,4.475,0.50380992,2.36830862,0.49722342,2.42997895,0.52427661,2.79771835,0.37307577,2.63210445,5.37,0.54144039,2.52269326,5.37,1.66008277,3.19565933,,4.475,0.48224086,3.76894193,0.54198959,4.27663658,5.37,0.45105547,3.60098144,4.475,0.4094017,4.22231538,0.34012243,4.29404562,0.46532491,1.95824231,,,,,,,,,,,,,,,,,,,,,,,,,,,,,,,,,,,,,,,,,,,,,,,,,,,,,,,,,,,,,,,,,,,,,,,,,,,,,,,,,,,,,,,,
,,,,,,,,,,,,,,445,2.89197165,5.70551707,1.30332168,3.34721678,3.45283692,7.17414207,7.40290114,11.1048073,8.59668782,21.08335456,11.66657913,21.57733219,,445,5.84296612,8.81644177,2.28699401,4.65477595,5.32846039,11.16254743,4.1175971,12.19086873,15.40503493,16.77545228,16.66687589,28.67659941,,,,,,,,,,,,,,,,,,,,,4.525,0.1544068,0.09662884,0.16815317,0.2114811,0.12904429,0.1544068,0,,,,,,,,,,,,4.525,0.52418897,1.12504057,0.54904373,1.45235138,0.5286129,2.00212137,0.46146163,1.62584739,5.43,0.63671012,2.06930788,5.43,0.64943957,3.40955773,,4.525,0.63447158,2.41014977,0.50246997,3.76438355,5.43,0.49304169,3.68564882,4.525,0.38348573,3.41753464,0.51617717,3.54800115,0.41425624,2.65182337,,,,,,,,,,,,,,,,,,,,,,,,,,,,,,,,,,,,,,,,,,,,,,,,,,,,,,,,,,,,,,,,,,,,,,,,,,,,,,,,,,,,,,,,
,,,,,,,,,,,,,,450,3.0744169,6.02304493,1.27251363,3.36370292,3.31376037,7.10388219,7.53036117,11.32745909,8.7243307,21.60496885,11.84109976,21.77604783,,450,6.04915175,8.98986905,2.33340955,4.65301598,5.27058642,11.065018,4.19836436,12.52628334,15.4554785,16.92995534,16.89528626,28.76898835,,,,,,,,,,,,,,,,,,,,,4.575,0.05492737,0.14854447,0.12337336,0.19309161,0.16831879,0.05492737,0,,,,,,,,,,,,4.575,0.62560869,1.4890256,0.52176251,2.00200788,0.48092325,1.37101911,0.41468594,2.18694339,5.49,0.55503191,2.5304059,5.49,0.31766094,3.13690177,,4.575,0.68659211,2.35775729,0.58877625,3.95533404,5.49,0.54578748,4.04620501,4.575,0.5075551,3.27359246,0.57228389,3.47087376,0.48515968,3.45890311,,,,,,,,,,,,,,,,,,,,,,,,,,,,,,,,,,,,,,,,,,,,,,,,,,,,,,,,,,,,,,,,,,,,,,,,,,,,,,,,,,,,,,,,
,,,,,,,,,,,,,,455,3.22656448,6.13376448,1.23929317,3.39100761,3.29811565,6.9777573,7.85469682,11.48787671,8.92611627,21.65871728,12.29198945,22.26692897,,455,6.31863914,9.19969959,2.41283411,4.74797983,5.23587443,11.14594191,4.37087519,12.63930083,15.63136139,17.11067326,17.04569584,28.32856935,,,,,,,,,,,,,,,,,,,,,4.625,0.10749236,0.22463195,0.22802717,0.36438287,0.20587397,0.10749236,0,,,,,,,,,,,,4.625,0.49173128,1.52035283,0.55058478,1.39022657,0.45540118,1.34153597,0.54958492,1.55630122,5.55,0.68188746,2.70454367,5.55,1.24331915,3.30256649,,4.625,0.65570341,1.42494562,0.45983482,2.66915614,5.55,0.57130991,3.72399364,4.625,0.63159698,3.68026701,0.56546717,2.98036881,0.53616174,2.96145587,,,,,,,,,,,,,,,,,,,,,,,,,,,,,,,,,,,,,,,,,,,,,,,,,,,,,,,,,,,,,,,,,,,,,,,,,,,,,,,,,,,,,,,,
,,,,,,,,,,,,,,460,3.51378011,6.56279364,1.34744654,3.43553856,3.28102071,6.84357368,7.8262126,11.7396089,9.3054151,22.191608,12.21123328,22.17535722,,460,6.58298479,9.43264818,2.51481051,4.69315446,5.30542412,11.3569521,4.35916065,12.78818965,15.9007375,17.0928552,17.00137067,28.28243997,,,,,,,,,,,,,,,,,,,,,4.675,0.11835605,0.1939877,0.26255967,0.25096209,0.25522553,0.11835605,0,,,,,,,,,,,,4.675,0.52546751,1.05400434,0.4261977,1.85542965,0.42590273,1.00037619,0.37200012,1.84052088,5.61,0.61717863,2.23690342,5.61,0.30421664,4.33508711,,4.675,0.57336931,2.12514862,0.5742036,2.87360453,5.61,0.61993255,3.64476275,4.675,0.60230902,3.13504487,0.46209253,2.84912286,0.5083559,1.79427769,,,,,,,,,,,,,,,,,,,,,,,,,,,,,,,,,,,,,,,,,,,,,,,,,,,,,,,,,,,,,,,,,,,,,,,,,,,,,,,,,,,,,,,,
,,,,,,,,,,,,,,465,3.73344039,6.7814502,1.4802878,3.38809081,3.21402453,6.77018125,8.02430449,11.98120168,9.27369658,22.31535545,12.31700043,22.00179147,,465,6.88238108,9.69420674,2.50089565,4.68465924,5.37284712,11.47832493,4.48794375,12.87233486,16.08754144,17.16565696,16.99880363,28.3550048,,,,,,,,,,,,,,,,,,,,,4.725,0.10299061,0.29118599,0.26988392,0.34912261,0.23670242,0.10299061,0,,,,,,,,,,,,4.725,0.50479039,1.0318156,0.49395657,0.84763907,0.47026581,0.67328004,0.45767164,1.24260312,5.67,0.69091113,2.84675622,5.67,0.59562464,4.05769283,,4.725,0.59734554,1.62532056,0.6178207,2.10983239,5.67,0.61580656,3.60559202,4.725,0.57411274,2.35075894,0.52074533,2.32428631,0.54046303,2.29696786,,,,,,,,,,,,,,,,,,,,,,,,,,,,,,,,,,,,,,,,,,,,,,,,,,,,,,,,,,,,,,,,,,,,,,,,,,,,,,,,,,,,,,,,
,,,,,,,,,,,,,,470,4.01121347,6.99232225,1.35009631,3.36647163,2.97649593,6.7156928,7.81248515,12.07120252,9.22687203,22.23714719,12.37620531,22.31941747,,470,7.22251432,9.93528751,2.67932759,4.77513574,5.5583274,11.82925679,4.15172196,12.82939565,16.24397717,17.3432633,16.87419848,27.953853,,,,,,,,,,,,,,,,,,,,,4.775,0.18908447,0.30991286,0.40268425,0.21523857,0.25752367,0.18908447,0,,,,,,,,,,,,4.775,0.42837107,1.24804264,0.45549146,0.94854922,0.48420447,0.47945737,0.42404377,1.03420902,5.73,0.68217891,2.89466062,5.73,1.45804061,3.24414035,,4.775,0.62019706,2.22804534,0.57519828,2.62930074,5.73,0.61171653,3.12594429,4.775,0.56721694,2.68541768,0.58715397,2.34089017,0.62875698,2.7783199,,,,,,,,,,,,,,,,,,,,,,,,,,,,,,,,,,,,,,,,,,,,,,,,,,,,,,,,,,,,,,,,,,,,,,,,,,,,,,,,,,,,,,,,
,,,,,,,,,,,,,,475,4.28421265,7.30334754,1.3858936,3.39697572,2.88916354,6.75014327,7.85878016,12.13289669,9.25592114,22.01911781,12.85538226,23.31894269,,475,7.46857266,10.02508054,2.8141988,5.08548695,5.93350774,12.22689399,4.2007235,12.97522182,16.40666187,17.46493879,17.07275403,28.09761055,,,,,,,,,,,,,,,,,,,,,4.825,0.35802619,0.29138221,0.17254203,0.37200145,0.30265691,0.35802619,0,,,,,,,,,,,,4.825,0.47486282,0.87307909,0.5610745,1.50961233,0.53931042,0.82175101,0.43889755,0.89372284,5.79,0.83444927,2.93997826,5.79,0.85678739,4.28393696,,4.825,0.65185458,2.30679978,0.64104086,2.69771364,5.79,0.70466074,3.42166992,4.825,0.51088199,2.12908828,0.61035811,2.41999424,0.51316115,2.46189062,,,,,,,,,,,,,,,,,,,,,,,,,,,,,,,,,,,,,,,,,,,,,,,,,,,,,,,,,,,,,,,,,,,,,,,,,,,,,,,,,,,,,,,,
,,,,,,,,,,,,,,480,4.47797726,7.63224455,1.39841851,3.35163471,2.87511722,6.84622283,7.98959537,12.57646063,9.46934545,22.45776179,13.43010029,23.47915789,,480,8.23100991,10.75090113,2.78777013,5.13136428,6.1271039,12.66529325,4.10947099,12.82221671,16.36172798,17.40660474,16.83227272,28.11156302,,,,,,,,,,,,,,,,,,,,,4.875,0.22978193,0.35679481,0.44669806,0.41299783,0.27177375,0.22978193,0,,,,,,,,,,,,4.875,0.60065909,0.85526177,0.41897598,1.53568211,0.46909794,0.86247982,0.47154795,2.21789341,5.85,0.9369103,3.3599776,5.85,0.55953503,5.10575717,,4.875,0.60468929,2.01542941,0.75164772,2.70272065,5.85,0.70984301,3.35184237,4.875,0.63164373,2.33100831,0.64731567,2.74491492,0.52782328,1.71354059,,,,,,,,,,,,,,,,,,,,,,,,,,,,,,,,,,,,,,,,,,,,,,,,,,,,,,,,,,,,,,,,,,,,,,,,,,,,,,,,,,,,,,,,
,,,,,,,,,,,,,,485,4.9263676,7.93369829,1.44163704,3.36232237,2.61744529,6.69855456,8.46903864,12.85377083,9.56657965,23.195675,13.8837133,23.88179116,,485,8.96388194,11.43159427,2.90179627,5.09688177,6.23812447,13.20792494,4.36627839,12.60220918,16.61963612,17.19838794,17.24168488,29.06186448,,,,,,,,,,,,,,,,,,,,,4.925,0.39103269,0.24471095,0.48499029,0.42845794,0.48415193,0.39103269,0,,,,,,,,,,,,4.925,0.49117499,0.7262531,0.44582498,1.61611554,0.49978264,1.0140679,0.4212554,1.42966383,5.91,0.79292486,3.82958758,5.91,1.64469505,3.83762178,,4.925,0.69674915,2.27391432,0.57332281,2.53042779,5.91,0.88991557,4.28665483,4.925,0.47130373,3.78649705,0.624556,2.50609145,0.58611529,2.2385664,,,,,,,,,,,,,,,,,,,,,,,,,,,,,,,,,,,,,,,,,,,,,,,,,,,,,,,,,,,,,,,,,,,,,,,,,,,,,,,,,,,,,,,,
,,,,,,,,,,,,,,490,5.49312125,8.86084628,1.33177228,3.456514,2.73834693,6.74383718,8.82726013,13.0436886,9.62660101,23.72687204,14.9651264,24.70127289,,490,10.0465087,12.7325685,2.92656625,5.30254156,5.73014935,12.72616042,4.71653308,12.31085386,16.07465795,16.81167053,16.61527719,29.51430055,,,,,,,,,,,,,,,,,,,,,4.975,0.26708736,0.29691616,0.67236261,0.54818851,0.43888403,0.26708736,0,,,,,,,,,,,,4.975,0.55940887,1.6971988,0.38932465,1.58379432,0.46354872,0.99378723,0.49273327,2.1296287,5.97,0.8552951,4.21389295,5.97,0.80590113,3.02212923,,4.975,0.67352464,2.8148685,0.58926438,3.11419374,5.97,0.88553505,3.65886983,4.975,0.601841,3.41626413,0.59783122,2.69557826,0.54060554,2.74224572,,,,,,,,,,,,,,,,,,,,,,,,,,,,,,,,,,,,,,,,,,,,,,,,,,,,,,,,,,,,,,,,,,,,,,,,,,,,,,,,,,,,,,,,
,,,,,,,,,,,,,,495,6.79496757,10.13781177,1.18609149,3.36299215,2.93996912,7.07146999,8.46359198,12.79605551,9.74757592,23.96657818,15.79800126,25.64281833,,495,11.0718574,13.64183008,2.90215543,5.35461013,5.4539945,12.90602302,4.81710264,12.467154,16.1365941,16.70493249,16.30778002,29.42941756,,,,,,,,,,,,,,,,,,,,,5.025,0.36424163,0.33581172,0.72722642,0.60592943,0.37205928,0.36424163,0,,,,,,,,,,,,5.025,0.49732422,1.87824905,0.50882068,1.12417568,0.49294841,0.91999176,0.5047322,2.69172375,6.03,0.95337791,3.74322237,6.03,0.26331441,3.75223028,,5.025,0.58278661,2.93157602,0.50147884,3.10905688,6.03,0.92849727,2.78943727,5.025,0.65394648,3.29088278,0.62785004,2.34862421,0.53936334,2.92687412,,,,,,,,,,,,,,,,,,,,,,,,,,,,,,,,,,,,,,,,,,,,,,,,,,,,,,,,,,,,,,,,,,,,,,,,,,,,,,,,,,,,,,,,
,,,,,,,,,,,,,,,,,,,,,,,,,,,,,,,,,,,,,,,,,,,,,,,,,,,,,,,,,,,,,5.075,0.4240561,0.41702136,0.66840707,0.51558957,0.47875306,0.4240561,0,,,,,,,,,,,,5.075,0.51674412,1.63097362,0.52378633,1.83688956,0.50849784,1.22028975,0.42658259,2.80051471,6.09,0.89208525,3.76473758,6.09,1.03260618,3.58185269,,5.075,0.56689605,3.04316047,0.57944021,3.10351689,6.09,0.95928792,3.74399503,5.075,0.54248989,3.96219374,0.65201607,3.10847523,0.56125737,2.57668156,,,,,,,,,,,,,,,,,,,,,,,,,,,,,,,,,,,,,,,,,,,,,,,,,,,,,,,,,,,,,,,,,,,,,,,,,,,,,,,,,,,,,,,,
,,,,,,,,,,,,,,,,,,,,,,,,,,,,,,,,,,,,,,,,,,,,,,,,,,,,,,,,,,,,,5.125,0.44865033,0.4412076,0.68820014,0.57152345,0.49181228,0.44865033,0,,,,,,,,,,,,5.125,0.54757432,1.8056672,0.56253186,1.6468324,0.43681146,1.24862145,0.5479726,2.79894785,6.15,0.9435654,3.56754952,6.15,1.01255621,3.76544341,,5.125,0.47710133,2.54198713,0.61984288,3.36931952,6.15,0.94571888,3.19243339,5.125,0.66384647,3.71874922,0.70195026,2.37075876,0.53671424,2.81376987,,,,,,,,,,,,,,,,,,,,,,,,,,,,,,,,,,,,,,,,,,,,,,,,,,,,,,,,,,,,,,,,,,,,,,,,,,,,,,,,,,,,,,,,
,,,,,,,,,,,,,,,,,,,,,,,,,,,,,,,,,,,,,,,,,,,,,,,,,,,,,,,,,,,,,5.175,0.40782593,0.48549422,0.70710716,0.74378412,0.63583113,0.40782593,0,,,,,,,,,,,,5.175,0.56910673,1.26495994,0.5277267,1.41326809,0.49711901,2.14306792,0.41435828,2.48614968,6.21,0.93988017,3.98575467,6.21,0.99308458,3.50682993,,5.175,0.50656273,3.08928139,0.46860746,2.87813636,6.21,0.91017231,2.97449023,5.175,0.5907155,3.48392791,0.51743499,3.04486373,0.57992464,3.49181545,,,,,,,,,,,,,,,,,,,,,,,,,,,,,,,,,,,,,,,,,,,,,,,,,,,,,,,,,,,,,,,,,,,,,,,,,,,,,,,,,,,,,,,,
,,,,,,,,,,,,,,,,,,,,,,,,,,,,,,,,,,,,,,,,,,,,,,,,,,,,,,,,,,,,,5.225,0.74747688,0.51765977,0.74618727,0.69789474,0.70975083,0.74747688,0,,,,,,,,,,,,5.225,0.56219839,1.48903944,0.52159685,1.63391193,0.48765036,2.00214174,0.55939378,2.89607012,6.27,0.91015801,4.32768311,6.27,0.97416926,3.62269194,,5.225,0.45480284,3.82792387,0.53836616,3.45072003,6.27,0.98284969,3.04069122,5.225,0.54139713,3.6311675,0.59791131,4.56176218,0.54699884,2.65185036,,,,,,,,,,,,,,,,,,,,,,,,,,,,,,,,,,,,,,,,,,,,,,,,,,,,,,,,,,,,,,,,,,,,,,,,,,,,,,,,,,,,,,,,
,,,,,,,,,,,,,,,,,,,,,,,,,,,,,,,,,,,,,,,,,,,,,,,,,,,,,,,,,,,,,5.275,0.61975265,0.55868219,0.74242007,0.60173006,0.61195247,0.61975265,0,,,,,,,,,,,,5.275,0.54773391,2.09402144,0.43479995,2.08886746,0.50956837,1.62060246,0.60016981,2.74172966,6.33,0.88370795,4.07033332,6.33,0.95578926,3.34526241,,5.275,0.48753875,4.22516369,0.49164032,3.28301969,6.33,0.92611558,2.59157213,5.275,0.53948212,4.24375314,0.55286741,4.04943722,0.54526527,3.41488474,,,,,,,,,,,,,,,,,,,,,,,,,,,,,,,,,,,,,,,,,,,,,,,,,,,,,,,,,,,,,,,,,,,,,,,,,,,,,,,,,,,,,,,,
,,,,,,,,,,,,,,,,,,,,,,,,,,,,,,,,,,,,,,,,,,,,,,,,,,,,,,,,,,,,,5.325,0.67912186,0.77750377,0.90056068,0.70247128,0.80758839,0.67912186,0,,,,,,,,,,,,5.325,0.5829184,2.29382177,0.57770781,2.57419803,0.50004401,2.16860688,0.50758364,2.73940178,6.39,0.95140589,2.95977136,6.39,1.87584913,2.87239398,,5.325,0.44599047,3.48075293,0.56618223,3.32233341,6.39,0.93457062,2.4248477,5.325,0.60677229,2.8277014,0.54253374,3.34631497,0.56035276,3.56382251,,,,,,,,,,,,,,,,,,,,,,,,,,,,,,,,,,,,,,,,,,,,,,,,,,,,,,,,,,,,,,,,,,,,,,,,,,,,,,,,,,,,,,,,
,,,,,,,,,,,,,,,,,,,,,,,,,,,,,,,,,,,,,,,,,,,,,,,,,,,,,,,,,,,,,5.375,0.89536015,0.83158983,0.87395283,0.68946292,0.81295742,0.89536015,0,,,,,,,,,,,,5.375,0.53125794,1.87612068,0.55589198,2.24580362,0.61067042,2.27034523,0.48297248,2.44861344,6.45,0.9516593,2.90496236,6.45,1.38083414,2.58906401,,5.375,0.43773163,4.2703705,0.46960367,3.21140427,6.45,1.02071511,2.96041865,5.375,0.58354543,2.87625946,0.59345891,3.54093765,0.4755433,3.39341494,,,,,,,,,,,,,,,,,,,,,,,,,,,,,,,,,,,,,,,,,,,,,,,,,,,,,,,,,,,,,,,,,,,,,,,,,,,,,,,,,,,,,,,,
,,,,,,,,,,,,,,,,,,,,,,,,,,,,,,,,,,,,,,,,,,,,,,,,,,,,,,,,,,,,,5.425,0.81057061,0.86435125,1.0236515,0.75528361,0.98757597,0.81057061,0,,,,,,,,,,,,5.425,0.59080195,2.80858857,0.62208936,2.11273915,0.55165562,2.46084377,0.63836973,3.20491469,6.51,0.98463609,2.74091766,6.51,1.58141486,2.51332004,,5.425,0.52735919,3.60020309,0.43409641,2.61898429,6.51,0.97490619,3.04855649,5.425,0.57676203,3.96278674,0.5386778,4.08048436,0.51147013,2.86991575,,,,,,,,,,,,,,,,,,,,,,,,,,,,,,,,,,,,,,,,,,,,,,,,,,,,,,,,,,,,,,,,,,,,,,,,,,,,,,,,,,,,,,,,
,,,,,,,,,,,,,,,,,,,,,,,,,,,,,,,,,,,,,,,,,,,,,,,,,,,,,,,,,,,,,5.475,0.88212856,0.96178771,1.00504018,0.92453182,0.84229663,0.88212856,0,,,,,,,,,,,,5.475,0.60870535,2.62190877,0.50005295,2.29979708,0.69328102,1.91464718,0.58644522,3.14664514,6.57,0.95812178,2.60953618,6.57,0.88723581,2.10718504,,5.475,0.43722894,3.19579836,0.48277971,3.28563653,6.57,1.01700494,2.23785401,5.475,0.66258114,3.64756694,0.47403671,4.05575624,0.50615642,3.92470498,,,,,,,,,,,,,,,,,,,,,,,,,,,,,,,,,,,,,,,,,,,,,,,,,,,,,,,,,,,,,,,,,,,,,,,,,,,,,,,,,,,,,,,,
,,,,,,,,,,,,,,,,,,,,,,,,,,,,,,,,,,,,,,,,,,,,,,,,,,,,,,,,,,,,,5.525,1.01688431,0.98149627,0.94933443,0.92678809,1.30800456,1.01688431,0,,,,,,,,,,,,5.525,0.59422188,2.70784097,0.61731149,3.18827355,0.59923686,2.0144464,0.58667666,3.31715261,6.63,0.93240164,1.78842457,6.63,1.08906252,2.36871097,,5.525,0.51974087,3.5661568,0.49630377,3.36671738,6.63,0.94428663,2.33487925,5.525,0.5787697,3.58184681,0.58090791,3.30271152,0.56356921,3.26106974,,,,,,,,,,,,,,,,,,,,,,,,,,,,,,,,,,,,,,,,,,,,,,,,,,,,,,,,,,,,,,,,,,,,,,,,,,,,,,,,,,,,,,,,
,,,,,,,,,,,,,,,,,,,,,,,,,,,,,,,,,,,,,,,,,,,,,,,,,,,,,,,,,,,,,5.575,0.99872615,1.10038087,1.25548533,0.93810319,1.16185073,0.99872615,0,,,,,,,,,,,,5.575,0.67339737,2.83388062,0.73374672,2.91388734,0.66166824,2.94572961,0.6115503,3.16866127,6.69,0.92613473,1.38946167,6.69,0.85569239,1.2567982,,5.575,0.61403163,3.92277439,0.54564341,2.20439936,6.69,0.98298484,1.80757022,5.575,0.57958059,3.42407666,0.59698347,3.86386214,0.51891163,3.3969493,,,,,,,,,,,,,,,,,,,,,,,,,,,,,,,,,,,,,,,,,,,,,,,,,,,,,,,,,,,,,,,,,,,,,,,,,,,,,,,,,,,,,,,,
,,,,,,,,,,,,,,,,,,,,,,,,,,,,,,,,,,,,,,,,,,,,,,,,,,,,,,,,,,,,,5.625,1.08097181,1.16130355,1.23326494,0.94887132,1.27119019,1.08097181,0,,,,,,,,,,,,5.625,0.78359838,3.55460238,0.77151816,3.0759211,0.6602201,3.32547391,0.65628522,4.60311163,6.75,0.88730578,0.8240725,6.75,1.47095864,1.02441762,,5.625,0.6031641,2.4312782,0.57171867,3.15785235,6.75,0.98447926,1.32505871,5.625,0.72625151,3.45562513,0.63095572,3.51433055,0.55126096,3.4798348,,,,,,,,,,,,,,,,,,,,,,,,,,,,,,,,,,,,,,,,,,,,,,,,,,,,,,,,,,,,,,,,,,,,,,,,,,,,,,,,,,,,,,,,
,,,,,,,,,,,,,,,,,,,,,,,,,,,,,,,,,,,,,,,,,,,,,,,,,,,,,,,,,,,,,5.675,1.32974097,1.24624698,1.4254462,1.13839001,1.16684537,1.32974097,0,,,,,,,,,,,,5.675,0.77984946,3.40809213,0.80452593,4.02927863,0.76626617,3.30956408,0.75052796,3.27332534,6.81,0.95991536,0.80961546,6.81,0.41290086,1.00644585,,5.675,0.61757097,3.01958293,0.72668486,2.52628305,6.81,0.92802487,1.74442897,5.675,0.74219443,3.93820197,0.57977629,4.28131976,0.48965668,3.79344819,,,,,,,,,,,,,,,,,,,,,,,,,,,,,,,,,,,,,,,,,,,,,,,,,,,,,,,,,,,,,,,,,,,,,,,,,,,,,,,,,,,,,,,,
,,,,,,,,,,,,,,,,,,,,,,,,,,,,,,,,,,,,,,,,,,,,,,,,,,,,,,,,,,,,,5.725,1.5696926,1.34530628,1.59324672,1.20667057,1.28987204,1.5696926,0,,,,,,,,,,,,5.725,0.79248506,4.29972268,0.87546799,3.79423908,0.78596383,3.75231681,0.71401049,3.55496774,6.87,1.03577153,0.64637263,6.87,1.0143004,0.65929526,,5.725,0.75766168,3.05563902,0.67265314,2.7000987,6.87,1.03549689,1.4838407,5.725,0.75042578,2.75772668,0.7130126,3.16645671,0.61965145,3.26729453,,,,,,,,,,,,,,,,,,,,,,,,,,,,,,,,,,,,,,,,,,,,,,,,,,,,,,,,,,,,,,,,,,,,,,,,,,,,,,,,,,,,,,,,
,,,,,,,,,,,,,,,,,,,,,,,,,,,,,,,,,,,,,,,,,,,,,,,,,,,,,,,,,,,,,5.775,1.48230331,1.20346086,1.58298399,1.22049026,1.18840633,1.48230331,0,,,,,,,,,,,,5.775,0.9139893,4.67252893,0.88284655,3.36404666,0.8340763,3.27788739,0.83347498,4.45027869,6.93,0.94244115,0.53750108,6.93,0.79745032,0.59808774,,5.775,0.62739349,3.52521028,0.76614691,2.95314039,6.93,0.93798493,1.35768837,5.775,0.72017581,3.27844458,0.71832561,3.73423679,0.70568653,4.07023513,,,,,,,,,,,,,,,,,,,,,,,,,,,,,,,,,,,,,,,,,,,,,,,,,,,,,,,,,,,,,,,,,,,,,,,,,,,,,,,,,,,,,,,,
,,,,,,,,,,,,,,,,,,,,,,,,,,,,,,,,,,,,,,,,,,,,,,,,,,,,,,,,,,,,,5.825,1.43155323,1.30784249,1.25996108,1.22515168,1.28922768,1.43155323,0,,,,,,,,,,,,5.825,0.89836594,4.23323315,0.84882268,3.62524594,0.8740482,3.78568139,0.80627567,3.8836421,,,,,,,,5.825,0.79963683,2.13885911,0.72306196,2.9026606,,,,5.825,0.786139,3.05054261,0.80295523,3.58301465,0.69714474,3.0671728,,,,,,,,,,,,,,,,,,,,,,,,,,,,,,,,,,,,,,,,,,,,,,,,,,,,,,,,,,,,,,,,,,,,,,,,,,,,,,,,,,,,,,,,
,,,,,,,,,,,,,,,,,,,,,,,,,,,,,,,,,,,,,,,,,,,,,,,,,,,,,,,,,,,,,5.875,1.13249389,1.14646285,1.26354471,1.27966108,1.12277685,1.13249389,0,,,,,,,,,,,,5.875,0.92667482,4.51481881,0.87476212,3.60296524,0.87491364,3.64233759,0.92630362,4.21969496,,,,,,,,5.875,0.89600252,3.1539122,0.74683866,2.56398228,,,,5.875,0.83303427,3.9280577,0.82336969,3.90887954,0.75109291,3.62696537,,,,,,,,,,,,,,,,,,,,,,,,,,,,,,,,,,,,,,,,,,,,,,,,,,,,,,,,,,,,,,,,,,,,,,,,,,,,,,,,,,,,,,,,
,,,,,,,,,,,,,,,,,,,,,,,,,,,,,,,,,,,,,,,,,,,,,,,,,,,,,,,,,,,,,5.925,1.14620968,1.02252692,1.29952077,1.08546679,1.04536657,1.14620968,0,,,,,,,,,,,,5.925,0.91721559,4.13014539,0.88750932,3.88895301,0.92187332,4.00930107,0.85440168,4.42536256,,,,,,,,5.925,0.91369286,2.60476149,0.87599156,2.43957209,,,,5.925,0.8354805,3.03149493,0.85301912,3.50532317,0.6874235,3.86675719,,,,,,,,,,,,,,,,,,,,,,,,,,,,,,,,,,,,,,,,,,,,,,,,,,,,,,,,,,,,,,,,,,,,,,,,,,,,,,,,,,,,,,,,
,,,,,,,,,,,,,,,,,,,,,,,,,,,,,,,,,,,,,,,,,,,,,,,,,,,,,,,,,,,,,5.975,0.99829444,1.10840888,1.12516204,0.90565245,1.0279442,0.99829444,0,,,,,,,,,,,,5.975,0.94401905,4.82043483,0.85172463,4.05131519,0.83980946,3.10039764,0.94787506,4.07963272,,,,,,,,5.975,0.88880408,2.15478635,0.82655634,2.39891351,,,,5.975,0.88948008,3.14431208,0.83222362,3.7376051,0.67262034,4.39378362,,,,,,,,,,,,,,,,,,,,,,,,,,,,,,,,,,,,,,,,,,,,,,,,,,,,,,,,,,,,,,,,,,,,,,,,,,,,,,,,,,,,,,,,
,,,,,,,,,,,,,,,,,,,,,,,,,,,,,,,,,,,,,,,,,,,,,,,,,,,,,,,,,,,,,6.025,1.1005595,0.86428445,1.0038123,0.96225609,0.87346406,1.1005595,0,,,,,,,,,,,,6.025,1.07329595,4.21815658,0.95562529,4.05882672,0.93326953,3.72674203,1.04722075,4.47073973,,,,,,,,6.025,0.94695623,2.95884234,0.8969871,2.5558682,,,,6.025,1.00838077,2.65057815,0.81846818,3.2674026,0.71415985,3.90566453,,,,,,,,,,,,,,,,,,,,,,,,,,,,,,,,,,,,,,,,,,,,,,,,,,,,,,,,,,,,,,,,,,,,,,,,,,,,,,,,,,,,,,,,
,,,,,,,,,,,,,,,,,,,,,,,,,,,,,,,,,,,,,,,,,,,,,,,,,,,,,,,,,,,,,6.075,0.93454787,0.94202062,0.88628872,0.92301527,0.94665084,0.93454787,0.10217124,,,,,,,,,,,,6.075,1.04115999,5.17708082,0.91965189,4.2853022,0.98542507,4.22105069,0.99730621,3.60816457,,,,,,,,6.075,0.9625843,2.12376003,0.9711237,2.3979403,,,,6.075,0.9386596,3.55517322,0.91642165,3.93695379,0.83193692,4.37292915,,,,,,,,,,,,,,,,,,,,,,,,,,,,,,,,,,,,,,,,,,,,,,,,,,,,,,,,,,,,,,,,,,,,,,,,,,,,,,,,,,,,,,,,
,,,,,,,,,,,,,,,,,,,,,,,,,,,,,,,,,,,,,,,,,,,,,,,,,,,,,,,,,,,,,6.125,0.90402977,1.00957948,0.75715708,0.79258258,0.87647858,0.90402977,0,,,,,,,,,,,,6.125,0.96128937,4.33438512,0.9246761,4.07150014,0.94632125,4.00671839,0.9898761,3.80831399,,,,,,,,6.125,0.93467484,2.32136457,0.91314204,2.85356887,,,,6.125,0.83413545,2.75903382,0.86708773,2.72686571,0.83751664,4.34203017,,,,,,,,,,,,,,,,,,,,,,,,,,,,,,,,,,,,,,,,,,,,,,,,,,,,,,,,,,,,,,,,,,,,,,,,,,,,,,,,,,,,,,,,
,,,,,,,,,,,,,,,,,,,,,,,,,,,,,,,,,,,,,,,,,,,,,,,,,,,,,,,,,,,,,6.175,0.7311572,1.02294693,0.86534031,0.8857914,0.71605195,0.7311572,0,,,,,,,,,,,,6.175,1.00771145,3.44711908,0.93222556,3.97038237,0.98499159,3.90625808,0.96238513,3.67413575,,,,,,,,6.175,0.92864502,2.96910123,0.94882034,3.2567517,,,,6.175,0.92970243,3.36449315,0.8777411,3.65494474,0.80520992,4.70710996,,,,,,,,,,,,,,,,,,,,,,,,,,,,,,,,,,,,,,,,,,,,,,,,,,,,,,,,,,,,,,,,,,,,,,,,,,,,,,,,,,,,,,,,
,,,,,,,,,,,,,,,,,,,,,,,,,,,,,,,,,,,,,,,,,,,,,,,,,,,,,,,,,,,,,6.225,0.86038388,0.78046431,0.88111238,0.88651851,0.76520572,0.86038388,0.09730668,,,,,,,,,,,,6.225,0.98327901,4.26618449,1.06374836,3.76732699,0.97481842,4.54903623,0.9810108,4.402853,,,,,,,,6.225,0.83071547,3.33361668,0.99490964,3.0941398,,,,6.225,0.97442539,3.1225566,0.84854496,3.78776831,0.84165458,4.00903509,,,,,,,,,,,,,,,,,,,,,,,,,,,,,,,,,,,,,,,,,,,,,,,,,,,,,,,,,,,,,,,,,,,,,,,,,,,,,,,,,,,,,,,,
,,,,,,,,,,,,,,,,,,,,,,,,,,,,,,,,,,,,,,,,,,,,,,,,,,,,,,,,,,,,,6.275,0.64234483,0.81832423,0.7141044,0.78446923,0.73069174,0.64234483,0,,,,,,,,,,,,6.275,1.05217265,4.30170975,1.06861684,3.8791743,1.09953632,4.82387199,0.92358521,3.59319291,,,,,,,,6.275,0.89052352,2.54346656,1.06525715,3.22627915,,,,6.275,1.07039727,3.07299326,0.93349598,4.02887022,0.89504434,4.29014473,,,,,,,,,,,,,,,,,,,,,,,,,,,,,,,,,,,,,,,,,,,,,,,,,,,,,,,,,,,,,,,,,,,,,,,,,,,,,,,,,,,,,,,,
,,,,,,,,,,,,,,,,,,,,,,,,,,,,,,,,,,,,,,,,,,,,,,,,,,,,,,,,,,,,,6.325,0.88368424,0.62174123,0.72437498,0.94530046,0.82192574,0.88368424,0,,,,,,,,,,,,6.325,1.07852991,4.67430034,0.97149937,4.25733507,1.08763225,5.05532553,0.99967032,3.6752989,,,,,,,,6.325,0.98282931,3.19275836,0.96935109,3.42522894,,,,6.325,1.03044966,2.84239581,0.93053736,3.96542476,0.86900437,4.22258481,,,,,,,,,,,,,,,,,,,,,,,,,,,,,,,,,,,,,,,,,,,,,,,,,,,,,,,,,,,,,,,,,,,,,,,,,,,,,,,,,,,,,,,,
,,,,,,,,,,,,,,,,,,,,,,,,,,,,,,,,,,,,,,,,,,,,,,,,,,,,,,,,,,,,,6.375,0.84158828,0.93890463,0.87543614,0.8523943,0.78741154,0.84158828,0.18556287,,,,,,,,,,,,6.375,0.98773049,3.40093566,1.00637532,4.05777381,0.91350486,4.40473133,1.00027141,3.82265883,,,,,,,,6.375,0.91089555,3.5357316,0.91804008,3.33658885,,,,6.375,0.92910979,2.83385588,0.87554384,3.86698528,0.86130567,4.71329688,,,,,,,,,,,,,,,,,,,,,,,,,,,,,,,,,,,,,,,,,,,,,,,,,,,,,,,,,,,,,,,,,,,,,,,,,,,,,,,,,,,,,,,,
,,,,,,,,,,,,,,,,,,,,,,,,,,,,,,,,,,,,,,,,,,,,,,,,,,,,,,,,,,,,,6.425,0.81461561,0.74632563,0.82711119,0.88113811,0.81787562,0.81461561,0.09134299,,,,,,,,,,,,6.425,1.01141783,3.21690672,1.05820773,3.60192643,0.96489201,4.3364423,0.99008668,3.6625888,,,,,,,,6.425,0.99146378,3.05898605,0.83259814,3.11197247,,,,6.425,0.9510697,3.03712921,0.87334893,3.59154078,0.85374044,4.16524043,,,,,,,,,,,,,,,,,,,,,,,,,,,,,,,,,,,,,,,,,,,,,,,,,,,,,,,,,,,,,,,,,,,,,,,,,,,,,,,,,,,,,,,,
,,,,,,,,,,,,,,,,,,,,,,,,,,,,,,,,,,,,,,,,,,,,,,,,,,,,,,,,,,,,,6.475,0.82264955,0.86293599,0.98547628,0.87446798,0.70025493,0.82264955,0.08993774,,,,,,,,,,,,6.475,1.01889828,2.65028756,0.96786933,3.22410298,1.07396709,2.90080834,0.96699315,2.84529217,,,,,,,,6.475,0.94878915,3.11578517,0.88450939,3.57477974,,,,6.475,0.96673468,2.85131647,0.80389266,3.71310178,0.91469356,3.48958443,,,,,,,,,,,,,,,,,,,,,,,,,,,,,,,,,,,,,,,,,,,,,,,,,,,,,,,,,,,,,,,,,,,,,,,,,,,,,,,,,,,,,,,,
,,,,,,,,,,,,,,,,,,,,,,,,,,,,,,,,,,,,,,,,,,,,,,,,,,,,,,,,,,,,,6.525,1.01936358,0.95598186,0.88282277,0.94926348,0.63439909,1.01936358,0.17712935,,,,,,,,,,,,6.525,0.97309134,2.73713453,0.99835862,2.60340242,0.89740998,2.69604329,0.95481075,2.44347684,,,,,,,,6.525,0.98020921,3.13639946,0.88428322,3.1849465,,,,6.525,0.94112694,2.80778577,0.86885092,3.09924641,0.95404323,2.94034719,,,,,,,,,,,,,,,,,,,,,,,,,,,,,,,,,,,,,,,,,,,,,,,,,,,,,,,,,,,,,,,,,,,,,,,,,,,,,,,,,,,,,,,,
,,,,,,,,,,,,,,,,,,,,,,,,,,,,,,,,,,,,,,,,,,,,,,,,,,,,,,,,,,,,,6.575,0.83105875,0.94149756,1.02873491,0.91484781,0.87606027,0.83105875,0.17444562,,,,,,,,,,,,6.575,1.08993444,2.50759404,0.96341902,2.50142213,0.98646563,2.46553815,1.04708598,1.44387311,,,,,,,,6.575,0.9307858,2.65240711,0.94149756,2.7404771,,,,6.575,1.01501363,2.6640769,0.89100083,2.88081213,0.95893277,2.72135171,,,,,,,,,,,,,,,,,,,,,,,,,,,,,,,,,,,,,,,,,,,,,,,,,,,,,,,,,,,,,,,,,,,,,,,,,,,,,,,,,,,,,,,,
,,,,,,,,,,,,,,,,,,,,,,,,,,,,,,,,,,,,,,,,,,,,,,,,,,,,,,,,,,,,,6.625,1.02156521,0.86294136,1.09824907,0.89451366,0.80268528,1.02156521,0.08591122,,,,,,,,,,,,6.625,1.04175414,1.94503567,0.94893179,1.63227245,0.942039,1.99258511,1.03885038,1.86461128,,,,,,,,6.625,0.96131905,2.21568326,0.84233381,2.30901213,,,,6.625,0.96817949,2.32507778,0.77860472,1.99300066,0.88735227,1.99314019,,,,,,,,,,,,,,,,,,,,,,,,,,,,,,,,,,,,,,,,,,,,,,,,,,,,,,,,,,,,,,,,,,,,,,,,,,,,,,,,,,,,,,,,
,,,,,,,,,,,,,,,,,,,,,,,,,,,,,,,,,,,,,,,,,,,,,,,,,,,,,,,,,,,,,6.675,1.07082583,0.85640563,0.90798763,0.92651693,0.89613248,1.07082583,0.16925796,,,,,,,,,,,,6.675,0.98284505,1.33816281,0.94438091,1.60791063,0.94741309,1.90150666,0.94690277,1.52546283,,,,,,,,6.675,0.99083643,2.4432246,0.9693243,2.33862174,,,,6.675,0.86820468,2.32309543,0.83551175,2.16290798,0.87142714,1.59102486,,,,,,,,,,,,,,,,,,,,,,,,,,,,,,,,,,,,,,,,,,,,,,,,,,,,,,,,,,,,,,,,,,,,,,,,,,,,,,,,,,,,,,,,
,,,,,,,,,,,,,,,,,,,,,,,,,,,,,,,,,,,,,,,,,,,,,,,,,,,,,,,,,,,,,6.725,1.04225165,0.95621415,1.05314192,0.90640786,0.9607558,1.04225165,0,,,,,,,,,,,,6.725,0.97777764,1.37826302,0.9564318,1.58409017,0.9238045,1.54097052,0.88185825,1.01213276,,,,,,,,6.725,0.90497948,1.9577172,0.95746411,2.2408535,,,,6.725,1.03151767,2.44985448,0.83611721,1.60634476,0.91663237,1.46740427,,,,,,,,,,,,,,,,,,,,,,,,,,,,,,,,,,,,,,,,,,,,,,,,,,,,,,,,,,,,,,,,,,,,,,,,,,,,,,,,,,,,,,,,
,,,,,,,,,,,,,,,,,,,,,,,,,,,,,,,,,,,,,,,,,,,,,,,,,,,,,,,,,,,,,6.775,1.13963595,1.03452032,1.10641508,1.11949286,0.8634776,1.13963595,0.08214916,,,,,,,,,,,,6.775,0.92130858,1.00373529,0.91670838,0.91291792,0.97388758,1.16106028,0.99814634,0.7252718,,,,,,,,6.775,0.96931673,1.86568423,0.92860515,1.71034535,,,,6.775,1.01634857,1.42924018,0.90057516,1.77652522,0.95260489,1.44582519,,,,,,,,,,,,,,,,,,,,,,,,,,,,,,,,,,,,,,,,,,,,,,,,,,,,,,,,,,,,,,,,,,,,,,,,,,,,,,,,,,,,,,,,
,,,,,,,,,,,,,,,,,,,,,,,,,,,,,,,,,,,,,,,,,,,,,,,,,,,,,,,,,,,,,6.825,0.98108174,0.95267049,0.96706972,0.88004116,0.81935853,0.98108174,0.08094992,,,,,,,,,,,,6.825,0.896338,0.63999455,0.96538658,0.75449558,0.98523073,0.55738731,0.96706427,0.8635766,,,,,,,,6.825,0.99959271,2.02540931,0.98301032,1.89987981,,,,6.825,0.97424275,1.37707849,0.93280817,1.52778852,0.9797345,0.97139906,,,,,,,,,,,,,,,,,,,,,,,,,,,,,,,,,,,,,,,,,,,,,,,,,,,,,,,,,,,,,,,,,,,,,,,,,,,,,,,,,,,,,,,,
,,,,,,,,,,,,,,,,,,,,,,,,,,,,,,,,,,,,,,,,,,,,,,,,,,,,,,,,,,,,,6.875,1.02767243,1.01062422,0.92270242,1.12380872,0.74536982,1.02767243,0.07977676,,,,,,,,,,,,6.875,0.93557662,0.45870504,0.90835639,0.68636405,1.00072204,0.5782204,1.01813537,0.70432652,,,,,,,,6.875,0.96321487,2.05747318,0.87069163,1.32876154,,,,6.875,0.9821111,1.48049584,0.94413511,1.85069116,0.93267716,1.5317137,,,,,,,,,,,,,,,,,,,,,,,,,,,,,,,,,,,,,,,,,,,,,,,,,,,,,,,,,,,,,,,,,,,,,,,,,,,,,,,,,,,,,,,,
,,,,,,,,,,,,,,,,,,,,,,,,,,,,,,,,,,,,,,,,,,,,,,,,,,,,,,,,,,,,,6.925,1.08480694,0.88409744,0.81968033,0.95112487,0.75913344,1.08480694,0.15725782,,,,,,,,,,,,6.925,0.94225861,0.36733538,0.9310089,0.45099232,0.97052418,0.4844157,0.98744875,0.57849375,,,,,,,,6.925,0.903806,1.51333565,0.99018913,1.57752453,,,,6.925,0.99446727,1.45919411,0.94524357,1.20573654,0.94666092,1.00645003,,,,,,,,,,,,,,,,,,,,,,,,,,,,,,,,,,,,,,,,,,,,,,,,,,,,,,,,,,,,,,,,,,,,,,,,,,,,,,,,,,,,,,,,
,,,,,,,,,,,,,,,,,,,,,,,,,,,,,,,,,,,,,,,,,,,,,,,,,,,,,,,,,,,,,6.975,1.09294112,0.8307992,0.87284438,0.93160383,0.83880768,1.09294112,0.15501131,,,,,,,,,,,,6.975,0.96630291,0.44564655,0.94631864,0.47233404,0.94108625,0.42131964,0.89655917,0.39916079,,,,,,,,6.975,1.10121203,1.70055731,0.93653728,1.29093414,,,,6.975,1.01349002,1.37841764,0.92691266,1.24946136,1.02645116,1.17808599,,,,,,,,,,,,,,,,,,,,,,,,,,,,,,,,,,,,,,,,,,,,,,,,,,,,,,,,,,,,,,,,,,,,,,,,,,,,,,,,,,,,,,,,
,,,,,,,,,,,,,,,,,,,,,,,,,,,,,,,,,,,,,,,,,,,,,,,,,,,,,,,,,,,,,,,,,,,,,,,,,,,,,,,,,,,,,,,,,,,,,,,,,,,,,,,,,,,,,,,,,,,,,,,,,,,,,,,,,,,,,,,,,,,,,,,,,,,,,,,,,,,,,,,,,,,,,,,,,,,,,,,,,,,,,,,,,,,,,,,,,,,,,,
,,,,,,,,,,,,,,,,,,,,,,,,,,,,,,,,,,,,,,,,,,,,,,,,,,,,,,,,,,,,,,,,,,,,,,,,,,,,,,,,,,,,,,,,,,,,,,,,,,,,,,,,,,,,,,,,,,,,,,,,,,,,,,,,,,,,,,,,,,,,,,,,,,,,,,,,,,,,,,,,,,,,,,,,,,,,,,,,,,,,,,,,,,,,,,,,,,,,,,
,,,,,,,,,,,,,,,,,,,,,,,,,,,,,,,,,,,,,,,,,,,,,,,,,,,,,,,,,,,,,,,,,,,,,,,,,,,,,,,,,,,,,,,,,,,,,,,,,,,,,,,,,,,,,,,,,,,,,,,,,,,,,,,,,,,,,,,,,,,,,,,,,,,,,,,,,,,,,,,,,,,,,,,,,,,,,,,,,,,,,,,,,,,,,,,,,,,,,,
,,,,,,,,,,,,,,,,,,,,,,,,,,,,,,,,,,,,,,,,,,,,,,,,,,,,,,,,,,,,,,,,,,,,,,,,,,,,,,,,,,,,,,,,,,,,,,,,,,,,,,,,,,,,,,,,,,,,,,,,,,,,,,,,,,,,,,,,,,,,,,,,,,,,,,,,,,,,,,,,,,,,,,,,,,,,,,,,,,,,,,,,,,,,,,,,,,,,,,
,,,,,,,,,,,,,,,,,,,,,,,,,,,,,,,,,,,,,,,,,,,,,,,,,,,,,,,,,,,,,,,,,,,,,,,,,,,,,,,,,12.90461076,89.95184432,13.06498089,92.28375253,13.05572474,95.87341492,11.80144977,93.95025411,,12.5863036,79.81270666,,1.87584913,88.44365581,0,6.975,15.23731553,105.75102375,13.36283277,95.13772517,6.93,13.53078286,89.56974013,6.975,13.67919445,92.84091087,12.28289216,115.22212015,13.95899994,85.06366334,,,,,,,,,,,,,,,,,,,,,,,,,,,,,,,,,,,,,,,,,,,,,,,,,,,,,,,,,,,,,,,,,,,,,,,,,,,,,,,,,,,,,,,,
