,,,,,,,,,,,,,,,,,,,密度,,,,,,,,,,,t,总能量,,,,,,,,Radius of gyration,Radius of gyration,Radius of gyration,Radius of gyration,Radius of gyration,,,,,体系相互作用能,,,,,,,,,rdf,,,,,,,,,,,,,,,,,,,,,,Cu-TFSI-,,,,,,,,,MSD,,,,,,,,,,,,,,,,,PL-CuBTC,Li+,,,,,,,,,,TFSi-,,,,
,,,The Parameters of PL/Cu-BTC MOF after MD Simulation,,,,,,,,,,,,,,,,0.499,1.04538855700302,0.499,1.03450232000942,0.499,1.04716726308586,0.499,1.0343442173036,0.499,1.05060939832503,,0.499,-1660.01076328734,-1787.97615883096,-1650.17137077781,-1685.74833895777,-1824.07951165753,,,0,5.34508306,5.8807556,4.98859169,4.6808649,4.59403641,链长,回转半径,误差,,,system,peo,LTFSi,CuBTC,Eint,,,,30,Li-O(PEO),,Li-O(tfsI-),50,Li-O(PEO),,Li-O(tfsI-),60,Li-O(PEO),,Li-O(tfsI-),100,Li-O(PEO),,Li-O(tfsI-),200,Li-O(PEO),,Li-O(tfsI-),,,,,,,,,,,,30,Li,TFSi-,50,,,60,,,100,,,200,,,,,N,slope(A^2/ps),D(10^-12*m^2/s),R^2,n_Li,cell,volume,ci,q^2,kB*T,sigmai(s/cm),slope(A^2/ps),D(10^-12*m^2/s),R^2,t_Li,
,,,chain length,chain number,a=b=c (Å),C,H,Li,N,O,F,S,Cu,Molecular weight (g/mol),density ( g/cm^3),total energy,,,0.998,1.05163765630786,0.998,1.04734520360438,0.998,1.05237581164914,0.998,1.04595403432044,0.998,1.06046785115801,,0.998,-1700.60494698976,-1782.8570740813,-1586.77903716092,-1769.36191577968,-1751.78110953262,,,5,5.23896811,5.76536251,4.8682948,4.6192736,4.51500863,30,5.23719049952381,0.0104967119274376,,30,-6161.212507,1864.552415,-379.57253,-5666.965736,-1979.226656,,,,r,g(r),r,g(r),r,g(r),r,g(r),r,g(r),r,g(r),r,g(r),r,g(r),r,g(r),r,g(r),,,r,g(r),g(r),g(r),g(r),g(r),,,,Time,MSD,MSD,Time,MSD,MSD,Time,MSD,MSD,Time,MSD,MSD,Time,MSD,MSD,,,30,0.001551,2.585,0.8783,10,34.909066,4.25416850422648e-26,2.35063561541229e+26,2.567e-38,4.114188e-21,3.79129514742964e-05,0.0123,20.5,0.9886,0.111977474550574,250-350ps
,,,30,20,34.909066,1292,2480,10,10,708,60,20,4,31590.1,1.229±0.0039,-2036.53612442827,61.3036268943602,,1.497,1.06536156600837,1.497,1.06051631237249,1.497,1.0613715233495,1.497,1.0611552827145,1.497,1.06129096493774,,1.497,-1705.99197475794,-1900.1442298372,-1676.2708521216,-1785.89065199711,-1665.791705613,,,10,5.23756271,5.73334093,4.8493251,4.62852808,4.5028976,50,5.67723518523809,0.011347351201814,,50,-6047.893695,1946.955997,-543.693925,-5699.33412,-1751.821647,,,,0.025,0,0.025,0,0.025,0,0.025,0,0.025,0,0.025,0,0.025,0,0.025,0,0.025,0,0.025,0,,,0.025,0,0,0,0,0,,,,0,0,0,0,0,0,0,0,0,0,0,0,0,0,0,,,50,0.003837,6.395,0.9096,10,34.92514,4.26004775025411e-26,2.34739152851127e+26,2.567e-38,4.114188e-21,9.36629467912928e-05,0.003835,6.39166666666667,0.8483,0.500130344108446,
,,,50,12,34.92514,1292,2464,10,10,700,60,20,4,31446,1.227±0.0043,-2073.04658123975,55.768227711261,,1.996,1.06560919989718,1.996,1.06986954097158,1.996,1.07680445534828,1.996,1.07127864708973,1.996,1.07128016279848,,1.996,-1635.37993318111,-1826.36223600365,-1640.50695513462,-1737.89392787114,-1811.44330957514,,,15,5.24245741,5.74368608,4.84164354,4.61585555,4.47965792,60,4.78563460238095,0.00779332961451262,,60,-6023.41703,1928.415008,-483.827518,-5674.363655,-1793.640865,,,,0.075,0,0.075,0,0.075,0,0.075,0,0.075,0,0.075,0,0.075,0,0.075,0,0.075,0,0.075,0,,,0.075,0,0,0,0,0,,,,5,0.44882644,0.79606154,5,0.46002966,0.64677685,5,0.47506026,0.85763923,5,0.4458359,0.71454593,5,0.45418866,0.75457955,,,60,0.005519,9.19833333333333,0.9366,10,34.888611,4.24669468314186e-26,2.35477253396555e+26,2.567e-38,4.114188e-21,0.000135144955868131,0.01015,16.9166666666667,0.9881,0.352224136830685,
,,,60,10,34.888611,1292,2460,10,10,698,60,20,4,31409.9,1.228±0.0033,-1998.33193664459,58.7201649459613,,2.495,1.07026370437887,2.495,1.06758782323059,2.495,1.0843451581331,2.495,1.06961657539817,2.495,1.07161730263756,,2.495,-1655.71734962857,-1813.10278248458,-1626.94757784921,-1637.67490053836,-1839.45225922051,,,20,5.19157517,5.74451332,4.84865326,4.58737893,4.47976577,100,4.52309933809524,0.00711977473922924,,100,-6053.296155,1819.056107,-537.539047,-5712.028774,-1622.784441,,,,0.125,0,0.125,0,0.125,0,0.125,0,0.125,0,0.125,0,0.125,0,0.125,0,0.125,0,0.125,0,,,0.125,0,0,0,0,0,,,,10,0.52864152,0.93200583,10,0.52873043,0.73181999,10,0.53141705,0.95090019,10,0.50186298,0.81499567,10,0.51360386,0.86963627,,,100,0.009419,15.6983333333333,0.9874,10,34.775681,4.20558998839341e-26,2.37778766536872e+26,2.567e-38,4.114188e-21,0.000232899390457352,0.01255,20.9166666666667,0.995,0.428740497974419,
,,,100,6,34.775681,1292,2452,10,10,694,60,20,4,31337.9,1.233±0.0041,-2035.20801514293,63.2043887476003,,2.994,1.06900029062653,2.994,1.07217295101957,2.994,1.08646693728252,2.994,1.06066006952665,2.994,1.07710751915734,,2.994,-1699.51087207359,-1770.07252788297,-1636.42370545714,-1749.35898601724,-1684.8724702985,,,25,5.21582137,5.71647971,4.84695804,4.55893609,4.49787262,200,4.37240753380952,0.00600576077097506,,200,-6128.010403,1834.332014,-386.43902,-5702.324969,-1873.578428,,,,0.175,0,0.175,0,0.175,0,0.175,0,0.175,0,0.175,0,0.175,0,0.175,0,0.175,0,0.175,0,,,0.175,0,0,0,0,0,,,,15,0.57664558,1.0295174,15,0.59482663,0.80190782,15,0.58027414,1.05406181,15,0.56879241,0.91956799,15,0.59663282,0.97506517,,,200,0.01009,16.8166666666667,0.9866,10,34.869197,4.23960932266409e-26,2.35870789946188e+26,2.567e-38,4.114188e-21,0.000247488949885936,0.01654,27.5666666666667,0.9869,0.378895981975216,
,,,200,3,34.869197,1292,2446,10,10,691,60,20,4,31283.8,1.23±0.0039,-2017.79535150883,59.836750514995,,3.493,1.07736469844976,3.493,1.07731102759792,3.493,1.08779319277177,3.493,1.07078771154263,3.493,1.06719222319541,,3.493,-1735.70085685906,-1745.24774727226,-1809.54222966081,-1817.8563733367,-1602.74171233274,,,30,5.20855084,5.72647638,4.84969231,4.56737317,4.48566462,,,,,,,,,,,,,,0.225,0,0.225,0,0.225,0,0.225,0,0.225,0,0.225,0,0.225,0,0.225,0,0.225,0,0.225,0,,,0.225,0,0,0,0,0,,,,20,0.64352378,1.12234691,20,0.61663307,0.85988686,20,0.6754819,1.17612273,20,0.61617672,1.00298335,20,0.62490157,1.05637167,,,,,,,,,,,,,,,,,,
,,,,,,,,,,,,,,,,,,,3.992,1.0675362663398,3.992,1.07604037882336,3.992,1.10521042563432,3.992,1.07167145444504,3.992,1.07974999541187,,3.992,-1695.51763611385,-1805.87728087274,-1815.16678585727,-1777.39368729716,-1849.03961241072,,,35,5.19684435,5.72041193,4.82549482,4.55736668,4.47689803,,,,,,,,,,,,,,0.275,0,0.275,0,0.275,0,0.275,0,0.275,0,0.275,0,0.275,0,0.275,0,0.275,0,0.275,0,,,0.275,0,0,0,0,0,,,,25,0.6980408,1.22494887,25,0.65841832,0.89236072,25,0.71595846,1.23128873,25,0.66556031,1.04546985,25,0.6806578,1.13424034,,,,,,,,,,,,,,,,,,
,,,,,,,,,,,,,,,,,,,4.491,1.07888867326675,4.491,1.07447053512415,4.491,1.09802443994779,4.491,1.07684961600009,4.491,1.08041038118927,,4.491,-1739.4921875555,-1847.55402162099,-1666.47810528361,-1714.44265289515,-1911.96726096095,,,40,5.21722701,5.70032478,4.81579083,4.5509534,4.48006072,,,,,,,,,,,,,,0.325,0,0.325,0,0.325,0,0.325,0,0.325,0,0.325,0,0.325,0,0.325,0,0.325,0,0.325,0,,,0.325,0,0,0,0,0,,,,30,0.75709224,1.29728481,30,0.68164674,0.93350434,30,0.77284625,1.32541797,30,0.70999994,1.12205594,30,0.73113715,1.21929484,,,,,,,,,,,,,,,,,,
,,,,,,,,,,,,,,,,,,,4.99,1.08101951263201,4.99,1.08073837770504,4.99,1.09589986490629,4.99,1.07345391614591,4.99,1.08600027260842,,4.99,-1653.1032388675,-1794.36969271573,-1573.52653592095,-1698.96805986409,-1889.37915245228,,,45,5.20421966,5.71617708,4.83614827,4.56922337,4.47224496,,,,,,,,,,,,,,0.375,0,0.375,0,0.375,0,0.375,0,0.375,0,0.375,0,0.375,0,0.375,0,0.375,0,0.375,0,,,0.375,0,rdf+CB1:CG1,0,0,0,,,,35,0.79330158,1.38263543,35,0.71489516,0.96942965,35,0.84581507,1.42592343,35,0.75549077,1.17477134,35,0.78604524,1.30897347,,,,,,,,,,,,,,,,,,
,,,,,,,,,,,,,,,,,,,5.489,1.07926274912694,5.489,1.07767293804886,5.489,1.08661083686393,5.489,1.07894335149568,5.489,1.08861012425746,,5.489,-1688.22455548296,-1875.43995539568,-1714.76408589055,-1710.35196941131,-1728.17187999584,,,50,5.21042556,5.69367351,4.79917703,4.5765059,4.474654,,,,,,,,,,,,,,0.425,0,0.425,0,0.425,0,0.425,0,0.425,0,0.425,0,0.425,0,0.425,0,0.425,0,0.425,0,,,0.425,0,0,0,0,0,,,,40,0.84492228,1.45687385,40,0.73407515,1.01924126,40,0.8502563,1.4954732,40,0.77786322,1.21248037,40,0.82990907,1.38058919,,,30,,2.585,,,,,,,,3.79129514742964e-05,,20.5,,,
,,,,,,,,,,,,,,,,,,,5.988,1.08300618808152,5.988,1.08908537494736,5.988,1.08999600263164,5.988,1.08723874232232,5.988,1.09116838305702,,5.988,-1765.54280672207,-1815.49673949363,-1747.75985858944,-1849.13137683416,-1680.70050718431,,,55,5.20949161,5.72157863,4.82968149,4.5525629,4.45254847,,,,,,,,,,,,,,0.475,0,0.475,0,0.475,0,0.475,0,0.475,0,0.475,0,0.475,0,0.475,0,0.475,0,0.475,0,,,0.475,0,0,0,0,0,,,,45,0.88336717,1.54824948,45,0.7714871,1.0534259,45,0.8982905,1.57181259,45,0.80433089,1.25307526,45,0.87698338,1.4449731,,,50,,6.395,,,,,,,,9.36629467912928e-05,,6.39166666666667,,,
,,,,,,,,,,,,,,,,,,,6.487,1.08112693817442,6.487,1.09559837203525,6.487,1.09180722558294,6.487,1.08180876923196,6.487,1.09072505513906,,6.487,-1790.35651566485,-1770.22862668853,-1563.95157439023,-1935.66358582194,-1893.81270836395,,,60,5.20778851,5.69313322,4.78688177,4.54156295,4.44090385,,,,,,,,,,,,,,0.525,0,0.525,0,0.525,0,0.525,0,0.525,0,0.525,0,0.525,0,0.525,0,0.525,0,0.525,0,,,0.525,0,0,0,0,0,,,,50,0.92546164,1.59312528,50,0.7985569,1.06941444,50,0.94436934,1.64687028,50,0.83246831,1.30809898,50,0.92008365,1.54674907,,,60,,9.19833333333333,,,,,,,,0.000135144955868131,,16.9166666666667,,,
,,,,,,,,,,,,,,,,,,,6.986,1.08134954072327,6.986,1.08933025969266,6.986,1.10310360144706,6.986,1.08095669536283,6.986,1.0876309496626,,6.986,-1737.9993697863,-1783.58227108197,-1643.05486364996,-1783.35797533142,-1956.88727618513,,,65,5.19942898,5.7039955,4.79898938,4.5531808,4.45597705,,,,,,,,,,,,,,0.575,0,0.575,0,0.575,0,0.575,0,0.575,0,0.575,0,0.575,0,0.575,0,0.575,0,0.575,0,,,0.575,0,0,0,0,0,,,,55,0.93835936,1.62910791,55,0.79914687,1.08999833,55,0.96696354,1.64818674,55,0.89522386,1.40030598,55,0.95759392,1.62360325,,,100,,15.6983333333333,,,,,,,,0.000232899390457352,,20.9166666666667,,,
,,,,,,,,,,,,,,,,,,,7.485,1.08869010951223,7.485,1.10442957128169,7.485,1.10600477312916,7.485,1.07272901838948,7.485,1.08525809734967,,7.485,-1657.1768767008,-1937.14456475221,-1762.06400751003,-1627.85794776858,-1853.56225561349,,,70,5.18931159,5.6599025,4.80070139,4.53786071,4.43993467,,,,,,,,,,,,,,0.625,0,0.625,0,0.625,0,0.625,0,0.625,0,0.625,0,0.625,0,0.625,0,0.625,0,0.625,0,,,0.625,0,0,0,0,0,,,,60,0.9853827,1.72693569,60,0.84338681,1.11401623,60,1.02333729,1.74896614,60,0.91958289,1.44912874,60,1.00868202,1.69823138,,,200,,16.8166666666667,,,,,,,,0.000247488949885936,,27.5666666666667,,,
,,,,,,,,,,,,,,,,,,,7.984,1.0941068331977,7.984,1.10553423204537,7.984,1.09921295581316,7.984,1.07551514664896,7.984,1.0886566725758,,7.984,-1687.71236406587,-1929.60257034224,-1883.64637817149,-1685.73451145984,-1706.0920065098,,,75,5.22491995,5.67051287,4.81461405,4.56277155,4.45153821,,,,,,,,,,,,,,0.675,0,0.675,0,0.675,0,0.675,0,0.675,0,0.675,0,0.675,0,0.675,0,0.675,0,0.675,0,,,0.675,0,0,0,0,0,,,,65,1.00836748,1.79254343,65,0.83906843,1.14756161,65,1.07209147,1.77526679,65,0.93456752,1.49323472,65,1.05687227,1.78574624,,,,,,,,,,,,,,,,,,
,,,,,,,,,,,,,,,,,,,8.483,1.09483335586906,8.483,1.09109698317773,8.483,1.09924820881211,8.483,1.07771263451805,8.483,1.0908556853688,,8.483,-1753.0930435198,-1797.58172464689,-1792.95751430363,-1830.16762824095,-1838.08247702222,,,80,5.2029852,5.6942144,4.79353557,4.55227744,4.4508119,,,,,,,,,,,,,,0.725,0,0.725,0,0.725,0,0.725,0,0.725,0,0.725,0,0.725,0,0.725,0,0.725,0,0.725,0,,,0.725,0,0,0,0,0,,,,70,1.03441451,1.82009615,70,0.86119062,1.15557548,70,1.14444018,1.89186064,70,0.9443722,1.54135923,70,1.10574371,1.87607542,,,,,,,,,,,,,,,,,,
,,,,,,,,,,,,,,,,,,,8.982,1.09148344699078,8.982,1.1010236481774,8.982,1.09699397028078,8.982,1.07881855644967,8.982,1.09433317926165,,8.982,-1799.08502323829,-1769.92476918104,-1613.41771198284,-1908.7426843968,-1849.86104945839,,,85,5.22786515,5.69090791,4.81163879,4.56710239,4.44578091,,,,,,,,,,,,,,0.775,0,0.775,0,0.775,0,0.775,0,0.775,0,0.775,0,0.775,0,0.775,0,0.775,0,0.775,0,,,0.775,0,0,0,0,0,,,,75,1.08918813,1.85414065,75,0.89086097,1.18435032,75,1.16430808,1.919286,75,0.98418646,1.59279961,75,1.1438919,1.96066703,,,,,,,,,,,,,,,,,,
,,,,,,,,,,,,,,,,,,,9.481,1.0920626448834,9.481,1.1137775097697,9.481,1.1132850261317,9.481,1.08159508841152,9.481,1.09128561211052,,9.481,-1747.84611852589,-1831.75911399879,-1634.74639969564,-1749.88662260383,-1860.0615755991,,,90,5.22403465,5.67415927,4.80269259,4.55357603,4.45240238,,,,,,,,,,,,,,0.825,0,0.825,0,0.825,0,0.825,0,0.825,0,0.825,0,0.825,0,0.825,0,0.825,0,0.825,0,,,0.825,0,0,0,0,0,,,,80,1.09380733,1.87733492,80,0.90104856,1.22170747,80,1.18232326,1.98739109,80,1.02051793,1.63444551,80,1.19923842,2.03155583,,,,,,,,,,,,,,,,,,
,,,,,,,,,,,,,,,,,,,9.98,1.10089754983452,9.98,1.11378199995627,9.98,1.11777618630246,9.98,1.07504167628761,9.98,1.0955207903806,,9.98,-1732.55063211885,-1937.40621546676,-1710.59804173736,-1712.68956229574,-1837.73376025196,,,95,5.22085098,5.69352891,4.80253475,4.54922052,4.43239551,,,,,,,,,,,,,,0.875,0,0.875,0,0.875,0,0.875,0,0.875,0,0.875,0,0.875,0,0.875,0,0.875,0,0.875,0,,,0.875,0,0,0,0,0,,,,85,1.12630864,1.94159056,85,0.93216316,1.23621978,85,1.22975417,2.02367013,85,1.05606054,1.69017946,85,1.25924869,2.1246357,,,,,,,,,,,,,,,,,,
,,,,,,,,,,,,,,,,,,,10.479,1.10473846855192,10.479,1.10362841496886,10.479,1.12010380300783,10.479,1.06926094354052,10.479,1.0897515635445,,10.479,-1744.84059777894,-1950.83643874165,-1863.06370488731,-1748.20828337465,-1742.96850391361,,,100,5.22136016,5.66986659,4.81244696,4.55027883,4.4271029,,,,,,,,,,,,,,0.925,0,0.925,0,0.925,0,0.925,0,0.925,0,0.925,0,0.925,0,0.925,0,0.925,0,0.925,0,,,0.925,0,0,0,0,0,,,,90,1.15962551,1.99177518,90,0.9530911,1.25221869,90,1.26473351,2.1035648,90,1.0903046,1.71686339,90,1.28986716,2.23302467,,,,,,,,,,,,,,,,,,
,,,,,,,,,,,,,,,,,,,10.978,1.10288335175046,10.978,1.10390194003858,10.978,1.1209496603438,10.978,1.06682208530453,10.978,1.09081935747905,,10.978,-1723.73283123357,-1891.21016000637,-1811.428933835,-1840.18457919308,-1854.51843779003,,,105,5.19615069,5.67820533,4.81097649,4.55697691,4.43123857,,,,,,,,,,,,,,0.975,0,0.975,0,0.975,0,0.975,0,0.975,0,0.975,0,0.975,0,0.975,0,0.975,0,0.975,0,,,0.975,0,0,0,0,0,,,,95,1.19005073,2.05469701,95,0.98310601,1.29277107,95,1.29584119,2.14479619,95,1.13199052,1.77479441,95,1.33129911,2.30955737,,,,,,,,,,,,,,,,,,
,,,,,,,,,,,,,,,,,,,11.477,1.10355618362003,11.477,1.105195876765,11.477,1.11406929118786,11.477,1.07297471873071,11.477,1.10157183084094,,11.477,-1720.2621244,-1740.91982439414,-1696.53253271969,-1872.72840173513,-1887.0589632918,,,110,5.21583654,5.67964035,4.78827126,4.55285587,4.43975881,,,,,,,,,,,,,,1.025,0,1.025,0,1.025,0,1.025,0,1.025,0,1.025,0,1.025,0,1.025,0,1.025,0,1.025,0,,,1.025,0,0,0,0,0,,,,100,1.21025742,2.05297991,100,0.98099618,1.29441794,100,1.32438834,2.18363255,100,1.15261558,1.79707823,100,1.37359716,2.40076628,,,,,,,,,,,,,,,,,,
,,,,,,,,,,,,,,,,,,,11.976,1.10554553723744,11.976,1.11460151263521,11.976,1.11927912536631,11.976,1.0753981454552,11.976,1.10181287346584,,11.976,-1776.28063297665,-1847.15285846115,-1744.67238221863,-1790.83871105128,-1790.88522553492,,,115,5.20228014,5.67409486,4.79786188,4.53778925,4.43697016,,,,,,,,,,,,,,1.075,0,1.075,0,1.075,0,1.075,0,1.075,0,1.075,0,1.075,0,1.075,0,1.075,0,1.075,0,,,1.075,0,0,0,0,0,,,,105,1.23460978,2.09005512,105,1.01268511,1.31897558,105,1.33840551,2.27347254,105,1.180219,1.81387432,105,1.39848986,2.46423419,,,,,,,,,,,,,,,,,,
,,,,,,,,,,,,,,,,,,,12.475,1.09772171942826,12.475,1.10649791451054,12.475,1.11755635983128,12.475,1.06792540761569,12.475,1.10933029156713,,12.475,-1730.90280026014,-1874.61818870812,-1807.91211347432,-1700.61577086348,-1815.1262397696,,,120,5.20973976,5.7058618,4.77652769,4.53446876,4.43060463,,,,,,,,,,,,,,1.125,0,1.125,0,1.125,0,1.125,0,1.125,0,1.125,0,1.125,0,1.125,0,1.125,0,1.125,0,,,1.125,0,0,0,0,0,,,,110,1.27366281,2.15429398,110,1.0263094,1.33564472,110,1.37596214,2.30513739,110,1.21927925,1.84946745,110,1.45011724,2.54516515,,,,,,,,,,,,,,,,,,
,,,,,,,,,,,,,,,,,,,12.974,1.09751922201901,12.974,1.11037613523596,12.974,1.11229894950829,12.974,1.07689147391606,12.974,1.11126538890561,,12.974,-1731.54088402119,-1969.80902937895,-1695.61287955438,-1817.48002282366,-1939.54187262817,,,125,5.20811891,5.70661087,4.78453581,4.54061403,4.41958562,,,,,,,,,,,,,,1.175,0,1.175,0,1.175,0,1.175,0,1.175,0,1.175,0,1.175,0,1.175,0,1.175,0,1.175,0,,,1.175,0,0,0,0,0,,,,115,1.3170089,2.20383184,115,1.04285322,1.35194351,115,1.37231169,2.33082138,115,1.21284075,1.89205869,115,1.48136745,2.64995121,,,,,,,,,,,,,,,,,,
,,,,,,,,,,,,,,,,,,,13.473,1.09639202991871,13.473,1.11887064479888,13.473,1.12760736937201,13.473,1.0760831946025,13.473,1.10591729154754,,13.473,-1720.92515159056,-1870.09363867189,-1752.11159316157,-1859.97648249884,-1880.4185969113,,,130,5.25463507,5.68879308,4.78419657,4.53068604,4.41956065,,,,,,,,,,,,,,1.225,0,1.225,0,1.225,0,1.225,0,1.225,0,1.225,0,1.225,0,1.225,0,1.225,0,1.225,0,,,1.225,0,0,0,0,0,,,,120,1.33866735,2.24555923,120,1.05310664,1.37497408,120,1.39554044,2.37990883,120,1.23007317,1.92511764,120,1.54851698,2.72149656,,,,,,,,,,,,,,,,,,
,,,,,,,,,,,,,,,,,,,13.972,1.09750464112323,13.972,1.12405429114307,13.972,1.11758654015037,13.972,1.07918702664148,13.972,1.10658181806177,,13.972,-1648.4450764211,-1760.63100489912,-1716.53443528814,-1804.28871533359,-1821.61285279341,,,135,5.19881845,5.69922369,4.78587651,4.55029298,4.39687443,,,,,,,,,,,,,,1.275,0,1.275,0,1.275,0,1.275,0,1.275,0,1.275,0,1.275,0,1.275,0,1.275,0,1.275,0,,,1.275,0,0,0,0,0,,,,125,1.36165794,2.33636681,125,1.09825884,1.41878846,125,1.41956002,2.40296638,125,1.26357175,1.94659613,125,1.59664699,2.83543991,,,,,,,,,,,,,,,,,,
,,,,,,,,,,,,,,,,,,,14.471,1.10263153728128,14.471,1.13059286177891,14.471,1.12076829641883,14.471,1.07657051748419,14.471,1.10347296821243,,14.471,-1661.61883072878,-1942.26181698263,-1735.85827368225,-1756.8675193273,-1740.62992709887,,,140,5.21850065,5.67210704,4.805081,4.53507769,4.41451384,,,,,,,,,,,,,,1.325,0,1.325,0,1.325,0,1.325,0,1.325,0,1.325,0,1.325,0,1.325,0,1.325,0,1.325,0,,,1.325,0,0,0,0,0,,,,130,1.38146056,2.37584526,130,1.13791813,1.44007539,130,1.43843143,2.42914449,130,1.29440474,1.99970248,130,1.64594284,2.89124004,,,,,,,,,,,,,,,,,,
,,,,,,,,,,,,,,,,,,,14.97,1.10766833410023,14.97,1.12830498806791,14.97,1.1192379052583,14.97,1.08199121915703,14.97,1.11170684687004,,14.97,-1838.42165359913,-2031.9951319537,-1687.25927117002,-1761.85542194675,-1759.45410677408,,,145,5.2381308,5.66093151,4.80666444,4.55046003,4.41273992,,,,,,,,,,,,,,1.375,0,1.375,0,1.375,0,1.375,0,1.375,0,1.375,0,1.375,0,1.375,0,1.375,0,1.375,0,,,1.375,0,0,0,0,0,,,,135,1.42135255,2.41628228,135,1.13483791,1.47455822,135,1.46057129,2.47107211,135,1.28215227,2.00549865,135,1.70730982,3.00984252,,,,,,,,,,,,,,,,,,
,,,,,,,,,,,,,,,,,,,15.469,1.10921522321193,15.469,1.12752033564908,15.469,1.12446112016783,15.469,1.08710962728285,15.469,1.10942798798255,,15.469,-1839.10406508078,-1880.53883327123,-1776.56950014016,-1837.7650528119,-1941.72051953848,,,150,5.24233803,5.68069795,4.80771158,4.53730478,4.41452695,,,,,,,,,,,,,,1.425,0,1.425,0,1.425,0,1.425,0,1.425,0,1.425,0,1.425,0,1.425,0,1.425,0,1.425,0,,,1.425,0,0,0,0,0,,,,140,1.45370709,2.51814962,140,1.17982339,1.47403888,140,1.47969441,2.50408157,140,1.32061956,2.02663257,140,1.74565635,3.08633508,,,,,,,,,,,,,,,,,,
,,,,,,,,,,,,,,,,,,,15.968,1.10755864590066,15.968,1.13197236995875,15.968,1.12582859639825,15.968,1.09076845616501,15.968,1.11453248107127,,15.968,-1741.91759031872,-1759.6499142788,-1771.313103618,-1829.40407768241,-1978.66393435703,,,155,5.24335818,5.67360091,4.78932039,4.54865843,4.39154313,,,,,,,,,,,,,,1.475,0,1.475,0,1.475,0,1.475,0,1.475,0,1.475,0,1.475,0,1.475,0,1.475,0,1.475,0,,,1.475,0,0,0,0,0,,,,145,1.49903414,2.57510156,145,1.19618559,1.50531387,145,1.49490115,2.54904597,145,1.31679087,2.07314178,145,1.80614087,3.1883987,,,,,,,,,,,,,,,,,,
,,,,,,,,,,,,,,,,,,,16.467,1.10715368493282,16.467,1.13372730614157,16.467,1.13031514773468,16.467,1.08448597600388,16.467,1.11507632299586,,16.467,-1561.1540591056,-1796.96061504186,-1852.38371737529,-1787.04806321365,-1836.36814909203,,,160,5.24016299,5.66123978,4.80308848,4.54495463,4.40723907,,,,,,,,,,,,,,1.525,0,1.525,0,1.525,0,1.525,0,1.525,0,1.525,0,1.525,0,1.525,0,1.525,0,1.525,0,,,1.525,0,0,0,0,0,,,,150,1.52539273,2.64131021,150,1.2154859,1.54209049,150,1.52515337,2.5953102,150,1.37259397,2.1201341,150,1.8434865,3.25436256,,,,,,,,,,,,,,,,,,
,,,,,,,,,,,,,,,,,,,16.966,1.113767593531,16.966,1.139295577524,16.966,1.12771854898551,16.966,1.0844211581258,16.966,1.10982131264493,,16.966,-1729.40023882245,-1955.80222437282,-1823.48364661032,-1778.1421127102,-1761.4114700526,,,165,5.24823721,5.65487342,4.80927934,4.53342146,4.40771675,,,,,,,,,,,,,,1.575,0,1.575,0,1.575,0,1.575,0,1.575,0,1.575,0,1.575,0,1.575,0,1.575,0,1.575,0,,,1.575,0,0,0,0,0,,,,155,1.57566702,2.70215732,155,1.2334884,1.54057668,155,1.55137661,2.60694043,155,1.36455012,2.12437432,155,1.88737679,3.37861669,,,,,,,,,,,,,,,,,,
,,,,,,,,,,,,,,,,,,,17.465,1.11309743172107,17.465,1.13309560519844,17.465,1.1341877416866,17.465,1.08067536010355,17.465,1.11204666808977,,17.465,-1888.91715504047,-1960.84175292269,-1742.55066708087,-1801.07156859062,-1885.84213611509,,,170,5.24325754,5.68025843,4.81967425,4.53534852,4.39872649,,,,,0.0104967119274376,0.011347351201814,0.00779332961451262,0.00711977473922924,0.00600576077097506,,,,,1.625,0,1.625,0,1.625,0,1.625,0,1.625,0,1.625,0,1.625,0,1.625,0,1.625,0,1.625,0,,,1.625,0,0,0,0,0,,,,160,1.58124226,2.75065615,160,1.26182951,1.57139017,160,1.54449819,2.63558192,160,1.3797014,2.14693249,160,1.9398573,3.42925018,,,,,,,,,,,,,,,,,,
,,,,,,,,,,,,,,,,,,,17.964,1.11064009777731,17.964,1.12550431950301,17.964,1.13924134999241,17.964,1.09258771633998,17.964,1.10815907494754,,17.964,-1854.78081336086,-1888.1557832414,-1782.53057519559,-1851.51852197817,-1906.41567597308,,,175,5.2396612,5.68870704,4.80063269,4.53175024,4.41386279,,,,,5.23719049952381,5.67723518523809,4.78563460238095,4.52309933809524,4.37240753380952,,,,,1.675,0.19700386,1.675,0,1.675,0,1.675,0,1.675,0.08006436,1.675,0,1.675,0.15969118,1.675,0,1.675,0.08101297,1.675,0,,,1.675,0,0,0,0,0,,,,165,1.61659167,2.80809681,165,1.25379571,1.5600111,165,1.55741383,2.67714181,165,1.40779457,2.18699741,165,2.00211192,3.53869087,,,,,,,,,,,,,,,,,,
,,,,,,,,,,,,,,,,,,,18.463,1.12388144341214,18.463,1.13003901236564,18.463,1.14522701269762,18.463,1.0942294224678,18.463,1.10726833712197,,18.463,-1669.52315350771,-1901.40154222161,-1784.23544399387,-1878.28324207275,-1774.49035858683,,,180,5.21115105,5.659791,4.80721309,4.51862241,4.41205284,,,,,,,,,,,,,,1.725,0.92874823,1.725,1.1516478,1.725,0.78808863,1.725,3.44507316,1.725,1.05686753,1.725,0.57561535,1.725,0.90341118,1.725,2.85139152,1.725,0.95481189,1.725,1.72725472,,,1.725,0,0,0,0,0,,,,170,1.66835447,2.88127788,170,1.25831202,1.57447014,170,1.58667758,2.76128693,170,1.45564336,2.24930803,170,2.04449906,3.62929123,,,,,,,,,,,,,,,,,,
,,,,,,,,,,,,,,,,,,,18.962,1.12158311409762,18.962,1.12955710362763,18.962,1.14568688658372,18.962,1.09452586475282,18.962,1.11303505479973,,18.962,-1684.88446187649,-1861.43756535078,-1782.52914039955,-1832.66799547916,-1762.95169967321,,,185,5.25965911,5.69150166,4.79514014,4.53382602,4.40324701,,,,,,,,,,,,,,1.775,4.42091035,1.775,10.87684292,1.775,3.29626326,1.775,26.02984663,1.775,3.74313073,1.775,22.83309746,1.775,3.3773883,1.775,22.62139135,1.775,2.41677259,1.775,19.57585801,,,1.775,0,0,0,0,0,,,,175,1.71716708,2.9653686,175,1.27112772,1.57833845,175,1.59594373,2.77728394,175,1.43201643,2.27245448,175,2.10745373,3.74510889,,,,,,,,,,,,,,,,,,
,,,,,,,,,,,,,,,,,,,19.461,1.12368226754363,19.461,1.1309002769253,19.461,1.14077292341874,19.461,1.09815926240877,19.461,1.11658666630346,,19.461,-1858.80890444117,-1910.89774711516,-1794.11876723369,-1799.98271042458,-1928.55306568282,,,190,5.24503882,5.66866158,4.79950225,4.52372395,4.40391277,,,,,0.0104967119274376,5.23719049952381,,,,,,,,1.825,8.69590894,1.825,36.01168397,1.825,7.20858344,1.825,55.91513773,1.825,7.92475944,1.825,70.45448362,1.825,6.35611466,1.825,73.36772353,1.825,8.93994414,1.825,51.43880072,,,1.825,0,0,0,0,0,,,,180,1.72558667,3.039701,180,1.24343888,1.59247287,180,1.61391214,2.80553955,180,1.46036682,2.3227726,180,2.15436255,3.85658299,,,,,,,,,,,,,,,,,,
,,,,,,,,,,,,,,,,,,,19.96,1.12837444186097,19.96,1.12679707559778,19.96,1.1400409315292,19.96,1.10385174794935,19.96,1.10809871629664,,19.96,-1898.31018688014,-1911.40205027268,-1796.21246693685,-1819.62656532478,-1955.05906652528,,,195,5.23796753,5.68479524,4.7955611,4.52380231,4.40588154,,,,,0.011347351201814,5.67723518523809,,,,,,,,1.875,13.20649604,1.875,75.05691914,1.875,11.62564825,1.875,110.80576869,1.875,12.20411275,1.875,112.05739648,1.875,10.80075811,1.875,119.7068094,1.875,12.44568676,1.875,89.17981092,,,1.875,0,0,0,0,0,,,,185,1.73327965,3.08102343,185,1.256216,1.60855622,185,1.65038099,2.89623178,185,1.46093643,2.34027537,185,2.23045308,3.9991742,,,,,,,,,,,,,,,,,,
,,,,,,,,,,,,,,,,,,,20.459,1.12034312019119,20.459,1.1361502730896,20.459,1.14247923174133,20.459,1.09577833630388,20.459,1.10536318512849,,20.459,-1669.09976428915,-1954.41263764384,-1727.38740726783,-1842.2316350129,-1838.08865105633,,,200,5.2522231,5.68013821,4.80588351,4.51824569,4.39704203,,,,,0.00779332961451262,4.78563460238095,,,,,,,,1.925,14.40880094,1.925,97.56518319,1.925,12.77745457,1.925,127.71728827,1.925,14.39722705,1.925,124.80122608,1.925,11.66767282,1.925,127.76555149,1.925,14.87449641,1.925,103.5632979,,,1.925,0,0,0,0,0,,,,190,1.77269249,3.0911053,190,1.26944696,1.624294,190,1.6517745,2.93413636,190,1.5073925,2.39943601,190,2.2937979,4.12694398,,,,,,,,,,,,,,,,,,
,,,,,,,,,,,,,,,,,,,20.958,1.12760251963395,20.958,1.12493685510053,20.958,1.13908991136202,20.958,1.09941619187415,20.958,1.10169535505219,,20.958,-1692.82512877002,-1881.56769053286,-1812.67539878042,-1755.69123404561,-1773.69987348224,,,205,5.25062775,5.69489721,4.78694899,4.52540056,4.39106376,,,,,0.00711977473922924,4.52309933809524,,,,,,,,1.975,14.00026152,1.975,105.42707053,1.975,12.36775075,1.975,137.53969477,1.975,14.97328449,1.975,119.0016182,1.975,10.59624015,1.975,120.07349199,1.975,14.83019301,1.975,84.33106218,,,1.975,0,0,0,0,0,,,,195,1.78371709,3.15560847,195,1.27548243,1.64654227,195,1.69924615,2.99827586,195,1.50984685,2.45931957,195,2.37550823,4.25265745,,,,,,,,,,,,,,,,,,
,,,,,,,,,,,,,,,,,,,21.457,1.12777542160353,21.457,1.1294811455274,21.457,1.13320848675392,21.457,1.10302130247263,21.457,1.10664771785086,,21.457,-1920.43735842137,-1830.43790079872,-1809.9782242207,-1753.12198109196,-1922.09666808429,,,210,5.22323499,5.7059549,4.78398572,4.53011268,4.38115911,,,,,0.00600576077097506,4.37240753380952,,,,,,,,2.025,11.32253745,2.025,62.67833229,2.025,10.56632535,2.025,83.74902152,2.025,12.32569799,2.025,76.43987039,2.025,9.64240586,2.025,87.73223555,2.025,13.96834116,2.025,58.07462553,,,2.025,0,0,0,0,0,,,,200,1.81509293,3.16812675,200,1.30045148,1.6782833,200,1.70392833,3.05291887,200,1.5370016,2.50703082,200,2.42886303,4.35435512,,,,,,,,,,,,,,,,,,
,,,,,,,,,,,,,,,,,,,21.956,1.11737672157369,21.956,1.13055484819692,21.956,1.13068585819566,21.956,1.10193528634183,21.956,1.10393794365335,,21.956,-1877.45376336607,-1861.04702359497,-1744.9118742302,-1839.31070220866,-1973.02847392231,,,215,5.25201072,5.68386093,4.7944196,4.52549788,4.38298751,,,,,,,,,,,,,,2.075,9.49972652,2.075,34.62265192,2.075,8.63677072,2.075,60.71416388,2.075,9.49544441,2.075,50.5228076,2.075,7.70047148,2.075,65.42539097,2.075,10.90132412,2.075,39.39324127,,,2.075,0,0,0,0,0,,,,205,1.84330831,3.22663395,205,1.30230351,1.6842494,205,1.78390689,3.09864162,205,1.53766272,2.57459334,205,2.48718283,4.49256187,,,,,,,,,,,,,,,,,,
,,,,,,,,,,,,,,,,,,,22.455,1.121596024797,22.455,1.13582129611809,22.455,1.13484052251527,22.455,1.09765956682571,22.455,1.11164984461953,,22.455,-1730.38558654442,-1924.07394223389,-1793.43906613448,-1924.27429241512,-1878.51510558626,,,220,5.24664362,5.70078345,4.78621002,4.53352951,4.38939605,,,,,,,,,,,,,,2.125,7.44221604,2.125,27.32076677,2.125,6.10834307,2.125,31.40479701,2.125,7.2630005,2.125,28.44882473,2.125,6.49899507,2.125,37.95586758,2.125,7.6007326,2.125,16.3145195,,,2.125,0,0,0,0,0,,,,210,1.8584245,3.24953072,210,1.30924877,1.70317354,210,1.82534666,3.18217027,210,1.58432072,2.64452818,210,2.53855093,4.62674878,,,,,,,,,,,,,,,,,,
,,,,,,,,,,,,,,,,,,,22.954,1.12346505187384,22.954,1.1349195198206,22.954,1.13520213830205,22.954,1.10846128009432,22.954,1.12065766301223,,22.954,-1712.08882427873,-1939.78229590211,-1829.21883448518,-1927.08085718612,-1858.12723061541,,,225,5.23270456,5.70295439,4.78987072,4.52251672,4.38186881,,,,,,,,,,,,,,2.175,5.86546797,2.175,20.28376971,2.175,4.72124698,2.175,15.89171733,2.175,6.03069266,2.175,21.36266031,2.175,4.68824569,2.175,29.05646819,2.175,7.35140238,2.175,10.14061092,,,2.175,0,0,0,0,0,,,,215,1.85468382,3.27696466,215,1.3235382,1.74041036,215,1.8711307,3.23635128,215,1.60840802,2.69661601,215,2.64458536,4.80868267,,,,,,,,,,,,,,,,,,
,,,,,,,,,,,,,,,,,,,23.453,1.12030867937265,23.453,1.13187683124489,23.453,1.13829644390913,23.453,1.1054935566706,23.453,1.11295018899931,,23.453,-1798.36164200148,-1920.85149203432,-1811.52498931893,-1733.10438358108,-1828.43595466341,,,230,5.22600464,5.69268974,4.78883041,4.53776961,4.38991972,,,,,,,,,,,,,,2.225,3.61745638,2.225,11.0756689,2.225,3.90240347,2.225,8.97327226,2.225,4.31068633,2.225,7.95775384,2.225,3.75588774,2.225,12.34012754,2.225,6.15237649,2.225,6.92142355,,,2.225,0,0,0,0,0,,,,220,1.85053605,3.28396551,220,1.34128395,1.76621999,220,1.91975857,3.29194828,220,1.62396033,2.73471537,220,2.72225492,4.96883188,,,,,,,,,,,,,,,,,,
,,,,,,,,,,,,,,,,,,,23.952,1.10870906345453,23.952,1.1384685859344,23.952,1.13435701081913,23.952,1.10881586583221,23.952,1.11260720981608,,23.952,-1809.90307312173,-1890.42841522414,-1694.44015412023,-1632.20987456821,-1831.74347570442,,,235,5.21651774,5.70040817,4.78524194,4.53500372,4.37962603,,,,,,,,,,,,,,2.275,3.22524907,2.275,7.94564671,2.275,2.82654162,2.275,5.2819648,2.275,3.53735339,2.275,7.28087154,2.275,2.57542851,2.275,11.14792627,2.275,4.21606562,2.275,3.6412973,,,2.275,0,0,0,0,0,,,,225,1.87871743,3.33706812,225,1.35565509,1.77041235,225,1.94228156,3.34306028,225,1.64690771,2.74889021,225,2.83657357,5.13492784,,,,,,,,,,,,,,,,,,
,,,,,,,,,,,,,,,,,,,24.451,1.11797300643678,24.451,1.14038266314423,24.451,1.13294681387281,24.451,1.10803734117774,24.451,1.1057260634279,,24.451,-1836.77848339224,-1824.2763308273,-1776.74814008869,-1791.06708976847,-1851.39234911001,,,240,5.2303251,5.6901614,4.77249635,4.53889932,4.37732514,,,,,,,,,,,,,,2.325,2.51541157,2.325,3.8037931,2.325,2.21047444,2.325,0.94823156,2.325,2.7427259,2.325,4.1192834,2.325,2.03070223,2.325,7.84824968,2.325,3.49005163,2.325,2.21860059,,,2.325,0,0,0,0.20928666,0.21129529,,,,230,1.90140564,3.40430559,230,1.37150331,1.80494256,230,2.00181783,3.37191361,230,1.68989116,2.82058948,230,2.92832671,5.30192398,,,,,,,,,,,,,,,,,,
,,,,,,,,,,,,,,,,,,,24.95,1.11867617684091,24.95,1.14244974952819,24.95,1.14061373508177,24.95,1.10572413879878,24.95,1.09569329140951,,24.95,-1820.8009608047,-1898.05975415135,-1848.29396965401,-1958.12549466256,-1885.2798650958,,,245,5.22328431,5.70155223,4.80027231,4.52550193,4.37495627,,,,,,,,,,,,,,2.375,1.88145814,2.375,3.34154804,2.375,1.68282916,2.375,0.90872775,2.375,2.11073506,2.375,0.60733415,2.375,1.78723665,2.375,3.30936654,2.375,2.21633719,2.375,1.51869469,,,2.375,0.60755419,0.6058185,0,0.80227068,1.82243362,,,,235,1.91951168,3.51710365,235,1.39383579,1.84209055,235,2.0261322,3.40403532,235,1.65123794,2.83669189,235,3.00326114,5.42195865,,,,,,,,,,,,,,,,,,
,,,,,,,,,,,,,,,,,,,25.449,1.12870264714527,25.449,1.14246469549946,25.449,1.14335325848267,25.449,1.11788848042953,25.449,1.10420323609144,,25.449,-1664.3600338103,-1883.91693831035,-1849.82173806198,-1932.86624837472,-1784.61938757906,,,250,5.24345192,5.6934742,4.78592456,4.53498502,4.37467892,,,,,,,,,,,,,,2.425,1.69188263,2.425,1.16551915,2.425,1.57617195,2.425,1.74328415,2.425,1.6425958,2.425,0.29127425,2.425,1.1428657,2.425,2.8857359,2.425,1.75868855,2.425,0.87402956,,,2.425,1.94253191,2.90547359,0,3.0781183,2.52497428,,,,240,1.97239925,3.52974891,240,1.41080445,1.847891,240,2.06973412,3.43235676,240,1.70273952,2.89582731,240,3.08491742,5.63231535,,,,,,,,,,,,,,,,,,
,,,,,,,,,,,,,,,,,,,25.948,1.13008426289329,25.948,1.14483550626362,25.948,1.13808049358097,25.948,1.11521846661291,25.948,1.10844181980781,,25.948,-1654.15149833855,-1912.30482087506,-1806.34715732816,-1738.37703470953,-1860.65747826927,,,255,5.24929348,5.71181341,4.78773076,4.5353967,4.37082003,,,,,,,,,,,,,,2.475,0.95648307,2.475,1.11890472,2.475,0.91152629,2.475,0.83678114,2.475,1.24685188,2.475,0.27962487,2.475,0.9325837,2.475,4.15548325,2.475,1.52137085,2.475,0.27969104,,,2.475,3.35671417,5.39258954,0,4.24782733,4.47505671,,,,245,1.97535083,3.6056299,245,1.40873041,1.84747437,245,2.12522165,3.53124963,245,1.734822,2.96024436,245,3.16277915,5.74514716,,,,,,,,,,,,,,,,,,
,,,,,,,,,,,,,,,,,,,26.447,1.12796303717635,26.447,1.1463496367045,26.447,1.13198893359833,26.447,1.11734069411272,26.447,1.10680788707049,,26.447,-1832.79855069729,-1911.87978917348,-1647.04055129445,-1674.6649816935,-1966.55627275632,,,260,5.24853773,5.69054168,4.77375271,4.53570109,4.37569409,,,,,,,,,,,,,,2.525,1.00567495,2.525,0.53751592,2.525,0.75317496,2.525,0.26799016,2.525,1.02179122,2.525,0,2.525,0.61491333,2.525,1.8631874,2.525,1.22998142,2.525,0.2687242,,,2.525,6.0918471,4.64516277,0,6.5655175,4.47873669,,,,250,1.99853808,3.66135936,250,1.45168247,1.86685929,250,2.14549862,3.55117166,250,1.80712249,3.08783267,250,3.25998514,5.92872392,,,,,,,,,,,,,,,,,,
,,,,,,,,,,,,,,,,,,,26.946,1.12961833962904,26.946,1.13944817284493,26.946,1.13184020876363,26.946,1.11738821974988,26.946,1.10588899135749,,26.946,-1860.21443718038,-1823.69407856722,-1750.77570841278,-1810.4073388924,-1893.42469843171,,,265,5.23573271,5.69192862,4.76734397,4.54662792,4.36939245,,,,,,,,,,,,,,2.575,0.93365518,2.575,1.03368966,2.575,0.77473663,2.575,0,2.575,0.9486173,2.575,0,2.575,0.55747918,2.575,2.30340259,2.575,0.94271625,2.575,0.77516986,,,2.575,8.61408049,2.23326256,0,2.21809139,3.10067945,,,,255,2.04740301,3.7029947,255,1.48887517,1.89554241,255,2.18307725,3.59115911,255,1.89672123,3.17497023,255,3.29875295,6.04707245,,,,,,,,,,,,,,,,,,
,,,,,,,,,,,,,,,,,,,27.445,1.12898122216449,27.445,1.15436500316334,27.445,1.14243929534878,27.445,1.11602002784822,27.445,1.1071724924234,,27.445,-1787.21516547736,-1862.69530945655,-1848.86870337257,-1901.97428021909,-1738.03520074767,,,270,5.24219427,5.68321601,4.77769526,4.51895278,4.36659579,,,,,,,,,,,,,,2.625,0.81821045,2.625,0.99468722,2.625,0.82653796,2.625,0,2.625,0.71721945,2.625,0,2.625,0.45516526,2.625,1.23138458,2.625,0.69272994,2.625,0.24864057,,,2.625,6.46546693,1.65307591,0,0.49255383,0.49728114,,,,260,2.06819242,3.76024743,260,1.48989189,1.89520703,260,2.21676219,3.63977426,260,1.9276127,3.20509058,260,3.37173939,6.21799645,,,,,,,,,,,,,,,,,,
,,,,,,,,,,,,,,,,,,,27.944,1.13183370339011,27.944,1.1479922527215,27.944,1.13302295309631,27.944,1.11731406747967,27.944,1.10920461442818,,27.944,-1753.5124261737,-1997.61344550462,-1795.78348182137,-1900.51164791,-1869.24638382436,,,275,5.24579135,5.69206605,4.786015,4.50952346,4.38449264,,,,,,,,,,,,,,2.675,0.60251933,2.675,0.71838843,2.675,0.59304514,2.675,0.2387787,2.675,0.50229735,2.675,0,2.675,0.39134754,2.675,1.89725289,2.675,0.58766243,2.675,0.23943273,,,2.675,5.74710745,0.79592901,0,0.63241763,0.95773093,,,,265,2.10182877,3.82232004,265,1.50018525,1.91358345,265,2.27100436,3.72626569,265,1.95801663,3.22946669,265,3.48017928,6.29840469,,,,,,,,,,,,,,,,,,
,,,,,,,,,,,,,,,,,,,28.443,1.12574796262861,28.443,1.14728644019483,28.443,1.13810947126175,28.443,1.11830901620383,28.443,1.11012551880081,,28.443,-1824.76053390262,-1916.38652102753,-1774.78406723921,-1803.70076748267,-1912.80204022003,,,280,5.25327758,5.67173438,4.77739047,4.53460797,4.38256657,,,,,,,,,,,,,,2.725,0.56572451,2.725,0,2.725,0.37597519,2.725,0.23009681,2.725,0.39327766,2.725,0,2.725,0.55813512,2.725,0.91413481,2.725,0.67343223,2.725,0.46145413,,,2.725,6.30733201,0,0,0,0.30763608,,,,270,2.10197857,3.82537471,270,1.54235204,1.95473112,270,2.35234429,3.8053941,270,2.02524115,3.35228256,270,3.54508871,6.43588336,,,,,,,,,,,,,,,,,,
,,,,,,,,,,,,,,,,,,,28.942,1.13287833398021,28.942,1.14728013686708,28.942,1.13536291758681,28.942,1.11498894049446,28.942,1.11452513991029,,28.942,-1961.63145373952,-1867.33259848505,-1717.93882003953,-1768.47629955583,-1931.63995298662,,,285,5.23456167,5.69722167,4.76033233,4.53246125,4.37354673,,,,,,,,,,,,,,2.775,0.5311664,2.775,0,2.775,0.31904308,2.775,0,2.775,0.46674898,2.775,0,2.775,0.36365127,2.775,1.10186334,2.775,0.4427616,2.775,0.2224877,,,2.775,2.22515654,0,0,0,0,,,,275,2.1141821,3.85872326,275,1.59223897,2.00133645,275,2.34429022,3.83302409,275,2.062129,3.3953921,275,3.56982986,6.51971563,,,,,,,,,,,,,,,,,,
,,,,,,,,,,,,,,,,,,,29.441,1.12410364817442,29.441,1.14559829932503,29.441,1.13967055512332,29.441,1.123726423127,29.441,1.10928706588448,,29.441,-1820.02687629265,-1832.67689826147,-1737.29656870264,-1871.71038217892,-1849.55031683881,,,290,5.22838868,5.67010954,4.78018334,4.52497609,4.37168856,,,,,,,,,,,,,,2.825,0.34630468,2.825,0,2.825,0.27986341,2.825,0.21409551,2.825,0.38000267,2.825,0,2.825,0.26667861,2.825,0.8505644,2.825,0.58387789,2.825,0.42936386,,,2.825,1.71767122,0,0,0,0,,,,280,2.09471606,3.90919341,280,1.64543268,2.05938021,280,2.38336447,3.84890211,280,2.10967794,3.48843055,280,3.64993615,6.6180792,,,,,,,,,,,,,,,,,,
,,,,,,,,,,,,,,,,,,,29.94,1.12480832873309,29.94,1.15175426091465,29.94,1.13783398659192,29.94,1.11902931998473,29.94,1.10859795996939,,29.94,-1718.53360546233,-1912.71922309527,-1778.20944855129,-1863.3597289909,-1835.62298617338,,,295,5.24963572,5.70536356,4.77933408,4.532968,4.3744796,,,,,,,,,,,,,,2.875,0.32098977,2.875,0,2.875,0.27021392,2.875,0,2.875,0.2446003,2.875,0.20723081,2.875,0.24393195,2.875,1.02654694,2.875,0.49499666,2.875,0.41455971,,,2.875,1.934855,0,0,0,0,,,,285,2.1159203,3.9967999,285,1.66931089,2.09403273,285,2.38131474,3.86269549,285,2.13928975,3.53406824,285,3.68545219,6.72597932,,,,,,,,,,,,,,,,,,
,,,,,,,,,,,,,,,,,,,30.439,1.13203946077654,30.439,1.15444072267122,30.439,1.13616851774851,30.439,1.1220113048956,30.439,1.1108453413774,,30.439,-1746.55786667332,-1969.01982625253,-1849.8994378126,-1806.57348597338,-1862.15463716061,,,300,5.21466867,5.68753746,4.78891364,4.52092279,4.37177179,,,,,,,,,,,,,,2.925,0.31010982,2.925,0.20027926,2.925,0.35242428,2.925,0,2.925,0.28882281,2.925,0,2.925,0.14401681,2.925,0.99175213,2.925,0.35866406,2.925,0,,,2.925,0.93463654,0,0,0,0,,,,290,2.0929824,3.99943701,290,1.69591153,2.1306482,290,2.43175468,3.90062489,290,2.21803352,3.61901302,290,3.69189172,6.80566105,,,,,,,,,,,,,,,,,,
,,,,,,,,,,,,,,,,,,,30.938,1.12447495598974,30.938,1.15121708963046,30.938,1.12951727895577,30.938,1.12402483508764,30.938,1.1150954046912,,30.938,-1716.50756947912,-1909.58499074508,-1797.10244306129,-1846.01044964108,-1989.10000732029,,,305,5.22456914,5.6975127,4.7988858,4.52132572,4.37395426,,,,,,,,,,,,,,2.975,0.26230208,2.975,0.19360391,2.975,0.18926551,2.975,0.19305082,2.975,0.20305185,2.975,0,2.975,0.26577734,2.975,1.34217558,2.975,0.38523302,2.975,0.19357959,,,2.975,0.5162771,0,0,0,0,,,,295,2.12343684,4.11273418,295,1.72030451,2.15359728,295,2.49762782,3.9635746,295,2.28289873,3.65618329,295,3.72070685,6.84018674,,,,,,,,,,,,,,,,,,
,,,,,,,,,,,,,,,,,,,31.437,1.13186215132726,31.437,1.15120469950026,31.437,1.13589184394042,31.437,1.12474140278437,31.437,1.11242925732772,,31.437,-1842.53478755613,-1887.92959801037,-1673.39727478148,-1806.34749236387,-1876.46914695733,,,310,5.23910255,5.68883587,4.79814571,4.52082184,4.36842676,,,,,,,,,,,,,,3.025,0.21745953,3.025,0.37451364,3.025,0.26848894,3.025,0,3.025,0.27004315,3.025,0.187189,3.025,0.22034068,3.025,1.48362723,3.025,0.40986394,3.025,0,,,3.025,0.74902729,0,0,0,0,,,,300,2.14179775,4.15219969,300,1.73934518,2.15574408,300,2.52156544,4.06574007,300,2.37013935,3.78995439,300,3.7317398,6.89635673,,,,,,,,,,,,,,,,,,
,,,,,,,,,,,,,,,,,,,31.936,1.12938259646727,31.936,1.14600005148129,31.936,1.14044078075052,31.936,1.12600340284188,31.936,1.11836293265749,,31.936,-1808.74622290657,-1810.33527785119,-1705.2319134314,-1828.79166536575,-1843.68638343816,,,315,5.23046011,5.67652133,4.78503575,4.51473484,4.37039296,,,,,,,,,,,,,,3.075,0.18706251,3.075,0.90608406,3.075,0.18896638,3.075,0.1806991,3.075,0.17818149,3.075,0.54345353,3.075,0.18954092,3.075,1.4357725,3.075,0.40866319,3.075,0.54358214,,,3.075,0.24162241,0,0,0,0,,,,305,2.14956737,4.2880182,305,1.75096834,2.19785022,305,2.59260521,4.11948891,305,2.39563438,3.83317069,305,3.78255795,6.95162486,,,,,,,,,,,,,,,,,,
,,,,,,,,,,,,,,,,,,,32.435,1.13134214486062,32.435,1.14678254745045,32.435,1.13567304776661,32.435,1.12946988796782,32.435,1.12359260540963,,32.435,-1760.78293420917,-1923.91554149564,-1797.24856646779,-1849.32567237982,-1825.8762482357,,,320,5.2302033,5.65824272,4.79871834,4.52819256,4.36858654,,,,,,,,,,,,,,3.125,0.24904623,3.125,0.52639316,3.125,0.14866147,3.125,0,3.125,0.14952203,3.125,0,3.125,0.16058373,3.125,1.56397085,3.125,0.19784543,3.125,0.35088469,,,3.125,0.35092877,0,0,0,0,,,,310,2.15223126,4.36844062,310,1.74191584,2.19257433,310,2.58858895,4.17008601,310,2.41404435,3.88661225,310,3.87293124,7.02584995,,,,,,,,,,,,,,,,,,
,,,,,,,,,,,,,,,,,,,32.934,1.13547155439663,32.934,1.14271696023861,32.934,1.13160195686653,32.934,1.13245109909146,32.934,1.11545194847346,,32.934,-1839.99143920655,-1956.55231588745,-1881.0906833363,-1834.49634748049,-1877.70405678336,,,325,5.20023507,5.66255736,4.78793751,4.523457,4.36864781,,,,,,,,,,,,,,3.175,0.20836452,3.175,1.86979736,3.175,0.18832885,3.175,0.5084879,3.175,0.25627281,3.175,0.16992001,3.175,0.20001331,3.175,2.02013441,3.175,0.29313207,3.175,0.16996023,,,3.175,0.11332105,0,0,0,0,,,,315,2.14898614,4.43802428,315,1.73727018,2.18322377,315,2.6012776,4.19509424,315,2.4308963,3.91704937,315,3.92597381,7.14300199,,,,,,,,,,,,,,,,,,
,,,,,,,,,,,,,,,,,,,33.433,1.13103002215023,33.433,1.14395656075618,33.433,1.13639089861014,33.433,1.12909441564862,33.433,1.11782137365909,,33.433,-1842.34714398988,-1914.09562257371,-1873.25065752607,-1825.12032934712,-1913.2768486626,,,330,5.23408528,5.66247805,4.80036206,4.51241238,4.35121622,,,,,,,,,,,,,,3.225,0.22321211,3.225,2.30652513,3.225,0.23622122,3.225,0.32856225,3.225,0.23758864,3.225,0.16469213,3.225,0.24770942,3.225,2.28431164,3.225,0.20762129,3.225,0.3294622,,,3.225,0.43933812,0,0,0,0,,,,320,2.14700349,4.47893508,320,1.73327168,2.20169522,320,2.59332779,4.21664374,320,2.43980792,3.97738338,320,3.97765363,7.2029452,,,,,,,,,,,,,,,,,,
,,,,,,,,,,,,,,,,,,,33.932,1.13692596074385,33.932,1.1547384881081,33.932,1.14012488656421,33.932,1.12750268678408,33.932,1.12157929634144,,33.932,-1790.02449033036,-1929.19229867181,-1758.48032898594,-1807.6478521139,-1829.41115137033,,,335,5.23629926,5.66239358,4.7856465,4.52101011,4.36132007,,,,,,,,,,,,,,3.275,0.1855274,3.275,2.39639557,3.275,0.24988752,3.275,0.31860659,3.275,0.06283351,3.275,0.31940369,3.275,0.24020366,3.275,1.89865324,3.275,0.14834858,3.275,0.47921891,,,3.275,0.21301294,0.1062022,0,0,0,,,,325,2.15497512,4.53212296,325,1.79777794,2.21915509,325,2.57076964,4.23622458,325,2.48615707,4.04359586,325,4.01921547,7.22918399,,,,,,,,,,,,,,,,,,
,,,,,,,,,,,,,,,,,,,34.431,1.13255304369725,34.431,1.15370294860551,34.431,1.13715463865795,34.431,1.13151358843338,34.431,1.11882845932015,,34.431,-1838.70945241499,-1920.76169440658,-1747.5116506429,-1900.37574545111,-1808.39301021416,,,340,5.22262617,5.66568086,4.79226584,4.5195359,4.36467194,,,,,,,,,,,,,,3.325,0.29998281,3.325,3.87477794,3.325,0.28283355,3.325,0.46364499,3.325,0.20319342,3.325,0.46480495,3.325,0.18237439,3.325,4.29795637,3.325,0.2158809,3.325,0.77485824,,,3.325,0,0,0,0,0,,,,330,2.1743902,4.6026134,330,1.80749282,2.20978551,330,2.6109661,4.38019573,330,2.55802324,4.10088843,330,4.07600314,7.28596764,,,,,,,,,,,,,,,,,,
,,,,,,,,,,,,,,,,,,,34.93,1.13406419567353,34.93,1.15087174737958,34.93,1.13752835933398,34.93,1.12879423797374,34.93,1.11645074663132,,34.93,-1839.14421785844,-1867.7181159219,-1792.05486355718,-1880.60635358229,-1844.02027529629,,,345,5.23192647,5.65999774,4.78431829,4.52485175,4.35984878,,,,,,,,,,,,,,3.375,0.18440161,3.375,2.85822488,3.375,0.2647114,3.375,1.50003125,3.375,0.15777406,3.375,1.05264883,3.375,0.23601443,3.375,4.61850747,3.375,0.28935362,3.375,1.65455392,,,3.375,0,0,0,0,0,,,,335,2.19452895,4.64755653,335,1.81973118,2.23694094,335,2.6058455,4.38467067,335,2.62434085,4.16213271,335,4.15430676,7.44317349,,,,,,,,,,,,,,,,,,
,,,,,,,,,,,,,,,,,,,35.429,1.13634877240109,35.429,1.15337768593518,35.429,1.14152352852267,35.429,1.13763338193607,35.429,1.11929482840731,,35.429,-1788.27493297672,-1886.68489314548,-1837.97998388772,-1756.05095252233,-1910.53666146421,,,350,5.23431988,5.65762712,4.80573278,4.51460062,4.365994,,,,,,,,,,,,,,3.425,0.23560133,3.425,4.96647604,3.425,0.21895927,3.425,1.01958862,3.425,0.17235138,3.425,0.43805976,3.425,0.27691849,3.425,3.61665097,3.425,0.15501636,3.425,1.89870819,,,3.425,0.09738188,0,0,0,0,,,,340,2.19173892,4.713573,340,1.81962674,2.18097506,340,2.61865783,4.46424431,340,2.63253444,4.17803464,340,4.23184705,7.50643504,,,,,,,,,,,,,,,,,,
,,,,,,,,,,,,,,,,,,,35.928,1.13570191323192,35.928,1.15381441074261,35.928,1.13800645686216,35.928,1.14533944938005,35.928,1.12178337559772,,35.928,-1785.81949679599,-1942.56305870899,-1849.59278444567,-1795.95705983257,-1970.64749784414,,,355,5.22106436,5.64706196,4.79280764,4.51129376,4.36523018,,,,,,,,,,,,,,3.475,0.17394145,3.475,4.68268692,3.475,0.24044769,3.475,2.82988436,3.475,0.17672892,3.475,1.13478568,3.475,0.21335044,3.475,4.07545725,3.475,0.15999935,3.475,1.56069957,,,3.475,0.09459974,0,0,0,0,,,,345,2.19838032,4.7874939,345,1.80314345,2.18283602,345,2.72380783,4.545406,345,2.77740417,4.28571472,345,4.28599634,7.63661642,,,,,,,,,,,,,,,,,,
,,,,,,,,,,,,,,,,,,,36.427,1.13612693681982,36.427,1.15234309246842,36.427,1.14398650825834,36.427,1.14264397916393,36.427,1.11138821932817,,36.427,-1800.17601550279,-1962.01367783566,-1774.76495665223,-1890.27904711724,-1870.78653217933,,,360,5.22938076,5.64977519,4.78968203,4.52797506,4.36082464,,,,,,,,,,,,,,3.525,0.2580115,3.525,6.34352418,3.525,0.18873748,3.525,2.75017465,3.525,0.24406717,3.525,2.20564407,3.525,0.2524151,3.525,6.82872988,3.525,0.20122576,3.525,3.03347831,,,3.525,0.09193513,0,0,0,0,,,,350,2.18685546,4.82725027,350,1.82882532,2.26723226,350,2.7685705,4.61866757,350,2.80868607,4.33302128,350,4.30729132,7.75564469,,,,,,,,,,,,,,,,,,
,,,,,,,,,,,,,,,,,,,36.926,1.13397359106898,36.926,1.15386727123666,36.926,1.14731708839494,36.926,1.13625066616709,36.926,1.1107695484242,,36.926,-1906.53569363116,-1958.49279855583,-1811.32371905829,-1820.20921668599,-1792.48061023161,,,365,5.2365599,5.66187345,4.79236028,4.51335925,4.36249193,,,,,,,,,,,,,,3.575,0.25949481,3.575,6.16732667,3.575,0.24466015,3.575,3.60961095,3.575,0.2021342,3.575,2.54645145,3.575,0.25416845,3.575,6.3734931,3.575,0.13338854,3.575,5.22816364,,,3.575,0.71505237,0.0891262,0,0,0.08937032,,,,355,2.24333827,4.87169954,355,1.8862249,2.27261453,355,2.80819387,4.65208553,355,2.88339925,4.43729234,355,4.43011422,7.94463498,,,,,,,,,,,,,,,,,,
,,,,,,,,,,,,,,,,,,,37.425,1.1329130643523,37.425,1.14782271679604,37.425,1.15466130951013,37.425,1.14356815449567,37.425,1.12310367453815,,37.425,-1860.15821419198,-1887.98660068712,-1784.97077200946,-1878.69561983671,-1734.12119340338,,,370,5.24176609,5.66577373,4.78211011,4.52562001,4.35894647,,,,,,,,,,,,,,3.625,0.361753,3.625,8.60635628,3.625,0.28044997,3.625,4.42091142,3.625,0.17950127,3.625,3.78021118,3.625,0.19605944,3.625,7.7486099,3.625,0.15568114,3.625,3.91148874,,,3.625,1.30399338,0.17336908,0,0,0,,,,360,2.31962574,5.03300035,360,1.94809474,2.33750156,360,2.88356585,4.7697555,360,2.92947025,4.51258589,360,4.45983009,8.04831264,,,,,,,,,,,,,,,,,,
,,,,,,,,,,,,,,,,,,,37.924,1.13653531227656,37.924,1.14634360305315,37.924,1.15117110661927,37.924,1.14389044639328,37.924,1.11775850731625,,37.924,-1748.49885319108,-1922.45037324749,-1839.2430480672,-1806.82643904537,-1870.37143078934,,,375,5.26182758,5.65934721,4.78023588,4.51829947,4.35906105,,,,,,,,,,,,,,3.675,0.3356055,3.675,8.12001591,3.675,0.30594595,3.675,6.07261369,3.675,0.21623356,3.675,3.29756172,3.675,0.16587901,3.675,9.80096122,3.675,0.23562592,3.675,5.58180972,,,3.675,1.60708648,0.08434186,0,0,0.3382915,,,,365,2.35816904,5.13116963,365,2.00197837,2.35405906,365,2.93000655,4.79224915,365,2.98014915,4.57911572,365,4.50971905,8.15163132,,,,,,,,,,,,,,,,,,
,,,,,,,,,,,,,,,,,,,38.423,1.13644477236793,38.423,1.14839981121201,38.423,1.1523600207189,38.423,1.15663414483505,38.423,1.12085177363696,,38.423,-1725.91566477969,-1977.02036975197,-1777.58524059746,-1882.53667877617,-2012.34289721273,,,380,5.23645092,5.66467592,4.80758116,4.52809132,4.35258846,,,,,,,,,,,,,,3.725,0.35055825,3.725,7.78000305,3.725,0.20925635,3.725,6.40324431,3.725,0.23475241,3.725,4.56755326,3.725,0.18567421,3.725,9.29501236,3.725,0.13924393,3.725,5.4329704,,,3.725,2.38751416,0.3283715,0,0.0815352,0.41158867,,,,370,2.36313873,5.17190026,370,2.01851612,2.41396879,370,2.97157745,4.91203739,370,3.01604686,4.70467184,370,4.54474094,8.27843122,,,,,,,,,,,,,,,,,,
,,,,,,,,,,,,,,,,,,,38.922,1.13316848167562,38.922,1.14617164526459,38.922,1.15457882771712,38.922,1.15636639481644,38.922,1.10556462578859,,38.922,-1718.40361961173,-2023.87784614723,-1767.36257211251,-1904.85291775813,-1999.33690243676,,,385,5.24430507,5.63369697,4.78462669,4.5250466,4.35140546,,,,,,,,,,,,,,3.775,0.30254567,3.775,9.13843072,3.775,0.21158646,3.775,8.15313165,3.775,0.26010267,3.775,5.04835632,3.775,0.25153159,3.775,10.12218146,3.775,0.19140682,3.775,7.33387175,,,3.775,3.8477603,0.23979799,0,0.55572761,1.36257726,,,,375,2.31625017,5.2139635,375,2.05772226,2.46766832,375,3.0541825,4.97626027,375,3.09748585,4.76602033,375,4.61908149,8.32783586,,,,,,,,,,,,,,,,,,
,,,,,,,,,,,,,,,,,,,39.421,1.13516858870787,39.421,1.13957921183,39.421,1.15366737213109,39.421,1.15389011722282,39.421,1.1112462604277,,39.421,-1857.88990671334,-1881.58958830647,-1815.0742703655,-1877.89330482939,-1786.60347083216,,,390,5.226525,5.65399846,4.80286551,4.50085367,4.36026038,,,,,,,,,,,,,,3.825,0.33246827,3.825,7.26140933,3.825,0.19082502,3.825,9.80993266,3.825,0.24566995,3.825,7.02462522,3.825,0.22203005,3.825,9.51130795,3.825,0.20197178,3.825,9.01706912,,,3.825,4.21630219,1.08999252,0,0.69594936,1.48332739,,,,380,2.33891943,5.27633828,380,2.0528315,2.45417806,380,3.09689579,5.06259506,380,3.11490513,4.86523744,380,4.62352981,8.4241578,,,,,,,,,,,,,,,,,,
,,,,,,,,,,,,,,,,,,,39.92,1.13761198673241,39.92,1.15644054815958,39.92,1.14982535389175,39.92,1.15477985449832,39.92,1.11303048119113,,39.92,-1904.64337291148,-1903.60205778301,-1809.516359986,-1865.35189424058,-1719.57116565995,,,395,5.2457283,5.64192884,4.79475442,4.52569206,4.36745278,,,,,,,,,,,,,,3.875,0.346031,3.875,8.44462897,3.875,0.24543069,3.875,8.53429454,3.875,0.20944969,3.875,9.12602216,3.875,0.26109673,3.875,8.5893363,3.875,0.15894844,3.875,9.47048869,,,3.875,4.945053,1.51720792,0,1.35621099,1.2931591,,,,385,2.29945275,5.38740406,385,2.11373089,2.50410647,385,3.1878935,5.17419006,385,3.14970804,4.98429153,385,4.72507569,8.48235412,,,,,,,,,,,,,,,,,,
,,,,,,,,,,,,,,,,,,,40.419,1.13473694419358,40.419,1.14564174337638,40.419,1.15195574490568,40.419,1.15400669778528,40.419,1.11212802924018,,40.419,-1697.02525634951,-1941.18367019529,-1891.9597563031,-1760.48598066806,-1855.71669866733,,,400,5.25130815,5.63841213,4.7851625,4.52706738,4.36598774,,,,,,,,,,,,,,3.925,0.35879915,3.925,7.56348605,3.925,0.23921759,3.925,10.53644764,3.925,0.2989302,3.925,11.0075577,3.925,0.19631857,3.925,8.81252264,3.925,0.30247193,3.925,10.78773516,,,3.925,4.96817221,2.14425952,0,2.20313066,1.85356274,,,,390,2.37275028,5.48639797,390,2.1035657,2.51561916,390,3.28437864,5.21277219,390,3.20561253,5.01011879,390,4.71429557,8.53392192,,,,,,,,,,,,,,,,,,
,,,,,,,,,,,,,,,,,,,40.918,1.13175074709672,40.918,1.14774665903656,40.918,1.15102394838702,40.918,1.15268615530338,40.918,1.11506109571753,,40.918,-1629.5424109368,-1916.7895970446,-1889.81528706841,-1810.34445570102,-1958.88499722864,,,405,5.23318275,5.67242162,4.79379602,4.52315557,4.35822683,,,,,,,,,,,,,,3.975,0.37781601,3.975,8.025092,3.975,0.21203406,3.975,10.16491297,3.975,0.36965321,3.975,13.22576524,3.975,0.19850016,3.975,13.10313732,3.975,0.25175289,3.975,9.10841963,,,3.975,3.10881942,1.80228953,0,1.93324977,1.66264803,,,,395,2.42824016,5.6072306,395,2.17323158,2.57177354,395,3.38687527,5.39593624,395,3.30194682,5.18673071,395,4.82869807,8.62363343,,,,,,,,,,,,,,,,,,
,,,,,,,,,,,,,,,,,,,41.417,1.13532144660123,41.417,1.14817159461366,41.417,1.14964495992537,41.417,1.14617365586619,41.417,1.1198461215956,,41.417,-1760.84999517681,-1929.87900377662,-1765.52261336131,-1846.71452468362,-1987.89886053184,,,410,5.22188779,5.67269742,4.80016842,4.5286691,4.37600369,,,,,,,,,,,,,,4.025,0.34801616,4.025,8.46156949,4.025,0.25505201,4.025,13.18343135,4.025,0.31892723,4.025,13.21641387,4.025,0.2212562,4.025,9.00858439,4.025,0.25255244,4.025,9.41231361,,,4.025,3.17308856,1.68747921,0,1.18717779,0.91655488,,,,400,2.42566397,5.6723883,400,2.17647161,2.57791171,400,3.44125564,5.51241835,400,3.2732555,5.19714202,400,4.82078258,8.75387278,,,,,,,,,,,,,,,,,,
,,,,,,,,,,,,,,,,,,,41.916,1.14586712532411,41.916,1.1435076587747,41.916,1.15494172296171,41.916,1.15572353993358,41.916,1.12000118809577,,41.916,-1813.9637528077,-1922.8999395078,-1710.0419225815,-1939.52190251071,-1826.72259648461,,,415,5.21203455,5.66991936,4.79602241,4.51998296,4.3659627,,,,,,,,,,,,,,4.075,0.39278775,4.075,7.01692008,4.075,0.19503012,4.075,13.78795721,4.075,0.35849766,4.075,12.99723112,4.075,0.20911435,4.075,13.6942918,4.075,0.20532744,4.075,9.28593355,,,4.075,3.23328671,0.54877442,0,0.13626161,0.55027754,,,,405,2.46261535,5.82103133,405,2.23101316,2.62470166,405,3.4214608,5.58478177,405,3.35265836,5.34327914,405,4.9233139,8.77586522,,,,,,,,,,,,,,,,,,
,,,,,,,,,,,,,,,,,,,42.415,1.14479454129184,42.415,1.14370679418838,42.415,1.15638419995241,42.415,1.15725111437107,42.415,1.12152467864604,,42.415,-1864.95553505959,-1857.22772711006,-1814.27742914152,-1878.85853628391,-1750.03657743298,,,420,5.23622261,5.67821,4.79489929,4.52622966,4.35880798,,,,,,,,,,,,,,4.125,0.44179651,4.125,7.35136404,4.125,0.32159348,4.125,11.04575142,4.125,0.35646071,4.125,13.08672874,4.125,0.29623892,4.125,13.26459126,4.125,0.30057005,4.125,10.06909675,,,4.125,2.95397276,0.46860764,0,0.46542425,0.6041458,,,,410,2.50770101,5.96446395,410,2.27576291,2.64644223,410,3.52787742,5.70643761,410,3.45008012,5.44943524,410,5.05315575,8.95838728,,,,,,,,,,,,,,,,,,
,,,,,,,,,,,,,,,,,,,42.914,1.14035992990605,42.914,1.15152128368612,42.914,1.14859035466372,42.914,1.15828490283353,42.914,1.12431448388686,,42.914,-1751.95370452512,-1870.23541352443,-1905.70163587741,-1841.43627080007,-1835.80470433176,,,425,5.23800609,5.67241321,4.77883995,4.52938182,4.37028295,,,,,,,,,,,,,,4.175,0.36151248,4.175,8.15940019,4.175,0.31393685,4.175,11.46894618,4.175,0.53484885,4.175,11.39936895,4.175,0.30203866,4.175,12.55934568,4.175,0.2542921,4.175,7.07714482,,,4.175,2.88364344,0.65350121,0,0.45434325,0.78634942,,,,415,2.59342803,6.10162866,415,2.22813751,2.5933298,415,3.66064619,5.76622876,415,3.5492252,5.57139351,415,5.15510933,9.10297156,,,,,,,,,,,,,,,,,,
,,,,,,,,,,,,,,,,,,,43.413,1.15361322026662,43.413,1.15075962992362,43.413,1.14774381383906,43.413,1.16708429811332,43.413,1.12078832501547,,43.413,-1701.75335761809,-1947.85341413602,-1921.91464361177,-1855.38172301294,-1989.22019338436,,,430,5.22932131,5.65775988,4.77395405,4.51420142,4.37042637,,,,,,,,,,,,,,4.225,0.35919981,4.225,7.48745801,4.225,0.3753679,4.225,10.91194478,4.225,0.47821834,4.225,13.43415986,4.225,0.31375765,4.225,14.16521685,4.225,0.32471182,4.225,5.66287863,,,4.225,2.68780544,0.8933756,0,0.19013714,1.15177192,,,,420,2.66886609,6.24017151,420,2.20883976,2.59350646,420,3.76251728,5.83547425,420,3.65765786,5.69470138,420,5.28093824,9.21474034,,,,,,,,,,,,,,,,,,
,,,,,,,,,,,,,,,,,,,43.912,1.14641639049121,43.912,1.153341655349,43.912,1.13468497494025,43.912,1.1541388116129,43.912,1.12010261383493,,43.912,-1760.6968921539,-1957.47903111954,-1728.69774836429,-1875.86592594124,-2026.252753392,,,435,5.23965222,5.66173179,4.78096984,4.53045637,4.36687171,,,,,,,,,,,,,,4.275,0.37504303,4.275,6.37573145,4.275,0.34219622,4.275,12.52804812,4.275,0.45480545,4.275,10.30994783,4.275,0.44130427,4.275,11.32864834,4.275,0.2798477,4.275,5.71868774,,,4.275,2.75031553,0.56095738,0,0.43333628,1.12498775,,,,425,2.72806914,6.35634361,425,2.23145625,2.58309403,425,3.80583978,6.04151863,425,3.80699682,5.8909519,425,5.27957337,9.27285844,,,,,,,,,,,,,,,,,,
,,,,,,,,,,,,,,,,,,,44.411,1.13861856019321,44.411,1.14951750206138,44.411,1.15134933246129,44.411,1.1588195210346,44.411,1.12563231135403,,44.411,-1817.01151572948,-1877.62619094589,-1794.60957153783,-1884.80293813448,-1790.86075268858,,,440,5.23861191,5.6889822,4.79966711,4.5175082,4.36479387,,,,,,,,,,,,,,4.325,0.5496326,4.325,6.59559118,4.325,0.38209142,4.325,11.23527881,4.325,0.45035535,4.325,7.50892494,4.325,0.39522981,4.325,12.15690973,4.325,0.39493235,4.325,4.8544781,,,4.325,2.62602241,1.46149968,0,0.54433924,0.67168879,,,,430,2.85802402,6.57603969,430,2.20099514,2.63908843,430,4.03443852,6.1436102,430,3.83197457,5.89939684,430,5.38455479,9.40159097,,,,,,,,,,,,,,,,,,
,,,,,,,,,,,,,,,,,,,44.91,1.14356500302493,44.91,1.15347452482922,44.91,1.15064019995722,44.91,1.15639328941278,44.91,1.12954165446665,,44.91,-1790.50647092058,-1920.71333982582,-1779.52744352516,-1880.22312765513,-1773.20324714314,,,445,5.24499524,5.68507424,4.78394727,4.51123824,4.37617267,,,,,,,,,,,,,,4.375,0.49093577,4.375,5.72950925,4.375,0.3734079,4.375,7.94483657,4.375,0.46359354,4.375,5.19048718,4.375,0.40380442,4.375,8.86614056,4.375,0.32657901,4.375,2.95390712,,,4.375,1.9695188,1.07121392,0,0.70929125,1.25317272,,,,435,2.91479038,6.72849184,435,2.28372849,2.67371667,435,4.09863949,6.33374812,435,3.89010988,5.98531166,435,5.54548921,9.62720436,,,,,,,,,,,,,,,,,,
,,,,,,,,,,,,,,,,,,,45.409,1.14141719986863,45.409,1.15615323941146,45.409,1.15082791082648,45.409,1.16033988516179,45.409,1.13220795494808,,45.409,-1791.27165684537,-1936.78037414462,-1794.58079557034,-1913.18961571391,-1878.82703589305,,,450,5.25362499,5.69414636,4.79973401,4.51285802,4.36855613,,,,,,,,,,,,,,4.425,0.47425805,4.425,5.68827361,4.425,0.43916116,4.425,5.75928497,4.425,0.39007568,4.425,3.9366093,4.425,0.38328909,4.425,6.93352794,4.425,0.47595851,4.425,2.53752637,,,4.425,1.92526184,1.3961903,0,0.5200146,0.81667515,,,,440,2.93415057,6.91124454,440,2.34540715,2.71267246,440,4.13722822,6.41935662,440,4.07625954,6.1552141,440,5.7234013,9.91032181,,,,,,,,,,,,,,,,,,
,,,,,,,,,,,,,,,,,,,45.908,1.14250276983087,45.908,1.15514158331909,45.908,1.1493830597608,45.908,1.15232681938951,45.908,1.12920009050401,,45.908,-1730.72657499422,-1967.8776773473,-1855.93808010125,-1815.07684884822,-2029.5875012786,,,455,5.21201984,5.71448105,4.77276065,4.49849215,4.37109857,,,,,,,,,,,,,,4.475,0.39195332,4.475,4.36393096,4.475,0.27325609,4.475,3.49823566,4.475,0.48236855,4.475,3.42145132,4.475,0.45867606,4.475,6.77945596,4.475,0.35754966,4.475,2.22446966,,,4.475,1.71134547,1.30828325,0,0.73444106,1.36890441,,,,445,3.03344481,7.01427684,445,2.37833625,2.79973572,445,4.13659931,6.51181826,445,4.18200283,6.24992226,445,6.03822171,10.10191944,,,,,,,,,,,,,,,,,,
,,,,,,,,,,,,,,,,,,,46.407,1.1491944369902,46.407,1.15438952471227,46.407,1.15609221738221,46.407,1.15807269411657,46.407,1.12160530608026,,46.407,-1803.61752858963,-1946.84491658585,-1846.90434395052,-1817.17821778942,-1947.68376666011,,,460,5.23307841,5.68407184,4.79657534,4.51487353,4.37261967,,,,,,,,,,,,,,4.525,0.50751965,4.525,3.76590379,4.525,0.44178178,4.525,4.00548818,4.525,0.61439485,4.525,3.59722697,4.525,0.39935957,4.525,3.72963543,4.525,0.36079307,4.525,1.08779111,,,4.525,1.45057035,1.39079451,0,1.60236189,1.00411487,,,,450,3.22584091,7.29110972,450,2.48526095,2.93014611,450,4.2730944,6.56939576,450,4.39903177,6.35474369,450,6.17170378,10.34231567,,,,,,,,,,,,,,,,,,
,,,,,,,,,,,,,,,,,,,46.906,1.14518626674113,46.906,1.1589775820192,46.906,1.15228931783401,46.906,1.17006480591453,46.906,1.12602808090483,,46.906,-1901.68838599722,-1958.40251353673,-1815.42670791879,-1906.52199240339,-1755.74731299707,,,465,5.26146441,5.69065289,4.78472069,4.52402838,4.38292689,,,,,,,,,,,,,,4.575,0.55986838,4.575,2.86536411,4.575,0.46419142,4.575,3.91841582,4.575,0.499077,4.575,2.04594738,4.575,0.4495475,4.575,2.27021488,4.575,0.48327007,4.575,1.55528799,,,4.575,1.52819419,1.30613861,0,1.62158206,1.03685866,,,,455,3.42829203,7.46177779,455,2.5251541,2.99382878,455,4.40019739,6.84580934,455,4.63390296,6.52645049,455,6.31616991,10.50513253,,,,,,,,,,,,,,,,,,
,,,,,,,,,,,,,,,,,,,47.405,1.14807729236464,47.405,1.15240624866722,47.405,1.14574832055928,47.405,1.16456421394526,47.405,1.12216469427352,,47.405,-1811.03968458857,-1873.14698876398,-1752.96147184276,-1912.26528135946,-1757.22190883062,,,470,5.24368549,5.6821676,4.77662845,4.52396759,4.37876055,,,,,,,,,,,,,,4.625,0.5168195,4.625,2.80374578,4.625,0.53252112,4.625,3.59451759,4.625,0.57236085,4.625,1.84179421,4.625,0.56032357,4.625,3.64943457,4.625,0.40380557,4.625,2.24271488,,,4.625,1.01468895,1.91707605,0,2.59162745,1.01456149,,,,460,3.57808075,7.83579817,460,2.62344966,3.05235885,460,4.6011378,7.01314396,460,4.83803138,6.73523647,460,6.58243594,10.8001161,,,,,,,,,,,,,,,,,,
,,,,,,,,,,,,,,,,,,,47.904,1.14218911509483,47.904,1.15193268364715,47.904,1.14390477769919,47.904,1.16326962230455,47.904,1.12173458382281,,47.904,-1737.04415822836,-1787.78533098999,-1770.73511031653,-1814.30965481729,-1907.62710388059,,,475,5.24158527,5.67702255,4.78604418,4.53147685,4.37459137,,,,,,,,,,,,,,4.675,0.54123142,4.675,2.66569121,4.675,0.51097188,4.675,3.36168401,4.675,0.57560132,4.675,1.95935717,4.675,0.45102241,4.675,2.40707586,4.675,0.48361749,4.675,1.72464235,,,4.675,1.20217447,1.98052701,0,1.55295217,0.9929759,,,,465,3.58885384,8.17223076,465,2.56890652,3.13625395,465,4.8648053,7.20672943,465,5.18044209,6.97562365,465,6.7625344,11.02171277,,,,,,,,,,,,,,,,,,
,,,,,,,,,,,,,,,,,,,48.403,1.14076657425516,48.403,1.15531516203318,48.403,1.15138021623416,48.403,1.15639799485043,48.403,1.12272430317917,,48.403,-1804.43168861287,-1936.75830590841,-1695.5530824971,-1838.65504316871,-2084.36334512196,,,480,5.22979037,5.68091814,4.78174319,4.52088255,4.38161038,,,,,,,,,,,,,,4.725,0.6239208,4.725,1.84205187,4.725,0.48020638,4.725,3.36744725,4.725,0.42261289,4.725,2.07155781,4.725,0.59706567,4.725,2.73646739,4.725,0.48870859,4.725,0.7674252,,,4.725,1.53504323,2.75518411,0,2.02701288,1.07439529,,,,470,4.00597768,8.63083898,470,2.7209011,3.13886984,470,5.14322369,7.46265378,470,5.58059949,6.97263563,470,7.08772154,11.2799306,,,,,,,,,,,,,,,,,,
,,,,,,,,,,,,,,,,,,,48.902,1.14813400902567,48.902,1.15553162530595,48.902,1.14739129665845,48.902,1.16229808210877,48.902,1.12566726349832,,48.902,-1904.72659404748,-2077.30883381377,-1767.00989231716,-1812.09379756439,-1913.51847356322,,,485,5.22766891,5.69279472,4.78167004,4.53699248,4.37977488,,,,,,,,,,,,,,4.775,0.48485946,4.775,1.65337076,4.775,0.56816129,4.775,3.52211021,4.775,0.54189244,4.775,2.10352793,4.775,0.6042786,4.775,3.12603635,4.775,0.43366557,4.775,1.50287553,,,4.775,1.75357505,2.34807347,0,1.53820836,1.35258797,,,,475,4.08194409,9.0910316,475,2.93624793,3.30646976,475,5.49582372,7.63331174,475,5.62100757,7.1214648,475,7.43540412,11.83724864,,,,,,,,,,,,,,,,,,
,,,,,,,,,,,,,,,,,,,49.401,1.14696819169532,49.401,1.15049611377036,49.401,1.14691344961575,49.401,1.15670855630898,49.401,1.12735562870197,,49.401,-1747.60538481603,-1931.52816339884,-1899.28057190795,-1916.42883757997,-1716.02778870872,,,490,5.25581792,5.67637948,4.77696816,4.53676175,4.38401466,,,,,,,,,,,,,,4.825,0.60307565,4.825,2.35531907,4.825,0.50847747,4.825,3.66967232,4.825,0.64651321,4.825,1.76584952,4.825,0.6495582,4.825,2.77000485,4.825,0.483307,4.825,2.42861769,,,4.825,1.76648931,2.5932351,0,1.11772125,1.03032266,,,,480,4.08142194,9.52501897,480,3.02224167,3.34209658,480,5.97043109,8.29325185,480,5.63635528,7.27193468,480,7.61135421,11.9816566,,,,,,,,,,,,,,,,,,
,,,,,,,,,,,,,,,,,,,49.9,1.15090212073991,49.9,1.15599745123389,49.9,1.14994091196962,49.9,1.15550482446961,49.9,1.12699305944848,,49.9,-1762.18020403382,-1816.83143151715,-1849.01045979096,-1919.00350663004,-1784.20824938263,,,495,5.25055928,5.66060998,4.78493013,4.52510999,4.37382669,,,,,,,,,,,,,,4.875,0.58146498,4.875,2.81196462,4.875,0.60148014,4.875,3.37909665,4.875,0.59550941,4.875,1.80188858,4.875,0.66929583,4.875,3.28473425,4.875,0.60256502,4.875,1.0092964,,,4.875,2.25918525,2.39652245,0,1.42814532,1.53797547,,,,485,4.31900075,10.0188121,485,3.31208094,3.76283154,485,6.82391715,8.95545164,485,6.17434348,7.91809789,485,7.80114479,12.28826536,,,,,,,,,,,,,,,,,,
,,,,,,,,,,,,,,,,,,,50.399,1.1516357944269,50.399,1.15509606764793,50.399,1.15323396678449,50.399,1.15484269819961,50.399,1.12950635214585,,50.399,-1798.08842306476,-1818.2619366903,-1746.77349259841,-1917.3357081864,-1974.9225220462,,,500,5.22648298,5.67107243,4.76912495,4.53175209,4.37924191,,,,,,,,,,,,,,4.925,0.56060311,4.925,2.54322388,4.925,0.56630877,4.925,3.8743807,4.925,0.55106381,4.925,1.41239043,4.925,0.60497568,4.925,3.91802571,4.925,0.54353586,4.925,1.83654209,,,4.925,2.91999779,2.20722295,0,0.37314531,0.98890728,,,,490,4.52272982,10.59162642,490,3.65858954,4.35454963,490,7.09995779,9.5178806,490,6.85682165,8.50014523,490,9.04459561,12.96804085,,,,,,,,,,,,,,,,,,
,,,,,,,,,,,,,,,,,,,50.898,1.14685947707883,50.898,1.15983858745468,50.898,1.15852167630589,50.898,1.15394815405351,50.898,1.12995629025857,,50.898,-1798.54002675738,-2040.35349147265,-1734.22256497026,-1762.95399730261,-1941.42184014099,,,,0.0104967119274376,0.011347351201814,0.00779332961451262,0.00711977473922924,0.00600576077097506,,,,,,,,,,,,,,4.975,0.53152504,4.975,2.70005788,4.975,0.83924254,4.975,3.7968957,4.975,0.57181013,4.975,2.69907997,4.975,0.64718588,4.975,3.77110233,4.975,0.51888968,4.975,2.42282449,,,4.975,2.58467079,1.70285019,0,0.82278596,0.87683172,,,,495,6.00563435,13.01436898,495,3.99619489,4.51317464,495,7.75533643,10.71567021,495,7.64866552,9.31611853,495,10.13266146,13.85637425,,,,,,,,,,,,,,,,,,
,,,,,,,,,,,,,,,,,,,51.397,1.14834204022845,51.397,1.15776437074284,51.397,1.15206280160035,51.397,1.15991580598725,51.397,1.13281795693723,,51.397,-1850.72761571373,-2015.45329741277,-1814.4617339101,-1756.81089030788,-1782.24050034428,,,,5.23719049952381,5.67723518523809,4.78563460238095,4.52309933809524,4.37240753380952,,,,,,,,,,,,,,5.025,0.48597492,5.025,3.25734542,5.025,0.65013866,5.025,4.73672452,5.025,0.52490102,5.025,2.10294033,5.025,0.70534928,5.025,3.69642951,5.025,0.51311599,5.025,2.23914368,,,5.025,1.85487725,1.62401984,0,0.62727289,0.81423406,,,,,,,,,,,,,,,,,,,,,,,,,,,,,,,,,,,,
,,,,,,,,,,,,,,,,,,,51.896,1.14274232914762,51.896,1.15560592843443,51.896,1.13957874518539,51.896,1.16269812896946,51.896,1.13134062116435,,51.896,-1808.75034014522,-1872.82667723152,-1767.3217409538,-1901.45288712078,-1760.83768953956,,,,,,,,,,,,,,,,,,,,,,5.075,0.60950789,5.075,3.99184745,5.075,0.67207922,5.075,3.78142118,5.075,0.53641465,5.075,2.12821423,5.075,0.61323414,5.075,3.09683243,5.075,0.60896158,5.075,2.66089736,,,5.075,1.99592373,1.59217734,0,0.48319371,0.3991346,,,,,,,,,,,,,,,,,,,,,,,,,,,,,,,,,,,,
,,,,,,,,,,,,,,,,,,,52.395,1.14967749258056,52.395,1.16734976921084,52.395,1.15414172226422,52.395,1.1625422747406,52.395,1.13346443082984,,52.395,-1812.05169607444,-1873.74950164573,-1813.02654316666,-1966.61400104593,-1916.42969509817,,,,,,,,,,,,,,,,,,,,,,5.125,0.53874764,5.125,3.58814345,5.125,0.71005119,5.125,4.03326083,5.125,0.55593408,5.125,2.99990581,5.125,0.60132706,5.125,4.78118986,5.125,0.5884833,5.125,2.73969264,,,5.125,1.87018386,1.47452546,0,0.51688539,0.30441029,,,,,,,,,,,,,,,,,,,,,,,,,,,,,,,,,,,,
,,,,,,,,,,,,,,,,,,,52.894,1.14991633896824,52.894,1.15805899113095,52.894,1.15201498599974,52.894,1.15805914110542,52.894,1.1375431214671,,52.894,-1769.7349812197,-1857.44126025684,-1800.76109611622,-1852.06285552917,-1971.90409707814,,,,,,,,,,,,,,,,,,,,,,5.175,0.52013138,5.175,3.3271896,5.175,0.65052634,5.175,3.82809729,5.175,0.60396189,5.175,2.75033338,5.175,0.57303256,5.175,3.86546017,5.175,0.56019117,5.175,2.43110237,,,5.175,2.09015757,0.76561946,0,0.2534728,0.25590551,,,,,,,,,,,,,,,,,,,,,,,,,,,,,,,,,,,,
,,,,,,,,,,,,,,,,,,,53.393,1.14639691087006,53.393,1.15641211591403,53.393,1.14613534195538,53.393,1.15152901783253,53.393,1.13444841539209,,53.393,-1765.32072096,-2077.29489637757,-1732.85841681418,-1804.70222612535,-1967.94065792338,,,,,,,,,,,,,,,,,,,,,,5.225,0.60741002,5.225,3.7659421,5.225,0.65040758,5.225,4.2558745,5.225,0.63360113,5.225,3.45086331,5.225,0.62366376,5.225,4.78641417,5.225,0.63278198,5.225,3.8909847,,,5.225,1.84112725,0.66758816,0,0.08288163,0.33470836,,,,,,,,,,,,,,,,,,,,,,,,,,,,,,,,,,,,
,,,,,,,,,,,,,,,,,,,53.892,1.15865617849599,53.892,1.15693927426035,53.892,1.14957479701942,53.892,1.15688770212668,53.892,1.13062258538209,,53.892,-1879.02726936469,-2004.51773963584,-1741.17992726848,-1897.18730638526,-1840.71171047721,,,,,,,,,,,,,,,,,,,,,,5.275,0.68335576,5.275,4.18754055,5.275,0.69031076,5.275,3.86854963,5.275,0.52476674,5.275,3.63199133,5.275,0.62799942,5.275,4.81808398,5.275,0.66985698,5.275,3.14026091,,,5.275,2.38115051,0.65499253,0,0.32527149,0.61573743,,,,,,,,,,,,,,,,,,,,,,,,,,,,,,,,,,,,
,,,,,,,,,,,,,,,,,,,54.391,1.15419391224375,54.391,1.16031972027873,54.391,1.15168025289532,54.391,1.16103343547875,54.391,1.13722176138432,,54.391,-1830.51818672294,-1888.61952220279,-1833.42193350663,-1858.36132882529,-1875.31455048582,,,,,,,,,,,,,,,,,,,,,,5.325,0.72516548,5.325,4.04884061,5.325,0.67740813,5.325,3.49495334,5.325,0.58626022,5.325,3.26206279,5.325,0.62021185,5.325,5.08711979,5.325,0.5731655,5.325,3.50452623,,,5.325,3.06180981,0.84360943,0,0.27929285,0.84592013,,,,,,,,,,,,,,,,,,,,,,,,,,,,,,,,,,,,
,,,,,,,,,,,,,,,,,,,54.89,1.1623926345098,54.89,1.15013656050418,54.89,1.14635754924972,54.89,1.15766331440816,54.89,1.13742538153729,,54.89,-1764.56238267267,-1889.03007595729,-1845.56894565905,-1784.93777766631,-1913.59711329007,,,,,,,,,,,,,,,,,,,,,,5.375,0.58928752,5.375,4.38904409,5.375,0.5991506,5.375,4.1399374,5.375,0.58706746,5.375,4.62461416,5.375,0.60097229,5.375,5.16913717,5.375,0.59402305,5.375,3.49893343,,,5.375,4.23088034,0.94627141,0,0.54824182,0.83025539,,,,,,,,,,,,,,,,,,,,,,,,,,,,,,,,,,,,
,,,,,,,,,,,,,,,,,,,55.389,1.16619572065174,55.389,1.15437590193878,55.389,1.15086656157119,55.389,1.16483650542242,55.389,1.13971038680949,,55.389,-1815.46044213299,-1896.43827550512,-1756.11102132435,-1860.38310313004,-1958.75962882098,,,,,,,,,,,,,,,,,,,,,,5.425,0.60852587,5.425,4.01739767,5.425,0.67163772,5.425,3.25118192,5.425,0.6182777,5.425,4.42335713,5.425,0.6470371,5.425,5.59325512,5.425,0.58312385,5.425,3.55116632,,,5.425,3.68746646,0.69668184,0,0.65350747,1.31955907,,,,,,,,,,,,,,,,,,,,,,,,,,,,,,,,,,,,
,,,,,,,,,,,,,,,,,,,55.888,1.16649288118799,55.888,1.15695842821857,55.888,1.15460489238608,55.888,1.16829403355441,55.888,1.13740107910796,,55.888,-1897.51797249784,-1888.3068330503,-1753.94374955329,-1768.73275124374,-1937.3510852604,,,,,,,,,,,,,,,,,,,,,,5.475,0.68966301,5.475,5.08764774,5.475,0.6407986,5.475,3.87608641,5.475,0.55832379,5.475,3.71435204,5.475,0.69880043,5.475,5.32172026,5.475,0.70522564,5.475,3.25797185,,,5.475,3.73475265,0.7220161,0,0.90582473,1.44798749,,,,,,,,,,,,,,,,,,,,,,,,,,,,,,,,,,,,
,,,,,,,,,,,,,,,,,,,56.387,1.16381754481801,56.387,1.16350073022654,56.387,1.16212512120152,56.387,1.16163767005567,56.387,1.14149250232784,,56.387,-1910.13910257825,-1911.29494985242,-1795.53119725561,-1800.30103125079,-1837.34693126912,,,,,,,,,,,,,,,,,,,,,,5.525,0.68810176,5.525,3.98555781,5.525,0.6914466,5.525,3.30248068,5.525,0.64393443,5.525,4.26468575,5.525,0.74125334,5.525,6.50449804,5.525,0.75209077,5.525,4.54633283,,,5.525,2.99384624,0.67169099,0,1.11188001,1.45931671,,,,,,,,,,,,,,,,,,,,,,,,,,,,,,,,,,,,
,,,,,,,,,,,,,,,,,,,56.886,1.16231426805108,56.886,1.16222986629215,56.886,1.15663874823259,56.886,1.1635037535008,56.886,1.14225193990268,,56.886,-1841.7348029329,-1909.58931824909,-1823.63105644999,-1891.4377742119,-1806.45499492013,,,,,,,,,,,,,,,,,,,,,,5.575,0.75050985,5.575,3.74899232,5.575,0.72940335,5.575,4.78280199,5.575,0.76615093,5.575,4.68454314,5.575,0.69197658,5.575,6.98896345,5.575,0.77522831,5.575,3.91389735,,,5.575,3.27117957,0.98954524,0,0.91002128,1.61700923,,,,,,,,,,,,,,,,,,,,,,,,,,,,,,,,,,,,
,,,,,,,,,,,,,,,,,,,57.385,1.16333781224197,57.385,1.15511707222835,57.385,1.15114941705682,57.385,1.16600102940106,57.385,1.13921382672384,,57.385,-1820.90857132989,-1948.29121069704,-1821.0557665165,-1896.05628116146,-1976.20580330836,,,,,,,,,,,,,,,,,,,,,,5.625,0.81409409,5.625,3.41185785,5.625,0.75884822,5.625,3.8881265,5.625,0.69934173,5.625,5.79264396,5.625,0.70451133,5.625,7.07980787,5.625,0.7794679,5.625,3.14068093,,,5.625,2.70782369,0.64802108,0,1.53753403,1.19129277,,,,,,,,,,,,,,,,,,,,,,,,,,,,,,,,,,,,
,,,,,,,,,,,,,,,,,,,57.884,1.16792385348122,57.884,1.16188001804931,57.884,1.15519723121538,57.884,1.16197067102336,57.884,1.13901328613603,,57.884,-1846.66128247794,-1982.40313221748,-1769.10798255508,-1753.82419127117,-2028.88584235593,,,,,,,,,,,,,,,,,,,,,,5.675,0.78608143,5.675,3.56482778,5.675,0.74206783,5.675,3.66075238,5.675,0.76380184,5.675,5.37189857,5.675,0.73736775,5.675,6.53405218,5.675,0.88577944,5.675,5.10717135,,,5.675,2.66031924,1.16719641,0,1.3700432,1.06399403,,,,,,,,,,,,,,,,,,,,,,,,,,,,,,,,,,,,
,,,,,,,,,,,,,,,,,,,58.383,1.1660757127009,58.383,1.1680492504287,58.383,1.16037260496099,58.383,1.16515326310657,58.383,1.14017955482093,,58.383,-1807.79821551467,-1940.09137236851,-1761.41336157249,-1855.33429302832,-1908.66710618202,,,,,,,,,,,,,,,,,,,,,,5.725,0.89046485,5.725,3.3982702,5.725,0.78027216,5.725,3.80561562,5.725,0.7813619,5.725,5.90562236,5.725,0.77580922,5.725,5.95442119,5.725,0.88771312,5.725,4.18196103,,,5.725,2.96259453,1.28591578,0,1.41525373,1.01064058,,,,,,,,,,,,,,,,,,,,,,,,,,,,,,,,,,,,
,,,,,,,,,,,,,,,,,,,58.882,1.16870094229491,58.882,1.16127794745966,58.882,1.15739053798213,58.882,1.16604591900664,58.882,1.13923659987044,,58.882,-1936.31818622663,-1907.4939042432,-1782.40898834227,-1866.05439895833,-1809.52001996965,,,,,,,,,,,,,,,,,,,,,,5.775,0.87842721,5.775,3.33968079,5.775,0.80700221,5.775,3.63753735,5.775,0.78136224,5.775,4.8793041,5.775,0.79937965,5.775,6.20795549,5.775,0.97123558,5.775,3.7502473,,,5.775,2.50047895,1.09296897,0,1.45869992,1.06171385,,,,,,,,,,,,,,,,,,,,,,,,,,,,,,,,,,,,
,,,,,,,,,,,,,,,,,,,59.381,1.17334403044424,59.381,1.16351061368429,59.381,1.15873773228876,59.381,1.17003816494303,59.381,1.14487919983427,,59.381,-1869.01457641249,-1954.645205692,-1830.87996898883,-1893.09162459786,-1767.45368222502,,,,,,,,,,,,,,,,,,,,,,5.825,0.90576777,5.825,2.82808067,5.825,0.99726936,5.825,5.69035971,5.825,0.82097188,5.825,5.70459594,5.825,0.96068561,5.825,6.15185428,5.825,1.12881245,5.825,3.53465679,,,5.825,2.08739288,1.41000064,0,1.23370519,0.94257514,,,,,,,,,,,,,,,,,,,,,,,,,,,,,,,,,,,,
,,,,,,,,,,,,,,,,,,,59.88,1.16855031202585,59.88,1.16452042937633,59.88,1.1499574667992,59.88,1.16903061348293,59.88,1.14622446732478,,59.88,-1739.66951779926,-1953.66852795604,-1856.96835569088,-1833.17869359215,-1904.70046894818,,,,,,,,,,,,,,,,,,,,,,5.875,1.00572183,5.875,2.87943927,5.875,0.91565621,5.875,4.55433809,5.875,0.93722799,5.875,5.95530288,5.875,0.93466708,5.875,6.04758808,5.875,1.04382409,5.875,3.4747488,,,5.875,2.71395425,1.1220833,0,1.08168242,0.82732114,,,,,,,,,,,,,,,,,,,,,,,,,,,,,,,,,,,,
,,,,,,,,,,,,,,,,,,,60.379,1.16976417137629,60.379,1.16430341562795,60.379,1.15541558133178,60.379,1.16535916238501,60.379,1.14344793655725,,60.379,-1723.35467818402,-1898.26326358256,-1852.74046842601,-1801.67336699525,-2035.44190138842,,,,,,,,,,,,,,,,,,,,,,5.925,0.99511756,5.925,3.46559138,5.925,1.05614408,5.925,4.57513981,5.925,0.99506679,5.925,7.17263976,5.925,0.92214959,5.925,6.42936095,5.925,1.06513101,5.925,3.17232597,,,5.925,2.0826089,1.3628076,0,1.12795806,0.5531235,,,,,,,,,,,,,,,,,,,,,,,,,,,,,,,,,,,,
,,,,,,,,,,,,,,,,,,,60.878,1.16788566352938,60.878,1.17034055476453,60.878,1.15125930896193,60.878,1.16463126234117,60.878,1.14514138108582,,60.878,-1904.84135770708,-1902.26392830465,-1720.4593799266,-1861.78861246026,-1941.96243348902,,,,,,,,,,,,,,,,,,,,,,5.975,0.99091914,5.975,2.83186112,5.975,1.04479837,5.975,4.88177345,5.975,1.02882267,5.975,5.4697499,5.975,1.04483738,5.975,6.13206586,5.975,1.15880256,5.975,3.9353126,,,5.975,2.75186504,0.95721048,0,1.1091592,0.73587146,,,,,,,,,,,,,,,,,,,,,,,,,,,,,,,,,,,,
,,,,,,,,,,,,,,,,,,,61.377,1.17368181846455,61.377,1.16893084758499,61.377,1.14892709774445,61.377,1.16793473925092,61.377,1.143521065145,,61.377,-2016.05289041754,-1966.31725915942,-1716.57939464349,-1867.18607755522,-1755.99504797681,,,,,,,,,,,,,,,,,,,,,,6.025,0.95626805,6.025,3.39871066,6.025,1.06752303,6.025,4.28332078,6.025,0.99325227,6.025,5.6624662,6.025,1.07385457,6.025,5.37621588,6.025,1.13025653,6.025,4.29505307,,,6.025,2.45462437,0.97276882,0,0.93499407,0.72370858,,,,,,,,,,,,,,,,,,,,,,,,,,,,,,,,,,,,
,,,,,,,,,,,,,,,,,,,61.876,1.17515089692818,61.876,1.17816980084819,61.876,1.15061388193592,61.876,1.1628051361346,61.876,1.13758419626464,,61.876,-1766.82219192369,-1986.45786732285,-1787.86558525745,-1869.12469947873,-1769.61549428854,,,,,,,,,,,,,,,,,,,,,,6.075,1.0604125,6.075,3.01798191,6.075,1.09541309,6.075,4.58348677,6.075,1.05001428,6.075,5.1519179,6.075,0.89842022,6.075,6.34569982,6.075,1.21643385,6.075,4.64246588,,,6.075,2.84773678,1.32720492,0,0.98097775,0.92849318,,,,,,,,,,,,,,,,,,,,,,,,,,,,,,,,,,,,
,,,,,,,,,,,,,,,,,,,62.375,1.17303758785341,62.375,1.16765067686849,62.375,1.14936283369931,62.375,1.17416409219254,62.375,1.13728606879346,,62.375,-1733.04612133277,-1965.40297441483,-1760.49598938365,-1847.75497775059,-1984.72669043946,,,,,,,,,,,,,,,,,,,,,,6.125,1.03432998,6.125,3.19728783,6.125,1.06867149,6.125,4.00796461,6.125,1.07785175,6.125,5.15946674,6.125,0.97338763,6.125,4.61403652,6.125,1.10576969,6.125,4.4299709,,,6.125,2.80143315,0.91090105,0,1.08565565,0.66982378,,,,,,,,,,,,,,,,,,,,,,,,,,,,,,,,,,,,
,,,,,,,,,,,,,,,,,,,62.874,1.17501020918271,62.874,1.18096622252053,62.874,1.15850789061363,62.874,1.16869228246783,62.874,1.13906379111382,,62.874,-1734.29488532008,-1912.65145161294,-1780.02316373916,-1926.65856797532,-1954.51798367362,,,,,,,,,,,,,,,,,,,,,,6.175,1.05243897,6.175,3.10078094,6.175,1.13344132,6.175,4.16737378,6.175,1.04868445,6.175,5.03132877,6.175,1.10457286,6.175,4.22807578,6.175,1.10581895,6.175,5.97611686,,,6.175,2.72629049,1.04557765,0,1.00880405,0.47928757,,,,,,,,,,,,,,,,,,,,,,,,,,,,,,,,,,,,
,,,,,,,,,,,,,,,,,,,63.373,1.18637089057824,63.373,1.1734661428226,63.373,1.15781568152431,63.373,1.16805507446749,63.373,1.13687828923425,,63.373,-1932.84912884155,-1901.33115803699,-1814.70750503643,-1823.51375552609,-1791.85563948005,,,,,,,,,,,,,,,,,,,,,,6.225,0.9557193,6.225,3.05116952,6.225,1.12395244,6.225,3.96841668,6.225,0.96523779,6.225,5.61388673,6.225,1.11002561,6.225,4.46698588,6.225,1.01480236,6.225,3.93507213,,,6.225,2.94798987,0.79368334,0,1.13864346,0.26528576,,,,,,,,,,,,,,,,,,,,,,,,,,,,,,,,,,,,
,,,,,,,,,,,,,,,,,,,63.872,1.18424217025932,63.872,1.17163736177356,63.872,1.1558971430036,63.872,1.16593999062403,63.872,1.13477173750798,,63.872,-1955.31212171392,-2029.82634265102,-1840.84127882643,-1751.10191103589,-1884.24516878869,,,,,,,,,,,,,,,,,,,,,,6.275,1.06127672,6.275,2.48052375,6.275,1.03520766,6.275,3.73185273,6.275,1.05261059,6.275,5.9598013,6.275,0.91033877,6.275,4.39608284,6.275,1.07951395,6.275,5.70013674,,,6.275,2.66910158,0.92573091,0,1.00563987,0.69619991,,,,,,,,,,,,,,,,,,,,,,,,,,,,,,,,,,,,
,,,,,,,,,,,,,,,,,,,64.371,1.18069689438157,64.371,1.1691583226561,64.371,1.14969429754462,64.371,1.17036127563399,64.371,1.14687328302906,,64.371,-1859.68053182651,-1971.28579567051,-1818.73821968706,-1888.51219084625,-1933.59615113635,,,,,,,,,,,,,,,,,,,,,,6.325,1.08048821,6.325,3.04111834,6.325,1.03286313,6.325,3.20327147,6.325,1.08938034,6.325,5.05242246,6.325,1.05280356,6.325,3.9026532,6.325,1.02558178,6.325,6.08147268,,,6.325,2.71273467,0.76878515,0,1.15948392,0.42827272,,,,,,,,,,,,,,,,,,,,,,,,,,,,,,,,,,,,
,,,,,,,,,,,,,,,,,,,64.87,1.17964787569729,64.87,1.17617628269726,64.87,1.15174005557255,64.87,1.17498874807523,64.87,1.1467908284738,,64.87,-1754.54292279019,-1962.67381490727,-1735.57942821303,-1950.75472839344,-1886.33116831436,,,,,,,,,,,,,,,,,,,,,,6.375,1.08264746,6.375,3.16225546,6.375,1.04420403,6.375,3.36343614,6.375,0.99773619,6.375,5.05777625,6.375,1.0115475,6.375,2.92301396,6.375,0.91447443,6.375,5.18544753,,,6.375,1.91140775,0.92494494,0,1.0856909,0.8431622,,,,,,,,,,,,,,,,,,,,,,,,,,,,,,,,,,,,
,,,,,,,,,,,,,,,,,,,65.369,1.19010796765634,65.369,1.17615912832681,65.369,1.15012255406176,65.369,1.16830579192959,65.369,1.13896339611937,,65.369,-1762.21375466153,-1974.26921992462,-1764.25755315538,-1904.21956289893,-1911.71481961168,,,,,,,,,,,,,,,,,,,,,,6.425,1.0390821,6.425,2.8641709,6.425,1.0740053,6.425,2.5248593,6.425,0.97954676,6.425,5.10384677,6.425,0.89817789,6.425,3.16546651,6.425,1.07099529,6.425,4.6070005,,,6.425,1.71573522,1.02098136,0,1.34292519,0.94076887,,,,,,,,,,,,,,,,,,,,,,,,,,,,,,,,,,,,
,,,,,,,,,,,,,,,,,,,65.868,1.18754323068866,65.868,1.17437658236255,65.868,1.15576191209139,65.868,1.17010174190069,65.868,1.13400655830426,,65.868,-1948.98782643284,-2013.63609655171,-1872.41271461494,-1795.1975607755,-1938.22878834349,,,,,,,,,,,,,,,,,,,,,,6.475,0.9756333,6.475,2.57488086,6.475,0.92163459,6.475,2.11922683,6.475,1.06896213,6.475,4.69847703,6.475,0.95115461,6.475,3.1572455,6.475,0.97048257,6.475,4.57699097,,,6.475,1.71658724,0.81508724,0,1.2413102,1.22597973,,,,,,,,,,,,,,,,,,,,,,,,,,,,,,,,,,,,
,,,,,,,,,,,,,,,,,,,66.367,1.18339790286622,66.367,1.17941783695425,66.367,1.15341606929694,66.367,1.17039328371858,66.367,1.13641396379351,,66.367,-1909.5648713637,-2022.1050949436,-1903.29873867769,-1844.26836134983,-1882.79038026708,,,,,,,,,,,,,,,,,,,,,,6.525,1.01786341,6.525,2.37458187,6.525,0.96789352,6.525,1.72568332,6.525,1.020984,6.525,3.62093162,6.525,0.97872933,6.525,2.9894656,6.525,0.91562445,6.525,3.78275691,,,6.525,1.63671744,0.93641731,0,1.5412356,1.07312253,,,,,,,,,,,,,,,,,,,,,,,,,,,,,,,,,,,,
,,,,,,,,,,,,,,,,,,,66.866,1.17734902286138,66.866,1.18039893993245,66.866,1.15030845938187,66.866,1.17943741749486,66.866,1.14287746493342,,66.866,-1865.58577716768,-1978.03334104866,-1827.24487499239,-1835.3703008864,-1824.49533873776,,,,,,,,,,,,,,,,,,,,,,6.575,1.05102927,6.575,2.10077991,6.575,1.0436434,6.575,1.81810946,6.575,1.00551484,6.575,3.72456208,6.575,0.9224423,6.575,2.63012658,6.575,0.91226767,6.575,2.45720743,,,6.575,1.82331841,1.23842239,0,1.62256565,0.92475548,,,,,,,,,,,,,,,,,,,,,,,,,,,,,,,,,,,,
,,,,,,,,,,,,,,,,,,,67.365,1.17684957049777,67.365,1.17630886970228,67.365,1.14954400974906,67.365,1.1699327070815,67.365,1.14269324623937,,67.365,-1701.51140843418,-1972.19414760002,-1823.07438842896,-1888.21719683644,-1818.85415085046,,,,,,,,,,,,,,,,,,,,,,6.625,1.02011185,6.625,1.91302456,6.625,1.06357183,6.625,1.47933173,6.625,0.98783545,6.625,2.92703832,6.625,0.86008009,6.625,1.9719314,6.625,0.88560222,6.625,2.57640329,,,6.625,1.90001079,1.27170623,0.02601812,1.52083598,0.98892248,,,,,,,,,,,,,,,,,,,,,,,,,,,,,,,,,,,,
,,,,,,,,,,,,,,,,,,,67.864,1.17972697303043,67.864,1.17273329876936,67.864,1.14692543815008,67.864,1.16345228537843,67.864,1.14043217451273,,67.864,-1737.99155320252,-1931.02410834507,-1759.36149135872,-1848.68573589824,-1870.11698893173,,,,,,,,,,,,,,,,,,,,,,6.675,0.96518736,6.675,0.96146556,6.675,0.94743975,6.675,1.61064757,6.675,0.99325962,6.675,2.3066816,6.675,0.92517964,6.675,2.05676486,6.675,0.94635865,6.675,2.11495853,,,6.675,1.33323224,1.45725257,0,2.08215702,1.12797788,,,,,,,,,,,,,,,,,,,,,,,,,,,,,,,,,,,,
,,,,,,,,,,,,,,,,,,,68.363,1.18330135891372,68.363,1.17306251508437,68.363,1.15306028220559,68.363,1.16512107723731,68.363,1.14252965690078,,68.363,-1882.62059914582,-1934.37427932973,-1794.03651297922,-1830.66311953245,-2061.79084643615,,,,,,,,,,,,,,,,,,,,,,6.725,0.99244409,6.725,1.21244401,6.725,0.9482198,6.725,1.20898024,6.725,1.02076641,6.725,1.55288126,6.725,0.87432108,6.725,1.50095913,6.725,0.86448663,6.725,1.4017123,,,6.725,1.99548077,1.23416733,0.0252501,1.82616694,1.11126741,,,,,,,,,,,,,,,,,,,,,,,,,,,,,,,,,,,,
,,,,,,,,,,,,,,,,,,,68.862,1.18850976792116,68.862,1.17205547621717,68.862,1.15335652629771,68.862,1.16429031792771,68.862,1.14031589008198,,68.862,-1894.38370042701,-1854.5185640848,-1832.52152173067,-1798.60900135577,-1952.8408345173,,,,,,,,,,,,,,,,,,,,,,6.775,0.97544109,6.775,1.04528749,6.775,0.92697661,6.775,0.70727586,6.775,0.94702517,6.775,2.20177235,6.775,0.88586772,6.775,1.44191444,6.775,0.88396295,6.775,0.89584816,,,6.775,1.66748243,1.34010162,0.02487878,2.24297802,0.62211678,,,,,,,,,,,,,,,,,,,,,,,,,,,,,,,,,,,,
,,,,,,,,,,,,,,,,,,,69.361,1.18101070196538,69.361,1.17949722066982,69.361,1.15151154266235,69.361,1.17445252999131,69.361,1.14118026024342,,69.361,-1662.8909623878,-1945.74457474273,-1813.83217478341,-1807.35934122661,-1832.50274863061,,,,,,,,,,,,,,,,,,,,,,6.825,0.92560128,6.825,0.44144061,6.825,0.99495907,6.825,0.66026922,6.825,0.99830723,6.825,1.32384219,6.825,0.83205429,6.825,1.05654062,6.825,0.93693699,6.825,0.58851355,,,6.825,1.79028692,1.66290027,0.04903119,2.18594611,1.27511269,,,,,,,,,,,,,,,,,,,,,,,,,,,,,,,,,,,,
,,,,,,,,,,,,,,,,,,,69.86,1.18820234122933,69.86,1.18032767855189,69.86,1.1627393325614,69.86,1.170312945562,69.86,1.14432996850531,,69.86,-1832.03343394502,-2048.80812593154,-1811.84413956506,-1784.87889091159,-1788.54779962342,,,,,,,,,,,,,,,,,,,,,,6.875,0.91452595,6.875,1.051354,6.875,1.05378476,6.875,0.65070027,6.875,0.90304087,6.875,1.08721368,6.875,0.96456147,6.875,1.36436865,6.875,0.92816759,6.875,0.50748645,,,6.875,1.81267931,1.87980079,0.04832061,2.08245741,1.25663312,,,,,,,,,,,,,,,,,,,,,,,,,,,,,,,,,,,,
,,,,,,,,,,,,,,,,,,,70.359,1.18426727350912,70.359,1.17556958412865,70.359,1.15525944271179,70.359,1.16835850510846,70.359,1.1431663618198,,70.359,-1817.08031862142,-1962.0936851541,-1785.89274255964,-1890.27989840734,-1935.67393285342,,,,,,,,,,,,,,,,,,,,,,6.925,0.87600936,6.925,0.96476294,6.925,0.93848638,6.925,0.42755856,6.925,1.0118437,6.925,0.89297549,6.925,0.88060821,6.925,1.48628913,6.925,0.82949356,6.925,0.32154725,,,6.925,1.71513412,1.49645496,0.09525072,1.74579993,0.90509597,,,,,,,,,,,,,,,,,,,,,,,,,,,,,,,,,,,,
,,,,,,,,,,,,,,,,,,,70.858,1.17792658878429,70.858,1.18185145972521,70.858,1.15678395490721,70.858,1.17891410689877,70.858,1.13941341437839,,70.858,-1816.74456804277,-1878.39985939791,-1829.12471478082,-1985.4749094626,-1983.204257383,,,,,,,,,,,,,,,,,,,,,,6.975,0.95438939,6.975,0.95098085,6.975,0.89523839,6.975,0.17560445,6.975,0.89118558,6.975,0.73938389,6.975,0.87033077,6.975,1.36040988,6.975,0.81530773,6.975,0.42260507,,,6.975,2.25417684,1.63897489,0.21125254,1.95340906,0.89216625,,,,,,,,,,,,,,,,,,,,,,,,,,,,,,,,,,,,
,,,,,,,,,,,,,,,,,,,71.357,1.17727691744851,71.357,1.17741070093064,71.357,1.15801255610092,71.357,1.17394909772831,71.357,1.14577438003806,,71.357,-1845.26140424851,-1941.18966386689,-1870.81952985027,-1857.98511203122,-1881.16843013286,,,,,,,,,,,,,,,,,,,,,,,,,,,,,,,,,,,,,,,,,,,,,,,,,,,,,,,,,,,,,,,,,,,,,,,,,,,,,,,,,,,,,
,,,,,,,,,,,,,,,,,,,71.856,1.18513206365267,71.856,1.16986614783357,71.856,1.15823207066956,71.856,1.17044080596402,71.856,1.14399116684673,,71.856,-1845.2918480622,-1975.92803359919,-1824.42545417246,-1771.36079441457,-1813.21916298469,,,,,,,,,,,,,,,,,,,,,,,,,,,,,,,,,,,,,,,,,,,,,,,,,,,,,,,,,,,,,,,,,,,,,,,,,,,,,,,,,,,,,
,,,,,,,,,,,,,,,,,,,72.355,1.1853588172073,72.355,1.17761449728149,72.355,1.15005454244829,72.355,1.17792840481628,72.355,1.13500832472605,,72.355,-1772.98130751575,-2005.5372619434,-1744.85202627458,-1876.70109033384,-1869.33927691989,,,,,,,,,,,,,,,,,,,,,,,,,,,,,,,,,,,,,,,,,,,,,,,,,,,,,,,,,,,,,,,,,,,,,,,,,,,,,,,,,,,,,
,,,,,,,,,,,,,,,,,,,72.854,1.19179707302469,72.854,1.1812531186373,72.854,1.16147596227884,72.854,1.17844049751987,72.854,1.1425819612781,,72.854,-1826.47308570108,-1982.19441500527,-1929.17533787221,-1924.78339490519,-1972.30174679826,,,,,,,,,,,,,,,,,,,,,,,,,,,,,,,,,,,,,,,,,,,,,,,,,,,,,,,,,,,,,,,,,,,,,,,,,,,,,,,,,,,,,
,,,,,,,,,,,,,,,,,,,73.353,1.18989251911522,73.353,1.17429190914435,73.353,1.16115088488126,73.353,1.17716404004914,73.353,1.13457701012491,,73.353,-1833.70166266419,-1970.92373349429,-1848.58153362024,-1844.18554384691,-1819.39614895526,,,,,,,,,,,,,,,,,,,,,,,,,,,,,,,,,,,,,,,,,,,,,,,,,,,,,,,,,,,,,,,,,,,,,,,,,,,,,,,,,,,,,
,,,,,,,,,,,,,,,,,,,73.852,1.19378187634981,73.852,1.18143951841006,73.852,1.15818847536176,73.852,1.17580617959912,73.852,1.14205301861281,,73.852,-1848.75089003373,-1961.99374934073,-1779.23622186521,-1762.84504384728,-1785.63106596364,,,,,,,,,,,,,,,,,,,,,,,,,,,,,,,,,,,,,,,,,,,,,,,,,,,,,,,,,,,,,,,,,,,,,,,,,,,,,,,,,,,,,
,,,,,,,,,,,,,,,,,,,74.351,1.1883825371327,74.351,1.17964676158392,74.351,1.16656083665328,74.351,1.17488840410558,74.351,1.13397922334092,,74.351,-1819.486529571,-1952.0247320698,-1694.17962629029,-1784.03728361867,-1857.29253527671,,,,,,,,,,,,,,,,,,,,,,,,,,,,,,,,,,,,,,,,,,,,,,,,,,,,,,,,,,,,,,,,,,,,,,,,,,,,,,,,,,,,,
,,,,,,,,,,,,,,,,,,,74.85,1.18784241168328,74.85,1.17792566855946,74.85,1.1580510404214,74.85,1.1724749421576,74.85,1.1388468569422,,74.85,-1870.88750833086,-1973.54479754961,-1764.92512392068,-1851.02112268879,-1957.65236988874,,,,,,,,,,,,,,,,,,,,,,,,,,,,,,,,,,,,,,,,,,,,,,,,,,,,,,,,,,,,,,,,,,,,,,,,,,,,,,,,,,,,,
,,,,,,,,,,,,,,,,,,,75.349,1.18640899056285,75.349,1.17508446525993,75.349,1.17058935332475,75.349,1.17016343926513,75.349,1.13351484811065,,75.349,-1947.28429107846,-1910.5374626813,-1954.62814040556,-1896.94779320891,-1816.73107671993,,,,,,,,,,,,,,,,,,,,,,,,,,,,,,,,,,,,,,,,,,,,,,,,,,,,,,,,,,,,,,,,,,,,,,,,,,,,,,,,,,,,,
,,,,,,,,,,,,,,,,,,,75.848,1.18060812855401,75.848,1.17847703283397,75.848,1.15581410136447,75.848,1.17065496592319,75.848,1.1346829996237,,75.848,-1814.93796328827,-1931.24356210164,-1907.86873173431,-1820.39340763314,-1781.4631896207,,,,,,,,,,,,,,,,,,,,,,,,,,,,,,,,,,,,,,,,,,,,,,,,,,,,,,,,,,,,,,,,,,,,,,,,,,,,,,,,,,,,,
,,,,,,,,,,,,,,,,,,,76.347,1.18709765494106,76.347,1.17716145787764,76.347,1.16531033308035,76.347,1.18509864634301,76.347,1.13326529681461,,76.347,-1754.10628346183,-2000.84504220731,-1799.14296538882,-1978.30405640929,-1846.19216584652,,,,,,,,,,,,,,,,,,,,,,,,,,,,,,,,,,,,,,,,,,,,,,,,,,,,,,,,,,,,,,,,,,,,,,,,,,,,,,,,,,,,,
,,,,,,,,,,,,,,,,,,,76.846,1.18905188744925,76.846,1.1729454879124,76.846,1.16309430989388,76.846,1.17277951911833,76.846,1.13364203062808,,76.846,-1862.20328295461,-1943.1865680522,-1753.32828644399,-1894.06649465052,-1881.1020490787,,,,,,,,,,,,,,,,,,,,,,,,,,,,,,,,,,,,,,,,,,,,,,,,,,,,,,,,,,,,,,,,,,,,,,,,,,,,,,,,,,,,,
,,,,,,,,,,,,,,,,,,,77.345,1.18119292829884,77.345,1.17186912224252,77.345,1.16432883561006,77.345,1.17465814558015,77.345,1.12682788411602,,77.345,-1852.21758845702,-1960.19871540776,-1741.83823646983,-1800.65288913681,-1861.80043715318,,,,,,,,,,,,,,,,,,,,,,,,,,,,,,,,,,,,,,,,,,,,,,,,,,,,,,,,,,,,,,,,,,,,,,,,,,,,,,,,,,,,,
,,,,,,,,,,,,,,,,,,,77.844,1.18558102590348,77.844,1.16950019750712,77.844,1.17307340279737,77.844,1.17456699882389,77.844,1.13222385399821,,77.844,-1880.51499023806,-1977.64032010263,-1900.17177956114,-1789.48005917671,-1870.8702705814,,,,,,,,,,,,,,,,,,,,,,,,,,,,,,,,,,,,,,,,,,,,,,,,,,,,,,,,,,,,,,,,,,,,,,,,,,,,,,,,,,,,,
,,,,,,,,,,,,,,,,,,,78.343,1.18386232761668,78.343,1.17862461085482,78.343,1.16522167259547,78.343,1.1773024763456,78.343,1.12867968529923,,78.343,-1743.03422291688,-2068.94347234473,-1886.8029533783,-1967.22932384016,-1733.1895540808,,,,,,,,,,,,,,,,,,,,,,,,,,,,,,,,,,,,,,,,,,,,,,,,,,,,,,,,,,,,,,,,,,,,,,,,,,,,,,,,,,,,,
,,,,,,,,,,,,,,,,,,,78.842,1.18300705698719,78.842,1.17739552937366,78.842,1.16744408777593,78.842,1.17568081591132,78.842,1.13251003462646,,78.842,-1794.57260360698,-1939.03475877782,-1861.65390945297,-1989.41402309205,-1750.11086250395,,,,,,,,,,,,,,,,,,,,,,,,,,,,,,,,,,,,,,,,,,,,,,,,,,,,,,,,,,,,,,,,,,,,,,,,,,,,,,,,,,,,,
,,,,,,,,,,,,,,,,,,,79.341,1.19727039593521,79.341,1.1780582482402,79.341,1.17183359855116,79.341,1.18155397853557,79.341,1.14187170208625,,79.341,-2036.47852126632,-1895.84676701832,-1770.92980516679,-1864.44006144682,-1910.61153705921,,,,,,,,,,,,,,,,,,,,,,,,,,,,,,,,,,,,,,,,,,,,,,,,,,,,,,,,,,,,,,,,,,,,,,,,,,,,,,,,,,,,,
,,,,,,,,,,,,,,,,,,,79.84,1.18668298528872,79.84,1.16509216185523,79.84,1.16824389924791,79.84,1.17870925087936,79.84,1.13874587237018,,79.84,-1923.42265900497,-1926.91193208664,-1753.35755768585,-1683.61597168506,-1970.23367020487,,,,,,,,,,,,,,,,,,,,,,,,,,,,,,,,,,,,,,,,,,,,,,,,,,,,,,,,,,,,,,,,,,,,,,,,,,,,,,,,,,,,,
,,,,,,,,,,,,,,,,,,,80.339,1.18788758508846,80.339,1.16900805239862,80.339,1.17066921647705,80.339,1.18121008868287,80.339,1.13441066381891,,80.339,-1828.71445818825,-1929.61004493929,-1826.77618800483,-1808.58911239335,-1906.40163340437,,,,,,,,,,,,,,,,,,,,,,,,,,,,,,,,,,,,,,,,,,,,,,,,,,,,,,,,,,,,,,,,,,,,,,,,,,,,,,,,,,,,,
,,,,,,,,,,,,,,,,,,,80.838,1.19051861125033,80.838,1.18447078932793,80.838,1.17067319335521,80.838,1.17215493425306,80.838,1.13721973219536,,80.838,-1803.73704262673,-2043.97753530838,-1861.12469897171,-2029.82067670894,-1814.61976165978,,,,,,,,,,,,,,,,,,,,,,,,,,,,,,,,,,,,,,,,,,,,,,,,,,,,,,,,,,,,,,,,,,,,,,,,,,,,,,,,,,,,,
,,,,,,,,,,,,,,,,,,,81.337,1.18872796562364,81.337,1.1765085274132,81.337,1.16798073318478,81.337,1.1785808329745,81.337,1.13322369027758,,81.337,-1841.3529267836,-1931.08746085756,-1902.57568713118,-2013.10649023747,-1777.7422300412,,,,,,,,,,,,,,,,,,,,,,,,,,,,,,,,,,,,,,,,,,,,,,,,,,,,,,,,,,,,,,,,,,,,,,,,,,,,,,,,,,,,,
,,,,,,,,,,,,,,,,,,,81.836,1.18638429479754,81.836,1.16877653748288,81.836,1.16650366022932,81.836,1.17325138809787,81.836,1.14108636542791,,81.836,-1899.67073718442,-1904.62637599331,-1749.88962575589,-1846.13733376827,-1953.8821787309,,,,,,,,,,,,,,,,,,,,,,,,,,,,,,,,,,,,,,,,,,,,,,,,,,,,,,,,,,,,,,,,,,,,,,,,,,,,,,,,,,,,,
,,,,,,,,,,,,,,,,,,,82.335,1.1909878718701,82.335,1.17092913070491,82.335,1.17251460618386,82.335,1.18374385177101,82.335,1.13234020883023,,82.335,-1983.87982402411,-1926.56576397043,-1756.60578000982,-1717.26047222012,-1847.36311857748,,,,,,,,,,,,,,,,,,,,,,,,,,,,,,,,,,,,,,,,,,,,,,,,,,,,,,,,,,,,,,,,,,,,,,,,,,,,,,,,,,,,,
,,,,,,,,,,,,,,,,,,,82.834,1.18730431648165,82.834,1.17495412047738,82.834,1.17430726154386,82.834,1.17581876323029,82.834,1.14582321328385,,82.834,-1883.8092806831,-2042.02017328,-1923.38444271779,-1825.73756755701,-1868.15131626683,,,,,,,,,,,,,,,,,,,,,,,,,,,,,,,,,,,,,,,,,,,,,,,,,,,,,,,,,,,,,,,,,,,,,,,,,,,,,,,,,,,,,
,,,,,,,,,,,,,,,,,,,83.333,1.18710508688225,83.333,1.18190522472578,83.333,1.16807570802494,83.333,1.17846363864611,83.333,1.14821004715222,,83.333,-1817.56328115577,-1974.77506512891,-1920.29254758607,-2000.10534156971,-1816.82662023023,,,,,,,,,,,,,,,,,,,,,,,,,,,,,,,,,,,,,,,,,,,,,,,,,,,,,,,,,,,,,,,,,,,,,,,,,,,,,,,,,,,,,
,,,,,,,,,,,,,,,,,,,83.832,1.19434233085429,83.832,1.17280696897222,83.832,1.16494077242887,83.832,1.17275281846782,83.832,1.14461075042191,,83.832,-1871.82363864298,-1904.9606251046,-1848.13647893511,-1866.0366452018,-1888.48225203741,,,,,,,,,,,,,,,,,,,,,,,,,,,,,,,,,,,,,,,,,,,,,,,,,,,,,,,,,,,,,,,,,,,,,,,,,,,,,,,,,,,,,
,,,,,,,,,,,,,,,,,,,84.331,1.19252887609116,84.331,1.17236617602328,84.331,1.16838379652525,84.331,1.17111809008243,84.331,1.14104916084028,,84.331,-1935.36797220823,-1915.06460532442,-1774.51837042561,-1786.45287814212,-1866.00137891679,,,,,,,,,,,,,,,,,,,,,,,,,,,,,,,,,,,,,,,,,,,,,,,,,,,,,,,,,,,,,,,,,,,,,,,,,,,,,,,,,,,,,
,,,,,,,,,,,,,,,,,,,84.83,1.19509109299149,84.83,1.17957544423562,84.83,1.16902288836395,84.83,1.16952038883451,84.83,1.14212281959372,,84.83,-1937.98925064087,-2061.90258680634,-1799.22229087366,-1752.32673487999,-1834.22597504986,,,,,,,,,,,,,,,,,,,,,,,,,,,,,,,,,,,,,,,,,,,,,,,,,,,,,,,,,,,,,,,,,,,,,,,,,,,,,,,,,,,,,
,,,,,,,,,,,,,,,,,,,85.329,1.20295201370253,85.329,1.17838412337551,85.329,1.17272551719384,85.329,1.19084428831112,85.329,1.14551226484382,,85.329,-1970.71704454442,-2006.40866993603,-1828.20778647792,-1976.40337573255,-1856.03976752981,,,,,,,,,,,,,,,,,,,,,,,,,,,,,,,,,,,,,,,,,,,,,,,,,,,,,,,,,,,,,,,,,,,,,,,,,,,,,,,,,,,,,
,,,,,,,,,,,,,,,,,,,85.828,1.20175797014052,85.828,1.17138746254217,85.828,1.17755898051251,85.828,1.18218320243389,85.828,1.1503842650785,,85.828,-1893.11849540235,-1993.21949547104,-1832.31859119532,-2004.62098394758,-1839.68680050177,,,,,,,,,,,,,,,,,,,,,,,,,,,,,,,,,,,,,,,,,,,,,,,,,,,,,,,,,,,,,,,,,,,,,,,,,,,,,,,,,,,,,
,,,,,,,,,,,,,,,,,,,86.327,1.19231362864238,86.327,1.17721735342326,86.327,1.17121292511701,86.327,1.1783608872659,86.327,1.14295357581342,,86.327,-1855.55463873892,-1983.19240179029,-1894.07228356653,-1848.86084970352,-1844.32103249877,,,,,,,,,,,,,,,,,,,,,,,,,,,,,,,,,,,,,,,,,,,,,,,,,,,,,,,,,,,,,,,,,,,,,,,,,,,,,,,,,,,,,
,,,,,,,,,,,,,,,,,,,86.826,1.19538981896743,86.826,1.17630139170519,86.826,1.17659718410745,86.826,1.18596880537893,86.826,1.145709505204,,86.826,-1908.59922899625,-1854.81226582057,-1936.89967774645,-1800.48483192261,-1879.74331939575,,,,,,,,,,,,,,,,,,,,,,,,,,,,,,,,,,,,,,,,,,,,,,,,,,,,,,,,,,,,,,,,,,,,,,,,,,,,,,,,,,,,,
,,,,,,,,,,,,,,,,,,,87.325,1.19507652861577,87.325,1.17618394973711,87.325,1.17553280458488,87.325,1.18556353437325,87.325,1.1481065782473,,87.325,-1937.95636980259,-1958.42955195104,-1833.52180125407,-1779.19697728789,-1897.19436781457,,,,,,,,,,,,,,,,,,,,,,,,,,,,,,,,,,,,,,,,,,,,,,,,,,,,,,,,,,,,,,,,,,,,,,,,,,,,,,,,,,,,,
,,,,,,,,,,,,,,,,,,,87.824,1.18907639330417,87.824,1.17904243705356,87.824,1.17115236625034,87.824,1.18564081846768,87.824,1.15460573088947,,87.824,-1918.36641611423,-2066.27871669963,-1739.39129994483,-1922.33781511146,-1884.48783740528,,,,,,,,,,,,,,,,,,,,,,,,,,,,,,,,,,,,,,,,,,,,,,,,,,,,,,,,,,,,,,,,,,,,,,,,,,,,,,,,,,,,,
,,,,,,,,,,,,,,,,,,,88.323,1.20002765649152,88.323,1.18020376582458,88.323,1.16913579984119,88.323,1.18477523495975,88.323,1.14956524921246,,88.323,-1857.82897349601,-2118.40928321659,-1874.19225417556,-1986.09623951725,-1825.24619136954,,,,,,,,,,,,,,,,,,,,,,,,,,,,,,,,,,,,,,,,,,,,,,,,,,,,,,,,,,,,,,,,,,,,,,,,,,,,,,,,,,,,,
,,,,,,,,,,,,,,,,,,,88.822,1.19569349413399,88.822,1.17610191269702,88.822,1.16914193806281,88.822,1.18873478096363,88.822,1.14979640064446,,88.822,-1832.11734067974,-1940.48091321497,-1988.50432523784,-1874.99998899818,-1821.23856516119,,,,,,,,,,,,,,,,,,,,,,,,,,,,,,,,,,,,,,,,,,,,,,,,,,,,,,,,,,,,,,,,,,,,,,,,,,,,,,,,,,,,,
,,,,,,,,,,,,,,,,,,,89.321,1.19437713473083,89.321,1.17847725441106,89.321,1.15686994195829,89.321,1.18843799957408,89.321,1.15229621049399,,89.321,-1901.88428279687,-1835.12700882443,-1817.48507495021,-1849.16880245368,-1865.52769828597,,,,,,,,,,,,,,,,,,,,,,,,,,,,,,,,,,,,,,,,,,,,,,,,,,,,,,,,,,,,,,,,,,,,,,,,,,,,,,,,,,,,,
,,,,,,,,,,,,,,,,,,,89.82,1.18717410609405,89.82,1.17727981133434,89.82,1.16933113372546,89.82,1.19616779541732,89.82,1.15749479062677,,89.82,-1865.55870931371,-1862.8700938681,-1757.54602312735,-1917.98055090159,-1957.77715832382,,,,,,,,,,,,,,,,,,,,,,,,,,,,,,,,,,,,,,,,,,,,,,,,,,,,,,,,,,,,,,,,,,,,,,,,,,,,,,,,,,,,,
,,,,,,,,,,,,,,,,,,,90.319,1.19511702623687,90.319,1.17576906325752,90.319,1.16698085329853,90.319,1.19287199481278,90.319,1.16039066998838,,90.319,-1830.00071514686,-2066.37385094869,-1800.70352307777,-2004.12534425541,-1910.99654315722,,,,,,,,,,,,,,,,,,,,,,,,,,,,,,,,,,,,,,,,,,,,,,,,,,,,,,,,,,,,,,,,,,,,,,,,,,,,,,,,,,,,,
,,,,,,,,,,,,,,,,,,,90.818,1.18433407462634,90.818,1.17880631190369,90.818,1.16505438691148,90.818,1.19214832374677,90.818,1.1646603596448,,90.818,-1913.57751600647,-2138.39144667493,-1930.65267690635,-1908.29925751292,-1893.47755187928,,,,,,,,,,,,,,,,,,,,,,,,,,,,,,,,,,,,,,,,,,,,,,,,,,,,,,,,,,,,,,,,,,,,,,,,,,,,,,,,,,,,,
,,,,,,,,,,,,,,,,,,,91.317,1.18975146288776,91.317,1.1772039181123,91.317,1.17624387162153,91.317,1.18439383068626,91.317,1.16518160435665,,91.317,-1951.52382072259,-1986.88019898335,-1970.76886243333,-1746.83597599239,-1848.13716400643,,,,,,,,,,,,,,,,,,,,,,,,,,,,,,,,,,,,,,,,,,,,,,,,,,,,,,,,,,,,,,,,,,,,,,,,,,,,,,,,,,,,,
,,,,,,,,,,,,,,,,,,,91.816,1.19857256615576,91.816,1.17606059872986,91.816,1.17135213746,91.816,1.19761202425392,91.816,1.15622759970615,,91.816,-1910.75096600984,-1879.25268716956,-1880.47382085861,-1815.13865950787,-1811.63351873127,,,,,,,,,,,,,,,,,,,,,,,,,,,,,,,,,,,,,,,,,,,,,,,,,,,,,,,,,,,,,,,,,,,,,,,,,,,,,,,,,,,,,
,,,,,,,,,,,,,,,,,,,92.315,1.19822021270782,92.315,1.16964240465523,92.315,1.17902157570883,92.315,1.19626386889424,92.315,1.15445277544433,,92.315,-1955.13075187289,-1847.92521559933,-1831.86764961978,-1983.05364974119,-1893.19671344334,,,,,,,,,,,,,,,,,,,,,,,,,,,,,,,,,,,,,,,,,,,,,,,,,,,,,,,,,,,,,,,,,,,,,,,,,,,,,,,,,,,,,
,,,,,,,,,,,,,,,,,,,92.814,1.19360414559102,92.814,1.1765094980065,92.814,1.1698164683737,92.814,1.19692442073103,92.814,1.15766162208651,,92.814,-1848.41504715525,-1996.94641912403,-1887.72079294437,-2044.58798247028,-1975.10897181667,,,,,,,,,,,,,,,,,,,,,,,,,,,,,,,,,,,,,,,,,,,,,,,,,,,,,,,,,,,,,,,,,,,,,,,,,,,,,,,,,,,,,
,,,,,,,,,,,,,,,,,,,93.313,1.19348205149668,93.313,1.1745596714062,93.313,1.17296180125576,93.313,1.20161846160413,93.313,1.1612328463932,,93.313,-1814.13913086074,-1984.49013456972,-1892.76936619369,-1928.78957388115,-1931.23255722161,,,,,,,,,,,,,,,,,,,,,,,,,,,,,,,,,,,,,,,,,,,,,,,,,,,,,,,,,,,,,,,,,,,,,,,,,,,,,,,,,,,,,
,,,,,,,,,,,,,,,,,,,93.812,1.19675966889355,93.812,1.18021202651044,93.812,1.1788563284424,93.812,1.20295697412507,93.812,1.15915921969115,,93.812,-1857.6759414644,-1937.66491635588,-1891.38063736348,-1859.93185191273,-1820.8139167722,,,,,,,,,,,,,,,,,,,,,,,,,,,,,,,,,,,,,,,,,,,,,,,,,,,,,,,,,,,,,,,,,,,,,,,,,,,,,,,,,,,,,
,,,,,,,,,,,,,,,,,,,94.311,1.19674570667647,94.311,1.17162795006038,94.311,1.17272214652937,94.311,1.20952616786696,94.311,1.16536945139091,,94.311,-1928.22841952452,-1991.88739269479,-1776.10705583996,-1868.6933859572,-1797.51386773851,,,,,,,,,,,,,,,,,,,,,,,,,,,,,,,,,,,,,,,,,,,,,,,,,,,,,,,,,,,,,,,,,,,,,,,,,,,,,,,,,,,,,
,,,,,,,,,,,,,,,,,,,94.81,1.20148284023324,94.81,1.18176962173882,94.81,1.17004698909828,94.81,1.20021283457636,94.81,1.16765377813617,,94.81,-1979.45532998892,-1991.28652758374,-1813.0705239499,-1910.7016484004,-1855.50232569141,,,,,,,,,,,,,,,,,,,,,,,,,,,,,,,,,,,,,,,,,,,,,,,,,,,,,,,,,,,,,,,,,,,,,,,,,,,,,,,,,,,,,
,,,,,,,,,,,,,,,,,,,95.309,1.20057177158686,95.309,1.17060243687611,95.309,1.17009904976975,95.309,1.19304414267653,95.309,1.17235465348103,,95.309,-1957.62583883985,-1900.09040763654,-1873.3599297152,-1994.41485193674,-2029.49519115108,,,,,,,,,,,,,,,,,,,,,,,,,,,,,,,,,,,,,,,,,,,,,,,,,,,,,,,,,,,,,,,,,,,,,,,,,,,,,,,,,,,,,
,,,,,,,,,,,,,,,,,,,95.808,1.19503840262825,95.808,1.17644972833492,95.808,1.16813685786036,95.808,1.20767617603315,95.808,1.17095031977534,,95.808,-1853.24162007685,-1943.49920736181,-1862.08309508059,-2016.75726222893,-1947.20143625688,,,,,,,,,,,,,,,,,,,,,,,,,,,,,,,,,,,,,,,,,,,,,,,,,,,,,,,,,,,,,,,,,,,,,,,,,,,,,,,,,,,,,
,,,,,,,,,,,,,,,,,,,96.307,1.2020091007594,96.307,1.17336384688832,96.307,1.16286969606949,96.307,1.20303367001889,96.307,1.16221187108257,,96.307,-1877.51979438077,-1999.35134338508,-1846.07433977698,-1940.95426371991,-1744.08580833709,,,,,,,,,,,,,,,,,,,,,,,,,,,,,,,,,,,,,,,,,,,,,,,,,,,,,,,,,,,,,,,,,,,,,,,,,,,,,,,,,,,,,
,,,,,,,,,,,,,,,,,,,96.806,1.20183819969121,96.806,1.17232565897979,96.806,1.16812629761836,96.806,1.19679884299479,96.806,1.1674993228685,,96.806,-1894.84274077122,-1961.51898910935,-1808.89952049025,-1738.43743224974,-1711.49749615632,,,,,,,,,,,,,,,,,,,,,,,,,,,,,,,,,,,,,,,,,,,,,,,,,,,,,,,,,,,,,,,,,,,,,,,,,,,,,,,,,,,,,
,,,,,,,,,,,,,,,,,,,97.305,1.20080632445367,97.305,1.17690843575965,97.305,1.16952354974771,97.305,1.19809357571699,97.305,1.1658630152724,,97.305,-1898.10929609038,-2015.65620554477,-1761.97900892738,-1914.76922753625,-1902.76452234802,,,,,,,,,,,,,,,,,,,,,,,,,,,,,,,,,,,,,,,,,,,,,,,,,,,,,,,,,,,,,,,,,,,,,,,,,,,,,,,,,,,,,
,,,,,,,,,,,,,,,,,,,97.804,1.19875265575175,97.804,1.17443758831145,97.804,1.17753000353653,97.804,1.20617954765022,97.804,1.16353376223919,,97.804,-1950.56881944737,-1949.40300436335,-1860.9081197018,-1993.24156045526,-1972.18280282372,,,,,,,,,,,,,,,,,,,,,,,,,,,,,,,,,,,,,,,,,,,,,,,,,,,,,,,,,,,,,,,,,,,,,,,,,,,,,,,,,,,,,
,,,,,,,,,,,,,,,,,,,98.303,1.19377836174093,98.303,1.17655267173481,98.303,1.17575581128465,98.303,1.20688302787917,98.303,1.15665930511929,,98.303,-1977.56566178145,-1930.50642097737,-2003.49102839527,-1942.43962262742,-1928.43499896693,,,,,,,,,,,,,,,,,,,,,,,,,,,,,,,,,,,,,,,,,,,,,,,,,,,,,,,,,,,,,,,,,,,,,,,,,,,,,,,,,,,,,
,,,,,,,,,,,,,,,,,,,98.802,1.20137812049368,98.802,1.17703275697741,98.802,1.17248774772673,98.802,1.19506264626204,98.802,1.15784083185817,,98.802,-1953.3504017285,-1863.10499767382,-1892.39075079544,-1765.05941473385,-1793.33932877201,,,,,,,,,,,,,,,,,,,,,,,,,,,,,,,,,,,,,,,,,,,,,,,,,,,,,,,,,,,,,,,,,,,,,,,,,,,,,,,,,,,,,
,,,,,,,,,,,,,,,,,,,99.301,1.19375179572801,99.301,1.18373936282494,99.301,1.17097733655617,99.301,1.2010028683785,99.301,1.15854823926549,,99.301,-1913.61765901534,-1933.00964633989,-1760.1569900716,-1854.64450963886,-1861.70462676208,,,,,,,,,,,,,,,,,,,,,,,,,,,,,,,,,,,,,,,,,,,,,,,,,,,,,,,,,,,,,,,,,,,,,,,,,,,,,,,,,,,,,
,,,,,,,,,,,,,,,,,,,99.8,1.18706754131967,99.8,1.18637971349929,99.8,1.16949117970341,99.8,1.19921688422984,99.8,1.16209104514867,,99.8,-1886.43193107365,-2063.86268302902,-1800.75469420893,-1909.4310098282,-1935.93626339296,,,,,,,,,,,,,,,,,,,,,,,,,,,,,,,,,,,,,,,,,,,,,,,,,,,,,,,,,,,,,,,,,,,,,,,,,,,,,,,,,,,,,
,,,,,,,,,,,,,,,,,,,100.299,1.19071680120391,100.299,1.1807467323702,100.299,1.17766457469261,100.299,1.19934074034963,100.299,1.16006496478773,,100.299,-1918.48286179783,-2066.44336939585,-1965.37339848124,-1909.76520626752,-1873.08136298787,,,,,,,,,,,,,,,,,,,,,,,,,,,,,,,,,,,,,,,,,,,,,,,,,,,,,,,,,,,,,,,,,,,,,,,,,,,,,,,,,,,,,
,,,,,,,,,,,,,,,,,,,100.798,1.1983011441317,100.798,1.17760862076878,100.798,1.18129085994739,100.798,1.19539045960421,100.798,1.15966753939458,,100.798,-1953.23175605862,-1934.31955481614,-1992.87089197142,-1886.92699885672,-1856.32365434852,,,,,,,,,,,,,,,,,,,,,,,,,,,,,,,,,,,,,,,,,,,,,,,,,,,,,,,,,,,,,,,,,,,,,,,,,,,,,,,,,,,,,
,,,,,,,,,,,,,,,,,,,101.297,1.1860331667941,101.297,1.1723327183694,101.297,1.18293816584026,101.297,1.19800624887682,101.297,1.161676467459,,101.297,-1883.82520046647,-1899.38332439817,-1867.39622897564,-1886.42483835981,-1887.78414217829,,,,,,,,,,,,,,,,,,,,,,,,,,,,,,,,,,,,,,,,,,,,,,,,,,,,,,,,,,,,,,,,,,,,,,,,,,,,,,,,,,,,,
,,,,,,,,,,,,,,,,,,,101.796,1.19742672843934,101.796,1.18739107515157,101.796,1.17260537978786,101.796,1.19998610718852,101.796,1.15900806138012,,101.796,-1971.36843959429,-1893.14472486461,-1795.54316552555,-1823.79475713634,-1873.25550164439,,,,,,,,,,,,,,,,,,,,,,,,,,,,,,,,,,,,,,,,,,,,,,,,,,,,,,,,,,,,,,,,,,,,,,,,,,,,,,,,,,,,,
,,,,,,,,,,,,,,,,,,,102.295,1.19597006436231,102.295,1.18412609008756,102.295,1.18137152759824,102.295,1.19636111598608,102.295,1.15160043076515,,102.295,-1901.35933656753,-1989.90840814674,-1864.20261021724,-1889.51300573887,-1826.30464306977,,,,,,,,,,,,,,,,,,,,,,,,,,,,,,,,,,,,,,,,,,,,,,,,,,,,,,,,,,,,,,,,,,,,,,,,,,,,,,,,,,,,,
,,,,,,,,,,,,,,,,,,,102.794,1.19639364503274,102.794,1.17758448198874,102.794,1.178080550439,102.794,1.20007529162942,102.794,1.16094757631182,,102.794,-1959.84168420584,-2019.67774432004,-1908.59787413753,-1852.40646022675,-1937.55963864858,,,,,,,,,,,,,,,,,,,,,,,,,,,,,,,,,,,,,,,,,,,,,,,,,,,,,,,,,,,,,,,,,,,,,,,,,,,,,,,,,,,,,
,,,,,,,,,,,,,,,,,,,103.293,1.18055689660977,103.293,1.18298034235706,103.293,1.17602730649318,103.293,1.20762873669091,103.293,1.16548027448212,,103.293,-1858.2790433589,-1959.63916269392,-1979.31245802667,-1901.49521045786,-1927.29722711667,,,,,,,,,,,,,,,,,,,,,,,,,,,,,,,,,,,,,,,,,,,,,,,,,,,,,,,,,,,,,,,,,,,,,,,,,,,,,,,,,,,,,
,,,,,,,,,,,,,,,,,,,103.792,1.19316307230621,103.792,1.17389322343305,103.792,1.17561685854138,103.792,1.20070397446936,103.792,1.16425900056179,,103.792,-1926.45816795183,-1877.34966426405,-1786.16461544645,-1922.84632890144,-1884.01415106104,,,,,,,,,,,,,,,,,,,,,,,,,,,,,,,,,,,,,,,,,,,,,,,,,,,,,,,,,,,,,,,,,,,,,,,,,,,,,,,,,,,,,
,,,,,,,,,,,,,,,,,,,104.291,1.19295597533938,104.291,1.17942307524219,104.291,1.17576033408363,104.291,1.20234206924077,104.291,1.1725141187715,,104.291,-1931.74982778489,-1968.20178342923,-1745.12959631689,-2012.92713819715,-1916.87203178494,,,,,,,,,,,,,,,,,,,,,,,,,,,,,,,,,,,,,,,,,,,,,,,,,,,,,,,,,,,,,,,,,,,,,,,,,,,,,,,,,,,,,
,,,,,,,,,,,,,,,,,,,104.79,1.20038143103985,104.79,1.18221830440515,104.79,1.1702613001542,104.79,1.199763710643,104.79,1.17370047738306,,104.79,-2034.9515684904,-1958.58624133778,-1837.99478691753,-1882.67334508698,-1885.31929879778,,,,,,,,,,,,,,,,,,,,,,,,,,,,,,,,,,,,,,,,,,,,,,,,,,,,,,,,,,,,,,,,,,,,,,,,,,,,,,,,,,,,,
,,,,,,,,,,,,,,,,,,,105.289,1.20276395639032,105.289,1.17772238682116,105.289,1.17517738270673,105.289,1.20531127714268,105.289,1.16756683043271,,105.289,-1975.23274657341,-1902.54121708419,-1966.658638247,-1781.12515495721,-1872.80970991787,,,,,,,,,,,,,,,,,,,,,,,,,,,,,,,,,,,,,,,,,,,,,,,,,,,,,,,,,,,,,,,,,,,,,,,,,,,,,,,,,,,,,
,,,,,,,,,,,,,,,,,,,105.788,1.20182507964928,105.788,1.17762902133235,105.788,1.17347709604155,105.788,1.1956740708558,105.788,1.16008611537263,,105.788,-1821.13211418165,-2022.72618765959,-1925.17851228767,-1858.56184847985,-1822.01769770498,,,,,,,,,,,,,,,,,,,,,,,,,,,,,,,,,,,,,,,,,,,,,,,,,,,,,,,,,,,,,,,,,,,,,,,,,,,,,,,,,,,,,
,,,,,,,,,,,,,,,,,,,106.287,1.19496452906515,106.287,1.17078844679033,106.287,1.17726479821796,106.287,1.19665389383666,106.287,1.16934995265998,,106.287,-1833.0467253896,-2009.22023778252,-1943.32613492741,-1999.85167720848,-1961.33268249212,,,,,,,,,,,,,,,,,,,,,,,,,,,,,,,,,,,,,,,,,,,,,,,,,,,,,,,,,,,,,,,,,,,,,,,,,,,,,,,,,,,,,
,,,,,,,,,,,,,,,,,,,106.786,1.20253310064923,106.786,1.17502122860908,106.786,1.1793547490342,106.786,1.20493706052253,106.786,1.17111013812402,,106.786,-2000.10970807955,-1916.4511260911,-1883.75510097081,-1968.59373369154,-1980.5577161806,,,,,,,,,,,,,,,,,,,,,,,,,,,,,,,,,,,,,,,,,,,,,,,,,,,,,,,,,,,,,,,,,,,,,,,,,,,,,,,,,,,,,
,,,,,,,,,,,,,,,,,,,107.285,1.19271662268028,107.285,1.17709903469876,107.285,1.17746620288458,107.285,1.21597930580938,107.285,1.16940123375768,,107.285,-1956.58863020322,-1842.45261150078,-1744.42770074127,-1880.63484628393,-1929.97012813571,,,,,,,,,,,,,,,,,,,,,,,,,,,,,,,,,,,,,,,,,,,,,,,,,,,,,,,,,,,,,,,,,,,,,,,,,,,,,,,,,,,,,
,,,,,,,,,,,,,,,,,,,107.784,1.19162355463468,107.784,1.17654769354149,107.784,1.17838307874102,107.784,1.20806701236638,107.784,1.16428062217038,,107.784,-1796.67861349593,-1923.09462601614,-1821.97115232258,-1899.66483646981,-1749.67695676795,,,,,,,,,,,,,,,,,,,,,,,,,,,,,,,,,,,,,,,,,,,,,,,,,,,,,,,,,,,,,,,,,,,,,,,,,,,,,,,,,,,,,
,,,,,,,,,,,,,,,,,,,108.283,1.20396995738974,108.283,1.18066630279473,108.283,1.18242110102743,108.283,1.21070811789953,108.283,1.17121089434625,,108.283,-1860.5955623455,-2054.01412653119,-1930.99360652629,-1960.15449504559,-1826.05993303947,,,,,,,,,,,,,,,,,,,,,,,,,,,,,,,,,,,,,,,,,,,,,,,,,,,,,,,,,,,,,,,,,,,,,,,,,,,,,,,,,,,,,
,,,,,,,,,,,,,,,,,,,108.782,1.2005335501102,108.782,1.17944524275048,108.782,1.18943544668331,108.782,1.20675879763202,108.782,1.17283378648242,,108.782,-2032.7931191437,-1987.80808468528,-1967.01816921803,-1967.60850865452,-1935.99746246848,,,,,,,,,,,,,,,,,,,,,,,,,,,,,,,,,,,,,,,,,,,,,,,,,,,,,,,,,,,,,,,,,,,,,,,,,,,,,,,,,,,,,
,,,,,,,,,,,,,,,,,,,109.281,1.20330345122169,109.281,1.17731008377442,109.281,1.18212213552357,109.281,1.20462878641143,109.281,1.1705646115932,,109.281,-2021.06918182038,-1938.85863066222,-1898.56575686808,-1945.35287242298,-1925.94440332123,,,,,,,,,,,,,,,,,,,,,,,,,,,,,,,,,,,,,,,,,,,,,,,,,,,,,,,,,,,,,,,,,,,,,,,,,,,,,,,,,,,,,
,,,,,,,,,,,,,,,,,,,109.78,1.20216274184321,109.78,1.17807065706055,109.78,1.17869030609193,109.78,1.20966489833144,109.78,1.16815717459371,,109.78,-1877.84224446311,-1956.4993406006,-1728.62561922318,-1963.77981357633,-1934.21185011216,,,,,,,,,,,,,,,,,,,,,,,,,,,,,,,,,,,,,,,,,,,,,,,,,,,,,,,,,,,,,,,,,,,,,,,,,,,,,,,,,,,,,
,,,,,,,,,,,,,,,,,,,110.279,1.20146199299853,110.279,1.17822799288538,110.279,1.18719332611162,110.279,1.20542706953443,110.279,1.16936128554128,,110.279,-1914.52629732279,-1965.330214943,-1857.40727564381,-1868.7021412867,-1943.59547811634,,,,,,,,,,,,,,,,,,,,,,,,,,,,,,,,,,,,,,,,,,,,,,,,,,,,,,,,,,,,,,,,,,,,,,,,,,,,,,,,,,,,,
,,,,,,,,,,,,,,,,,,,110.778,1.20451058687412,110.778,1.18253718409926,110.778,1.18010384388064,110.778,1.20789271603266,110.778,1.16399436538482,,110.778,-2037.35386761145,-1949.38599785463,-1929.21452641393,-1924.39104061952,-1927.79611468898,,,,,,,,,,,,,,,,,,,,,,,,,,,,,,,,,,,,,,,,,,,,,,,,,,,,,,,,,,,,,,,,,,,,,,,,,,,,,,,,,,,,,
,,,,,,,,,,,,,,,,,,,111.277,1.19878089019045,111.277,1.17774435550305,111.277,1.19029497857728,111.277,1.20896398309806,111.277,1.16572497914346,,111.277,-1883.22187540684,-1981.32323375707,-1964.62102164253,-2015.39960070057,-1942.51038378543,,,,,,,,,,,,,,,,,,,,,,,,,,,,,,,,,,,,,,,,,,,,,,,,,,,,,,,,,,,,,,,,,,,,,,,,,,,,,,,,,,,,,
,,,,,,,,,,,,,,,,,,,111.776,1.2004560238784,111.776,1.17987931219523,111.776,1.17753003116417,111.776,1.20562507024868,111.776,1.15829947431768,,111.776,-1880.26331851741,-1946.21328383192,-1899.33496502737,-1878.38186238775,-1816.45356001589,,,,,,,,,,,,,,,,,,,,,,,,,,,,,,,,,,,,,,,,,,,,,,,,,,,,,,,,,,,,,,,,,,,,,,,,,,,,,,,,,,,,,
,,,,,,,,,,,,,,,,,,,112.275,1.20672465186607,112.275,1.18517237588187,112.275,1.17937773134292,112.275,1.20795807031156,112.275,1.15740299952102,,112.275,-1943.08528234698,-1938.55612631632,-1788.35390728576,-1866.60938133449,-1845.22558469749,,,,,,,,,,,,,,,,,,,,,,,,,,,,,,,,,,,,,,,,,,,,,,,,,,,,,,,,,,,,,,,,,,,,,,,,,,,,,,,,,,,,,
,,,,,,,,,,,,,,,,,,,112.774,1.20216535463493,112.774,1.17590797514497,112.774,1.17686382318544,112.774,1.20780433562243,112.774,1.16717658862887,,112.774,-1885.24725615358,-1890.52503519742,-1820.16518970971,-1850.39549555099,-1936.35332692569,,,,,,,,,,,,,,,,,,,,,,,,,,,,,,,,,,,,,,,,,,,,,,,,,,,,,,,,,,,,,,,,,,,,,,,,,,,,,,,,,,,,,
,,,,,,,,,,,,,,,,,,,113.273,1.20259172406745,113.273,1.18766736416833,113.273,1.1892477978048,113.273,1.21197121580183,113.273,1.16904637907005,,113.273,-1880.93342795596,-2047.73878102503,-1928.11525235556,-1971.75624958377,-1932.98653681607,,,,,,,,,,,,,,,,,,,,,,,,,,,,,,,,,,,,,,,,,,,,,,,,,,,,,,,,,,,,,,,,,,,,,,,,,,,,,,,,,,,,,
,,,,,,,,,,,,,,,,,,,113.772,1.20368224751766,113.772,1.18104760548646,113.772,1.18955376186869,113.772,1.19979485755799,113.772,1.16748944841447,,113.772,-1983.11647210753,-2144.95925488134,-1957.08419624299,-1964.86051530768,-1922.4050130166,,,,,,,,,,,,,,,,,,,,,,,,,,,,,,,,,,,,,,,,,,,,,,,,,,,,,,,,,,,,,,,,,,,,,,,,,,,,,,,,,,,,,
,,,,,,,,,,,,,,,,,,,114.271,1.20058673383577,114.271,1.17715094591914,114.271,1.18499359023438,114.271,1.20756338281807,114.271,1.1632161473426,,114.271,-2020.14408034142,-1960.40400069931,-1900.4815715399,-1902.95952577186,-1838.12568425045,,,,,,,,,,,,,,,,,,,,,,,,,,,,,,,,,,,,,,,,,,,,,,,,,,,,,,,,,,,,,,,,,,,,,,,,,,,,,,,,,,,,,
,,,,,,,,,,,,,,,,,,,114.77,1.20552171908608,114.77,1.18721182823326,114.77,1.18797597496869,114.77,1.21093870895345,114.77,1.16353488764785,,114.77,-2004.03001680156,-1891.30093500468,-1854.75174592544,-1962.1900821338,-1825.2243425181,,,,,,,,,,,,,,,,,,,,,,,,,,,,,,,,,,,,,,,,,,,,,,,,,,,,,,,,,,,,,,,,,,,,,,,,,,,,,,,,,,,,,
,,,,,,,,,,,,,,,,,,,115.269,1.19863617870587,115.269,1.17887758572402,115.269,1.18375350070332,115.269,1.20406260113722,115.269,1.16788585648697,,115.269,-1824.30232012579,-1916.04129587961,-1818.17756189367,-1932.50146367494,-1937.97735656072,,,,,,,,,,,,,,,,,,,,,,,,,,,,,,,,,,,,,,,,,,,,,,,,,,,,,,,,,,,,,,,,,,,,,,,,,,,,,,,,,,,,,
,,,,,,,,,,,,,,,,,,,115.768,1.19797654712056,115.768,1.18341020837359,115.768,1.18821171865892,115.768,1.21090293105088,115.768,1.17249271564748,,115.768,-1877.34608902805,-1998.89454754975,-1974.83243474494,-1840.86112740643,-1953.21435216236,,,,,,,,,,,,,,,,,,,,,,,,,,,,,,,,,,,,,,,,,,,,,,,,,,,,,,,,,,,,,,,,,,,,,,,,,,,,,,,,,,,,,
,,,,,,,,,,,,,,,,,,,116.267,1.20562154565365,116.267,1.18673047017506,116.267,1.18961488839489,116.267,1.20443309960714,116.267,1.16917432487451,,116.267,-2102.5894736671,-2062.56732633019,-1898.68597670988,-1915.83899691591,-1825.84839293995,,,,,,,,,,,,,,,,,,,,,,,,,,,,,,,,,,,,,,,,,,,,,,,,,,,,,,,,,,,,,,,,,,,,,,,,,,,,,,,,,,,,,
,,,,,,,,,,,,,,,,,,,116.766,1.20156000646527,116.766,1.18413750419135,116.766,1.18135919219777,116.766,1.2130172762419,116.766,1.16658634644574,,116.766,-2080.6546039774,-1983.1513505212,-1807.68577871484,-2028.51870189188,-1838.92053174014,,,,,,,,,,,,,,,,,,,,,,,,,,,,,,,,,,,,,,,,,,,,,,,,,,,,,,,,,,,,,,,,,,,,,,,,,,,,,,,,,,,,,
,,,,,,,,,,,,,,,,,,,117.265,1.19736757972626,117.265,1.18477056873848,117.265,1.18081654764339,117.265,1.21272770738133,117.265,1.16692106067122,,117.265,-1845.85087467483,-1972.16780803759,-1862.86434638239,-1980.99825817213,-1879.44229867958,,,,,,,,,,,,,,,,,,,,,,,,,,,,,,,,,,,,,,,,,,,,,,,,,,,,,,,,,,,,,,,,,,,,,,,,,,,,,,,,,,,,,
,,,,,,,,,,,,,,,,,,,117.764,1.19687446402216,117.764,1.17883474935427,117.764,1.18950776804117,117.764,1.21729751063559,117.764,1.1651433485895,,117.764,-1761.6527719314,-2006.00528672121,-1871.68518457896,-1936.42838311855,-1977.4217874875,,,,,,,,,,,,,,,,,,,,,,,,,,,,,,,,,,,,,,,,,,,,,,,,,,,,,,,,,,,,,,,,,,,,,,,,,,,,,,,,,,,,,
,,,,,,,,,,,,,,,,,,,118.263,1.20499825531936,118.263,1.18035252378376,118.263,1.17665975922983,118.263,1.21342143465629,118.263,1.16503806145455,,118.263,-1880.26660947401,-2035.49114662504,-1785.40996043181,-1972.7968199342,-1872.25745391281,,,,,,,,,,,,,,,,,,,,,,,,,,,,,,,,,,,,,,,,,,,,,,,,,,,,,,,,,,,,,,,,,,,,,,,,,,,,,,,,,,,,,
,,,,,,,,,,,,,,,,,,,118.762,1.1964920176699,118.762,1.18906032100208,118.762,1.19014556945183,118.762,1.21422443877902,118.762,1.16805818570074,,118.762,-2015.53964287574,-2101.72622643209,-1884.44744627554,-1988.43329099812,-1778.81523019726,,,,,,,,,,,,,,,,,,,,,,,,,,,,,,,,,,,,,,,,,,,,,,,,,,,,,,,,,,,,,,,,,,,,,,,,,,,,,,,,,,,,,
,,,,,,,,,,,,,,,,,,,119.261,1.1978691407701,119.261,1.18328690731189,119.261,1.18399024314557,119.261,1.20626910251914,119.261,1.16021064996685,,119.261,-2096.5871087745,-1946.6947663273,-1936.13732446683,-1961.99626722596,-1826.44742505639,,,,,,,,,,,,,,,,,,,,,,,,,,,,,,,,,,,,,,,,,,,,,,,,,,,,,,,,,,,,,,,,,,,,,,,,,,,,,,,,,,,,,
,,,,,,,,,,,,,,,,,,,119.76,1.19060380821667,119.76,1.18126957623118,119.76,1.1888388906877,119.76,1.21506382127287,119.76,1.166807836096,,119.76,-1925.22607230231,-1971.68774715697,-1904.88873307391,-1913.2649495683,-1984.84068627715,,,,,,,,,,,,,,,,,,,,,,,,,,,,,,,,,,,,,,,,,,,,,,,,,,,,,,,,,,,,,,,,,,,,,,,,,,,,,,,,,,,,,
,,,,,,,,,,,,,,,,,,,120.259,1.18847823515225,120.259,1.18211185378846,120.259,1.19323783942215,120.259,1.21647184905226,120.259,1.17028585743936,,120.259,-1684.74284231086,-2071.35301748457,-1798.13437498682,-1914.51397301762,-1920.19581818627,,,,,,,,,,,,,,,,,,,,,,,,,,,,,,,,,,,,,,,,,,,,,,,,,,,,,,,,,,,,,,,,,,,,,,,,,,,,,,,,,,,,,
,,,,,,,,,,,,,,,,,,,120.758,1.19858675756709,120.758,1.18336167552801,120.758,1.18691891343423,120.758,1.22044597108139,120.758,1.16472696715955,,120.758,-1749.40947298328,-2144.88504598027,-1725.73346585562,-2077.50910136349,-1888.45921777767,,,,,,,,,,,,,,,,,,,,,,,,,,,,,,,,,,,,,,,,,,,,,,,,,,,,,,,,,,,,,,,,,,,,,,,,,,,,,,,,,,,,,
,,,,,,,,,,,,,,,,,,,121.257,1.19949546901006,121.257,1.19085053126495,121.257,1.18616969458797,121.257,1.22301685075346,121.257,1.16296456338899,,121.257,-2038.07446206297,-2015.30148639859,-1878.74400160957,-2054.61431805267,-1876.88528894458,,,,,,,,,,,,,,,,,,,,,,,,,,,,,,,,,,,,,,,,,,,,,,,,,,,,,,,,,,,,,,,,,,,,,,,,,,,,,,,,,,,,,
,,,,,,,,,,,,,,,,,,,121.756,1.19269280629553,121.756,1.19161395204138,121.756,1.18980420052422,121.756,1.22558116402677,121.756,1.15898550412201,,121.756,-2063.29774090247,-1928.14850288718,-1998.49907999189,-1903.19850886906,-1865.43441147863,,,,,,,,,,,,,,,,,,,,,,,,,,,,,,,,,,,,,,,,,,,,,,,,,,,,,,,,,,,,,,,,,,,,,,,,,,,,,,,,,,,,,
,,,,,,,,,,,,,,,,,,,122.255,1.19454691150447,122.255,1.1931472879361,122.255,1.18400795277854,122.255,1.21810584574461,122.255,1.15795436811039,,122.255,-1791.09390595734,-1992.93924046241,-1896.25815706294,-1915.76290054403,-1867.49020834409,,,,,,,,,,,,,,,,,,,,,,,,,,,,,,,,,,,,,,,,,,,,,,,,,,,,,,,,,,,,,,,,,,,,,,,,,,,,,,,,,,,,,
,,,,,,,,,,,,,,,,,,,122.754,1.19827021010634,122.754,1.18549868223035,122.754,1.18168909318663,122.754,1.22106640728998,122.754,1.16634612180546,,122.754,-1743.21935634327,-2052.09348548572,-1739.98284866476,-2041.18129545429,-1881.3438160883,,,,,,,,,,,,,,,,,,,,,,,,,,,,,,,,,,,,,,,,,,,,,,,,,,,,,,,,,,,,,,,,,,,,,,,,,,,,,,,,,,,,,
,,,,,,,,,,,,,,,,,,,123.253,1.19153426556963,123.253,1.18851041198125,123.253,1.18699376217552,123.253,1.21952776386288,123.253,1.17328263922149,,123.253,-1923.0475507879,-1981.00838751818,-1754.61863335706,-2011.81557529139,-1975.23437910053,,,,,,,,,,,,,,,,,,,,,,,,,,,,,,,,,,,,,,,,,,,,,,,,,,,,,,,,,,,,,,,,,,,,,,,,,,,,,,,,,,,,,
,,,,,,,,,,,,,,,,,,,123.752,1.19584033341869,123.752,1.19081673374634,123.752,1.19431882277153,123.752,1.21688809374868,123.752,1.16849944674671,,123.752,-2117.48117023046,-1890.85352464831,-1981.84728654191,-1989.40813014903,-1939.3753680498,,,,,,,,,,,,,,,,,,,,,,,,,,,,,,,,,,,,,,,,,,,,,,,,,,,,,,,,,,,,,,,,,,,,,,,,,,,,,,,,,,,,,
,,,,,,,,,,,,,,,,,,,124.251,1.19292160907849,124.251,1.1890801879071,124.251,1.18572786834976,124.251,1.21813704425955,124.251,1.18816105320488,,124.251,-2024.94426167433,-1961.38191521644,-2014.0131609954,-1912.9508739455,-1955.59301998316,,,,,,,,,,,,,,,,,,,,,,,,,,,,,,,,,,,,,,,,,,,,,,,,,,,,,,,,,,,,,,,,,,,,,,,,,,,,,,,,,,,,,
,,,,,,,,,,,,,,,,,,,124.75,1.19725325239222,124.75,1.18131101817974,124.75,1.18553054435719,124.75,1.20626434858189,124.75,1.17957495476953,,124.75,-1771.56030994427,-2079.91754054832,-1886.11851652881,-1983.01020504486,-1792.60048812445,,,,,,,,,,,,,,,,,,,,,,,,,,,,,,,,,,,,,,,,,,,,,,,,,,,,,,,,,,,,,,,,,,,,,,,,,,,,,,,,,,,,,
,,,,,,,,,,,,,,,,,,,125.249,1.20174025712002,125.249,1.19012689631736,125.249,1.18312932828813,125.249,1.20961775726696,125.249,1.18145725810687,,125.249,-1731.57368601981,-2055.9827705989,-1753.22244853907,-2039.96463712135,-1937.82119620882,,,,,,,,,,,,,,,,,,,,,,,,,,,,,,,,,,,,,,,,,,,,,,,,,,,,,,,,,,,,,,,,,,,,,,,,,,,,,,,,,,,,,
,,,,,,,,,,,,,,,,,,,125.748,1.19887126244585,125.748,1.1887397846248,125.748,1.18489692069486,125.748,1.22053455265705,125.748,1.18043023207639,,125.748,-1945.44222149215,-1862.82344753697,-1838.40454627298,-1956.33522306088,-1961.63267572557,,,,,,,,,,,,,,,,,,,,,,,,,,,,,,,,,,,,,,,,,,,,,,,,,,,,,,,,,,,,,,,,,,,,,,,,,,,,,,,,,,,,,
,,,,,,,,,,,,,,,,,,,126.247,1.19910954250448,126.247,1.18614624660241,126.247,1.1845314955948,126.247,1.22459247799055,126.247,1.17498134582459,,126.247,-2118.28698042089,-1893.14319430048,-1959.49526674818,-1916.57459652147,-1906.18787972278,,,,,,,,,,,,,,,,,,,,,,,,,,,,,,,,,,,,,,,,,,,,,,,,,,,,,,,,,,,,,,,,,,,,,,,,,,,,,,,,,,,,,
,,,,,,,,,,,,,,,,,,,126.746,1.19429246178039,126.746,1.18807624472558,126.746,1.18157864369659,126.746,1.21329423446404,126.746,1.17761421173394,,126.746,-2043.10597698432,-2083.07738118975,-1885.13039178535,-1898.74098605671,-1734.91099665497,,,,,,,,,,,,,,,,,,,,,,,,,,,,,,,,,,,,,,,,,,,,,,,,,,,,,,,,,,,,,,,,,,,,,,,,,,,,,,,,,,,,,
,,,,,,,,,,,,,,,,,,,127.245,1.19535288839888,127.245,1.19447975008255,127.245,1.1856959811302,127.245,1.2273232164675,127.245,1.19167026583505,,127.245,-1830.412660502,-2194.14728192508,-1807.10797879269,-2018.97792747062,-1955.56340332844,,,,,,,,,,,,,,,,,,,,,,,,,,,,,,,,,,,,,,,,,,,,,,,,,,,,,,,,,,,,,,,,,,,,,,,,,,,,,,,,,,,,,
,,,,,,,,,,,,,,,,,,,127.744,1.20248946056752,127.744,1.19479021108743,127.744,1.18294411494668,127.744,1.21630718736877,127.744,1.18128876832027,,127.744,-1837.00689693355,-2090.39193584441,-1749.45275456747,-2050.09987049365,-1964.04423521182,,,,,,,,,,,,,,,,,,,,,,,,,,,,,,,,,,,,,,,,,,,,,,,,,,,,,,,,,,,,,,,,,,,,,,,,,,,,,,,,,,,,,
,,,,,,,,,,,,,,,,,,,128.243,1.20120470821985,128.243,1.19419882732967,128.243,1.18587877871262,128.243,1.21932361178009,128.243,1.18321480237937,,128.243,-1911.61351281692,-1901.93753899092,-1912.73604548858,-2012.1626918456,-1837.81094754002,,,,,,,,,,,,,,,,,,,,,,,,,,,,,,,,,,,,,,,,,,,,,,,,,,,,,,,,,,,,,,,,,,,,,,,,,,,,,,,,,,,,,
,,,,,,,,,,,,,,,,,,,128.742,1.20471516581103,128.742,1.18955529514788,128.742,1.19054773534865,128.742,1.21549180810887,128.742,1.17862065156819,,128.742,-2005.73572024696,-1794.86901540314,-1992.84564821791,-1872.14786348436,-1742.47219480873,,,,,,,,,,,,,,,,,,,,,,,,,,,,,,,,,,,,,,,,,,,,,,,,,,,,,,,,,,,,,,,,,,,,,,,,,,,,,,,,,,,,,
,,,,,,,,,,,,,,,,,,,129.241,1.19812198382169,129.241,1.19876879026293,129.241,1.19196838596828,129.241,1.21421012537902,129.241,1.18871746411793,,129.241,-1901.13694111306,-2122.16265033372,-1990.04631788492,-1927.82833414959,-1924.63686815066,,,,,,,,,,,,,,,,,,,,,,,,,,,,,,,,,,,,,,,,,,,,,,,,,,,,,,,,,,,,,,,,,,,,,,,,,,,,,,,,,,,,,
,,,,,,,,,,,,,,,,,,,129.74,1.20169123135895,129.74,1.19617522669183,129.74,1.18343829649601,129.74,1.2153993835646,129.74,1.18408087299261,,129.74,-1818.06077707042,-2166.46149079836,-1793.72537542334,-2056.38852827493,-2067.82007926918,,,,,,,,,,,,,,,,,,,,,,,,,,,,,,,,,,,,,,,,,,,,,,,,,,,,,,,,,,,,,,,,,,,,,,,,,,,,,,,,,,,,,
,,,,,,,,,,,,,,,,,,,130.239,1.19610612924049,130.239,1.19040974200673,130.239,1.18453730026478,130.239,1.21304473643644,130.239,1.17447041578936,,130.239,-1881.26180503667,-2019.30711861037,-1833.93780378997,-1967.18749281948,-1893.26492052668,,,,,,,,,,,,,,,,,,,,,,,,,,,,,,,,,,,,,,,,,,,,,,,,,,,,,,,,,,,,,,,,,,,,,,,,,,,,,,,,,,,,,
,,,,,,,,,,,,,,,,,,,130.738,1.19083001570318,130.738,1.18845111048903,130.738,1.18385825099521,130.738,1.211499677731,130.738,1.17655031995286,,130.738,-2024.9125162736,-1935.88242982358,-1891.81620510382,-1870.75216583687,-1789.27384372405,,,,,,,,,,,,,,,,,,,,,,,,,,,,,,,,,,,,,,,,,,,,,,,,,,,,,,,,,,,,,,,,,,,,,,,,,,,,,,,,,,,,,
,,,,,,,,,,,,,,,,,,,131.237,1.19633895081602,131.237,1.18742814684308,131.237,1.18909673089352,131.237,1.21727717558928,131.237,1.17696163174428,,131.237,-2003.33719261691,-1921.64833784014,-1822.18167618663,-1952.73300557487,-1793.07906728161,,,,,,,,,,,,,,,,,,,,,,,,,,,,,,,,,,,,,,,,,,,,,,,,,,,,,,,,,,,,,,,,,,,,,,,,,,,,,,,,,,,,,
,,,,,,,,,,,,,,,,,,,131.736,1.20056527519561,131.736,1.19483932213715,131.736,1.19085437886253,131.736,1.20429084810341,131.736,1.17928088522815,,131.736,-1844.72691857099,-1979.29213118961,-1843.139337923,-2060.3040061369,-1946.43019191402,,,,,,,,,,,,,,,,,,,,,,,,,,,,,,,,,,,,,,,,,,,,,,,,,,,,,,,,,,,,,,,,,,,,,,,,,,,,,,,,,,,,,
,,,,,,,,,,,,,,,,,,,132.235,1.19229559640322,132.235,1.19632963012987,132.235,1.19246436090002,132.235,1.21109777540672,132.235,1.1818988257957,,132.235,-1833.39111535324,-2044.89301752745,-1911.15763925711,-1956.76019648903,-1885.24722915124,,,,,,,,,,,,,,,,,,,,,,,,,,,,,,,,,,,,,,,,,,,,,,,,,,,,,,,,,,,,,,,,,,,,,,,,,,,,,,,,,,,,,
,,,,,,,,,,,,,,,,,,,132.734,1.2007678761646,132.734,1.19056055029739,132.734,1.19275992664843,132.734,1.21191102773452,132.734,1.18340378526917,,132.734,-1923.83579532361,-2057.24602361591,-1924.0705249895,-1902.83558857439,-1897.90600506745,,,,,,,,,,,,,,,,,,,,,,,,,,,,,,,,,,,,,,,,,,,,,,,,,,,,,,,,,,,,,,,,,,,,,,,,,,,,,,,,,,,,,
,,,,,,,,,,,,,,,,,,,133.233,1.20153090888973,133.233,1.19010360202217,133.233,1.19642878720198,133.233,1.21382384269846,133.233,1.18250908117157,,133.233,-2013.33704717887,-1950.27103071666,-1886.97950118197,-1907.61353992336,-1892.07126216008,,,,,,,,,,,,,,,,,,,,,,,,,,,,,,,,,,,,,,,,,,,,,,,,,,,,,,,,,,,,,,,,,,,,,,,,,,,,,,,,,,,,,
,,,,,,,,,,,,,,,,,,,133.732,1.19534220877584,133.732,1.19292356308407,133.732,1.19056810189451,133.732,1.21401839366844,133.732,1.17575000106062,,133.732,-1913.55413212186,-1877.33961269589,-1784.68666716151,-1913.37967352253,-1906.42007233148,,,,,,,,,,,,,,,,,,,,,,,,,,,,,,,,,,,,,,,,,,,,,,,,,,,,,,,,,,,,,,,,,,,,,,,,,,,,,,,,,,,,,
,,,,,,,,,,,,,,,,,,,134.231,1.19001857743395,134.231,1.19335009028333,134.231,1.19096756986725,134.231,1.20822107147604,134.231,1.18200569720422,,134.231,-1895.68700538072,-1972.66946745072,-1850.95509391973,-2021.48896796271,-1865.88507065029,,,,,,,,,,,,,,,,,,,,,,,,,,,,,,,,,,,,,,,,,,,,,,,,,,,,,,,,,,,,,,,,,,,,,,,,,,,,,,,,,,,,,
,,,,,,,,,,,,,,,,,,,134.73,1.19614258106411,134.73,1.19203885932951,134.73,1.1946054550188,134.73,1.20831267900802,134.73,1.18447425005388,,134.73,-1998.59361107654,-2067.62723275672,-1970.4294662626,-2106.25968645189,-1857.76820469729,,,,,,,,,,,,,,,,,,,,,,,,,,,,,,,,,,,,,,,,,,,,,,,,,,,,,,,,,,,,,,,,,,,,,,,,,,,,,,,,,,,,,
,,,,,,,,,,,,,,,,,,,135.229,1.19030955966121,135.229,1.19922146541034,135.229,1.1874390866861,135.229,1.21434477447038,135.229,1.18769392090689,,135.229,-1954.6471408193,-2134.51879439468,-1959.4563854759,-1975.15052205517,-1855.17090430442,,,,,,,,,,,,,,,,,,,,,,,,,,,,,,,,,,,,,,,,,,,,,,,,,,,,,,,,,,,,,,,,,,,,,,,,,,,,,,,,,,,,,
,,,,,,,,,,,,,,,,,,,135.728,1.19183173712401,135.728,1.19523165258406,135.728,1.20009979817399,135.728,1.20757584783223,135.728,1.18335753886902,,135.728,-1791.19851208376,-1965.41891146341,-1845.42835234817,-1838.78116645627,-1951.22305096227,,,,,,,,,,,,,,,,,,,,,,,,,,,,,,,,,,,,,,,,,,,,,,,,,,,,,,,,,,,,,,,,,,,,,,,,,,,,,,,,,,,,,
,,,,,,,,,,,,,,,,,,,136.227,1.19325244562972,136.227,1.19567145900343,136.227,1.19540198243119,136.227,1.21273166663858,136.227,1.17343364239038,,136.227,-1817.40418429005,-1876.35633781819,-1838.4130550263,-1907.99986973682,-1974.30951572167,,,,,,,,,,,,,,,,,,,,,,,,,,,,,,,,,,,,,,,,,,,,,,,,,,,,,,,,,,,,,,,,,,,,,,,,,,,,,,,,,,,,,
,,,,,,,,,,,,,,,,,,,136.726,1.1943210956574,136.726,1.19282647777158,136.726,1.18423622456057,136.726,1.21345914154429,136.726,1.17141671641178,,136.726,-1958.64109148257,-2007.10725369241,-1877.76722927841,-1957.44127305122,-1852.72971872373,,,,,,,,,,,,,,,,,,,,,,,,,,,,,,,,,,,,,,,,,,,,,,,,,,,,,,,,,,,,,,,,,,,,,,,,,,,,,,,,,,,,,
,,,,,,,,,,,,,,,,,,,137.225,1.19893122173613,137.225,1.19692125138622,137.225,1.1892047602128,137.225,1.21022166563847,137.225,1.17920251553117,,137.225,-2047.73457269557,-2053.9374575798,-1863.60753630622,-2045.38239149711,-1859.22990582647,,,,,,,,,,,,,,,,,,,,,,,,,,,,,,,,,,,,,,,,,,,,,,,,,,,,,,,,,,,,,,,,,,,,,,,,,,,,,,,,,,,,,
,,,,,,,,,,,,,,,,,,,137.724,1.19931458867283,137.724,1.19419535525574,137.724,1.18513180002702,137.724,1.20959925186861,137.724,1.17822763913767,,137.724,-1892.76113336234,-1952.3919373108,-1939.72714940266,-1942.32568096382,-1870.33202886008,,,,,,,,,,,,,,,,,,,,,,,,,,,,,,,,,,,,,,,,,,,,,,,,,,,,,,,,,,,,,,,,,,,,,,,,,,,,,,,,,,,,,
,,,,,,,,,,,,,,,,,,,138.223,1.19615342698389,138.223,1.201500952853,138.223,1.19449778992896,138.223,1.21318941172294,138.223,1.17972853761633,,138.223,-1870.95065381324,-1978.80817922208,-2019.24434172904,-1902.36900414633,-1971.93604460853,,,,,,,,,,,,,,,,,,,,,,,,,,,,,,,,,,,,,,,,,,,,,,,,,,,,,,,,,,,,,,,,,,,,,,,,,,,,,,,,,,,,,
,,,,,,,,,,,,,,,,,,,138.722,1.19349948905844,138.722,1.20169482038514,138.722,1.19669136471128,138.722,1.21036811907772,138.722,1.17661084157967,,138.722,-1840.70332884091,-1943.90054531808,-1865.91193039905,-1923.16293328178,-1927.05265940348,,,,,,,,,,,,,,,,,,,,,,,,,,,,,,,,,,,,,,,,,,,,,,,,,,,,,,,,,,,,,,,,,,,,,,,,,,,,,,,,,,,,,
,,,,,,,,,,,,,,,,,,,139.221,1.20243480039587,139.221,1.19982874262543,139.221,1.20015212078969,139.221,1.21268733925402,139.221,1.18264972262305,,139.221,-1937.6275079609,-1907.08159352439,-1748.73891155248,-2033.93653341915,-1821.64856668357,,,,,,,,,,,,,,,,,,,,,,,,,,,,,,,,,,,,,,,,,,,,,,,,,,,,,,,,,,,,,,,,,,,,,,,,,,,,,,,,,,,,,
,,,,,,,,,,,,,,,,,,,139.72,1.20683693436536,139.72,1.20178715824888,139.72,1.19214109225958,139.72,1.21682402394726,139.72,1.18104462031889,,139.72,-2027.8169166636,-2038.33669036394,-1854.77448566369,-1990.44171849995,-1907.62237028324,,,,,,,,,,,,,,,,,,,,,,,,,,,,,,,,,,,,,,,,,,,,,,,,,,,,,,,,,,,,,,,,,,,,,,,,,,,,,,,,,,,,,
,,,,,,,,,,,,,,,,,,,140.219,1.20282576826797,140.219,1.19722016048034,140.219,1.19358800998624,140.219,1.22116527107844,140.219,1.18150232351392,,140.219,-1976.87292442464,-2133.79515910989,-2029.18436454797,-1940.6952606215,-1972.31588137509,,,,,,,,,,,,,,,,,,,,,,,,,,,,,,,,,,,,,,,,,,,,,,,,,,,,,,,,,,,,,,,,,,,,,,,,,,,,,,,,,,,,,
,,,,,,,,,,,,,,,,,,,140.718,1.20174005700692,140.718,1.2052418699188,140.718,1.1898169302149,140.718,1.21659166243953,140.718,1.1828357793893,,140.718,-1853.39272655472,-2107.74530726865,-1964.78220054095,-2018.25437542833,-1933.66791927673,,,,,,,,,,,,,,,,,,,,,,,,,,,,,,,,,,,,,,,,,,,,,,,,,,,,,,,,,,,,,,,,,,,,,,,,,,,,,,,,,,,,,
,,,,,,,,,,,,,,,,,,,141.217,1.20265297241252,141.217,1.20436199707397,141.217,1.18941925250805,141.217,1.21475028567955,141.217,1.18106167119433,,141.217,-1832.5087446494,-1925.45988268463,-1793.55972623676,-1956.00864075888,-1875.37787534931,,,,,,,,,,,,,,,,,,,,,,,,,,,,,,,,,,,,,,,,,,,,,,,,,,,,,,,,,,,,,,,,,,,,,,,,,,,,,,,,,,,,,
,,,,,,,,,,,,,,,,,,,141.716,1.19656493396017,141.716,1.20855205096135,141.716,1.18880453898522,141.716,1.21745396449159,141.716,1.173806789762,,141.716,-1878.08442170892,-1980.79978636971,-1854.73458908499,-1860.65342394169,-1852.44349752963,,,,,,,,,,,,,,,,,,,,,,,,,,,,,,,,,,,,,,,,,,,,,,,,,,,,,,,,,,,,,,,,,,,,,,,,,,,,,,,,,,,,,
,,,,,,,,,,,,,,,,,,,142.215,1.19966066188221,142.215,1.2067237354763,142.215,1.18915281939567,142.215,1.22510163636456,142.215,1.18448570753582,,142.215,-1935.34981367975,-2064.17472254538,-1971.44272109005,-1896.6192315867,-1996.23015984478,,,,,,,,,,,,,,,,,,,,,,,,,,,,,,,,,,,,,,,,,,,,,,,,,,,,,,,,,,,,,,,,,,,,,,,,,,,,,,,,,,,,,
,,,,,,,,,,,,,,,,,,,142.714,1.1977452141581,142.714,1.20667035634337,142.714,1.18588756795202,142.714,1.21708512383556,142.714,1.1846062308563,,142.714,-1918.90777998657,-2013.5723835415,-1905.83803517122,-1991.54593745773,-1976.17352127727,,,,,,,,,,,,,,,,,,,,,,,,,,,,,,,,,,,,,,,,,,,,,,,,,,,,,,,,,,,,,,,,,,,,,,,,,,,,,,,,,,,,,
,,,,,,,,,,,,,,,,,,,143.213,1.20284103942005,143.213,1.20985960695002,143.213,1.19536638836485,143.213,1.21257179522025,143.213,1.17742401058562,,143.213,-1883.39931408765,-2036.1431025741,-1825.55834414319,-2054.32678985644,-1935.56726366525,,,,,,,,,,,,,,,,,,,,,,,,,,,,,,,,,,,,,,,,,,,,,,,,,,,,,,,,,,,,,,,,,,,,,,,,,,,,,,,,,,,,,
,,,,,,,,,,,,,,,,,,,143.712,1.20517217430595,143.712,1.2072804125223,143.712,1.18753852984919,143.712,1.21179368546036,143.712,1.17327158759129,,143.712,-1834.03476308094,-2042.72959036315,-1892.81660392421,-1955.49913813171,-1858.92851872057,,,,,,,,,,,,,,,,,,,,,,,,,,,,,,,,,,,,,,,,,,,,,,,,,,,,,,,,,,,,,,,,,,,,,,,,,,,,,,,,,,,,,
,,,,,,,,,,,,,,,,,,,144.211,1.20385537106202,144.211,1.2112551324823,144.211,1.1891336609951,144.211,1.21042146418846,144.211,1.17661880844013,,144.211,-1889.91910998187,-1941.24946051947,-1960.15280706026,-1867.17011939002,-1903.42082018544,,,,,,,,,,,,,,,,,,,,,,,,,,,,,,,,,,,,,,,,,,,,,,,,,,,,,,,,,,,,,,,,,,,,,,,,,,,,,,,,,,,,,
,,,,,,,,,,,,,,,,,,,144.71,1.20902162894377,144.71,1.21062111486183,144.71,1.19672726778973,144.71,1.21752603059325,144.71,1.17800123511444,,144.71,-2008.74693357507,-1897.15172437796,-1934.16118905765,-1824.81140898049,-1894.86881334042,,,,,,,,,,,,,,,,,,,,,,,,,,,,,,,,,,,,,,,,,,,,,,,,,,,,,,,,,,,,,,,,,,,,,,,,,,,,,,,,,,,,,
,,,,,,,,,,,,,,,,,,,145.209,1.2005653020575,145.209,1.2116602079417,145.209,1.1920804424895,145.209,1.21304239265454,145.209,1.18418357060643,,145.209,-1977.15654901157,-2013.70772441511,-1872.82002841303,-1863.40469370142,-2000.82703463358,,,,,,,,,,,,,,,,,,,,,,,,,,,,,,,,,,,,,,,,,,,,,,,,,,,,,,,,,,,,,,,,,,,,,,,,,,,,,,,,,,,,,
,,,,,,,,,,,,,,,,,,,145.708,1.19955724973108,145.708,1.20600425139681,145.708,1.19014556406858,145.708,1.21454825835492,145.708,1.18410790068542,,145.708,-1859.59817577875,-2124.07960348877,-1927.62998841101,-2007.285068702,-1927.3472529584,,,,,,,,,,,,,,,,,,,,,,,,,,,,,,,,,,,,,,,,,,,,,,,,,,,,,,,,,,,,,,,,,,,,,,,,,,,,,,,,,,,,,
,,,,,,,,,,,,,,,,,,,146.207,1.20392506466956,146.207,1.21174139695861,146.207,1.193325221678,146.207,1.2124852236435,146.207,1.19124286562466,,146.207,-1880.68761941431,-2174.40172022115,-2027.01263473391,-1988.29732006963,-1904.32202663511,,,,,,,,,,,,,,,,,,,,,,,,,,,,,,,,,,,,,,,,,,,,,,,,,,,,,,,,,,,,,,,,,,,,,,,,,,,,,,,,,,,,,
,,,,,,,,,,,,,,,,,,,146.706,1.20720490745811,146.706,1.21395186382446,146.706,1.18704157747277,146.706,1.21074379504073,146.706,1.18955057103701,,146.706,-1940.44607224215,-1987.39332976025,-1793.65508640435,-1875.99722428863,-1821.22402005836,,,,,,,,,,,,,,,,,,,,,,,,,,,,,,,,,,,,,,,,,,,,,,,,,,,,,,,,,,,,,,,,,,,,,,,,,,,,,,,,,,,,,
,,,,,,,,,,,,,,,,,,,147.205,1.20656353478945,147.205,1.21319778008299,147.205,1.19305193243501,147.205,1.21506138995524,147.205,1.19157558086856,,147.205,-1978.17880616054,-1990.31151825504,-1810.00241972138,-1868.77029562376,-1925.07234017872,,,,,,,,,,,,,,,,,,,,,,,,,,,,,,,,,,,,,,,,,,,,,,,,,,,,,,,,,,,,,,,,,,,,,,,,,,,,,,,,,,,,,
,,,,,,,,,,,,,,,,,,,147.704,1.20287144323156,147.704,1.20763483941142,147.704,1.19108783487472,147.704,1.21128308675258,147.704,1.18597900931797,,147.704,-1883.30409866254,-2088.47548386886,-1877.23765157999,-1891.9934953425,-1951.81379438017,,,,,,,,,,,,,,,,,,,,,,,,,,,,,,,,,,,,,,,,,,,,,,,,,,,,,,,,,,,,,,,,,,,,,,,,,,,,,,,,,,,,,
,,,,,,,,,,,,,,,,,,,148.203,1.20054761749758,148.203,1.20712088877346,148.203,1.19591011820962,148.203,1.21132035993217,148.203,1.18646072288115,,148.203,-1852.0346219586,-2142.55269957624,-1957.73712310029,-1977.13731516505,-1864.23616496163,,,,,,,,,,,,,,,,,,,,,,,,,,,,,,,,,,,,,,,,,,,,,,,,,,,,,,,,,,,,,,,,,,,,,,,,,,,,,,,,,,,,,
,,,,,,,,,,,,,,,,,,,148.702,1.19541651441032,148.702,1.20427677878208,148.702,1.18747512652487,148.702,1.21027011483399,148.702,1.1879948836926,,148.702,-1879.25128448331,-2015.36524944034,-1924.32451564463,-2015.75631888012,-1823.2334490086,,,,,,,,,,,,,,,,,,,,,,,,,,,,,,,,,,,,,,,,,,,,,,,,,,,,,,,,,,,,,,,,,,,,,,,,,,,,,,,,,,,,,
,,,,,,,,,,,,,,,,,,,149.201,1.19662029434835,149.201,1.20354349489737,149.201,1.19346808173401,149.201,1.21336831336316,149.201,1.18542854940789,,149.201,-1953.56723546375,-1959.76250654024,-1833.5697633323,-1990.50349905926,-1842.69941846369,,,,,,,,,,,,,,,,,,,,,,,,,,,,,,,,,,,,,,,,,,,,,,,,,,,,,,,,,,,,,,,,,,,,,,,,,,,,,,,,,,,,,
,,,,,,,,,,,,,,,,,,,149.7,1.20934705990228,149.7,1.20533500486552,149.7,1.19232422393965,149.7,1.21185644866151,149.7,1.19338019750742,,149.7,-2016.85889900324,-2059.16527864466,-1872.81207998243,-1878.39238034055,-1979.12307260827,,,,,,,,,,,,,,,,,,,,,,,,,,,,,,,,,,,,,,,,,,,,,,,,,,,,,,,,,,,,,,,,,,,,,,,,,,,,,,,,,,,,,
,,,,,,,,,,,,,,,,,,,150.199,1.2084625019949,150.199,1.21220935879722,150.199,1.19564769576266,150.199,1.21459881065182,150.199,1.18601251206113,,150.199,-1972.46383039102,-2017.5090560087,-1934.38749651991,-1810.69015877828,-2009.88944143099,,,,,,,,,,,,,,,,,,,,,,,,,,,,,,,,,,,,,,,,,,,,,,,,,,,,,,,,,,,,,,,,,,,,,,,,,,,,,,,,,,,,,
,,,,,,,,,,,,,,,,,,,150.698,1.20582472987392,150.698,1.21021086754844,150.698,1.19487905260539,150.698,1.21963330082162,150.698,1.18530337999921,,150.698,-1897.73998153739,-1961.43849440277,-1906.49687572906,-1948.57016968557,-1871.67046669039,,,,,,,,,,,,,,,,,,,,,,,,,,,,,,,,,,,,,,,,,,,,,,,,,,,,,,,,,,,,,,,,,,,,,,,,,,,,,,,,,,,,,
,,,,,,,,,,,,,,,,,,,151.197,1.20902948084024,151.197,1.20702423722136,151.197,1.1879333133727,151.197,1.21077221442611,151.197,1.18163146349436,,151.197,-1935.03371538198,-2024.17507130531,-1800.18472302095,-2022.33066403715,-1805.73854304152,,,,,,,,,,,,,,,,,,,,,,,,,,,,,,,,,,,,,,,,,,,,,,,,,,,,,,,,,,,,,,,,,,,,,,,,,,,,,,,,,,,,,
,,,,,,,,,,,,,,,,,,,151.696,1.20368953657537,151.696,1.22013420774787,151.696,1.19398253310774,151.696,1.21099975106303,151.696,1.17854615998295,,151.696,-2005.84478791865,-2095.22367843017,-1914.38933615082,-1993.37049877786,-1956.95664766357,,,,,,,,,,,,,,,,,,,,,,,,,,,,,,,,,,,,,,,,,,,,,,,,,,,,,,,,,,,,,,,,,,,,,,,,,,,,,,,,,,,,,
,,,,,,,,,,,,,,,,,,,152.195,1.20948597464851,152.195,1.21433191124545,152.195,1.19497827803664,152.195,1.21705920107106,152.195,1.18279750708952,,152.195,-1995.97362201803,-2066.51678182436,-2037.33737719986,-1910.60968706528,-1991.55308465232,,,,,,,,,,,,,,,,,,,,,,,,,,,,,,,,,,,,,,,,,,,,,,,,,,,,,,,,,,,,,,,,,,,,,,,,,,,,,,,,,,,,,
,,,,,,,,,,,,,,,,,,,152.694,1.20521885588787,152.694,1.21781449266881,152.694,1.19288974345944,152.694,1.21877991525858,152.694,1.18859823283298,,152.694,-1972.97530239647,-2043.1756989963,-1938.14877137158,-1849.35068277319,-1935.30506208834,,,,,,,,,,,,,,,,,,,,,,,,,,,,,,,,,,,,,,,,,,,,,,,,,,,,,,,,,,,,,,,,,,,,,,,,,,,,,,,,,,,,,
,,,,,,,,,,,,,,,,,,,153.193,1.20279154709461,153.193,1.21773469656013,153.193,1.19160701354583,153.193,1.21632296329912,153.193,1.18014600661545,,153.193,-1860.94844760815,-2010.08947340944,-1844.69656296579,-1912.36731407077,-1754.4539259133,,,,,,,,,,,,,,,,,,,,,,,,,,,,,,,,,,,,,,,,,,,,,,,,,,,,,,,,,,,,,,,,,,,,,,,,,,,,,,,,,,,,,
,,,,,,,,,,,,,,,,,,,153.692,1.20810873176017,153.692,1.21584401949485,153.692,1.19929094085089,153.692,1.21798260521184,153.692,1.18367821279498,,153.692,-1864.77738546838,-2018.03542143274,-1757.39575858116,-1977.99790078608,-1818.05117943957,,,,,,,,,,,,,,,,,,,,,,,,,,,,,,,,,,,,,,,,,,,,,,,,,,,,,,,,,,,,,,,,,,,,,,,,,,,,,,,,,,,,,
,,,,,,,,,,,,,,,,,,,154.191,1.20856329494815,154.191,1.20895362125643,154.191,1.20247887560763,154.191,1.21800630459213,154.191,1.17755176634363,,154.191,-1974.20772767591,-2088.78571453043,-1841.25082357898,-2002.25456759945,-1931.38010019606,,,,,,,,,,,,,,,,,,,,,,,,,,,,,,,,,,,,,,,,,,,,,,,,,,,,,,,,,,,,,,,,,,,,,,,,,,,,,,,,,,,,,
,,,,,,,,,,,,,,,,,,,154.69,1.20525852512484,154.69,1.21496732755529,154.69,1.19375307740577,154.69,1.21669293895138,154.69,1.18614252916827,,154.69,-2020.22575364054,-2060.39803064772,-1973.2469941887,-1928.86168218537,-2066.28523674204,,,,,,,,,,,,,,,,,,,,,,,,,,,,,,,,,,,,,,,,,,,,,,,,,,,,,,,,,,,,,,,,,,,,,,,,,,,,,,,,,,,,,
,,,,,,,,,,,,,,,,,,,155.189,1.21609351733469,155.189,1.21594875816117,155.189,1.19724869751936,155.189,1.21984351845323,155.189,1.18668122756835,,155.189,-2004.57524365692,-1981.43081004995,-2007.55751907115,-1983.91969095127,-1964.92387079542,,,,,,,,,,,,,,,,,,,,,,,,,,,,,,,,,,,,,,,,,,,,,,,,,,,,,,,,,,,,,,,,,,,,,,,,,,,,,,,,,,,,,
,,,,,,,,,,,,,,,,,,,155.688,1.21070812130664,155.688,1.22365534691528,155.688,1.19676310990873,155.688,1.21083883193441,155.688,1.18940320305667,,155.688,-1904.55671968723,-2039.00525575428,-1897.38701891412,-1963.73364653853,-1876.82673662803,,,,,,,,,,,,,,,,,,,,,,,,,,,,,,,,,,,,,,,,,,,,,,,,,,,,,,,,,,,,,,,,,,,,,,,,,,,,,,,,,,,,,
,,,,,,,,,,,,,,,,,,,156.187,1.21257385520196,156.187,1.21948442257371,156.187,1.19834841742812,156.187,1.21742856559678,156.187,1.1893934471316,,156.187,-1939.9043412138,-2115.93148536023,-1877.62325993264,-1981.70863489044,-1936.70743677368,,,,,,,,,,,,,,,,,,,,,,,,,,,,,,,,,,,,,,,,,,,,,,,,,,,,,,,,,,,,,,,,,,,,,,,,,,,,,,,,,,,,,
,,,,,,,,,,,,,,,,,,,156.686,1.21405704397094,156.686,1.2170567616288,156.686,1.19602789918864,156.686,1.22548224324279,156.686,1.19705191302655,,156.686,-1956.6645265419,-2004.60645456,-1878.83360900379,-1990.43622440285,-1931.76434739955,,,,,,,,,,,,,,,,,,,,,,,,,,,,,,,,,,,,,,,,,,,,,,,,,,,,,,,,,,,,,,,,,,,,,,,,,,,,,,,,,,,,,
,,,,,,,,,,,,,,,,,,,157.185,1.21544108518053,157.185,1.22627690763775,157.185,1.19682254516312,157.185,1.21669833415524,157.185,1.19537623480105,,157.185,-2025.58905798552,-2078.80842158952,-1927.28912945417,-1890.62898434889,-1915.91455282892,,,,,,,,,,,,,,,,,,,,,,,,,,,,,,,,,,,,,,,,,,,,,,,,,,,,,,,,,,,,,,,,,,,,,,,,,,,,,,,,,,,,,
,,,,,,,,,,,,,,,,,,,157.684,1.2137020833512,157.684,1.2205867026394,157.684,1.1982192615474,157.684,1.21757565078667,157.684,1.1966188373021,,157.684,-1987.14990345269,-2129.29320270053,-1962.15166494196,-1956.27967510363,-1892.97646859201,,,,,,,,,,,,,,,,,,,,,,,,,,,,,,,,,,,,,,,,,,,,,,,,,,,,,,,,,,,,,,,,,,,,,,,,,,,,,,,,,,,,,
,,,,,,,,,,,,,,,,,,,158.183,1.213370719979,158.183,1.21264814793319,158.183,1.19425613452772,158.183,1.21844637769583,158.183,1.19254496855987,,158.183,-1947.69320824267,-2026.47735638201,-1879.77169860377,-1942.56193403286,-1908.19745103977,,,,,,,,,,,,,,,,,,,,,,,,,,,,,,,,,,,,,,,,,,,,,,,,,,,,,,,,,,,,,,,,,,,,,,,,,,,,,,,,,,,,,
,,,,,,,,,,,,,,,,,,,158.682,1.21575876634629,158.682,1.21373109868649,158.682,1.18663489514011,158.682,1.22099023572673,158.682,1.19718705815261,,158.682,-1933.29123452283,-2029.7558830206,-1941.24228038827,-1958.73566152425,-1982.27439998501,,,,,,,,,,,,,,,,,,,,,,,,,,,,,,,,,,,,,,,,,,,,,,,,,,,,,,,,,,,,,,,,,,,,,,,,,,,,,,,,,,,,,
,,,,,,,,,,,,,,,,,,,159.181,1.21981780349455,159.181,1.21980314602876,159.181,1.19252820437464,159.181,1.22112945374316,159.181,1.19912035466884,,159.181,-1882.12692163234,-2101.08310335787,-1985.58078546318,-1955.63304671726,-1951.53788061899,,,,,,,,,,,,,,,,,,,,,,,,,,,,,,,,,,,,,,,,,,,,,,,,,,,,,,,,,,,,,,,,,,,,,,,,,,,,,,,,,,,,,
,,,,,,,,,,,,,,,,,,,159.68,1.21056017690136,159.68,1.2160652860687,159.68,1.18614742417717,159.68,1.21152042702605,159.68,1.18239409002265,,159.68,-1961.7582861893,-2058.63522907298,-1987.08023191945,-1847.51761182932,-1829.98344054336,,,,,,,,,,,,,,,,,,,,,,,,,,,,,,,,,,,,,,,,,,,,,,,,,,,,,,,,,,,,,,,,,,,,,,,,,,,,,,,,,,,,,
,,,,,,,,,,,,,,,,,,,160.179,1.21865050680496,160.179,1.2195447077509,160.179,1.18745067257824,160.179,1.22090184399444,160.179,1.19194384145645,,160.179,-2029.68323788901,-1955.10214327674,-1782.06511796102,-1956.50697478634,-1955.56390939514,,,,,,,,,,,,,,,,,,,,,,,,,,,,,,,,,,,,,,,,,,,,,,,,,,,,,,,,,,,,,,,,,,,,,,,,,,,,,,,,,,,,,
,,,,,,,,,,,,,,,,,,,160.678,1.21011056896688,160.678,1.214770316628,160.678,1.19193039635282,160.678,1.21458224943005,160.678,1.19579766820899,,160.678,-1920.29764206616,-2026.25439760766,-1812.63148891754,-2030.7997301922,-1981.40704694424,,,,,,,,,,,,,,,,,,,,,,,,,,,,,,,,,,,,,,,,,,,,,,,,,,,,,,,,,,,,,,,,,,,,,,,,,,,,,,,,,,,,,
,,,,,,,,,,,,,,,,,,,161.177,1.21493779789509,161.177,1.20848612420292,161.177,1.19906073783569,161.177,1.221353442749,161.177,1.19394819057172,,161.177,-1907.62394252051,-2065.20172723386,-1948.77795945057,-2063.61726697616,-1979.59438930907,,,,,,,,,,,,,,,,,,,,,,,,,,,,,,,,,,,,,,,,,,,,,,,,,,,,,,,,,,,,,,,,,,,,,,,,,,,,,,,,,,,,,
,,,,,,,,,,,,,,,,,,,161.676,1.20205607599514,161.676,1.21444879493893,161.676,1.18790618047446,161.676,1.2200614606881,161.676,1.18896602605797,,161.676,-1882.4540231607,-2080.55918969434,-1978.64335665898,-1913.030233937,-1838.00895434108,,,,,,,,,,,,,,,,,,,,,,,,,,,,,,,,,,,,,,,,,,,,,,,,,,,,,,,,,,,,,,,,,,,,,,,,,,,,,,,,,,,,,
,,,,,,,,,,,,,,,,,,,162.175,1.21431747164295,162.175,1.2163634602798,162.175,1.1992481844184,162.175,1.21960869352678,162.175,1.18957446855047,,162.175,-2029.68376355117,-2061.92474113415,-1973.66822981863,-1884.76312593954,-1819.31920943423,,,,,,,,,,,,,,,,,,,,,,,,,,,,,,,,,,,,,,,,,,,,,,,,,,,,,,,,,,,,,,,,,,,,,,,,,,,,,,,,,,,,,
,,,,,,,,,,,,,,,,,,,162.674,1.21484654606247,162.674,1.21722331980915,162.674,1.19199261119319,162.674,1.21413203681536,162.674,1.18497389714051,,162.674,-2029.01733685236,-1918.84709350586,-1753.8924002025,-1975.05655595505,-1954.64807692363,,,,,,,,,,,,,,,,,,,,,,,,,,,,,,,,,,,,,,,,,,,,,,,,,,,,,,,,,,,,,,,,,,,,,,,,,,,,,,,,,,,,,
,,,,,,,,,,,,,,,,,,,163.173,1.21633804579124,163.173,1.21275276904775,163.173,1.19417806445153,163.173,1.21408020310459,163.173,1.19127904354867,,163.173,-1897.63793183643,-2067.52322191844,-1830.50959175113,-1948.16528699321,-2028.40538821104,,,,,,,,,,,,,,,,,,,,,,,,,,,,,,,,,,,,,,,,,,,,,,,,,,,,,,,,,,,,,,,,,,,,,,,,,,,,,,,,,,,,,
,,,,,,,,,,,,,,,,,,,163.672,1.21474087297776,163.672,1.21010541379445,163.672,1.19478035367519,163.672,1.21824489063197,163.672,1.19585235179638,,163.672,-1866.7015020731,-2106.80918889032,-1945.41989084276,-1934.56160675612,-2068.38074819485,,,,,,,,,,,,,,,,,,,,,,,,,,,,,,,,,,,,,,,,,,,,,,,,,,,,,,,,,,,,,,,,,,,,,,,,,,,,,,,,,,,,,
,,,,,,,,,,,,,,,,,,,164.171,1.21368968619708,164.171,1.2126552180219,164.171,1.19380217413637,164.171,1.22798743170933,164.171,1.18243380318429,,164.171,-1994.42930356402,-2061.43130485116,-2039.24078745379,-1966.94773798832,-1933.52572145816,,,,,,,,,,,,,,,,,,,,,,,,,,,,,,,,,,,,,,,,,,,,,,,,,,,,,,,,,,,,,,,,,,,,,,,,,,,,,,,,,,,,,
,,,,,,,,,,,,,,,,,,,164.67,1.21778656937891,164.67,1.21906458040224,164.67,1.18734496070781,164.67,1.22051847001133,164.67,1.18644520634604,,164.67,-2095.84110002153,-1968.68951483406,-1929.56380139448,-2026.9172159828,-1854.14141936206,,,,,,,,,,,,,,,,,,,,,,,,,,,,,,,,,,,,,,,,,,,,,,,,,,,,,,,,,,,,,,,,,,,,,,,,,,,,,,,,,,,,,
,,,,,,,,,,,,,,,,,,,165.169,1.20886320071331,165.169,1.20952325150761,165.169,1.19654485676125,165.169,1.21666062277407,165.169,1.19343493050967,,165.169,-1970.33417144329,-1936.65617712104,-1855.95836872995,-1987.69886293568,-1867.38564947237,,,,,,,,,,,,,,,,,,,,,,,,,,,,,,,,,,,,,,,,,,,,,,,,,,,,,,,,,,,,,,,,,,,,,,,,,,,,,,,,,,,,,
,,,,,,,,,,,,,,,,,,,165.668,1.20423403560194,165.668,1.21277096707978,165.668,1.19022580303875,165.668,1.21416433713861,165.668,1.19434007537214,,165.668,-1854.17365872064,-2052.83056335604,-1827.15671064025,-1874.1607594554,-2002.38659847725,,,,,,,,,,,,,,,,,,,,,,,,,,,,,,,,,,,,,,,,,,,,,,,,,,,,,,,,,,,,,,,,,,,,,,,,,,,,,,,,,,,,,
,,,,,,,,,,,,,,,,,,,166.167,1.20933389351328,166.167,1.21565591412405,166.167,1.19566732040088,166.167,1.21814111883039,166.167,1.19302886891939,,166.167,-1912.71929901935,-2154.47892180504,-1941.72012493748,-1972.286809237,-2068.70291356371,,,,,,,,,,,,,,,,,,,,,,,,,,,,,,,,,,,,,,,,,,,,,,,,,,,,,,,,,,,,,,,,,,,,,,,,,,,,,,,,,,,,,
,,,,,,,,,,,,,,,,,,,166.666,1.20782739583067,166.666,1.21329801468506,166.666,1.19576266636705,166.666,1.22890794419863,166.666,1.17686389712826,,166.666,-1952.38925484783,-2013.79057569001,-1925.75584336783,-2040.08902262433,-1913.52148025195,,,,,,,,,,,,,,,,,,,,,,,,,,,,,,,,,,,,,,,,,,,,,,,,,,,,,,,,,,,,,,,,,,,,,,,,,,,,,,,,,,,,,
,,,,,,,,,,,,,,,,,,,167.165,1.20951893726467,167.165,1.21043048062565,167.165,1.19562566367094,167.165,1.22107477671222,167.165,1.18515675881431,,167.165,-1948.25038269332,-2026.73922041912,-1898.62293306218,-2033.23623046853,-1903.88412140613,,,,,,,,,,,,,,,,,,,,,,,,,,,,,,,,,,,,,,,,,,,,,,,,,,,,,,,,,,,,,,,,,,,,,,,,,,,,,,,,,,,,,
,,,,,,,,,,,,,,,,,,,167.664,1.21125422301428,167.664,1.2147590166383,167.664,1.19626073901863,167.664,1.22579806921466,167.664,1.19387577397268,,167.664,-2071.1925733544,-2079.83066689175,-1910.58901146027,-1973.94621569414,-1952.22509084878,,,,,,,,,,,,,,,,,,,,,,,,,,,,,,,,,,,,,,,,,,,,,,,,,,,,,,,,,,,,,,,,,,,,,,,,,,,,,,,,,,,,,
,,,,,,,,,,,,,,,,,,,168.163,1.20964420743583,168.163,1.21558620664749,168.163,1.19486514020372,168.163,1.21767353671971,168.163,1.19059203212323,,168.163,-1987.51542832974,-1952.01395490632,-1940.43146586885,-1893.66133376778,-1978.43138398728,,,,,,,,,,,,,,,,,,,,,,,,,,,,,,,,,,,,,,,,,,,,,,,,,,,,,,,,,,,,,,,,,,,,,,,,,,,,,,,,,,,,,
,,,,,,,,,,,,,,,,,,,168.662,1.20985650343566,168.662,1.21716352823444,168.662,1.1950347620748,168.662,1.21895950430438,168.662,1.18658624380188,,168.662,-1823.70745593481,-1912.19971506414,-1967.39323073131,-1950.88438154816,-1928.89594803144,,,,,,,,,,,,,,,,,,,,,,,,,,,,,,,,,,,,,,,,,,,,,,,,,,,,,,,,,,,,,,,,,,,,,,,,,,,,,,,,,,,,,
,,,,,,,,,,,,,,,,,,,169.161,1.20551826040543,169.161,1.2166905044521,169.161,1.19982832747456,169.161,1.21713981184773,169.161,1.1967645473757,,169.161,-1862.10913311214,-2142.68166806639,-1917.58971156192,-1969.64876726264,-1876.80310189027,,,,,,,,,,,,,,,,,,,,,,,,,,,,,,,,,,,,,,,,,,,,,,,,,,,,,,,,,,,,,,,,,,,,,,,,,,,,,,,,,,,,,
,,,,,,,,,,,,,,,,,,,169.66,1.21336543904111,169.66,1.21539738832096,169.66,1.19348844712237,169.66,1.2212091431994,169.66,1.18494352484661,,169.66,-2038.72198854747,-2200.49969411233,-1833.79928746679,-1956.24453768084,-1831.81218101294,,,,,,,,,,,,,,,,,,,,,,,,,,,,,,,,,,,,,,,,,,,,,,,,,,,,,,,,,,,,,,,,,,,,,,,,,,,,,,,,,,,,,
,,,,,,,,,,,,,,,,,,,170.159,1.20462340122195,170.159,1.2110281349085,170.159,1.1885722066942,170.159,1.21629400471271,170.159,1.18696132138375,,170.159,-1960.14269498575,-1993.55838592756,-1842.02788622542,-1792.49650486898,-1965.17977562355,,,,,,,,,,,,,,,,,,,,,,,,,,,,,,,,,,,,,,,,,,,,,,,,,,,,,,,,,,,,,,,,,,,,,,,,,,,,,,,,,,,,,
,,,,,,,,,,,,,,,,,,,170.658,1.21598471393217,170.658,1.21662939324663,170.658,1.20039944458289,170.658,1.23089058298323,170.658,1.19267523603718,,170.658,-1982.25193246838,-1850.60164151844,-1963.97661764241,-1917.3676066674,-2018.22990564353,,,,,,,,,,,,,,,,,,,,,,,,,,,,,,,,,,,,,,,,,,,,,,,,,,,,,,,,,,,,,,,,,,,,,,,,,,,,,,,,,,,,,
,,,,,,,,,,,,,,,,,,,171.157,1.20358584992904,171.157,1.22103698783941,171.157,1.19624001973108,171.157,1.21930121180373,171.157,1.18240781438993,,171.157,-1893.4176704585,-1987.37668555947,-2058.7510759673,-2023.59846478568,-1931.26047877504,,,,,,,,,,,,,,,,,,,,,,,,,,,,,,,,,,,,,,,,,,,,,,,,,,,,,,,,,,,,,,,,,,,,,,,,,,,,,,,,,,,,,
,,,,,,,,,,,,,,,,,,,171.656,1.21509467950221,171.656,1.22031815296969,171.656,1.19850357859661,171.656,1.2272164309138,171.656,1.18690656228998,,171.656,-1935.37938281804,-2076.65386203785,-1914.22751560281,-2069.74737506461,-1918.47050924738,,,,,,,,,,,,,,,,,,,,,,,,,,,,,,,,,,,,,,,,,,,,,,,,,,,,,,,,,,,,,,,,,,,,,,,,,,,,,,,,,,,,,
,,,,,,,,,,,,,,,,,,,172.155,1.2078530884692,172.155,1.22274179563026,172.155,1.19650339289764,172.155,1.21900403737892,172.155,1.18403567954035,,172.155,-1960.66689576216,-2114.70915797568,-1678.7503927733,-1932.39677690068,-1929.89444470448,,,,,,,,,,,,,,,,,,,,,,,,,,,,,,,,,,,,,,,,,,,,,,,,,,,,,,,,,,,,,,,,,,,,,,,,,,,,,,,,,,,,,
,,,,,,,,,,,,,,,,,,,172.654,1.22048211511102,172.654,1.21780633919248,172.654,1.19265743211332,172.654,1.2177283266227,172.654,1.1856411602265,,172.654,-2040.03594524646,-2042.22437129425,-1883.91739958567,-1870.59633028489,-1968.18334478504,,,,,,,,,,,,,,,,,,,,,,,,,,,,,,,,,,,,,,,,,,,,,,,,,,,,,,,,,,,,,,,,,,,,,,,,,,,,,,,,,,,,,
,,,,,,,,,,,,,,,,,,,173.153,1.21857102893565,173.153,1.22255425910927,173.153,1.20191437676049,173.153,1.22544918834573,173.153,1.17963571079321,,173.153,-1994.77323029167,-2017.47082496233,-2078.56150656484,-1867.78306234072,-1820.57121211602,,,,,,,,,,,,,,,,,,,,,,,,,,,,,,,,,,,,,,,,,,,,,,,,,,,,,,,,,,,,,,,,,,,,,,,,,,,,,,,,,,,,,
,,,,,,,,,,,,,,,,,,,173.652,1.21706430458024,173.652,1.22128777607908,173.652,1.19727032408473,173.652,1.22328279243571,173.652,1.18604440191658,,173.652,-1898.69044109423,-2060.15857251936,-1987.29813685142,-1978.13552742868,-1889.24662240978,,,,,,,,,,,,,,,,,,,,,,,,,,,,,,,,,,,,,,,,,,,,,,,,,,,,,,,,,,,,,,,,,,,,,,,,,,,,,,,,,,,,,
,,,,,,,,,,,,,,,,,,,174.151,1.22056929687667,174.151,1.21637479269493,174.151,1.20218690831243,174.151,1.22355738896467,174.151,1.18996363818366,,174.151,-1912.02622673931,-2036.70002635145,-1802.37894557632,-2076.03570301692,-1972.03606903093,,,,,,,,,,,,,,,,,,,,,,,,,,,,,,,,,,,,,,,,,,,,,,,,,,,,,,,,,,,,,,,,,,,,,,,,,,,,,,,,,,,,,
,,,,,,,,,,,,,,,,,,,174.65,1.22074993731679,174.65,1.22526628973946,174.65,1.19605941945433,174.65,1.22939285023978,174.65,1.19895791906605,,174.65,-2035.32672776749,-2064.46067899063,-1720.54678939199,-1996.35033929436,-1928.06918592554,,,,,,,,,,,,,,,,,,,,,,,,,,,,,,,,,,,,,,,,,,,,,,,,,,,,,,,,,,,,,,,,,,,,,,,,,,,,,,,,,,,,,
,,,,,,,,,,,,,,,,,,,175.149,1.21738991888053,175.149,1.22288123140351,175.149,1.1959105029774,175.149,1.21539632169868,175.149,1.18745118012315,,175.149,-2055.21240063437,-2000.94310205071,-1874.81021755942,-1886.56236985779,-1884.67005486548,,,,,,,,,,,,,,,,,,,,,,,,,,,,,,,,,,,,,,,,,,,,,,,,,,,,,,,,,,,,,,,,,,,,,,,,,,,,,,,,,,,,,
,,,,,,,,,,,,,,,,,,,175.648,1.21562423793891,175.648,1.22479373991744,175.648,1.19524850825352,175.648,1.22374918897765,175.648,1.19199005991654,,175.648,-1958.34995898127,-2129.50348998721,-1953.36797570956,-1916.31466582983,-1982.88714237586,,,,,,,,,,,,,,,,,,,,,,,,,,,,,,,,,,,,,,,,,,,,,,,,,,,,,,,,,,,,,,,,,,,,,,,,,,,,,,,,,,,,,
,,,,,,,,,,,,,,,,,,,176.147,1.22155363041438,176.147,1.2151725859434,176.147,1.1901428804804,176.147,1.22008468494784,176.147,1.19863474470115,,176.147,-1935.79500516362,-2132.31721520799,-1885.04276402701,-2012.34104840792,-1942.38033490889,,,,,,,,,,,,,,,,,,,,,,,,,,,,,,,,,,,,,,,,,,,,,,,,,,,,,,,,,,,,,,,,,,,,,,,,,,,,,,,,,,,,,
,,,,,,,,,,,,,,,,,,,176.646,1.22192866863149,176.646,1.21811187916657,176.646,1.18886036596133,176.646,1.22001935983898,176.646,1.18854290525693,,176.646,-1992.53356709379,-2001.15224660666,-1873.09022639152,-2081.39751096771,-1988.73369411705,,,,,,,,,,,,,,,,,,,,,,,,,,,,,,,,,,,,,,,,,,,,,,,,,,,,,,,,,,,,,,,,,,,,,,,,,,,,,,,,,,,,,
,,,,,,,,,,,,,,,,,,,177.145,1.22205552356192,177.145,1.21803751013252,177.145,1.19723611637531,177.145,1.21585121727019,177.145,1.18662979694938,,177.145,-2013.26181553466,-1929.16325907308,-1838.27589126904,-1889.71866451368,-1939.7746038092,,,,,,,,,,,,,,,,,,,,,,,,,,,,,,,,,,,,,,,,,,,,,,,,,,,,,,,,,,,,,,,,,,,,,,,,,,,,,,,,,,,,,
,,,,,,,,,,,,,,,,,,,177.644,1.21462911203348,177.644,1.21890045825071,177.644,1.20365766092253,177.644,1.22193336331392,177.644,1.18815293375593,,177.644,-1925.90567218717,-2053.35529653713,-1960.83156036619,-1834.12596603099,-1931.70047699018,,,,,,,,,,,,,,,,,,,,,,,,,,,,,,,,,,,,,,,,,,,,,,,,,,,,,,,,,,,,,,,,,,,,,,,,,,,,,,,,,,,,,
,,,,,,,,,,,,,,,,,,,178.143,1.22670999762276,178.143,1.22345386338752,178.143,1.19365997262287,178.143,1.22080718397186,178.143,1.19167599691693,,178.143,-1937.62100224876,-2185.76384714109,-1962.99641366218,-1957.62978966199,-1969.10247142738,,,,,,,,,,,,,,,,,,,,,,,,,,,,,,,,,,,,,,,,,,,,,,,,,,,,,,,,,,,,,,,,,,,,,,,,,,,,,,,,,,,,,
,,,,,,,,,,,,,,,,,,,178.642,1.21149395782371,178.642,1.22073545487989,178.642,1.19694186627946,178.642,1.21800357329071,178.642,1.19250740050097,,178.642,-1917.32429555006,-2124.93019207255,-1882.65738270539,-2031.9177033785,-1946.32228053457,,,,,,,,,,,,,,,,,,,,,,,,,,,,,,,,,,,,,,,,,,,,,,,,,,,,,,,,,,,,,,,,,,,,,,,,,,,,,,,,,,,,,
,,,,,,,,,,,,,,,,,,,179.141,1.21713836409517,179.141,1.2167844233356,179.141,1.19048431045229,179.141,1.22164977911673,179.141,1.19440030546946,,179.141,-2013.09566613934,-2065.47852617817,-1779.94080338752,-2008.81642273784,-1942.59944268397,,,,,,,,,,,,,,,,,,,,,,,,,,,,,,,,,,,,,,,,,,,,,,,,,,,,,,,,,,,,,,,,,,,,,,,,,,,,,,,,,,,,,
,,,,,,,,,,,,,,,,,,,179.64,1.22550624514372,179.64,1.22242197302475,179.64,1.19274917609633,179.64,1.22148448232904,179.64,1.18550394443998,,179.64,-2099.78186656072,-2021.3741368353,-1861.11966893312,-1986.17070829664,-1884.18169446245,,,,,,,,,,,,,,,,,,,,,,,,,,,,,,,,,,,,,,,,,,,,,,,,,,,,,,,,,,,,,,,,,,,,,,,,,,,,,,,,,,,,,
,,,,,,,,,,,,,,,,,,,180.139,1.21378878589316,180.139,1.21581561292536,180.139,1.19251478505089,180.139,1.23076211838677,180.139,1.18544089531047,,180.139,-2039.12501033612,-1928.6484574279,-1948.25565667716,-1848.4352894388,-1881.45584638784,,,,,,,,,,,,,,,,,,,,,,,,,,,,,,,,,,,,,,,,,,,,,,,,,,,,,,,,,,,,,,,,,,,,,,,,,,,,,,,,,,,,,
,,,,,,,,,,,,,,,,,,,180.638,1.22133858965349,180.638,1.22642357638211,180.638,1.19191591391707,180.638,1.22540322800851,180.638,1.18716354541763,,180.638,-1920.98348517157,-2053.8966432572,-1918.20049069482,-1918.4178861216,-1945.47847447015,,,,,,,,,,,,,,,,,,,,,,,,,,,,,,,,,,,,,,,,,,,,,,,,,,,,,,,,,,,,,,,,,,,,,,,,,,,,,,,,,,,,,
,,,,,,,,,,,,,,,,,,,181.137,1.21675776793608,181.137,1.22390607586538,181.137,1.19984712190561,181.137,1.22219993946665,181.137,1.19042091766584,,181.137,-1886.09660857462,-2092.57775213472,-1826.9219955765,-2041.79310838305,-1959.04928800804,,,,,,,,,,,,,,,,,,,,,,,,,,,,,,,,,,,,,,,,,,,,,,,,,,,,,,,,,,,,,,,,,,,,,,,,,,,,,,,,,,,,,
,,,,,,,,,,,,,,,,,,,181.636,1.2155890311836,181.636,1.21892432752112,181.636,1.19693053741687,181.636,1.2230787405686,181.636,1.18592300371759,,181.636,-1935.8891908882,-2069.39362208549,-1857.59994223421,-2052.59503534708,-1926.88118179047,,,,,,,,,,,,,,,,,,,,,,,,,,,,,,,,,,,,,,,,,,,,,,,,,,,,,,,,,,,,,,,,,,,,,,,,,,,,,,,,,,,,,
,,,,,,,,,,,,,,,,,,,182.135,1.2226418176487,182.135,1.22701215720757,182.135,1.19200751649317,182.135,1.22449290070087,182.135,1.19053292442707,,182.135,-2050.02523585144,-2112.21163565159,-1939.33575949284,-1933.69512225102,-1854.95902174129,,,,,,,,,,,,,,,,,,,,,,,,,,,,,,,,,,,,,,,,,,,,,,,,,,,,,,,,,,,,,,,,,,,,,,,,,,,,,,,,,,,,,
,,,,,,,,,,,,,,,,,,,182.634,1.21651117329062,182.634,1.23341272588524,182.634,1.19086455807408,182.634,1.22599350868037,182.634,1.18800970723439,,182.634,-1991.21572604688,-2101.45323917069,-1987.70841743811,-1853.80632486446,-1930.35131546662,,,,,,,,,,,,,,,,,,,,,,,,,,,,,,,,,,,,,,,,,,,,,,,,,,,,,,,,,,,,,,,,,,,,,,,,,,,,,,,,,,,,,
,,,,,,,,,,,,,,,,,,,183.133,1.21961690394894,183.133,1.22497981782264,183.133,1.19306195605164,183.133,1.2252170659833,183.133,1.18753708928186,,183.133,-1991.39317374569,-2080.09382116175,-1910.61514219791,-1894.83368019858,-1983.80307253661,,,,,,,,,,,,,,,,,,,,,,,,,,,,,,,,,,,,,,,,,,,,,,,,,,,,,,,,,,,,,,,,,,,,,,,,,,,,,,,,,,,,,
,,,,,,,,,,,,,,,,,,,183.632,1.21913686989284,183.632,1.22549449200716,183.632,1.19347685856183,183.632,1.22497463230509,183.632,1.18415165623172,,183.632,-1956.5296533924,-2069.85195228966,-1815.65429299542,-2005.11603474933,-1930.10370859036,,,,,,,,,,,,,,,,,,,,,,,,,,,,,,,,,,,,,,,,,,,,,,,,,,,,,,,,,,,,,,,,,,,,,,,,,,,,,,,,,,,,,
,,,,,,,,,,,,,,,,,,,184.131,1.21719277435577,184.131,1.22667935419546,184.131,1.18688229907631,184.131,1.22618619659215,184.131,1.18823778199634,,184.131,-1977.89551121942,-2046.36210583588,-1820.8907161157,-2026.04641458042,-1834.21929745125,,,,,,,,,,,,,,,,,,,,,,,,,,,,,,,,,,,,,,,,,,,,,,,,,,,,,,,,,,,,,,,,,,,,,,,,,,,,,,,,,,,,,
,,,,,,,,,,,,,,,,,,,184.63,1.21384558281038,184.63,1.22542590737577,184.63,1.18930527072903,184.63,1.22348702809664,184.63,1.19687357160229,,184.63,-1981.10554890298,-2074.2360231352,-1887.65979606755,-2023.30332443417,-1875.14987729911,,,,,,,,,,,,,,,,,,,,,,,,,,,,,,,,,,,,,,,,,,,,,,,,,,,,,,,,,,,,,,,,,,,,,,,,,,,,,,,,,,,,,
,,,,,,,,,,,,,,,,,,,185.129,1.21796646561357,185.129,1.21966848866402,185.129,1.20062672174578,185.129,1.22601816653319,185.129,1.20065312265533,,185.129,-1984.31583501904,-2060.40822138984,-1979.61135215719,-2032.295449793,-1953.44255617413,,,,,,,,,,,,,,,,,,,,,,,,,,,,,,,,,,,,,,,,,,,,,,,,,,,,,,,,,,,,,,,,,,,,,,,,,,,,,,,,,,,,,
,,,,,,,,,,,,,,,,,,,185.628,1.21888950181415,185.628,1.22617068942153,185.628,1.19263545539955,185.628,1.21978353809568,185.628,1.19676190687588,,185.628,-1996.68115066977,-2088.73900556155,-1865.97456431425,-1924.98550235241,-1974.66623878061,,,,,,,,,,,,,,,,,,,,,,,,,,,,,,,,,,,,,,,,,,,,,,,,,,,,,,,,,,,,,,,,,,,,,,,,,,,,,,,,,,,,,
,,,,,,,,,,,,,,,,,,,186.127,1.21597266099289,186.127,1.22436651133967,186.127,1.19499535715547,186.127,1.21942127299585,186.127,1.20186191175335,,186.127,-1996.78554089479,-2005.87117285161,-1829.76826033802,-1872.14902472452,-1892.92150756048,,,,,,,,,,,,,,,,,,,,,,,,,,,,,,,,,,,,,,,,,,,,,,,,,,,,,,,,,,,,,,,,,,,,,,,,,,,,,,,,,,,,,
,,,,,,,,,,,,,,,,,,,186.626,1.21980565703541,186.626,1.21594002767103,186.626,1.19712351053889,186.626,1.22373028852975,186.626,1.19588373204457,,186.626,-1954.55784520013,-2024.43166435531,-1874.20175939273,-1933.80819570564,-1872.21089690807,,,,,,,,,,,,,,,,,,,,,,,,,,,,,,,,,,,,,,,,,,,,,,,,,,,,,,,,,,,,,,,,,,,,,,,,,,,,,,,,,,,,,
,,,,,,,,,,,,,,,,,,,187.125,1.22003358027726,187.125,1.22612635723656,187.125,1.19268843459355,187.125,1.22814415918105,187.125,1.19799033939591,,187.125,-1986.67780344029,-2187.3066332221,-1915.85731770917,-2051.8239974005,-1929.99761864263,,,,,,,,,,,,,,,,,,,,,,,,,,,,,,,,,,,,,,,,,,,,,,,,,,,,,,,,,,,,,,,,,,,,,,,,,,,,,,,,,,,,,
,,,,,,,,,,,,,,,,,,,187.624,1.22049756643493,187.624,1.21627501549222,187.624,1.19145872351544,187.624,1.22283652895829,187.624,1.18981305695996,,187.624,-1955.97122485926,-2009.31069422721,-1963.41724555382,-2024.90377712412,-2000.34911164408,,,,,,,,,,,,,,,,,,,,,,,,,,,,,,,,,,,,,,,,,,,,,,,,,,,,,,,,,,,,,,,,,,,,,,,,,,,,,,,,,,,,,
,,,,,,,,,,,,,,,,,,,188.123,1.2193730414838,188.123,1.22085072112219,188.123,1.1968188050094,188.123,1.22161490257149,188.123,1.20203475610885,,188.123,-2003.79858618022,-1994.87864695429,-1941.30646188016,-1892.28315720219,-1923.45429456312,,,,,,,,,,,,,,,,,,,,,,,,,,,,,,,,,,,,,,,,,,,,,,,,,,,,,,,,,,,,,,,,,,,,,,,,,,,,,,,,,,,,,
,,,,,,,,,,,,,,,,,,,188.622,1.21675172405449,188.622,1.22181802507803,188.622,1.18671849661967,188.622,1.21989046206086,188.622,1.19552223472596,,188.622,-2020.09234903971,-2128.40563124182,-1797.36055436039,-1913.22978529934,-1877.33962754015,,,,,,,,,,,,,,,,,,,,,,,,,,,,,,,,,,,,,,,,,,,,,,,,,,,,,,,,,,,,,,,,,,,,,,,,,,,,,,,,,,,,,
,,,,,,,,,,,,,,,,,,,189.121,1.21835053438396,189.121,1.22161289192949,189.121,1.19380116061282,189.121,1.22187383571999,189.121,1.19891986738957,,189.121,-2032.36642576068,-2075.29490334645,-1808.70198113412,-1941.07955614688,-1941.26264963469,,,,,,,,,,,,,,,,,,,,,,,,,,,,,,,,,,,,,,,,,,,,,,,,,,,,,,,,,,,,,,,,,,,,,,,,,,,,,,,,,,,,,
,,,,,,,,,,,,,,,,,,,189.62,1.22314050555634,189.62,1.22466211918708,189.62,1.20232518326553,189.62,1.22136220910252,189.62,1.20016136333048,,189.62,-1916.10314906177,-2002.78684997624,-1956.41311629124,-1917.31095934336,-1942.27124562873,,,,,,,,,,,,,,,,,,,,,,,,,,,,,,,,,,,,,,,,,,,,,,,,,,,,,,,,,,,,,,,,,,,,,,,,,,,,,,,,,,,,,
,,,,,,,,,,,,,,,,,,,190.119,1.2229520452263,190.119,1.21734932586426,190.119,1.18935056674952,190.119,1.22473678437271,190.119,1.19785244419292,,190.119,-1967.51034160636,-2045.66334343935,-2047.17377816538,-1912.79506127402,-1927.37065825217,,,,,,,,,,,,,,,,,,,,,,,,,,,,,,,,,,,,,,,,,,,,,,,,,,,,,,,,,,,,,,,,,,,,,,,,,,,,,,,,,,,,,
,,,,,,,,,,,,,,,,,,,190.618,1.22479534112311,190.618,1.22301303859383,190.618,1.19631947865828,190.618,1.23245935159793,190.618,1.20091478259241,,190.618,-2025.49381309763,-2118.99971311332,-1846.47031417939,-1993.91601800583,-1946.95486671593,,,,,,,,,,,,,,,,,,,,,,,,,,,,,,,,,,,,,,,,,,,,,,,,,,,,,,,,,,,,,,,,,,,,,,,,,,,,,,,,,,,,,
,,,,,,,,,,,,,,,,,,,191.117,1.22255910371395,191.117,1.21304667855396,191.117,1.20143946726246,191.117,1.22875100592418,191.117,1.1912856103119,,191.117,-2025.44651443783,-2087.9225783311,-1704.12252117373,-2027.98804610552,-1930.85648689291,,,,,,,,,,,,,,,,,,,,,,,,,,,,,,,,,,,,,,,,,,,,,,,,,,,,,,,,,,,,,,,,,,,,,,,,,,,,,,,,,,,,,
,,,,,,,,,,,,,,,,,,,191.616,1.21891116375991,191.616,1.22373420600448,191.616,1.2000000365793,191.616,1.22706917938067,191.616,1.19465192637561,,191.616,-1992.83387144332,-2082.84938541878,-1845.25152765151,-2025.40521471891,-1930.72555610336,,,,,,,,,,,,,,,,,,,,,,,,,,,,,,,,,,,,,,,,,,,,,,,,,,,,,,,,,,,,,,,,,,,,,,,,,,,,,,,,,,,,,
,,,,,,,,,,,,,,,,,,,192.115,1.22082810408614,192.115,1.21766531534769,192.115,1.19349580872948,192.115,1.21688970539798,192.115,1.20323420694514,,192.115,-2001.56464483244,-2048.56028141666,-2028.74504900434,-1813.25258247114,-1961.99423368424,,,,,,,,,,,,,,,,,,,,,,,,,,,,,,,,,,,,,,,,,,,,,,,,,,,,,,,,,,,,,,,,,,,,,,,,,,,,,,,,,,,,,
,,,,,,,,,,,,,,,,,,,192.614,1.22189837291483,192.614,1.22004436047316,192.614,1.19209263270655,192.614,1.22056506131159,192.614,1.20293173163101,,192.614,-1992.93320217932,-2018.1741212235,-1978.40622378806,-1819.74778323622,-1942.57547444633,,,,,,,,,,,,,,,,,,,,,,,,,,,,,,,,,,,,,,,,,,,,,,,,,,,,,,,,,,,,,,,,,,,,,,,,,,,,,,,,,,,,,
,,,,,,,,,,,,,,,,,,,193.113,1.22154345024748,193.113,1.21752690149498,193.113,1.18698667912752,193.113,1.22496660674369,193.113,1.2076156788709,,193.113,-2022.7629233615,-2071.46596775426,-1825.02433757476,-2013.45830453803,-1905.86207386103,,,,,,,,,,,,,,,,,,,,,,,,,,,,,,,,,,,,,,,,,,,,,,,,,,,,,,,,,,,,,,,,,,,,,,,,,,,,,,,,,,,,,
,,,,,,,,,,,,,,,,,,,193.612,1.22490415090048,193.612,1.20938850356608,193.612,1.19553618867845,193.612,1.21219577332018,193.612,1.20055937555258,,193.612,-2040.55169269757,-1948.75164311505,-1736.89298577851,-2124.58724119627,-1868.86176830015,,,,,,,,,,,,,,,,,,,,,,,,,,,,,,,,,,,,,,,,,,,,,,,,,,,,,,,,,,,,,,,,,,,,,,,,,,,,,,,,,,,,,
,,,,,,,,,,,,,,,,,,,194.111,1.22195567548396,194.111,1.21462892973174,194.111,1.19481383272812,194.111,1.21652298490113,194.111,1.19508074803668,,194.111,-2038.30582512979,-1936.61346298669,-1803.06921287977,-2010.87333040279,-1922.29701189072,,,,,,,,,,,,,,,,,,,,,,,,,,,,,,,,,,,,,,,,,,,,,,,,,,,,,,,,,,,,,,,,,,,,,,,,,,,,,,,,,,,,,
,,,,,,,,,,,,,,,,,,,194.61,1.22077414785402,194.61,1.21702549703918,194.61,1.20116175080287,194.61,1.21408462904364,194.61,1.20460456788552,,194.61,-1987.5401699864,-2103.741205966,-2040.20108517771,-1841.86517330153,-1963.85682968879,,,,,,,,,,,,,,,,,,,,,,,,,,,,,,,,,,,,,,,,,,,,,,,,,,,,,,,,,,,,,,,,,,,,,,,,,,,,,,,,,,,,,
,,,,,,,,,,,,,,,,,,,195.109,1.21489651835788,195.109,1.206048964835,195.109,1.2033406292037,195.109,1.21478781549989,195.109,1.19522901661611,,195.109,-1919.62801057224,-2120.15096017559,-1997.44649752897,-1842.68789483941,-2034.93677649282,,,,,,,,,,,,,,,,,,,,,,,,,,,,,,,,,,,,,,,,,,,,,,,,,,,,,,,,,,,,,,,,,,,,,,,,,,,,,,,,,,,,,
,,,,,,,,,,,,,,,,,,,195.608,1.22241563106804,195.608,1.2127132612271,195.608,1.19818861996586,195.608,1.22096430308844,195.608,1.20085308488508,,195.608,-1991.42865387722,-2084.9569964849,-1820.34305936563,-1914.6407270894,-1910.21478744415,,,,,,,,,,,,,,,,,,,,,,,,,,,,,,,,,,,,,,,,,,,,,,,,,,,,,,,,,,,,,,,,,,,,,,,,,,,,,,,,,,,,,
,,,,,,,,,,,,,,,,,,,196.107,1.22457228956564,196.107,1.2100554563118,196.107,1.1960952297841,196.107,1.22096110118322,196.107,1.19898176778625,,196.107,-2092.48196880633,-2006.79695497184,-1734.58796203457,-2029.57485215395,-1860.85942269947,,,,,,,,,,,,,,,,,,,,,,,,,,,,,,,,,,,,,,,,,,,,,,,,,,,,,,,,,,,,,,,,,,,,,,,,,,,,,,,,,,,,,
,,,,,,,,,,,,,,,,,,,196.606,1.21742338456579,196.606,1.22109384941944,196.606,1.19780756356163,196.606,1.22015736559683,196.606,1.20798919832755,,196.606,-2054.54044632672,-2035.217013624,-1819.12539213262,-1964.73893435634,-1927.16090171755,,,,,,,,,,,,,,,,,,,,,,,,,,,,,,,,,,,,,,,,,,,,,,,,,,,,,,,,,,,,,,,,,,,,,,,,,,,,,,,,,,,,,
,,,,,,,,,,,,,,,,,,,197.105,1.21992676893911,197.105,1.2112599442192,197.105,1.19563945206157,197.105,1.22156702029334,197.105,1.21004830058696,,197.105,-1914.61104443022,-2062.52313491759,-1978.14627910066,-1945.06862791527,-1978.73673052776,,,,,,,,,,,,,,,,,,,,,,,,,,,,,,,,,,,,,,,,,,,,,,,,,,,,,,,,,,,,,,,,,,,,,,,,,,,,,,,,,,,,,
,,,,,,,,,,,,,,,,,,,197.604,1.22190105479621,197.604,1.21993727468071,197.604,1.2148843120911,197.604,1.21703184717617,197.604,1.20392958206576,,197.604,-1917.8186195681,-2007.3555762377,-1983.07793474024,-1913.97747727186,-1955.40860236243,,,,,,,,,,,,,,,,,,,,,,,,,,,,,,,,,,,,,,,,,,,,,,,,,,,,,,,,,,,,,,,,,,,,,,,,,,,,,,,,,,,,,
,,,,,,,,,,,,,,,,,,,198.103,1.21702891805771,198.103,1.22001976505316,198.103,1.20343876272345,198.103,1.22017453635141,198.103,1.21006272039045,,198.103,-2056.83728272992,-1986.56757581104,-1779.51208248711,-1896.39651047397,-1967.70310270945,,,,,,,,,,,,,,,,,,,,,,,,,,,,,,,,,,,,,,,,,,,,,,,,,,,,,,,,,,,,,,,,,,,,,,,,,,,,,,,,,,,,,
,,,,,,,,,,,,,,,,,,,198.602,1.21654266512086,198.602,1.21897877784755,198.602,1.20341181470631,198.602,1.2196832144517,198.602,1.21304561493475,,198.602,-2017.23642051478,-2078.1640073944,-1737.28941739871,-1868.0526978857,-1948.96784522935,,,,,,,,,,,,,,,,,,,,,,,,,,,,,,,,,,,,,,,,,,,,,,,,,,,,,,,,,,,,,,,,,,,,,,,,,,,,,,,,,,,,,
,,,,,,,,,,,,,,,,,,,199.101,1.22221747583899,199.101,1.21298996364907,199.101,1.20270695175322,199.101,1.22281141940915,199.101,1.20459134520898,,199.101,-1871.18905917719,-2097.0602020934,-1883.96449789957,-1927.4132306899,-1926.41120246683,,,,,,,,,,,,,,,,,,,,,,,,,,,,,,,,,,,,,,,,,,,,,,,,,,,,,,,,,,,,,,,,,,,,,,,,,,,,,,,,,,,,,
,,,,,,,,,,,,,,,,,,,199.6,1.22012423869371,199.6,1.21859179315579,199.6,1.19735069056783,199.6,1.22414530151224,199.6,1.20913802998343,,199.6,-1920.1748887837,-2029.72092517968,-1984.17376922587,-2031.82870204606,-1917.44854487307,,,,,,,,,,,,,,,,,,,,,,,,,,,,,,,,,,,,,,,,,,,,,,,,,,,,,,,,,,,,,,,,,,,,,,,,,,,,,,,,,,,,,
,,,,,,,,,,,,,,,,,,,200.099,1.21366688211642,200.099,1.22122518027367,200.099,1.19807827823863,200.099,1.2183447445862,200.099,1.21117421392204,,200.099,-2020.6049857574,-2069.02047766593,-1926.68906956042,-1911.2553590706,-1917.42732019183,,,,,,,,,,,,,,,,,,,,,,,,,,,,,,,,,,,,,,,,,,,,,,,,,,,,,,,,,,,,,,,,,,,,,,,,,,,,,,,,,,,,,
,,,,,,,,,,,,,,,,,,,200.598,1.22078628263709,200.598,1.22181594652326,200.598,1.20215292151601,200.598,1.22060226515335,200.598,1.20184921317608,,200.598,-1994.36857202385,-2108.38660114112,-1896.33351157657,-1936.43402303965,-1928.02850750674,,,,,,,,,,,,,,,,,,,,,,,,,,,,,,,,,,,,,,,,,,,,,,,,,,,,,,,,,,,,,,,,,,,,,,,,,,,,,,,,,,,,,
,,,,,,,,,,,,,,,,,,,201.097,1.2149267951866,201.097,1.228117227948,201.097,1.19990438105017,201.097,1.22034493990524,201.097,1.20695164790206,,201.097,-1863.29953918955,-2158.45842988759,-1806.78894532845,-1909.79219653453,-1989.54473840259,,,,,,,,,,,,,,,,,,,,,,,,,,,,,,,,,,,,,,,,,,,,,,,,,,,,,,,,,,,,,,,,,,,,,,,,,,,,,,,,,,,,,
,,,,,,,,,,,,,,,,,,,201.596,1.21718343381879,201.596,1.22052402666055,201.596,1.20382631931557,201.596,1.21830321833172,201.596,1.20969687476316,,201.596,-1937.77621911331,-2112.07355574404,-1891.72867488394,-1951.84046706475,-1944.29829164479,,,,,,,,,,,,,,,,,,,,,,,,,,,,,,,,,,,,,,,,,,,,,,,,,,,,,,,,,,,,,,,,,,,,,,,,,,,,,,,,,,,,,
,,,,,,,,,,,,,,,,,,,202.095,1.21701434713835,202.095,1.22411709604989,202.095,1.20338675189882,202.095,1.2250710322884,202.095,1.21041747846898,,202.095,-2087.06603101965,-2117.53401763797,-1970.03737407605,-2076.74235228494,-1873.19600231499,,,,,,,,,,,,,,,,,,,,,,,,,,,,,,,,,,,,,,,,,,,,,,,,,,,,,,,,,,,,,,,,,,,,,,,,,,,,,,,,,,,,,
,,,,,,,,,,,,,,,,,,,202.594,1.21624629329711,202.594,1.22416855500495,202.594,1.20572448615548,202.594,1.22682777849475,202.594,1.20950537062989,,202.594,-2000.54010285475,-2079.2086046665,-1938.72046656028,-1983.05759364973,-1829.71243460671,,,,,,,,,,,,,,,,,,,,,,,,,,,,,,,,,,,,,,,,,,,,,,,,,,,,,,,,,,,,,,,,,,,,,,,,,,,,,,,,,,,,,
,,,,,,,,,,,,,,,,,,,203.093,1.21965973329026,203.093,1.22032141006137,203.093,1.20294411227434,203.093,1.22288607658409,203.093,1.21094296992829,,203.093,-1929.91797511735,-2069.65050387613,-1915.13558291123,-1907.62554185156,-1983.68960265454,,,,,,,,,,,,,,,,,,,,,,,,,,,,,,,,,,,,,,,,,,,,,,,,,,,,,,,,,,,,,,,,,,,,,,,,,,,,,,,,,,,,,
,,,,,,,,,,,,,,,,,,,203.592,1.22069566972158,203.592,1.22154553307084,203.592,1.20779974774033,203.592,1.22005148631439,203.592,1.20613586002912,,203.592,-1991.85509082367,-2045.24115607538,-1942.76344922806,-1922.21051563454,-1993.98084653227,,,,,,,,,,,,,,,,,,,,,,,,,,,,,,,,,,,,,,,,,,,,,,,,,,,,,,,,,,,,,,,,,,,,,,,,,,,,,,,,,,,,,
,,,,,,,,,,,,,,,,,,,204.091,1.22622882689317,204.091,1.22531175587697,204.091,1.2042328875016,204.091,1.22485278405635,204.091,1.20845737736563,,204.091,-1950.60183281238,-2110.92006570843,-1844.49115672575,-2020.71770311552,-1953.88013383713,,,,,,,,,,,,,,,,,,,,,,,,,,,,,,,,,,,,,,,,,,,,,,,,,,,,,,,,,,,,,,,,,,,,,,,,,,,,,,,,,,,,,
,,,,,,,,,,,,,,,,,,,204.59,1.21714130685615,204.59,1.21409846662297,204.59,1.20413072473832,204.59,1.22077213688379,204.59,1.2079370107414,,204.59,-1923.69935795729,-2053.10471820055,-1845.23733977459,-2027.48240352657,-1920.3945608341,,,,,,,,,,,,,,,,,,,,,,,,,,,,,,,,,,,,,,,,,,,,,,,,,,,,,,,,,,,,,,,,,,,,,,,,,,,,,,,,,,,,,
,,,,,,,,,,,,,,,,,,,205.089,1.2173523439526,205.089,1.21998909072227,205.089,1.20707874346457,205.089,1.22444899480969,205.089,1.20611354024137,,205.089,-2090.40121836626,-2080.61439171769,-1892.83953844019,-2018.62868390894,-1823.79212760236,,,,,,,,,,,,,,,,,,,,,,,,,,,,,,,,,,,,,,,,,,,,,,,,,,,,,,,,,,,,,,,,,,,,,,,,,,,,,,,,,,,,,
,,,,,,,,,,,,,,,,,,,205.588,1.21497499713402,205.588,1.22499627749086,205.588,1.20946575572445,205.588,1.22071722720351,205.588,1.20537819991098,,205.588,-1962.80044447962,-2046.46558033982,-1913.50834165125,-1943.08831189713,-1915.24302369608,,,,,,,,,,,,,,,,,,,,,,,,,,,,,,,,,,,,,,,,,,,,,,,,,,,,,,,,,,,,,,,,,,,,,,,,,,,,,,,,,,,,,
,,,,,,,,,,,,,,,,,,,206.087,1.21766494708678,206.087,1.22833551983324,206.087,1.20546265762026,206.087,1.22548392210139,206.087,1.20580683810975,,206.087,-1906.46298871006,-2146.55279174236,-1961.56470473987,-1945.33548006396,-2017.51719137495,,,,,,,,,,,,,,,,,,,,,,,,,,,,,,,,,,,,,,,,,,,,,,,,,,,,,,,,,,,,,,,,,,,,,,,,,,,,,,,,,,,,,
,,,,,,,,,,,,,,,,,,,206.586,1.21486624231735,206.586,1.22073379783117,206.586,1.19977470108,206.586,1.22259778962215,206.586,1.2048063737707,,206.586,-1900.74459073729,-2087.55611033009,-1857.58154171459,-1954.78465140722,-1963.09330638715,,,,,,,,,,,,,,,,,,,,,,,,,,,,,,,,,,,,,,,,,,,,,,,,,,,,,,,,,,,,,,,,,,,,,,,,,,,,,,,,,,,,,
,,,,,,,,,,,,,,,,,,,207.085,1.22217000709024,207.085,1.22336475796039,207.085,1.19742450914001,207.085,1.22433666424503,207.085,1.19861158024898,,207.085,-2053.26077210189,-2043.19793077641,-1860.45722371165,-2000.70215662186,-1947.51716222894,,,,,,,,,,,,,,,,,,,,,,,,,,,,,,,,,,,,,,,,,,,,,,,,,,,,,,,,,,,,,,,,,,,,,,,,,,,,,,,,,,,,,
,,,,,,,,,,,,,,,,,,,207.584,1.21368750512829,207.584,1.22054169862729,207.584,1.20402856237562,207.584,1.22052875237841,207.584,1.20699687794178,,207.584,-2001.38900925017,-2014.18850163935,-1949.6155854234,-1991.81797501461,-1922.98161625398,,,,,,,,,,,,,,,,,,,,,,,,,,,,,,,,,,,,,,,,,,,,,,,,,,,,,,,,,,,,,,,,,,,,,,,,,,,,,,,,,,,,,
,,,,,,,,,,,,,,,,,,,208.083,1.21613027560415,208.083,1.21884421273073,208.083,1.20822732702627,208.083,1.22109735041665,208.083,1.20479239712216,,208.083,-1995.84707074241,-2065.34679749876,-1945.56588387082,-1920.495099855,-1789.34969594971,,,,,,,,,,,,,,,,,,,,,,,,,,,,,,,,,,,,,,,,,,,,,,,,,,,,,,,,,,,,,,,,,,,,,,,,,,,,,,,,,,,,,
,,,,,,,,,,,,,,,,,,,208.582,1.2163750546408,208.582,1.21837174607903,208.582,1.20746348176897,208.582,1.21967646932298,208.582,1.20980414082425,,208.582,-1944.01893525976,-2063.8969956175,-1931.53795052401,-1924.69931929172,-1867.70430431983,,,,,,,,,,,,,,,,,,,,,,,,,,,,,,,,,,,,,,,,,,,,,,,,,,,,,,,,,,,,,,,,,,,,,,,,,,,,,,,,,,,,,
,,,,,,,,,,,,,,,,,,,209.081,1.21615658543517,209.081,1.22063508304614,209.081,1.21019750750862,209.081,1.22212567754893,209.081,1.20608205346396,,209.081,-1908.42495959661,-2013.94137225736,-1801.04482487576,-1974.49457890106,-2003.89292795099,,,,,,,,,,,,,,,,,,,,,,,,,,,,,,,,,,,,,,,,,,,,,,,,,,,,,,,,,,,,,,,,,,,,,,,,,,,,,,,,,,,,,
,,,,,,,,,,,,,,,,,,,209.58,1.21571428618588,209.58,1.22301431725932,209.58,1.20697271403692,209.58,1.21874604422571,209.58,1.20604072229482,,209.58,-1970.7455965526,-2119.48682114643,-1840.18703891032,-1965.63801440166,-2003.17749352491,,,,,,,,,,,,,,,,,,,,,,,,,,,,,,,,,,,,,,,,,,,,,,,,,,,,,,,,,,,,,,,,,,,,,,,,,,,,,,,,,,,,,
,,,,,,,,,,,,,,,,,,,210.079,1.2213726248658,210.079,1.21443675547128,210.079,1.21454275107927,210.079,1.21938151829198,210.079,1.20696357684237,,210.079,-2039.11706867077,-2089.51733149184,-2044.22564632668,-2010.31409891429,-1977.71259837325,,,,,,,,,,,,,,,,,,,,,,,,,,,,,,,,,,,,,,,,,,,,,,,,,,,,,,,,,,,,,,,,,,,,,,,,,,,,,,,,,,,,,
,,,,,,,,,,,,,,,,,,,210.578,1.21494911716964,210.578,1.22086594019293,210.578,1.20965807680678,210.578,1.21731339924941,210.578,1.21108880499915,,210.578,-2099.78945035351,-2091.48819682461,-1984.21484753355,-1962.20419481369,-1921.22047555369,,,,,,,,,,,,,,,,,,,,,,,,,,,,,,,,,,,,,,,,,,,,,,,,,,,,,,,,,,,,,,,,,,,,,,,,,,,,,,,,,,,,,
,,,,,,,,,,,,,,,,,,,211.077,1.21964296649199,211.077,1.22021027505085,211.077,1.20604904954612,211.077,1.21811437569879,211.077,1.20058729041211,,211.077,-1974.7370377315,-2058.79587900646,-1815.77692887522,-1977.56721116746,-1870.41752669187,,,,,,,,,,,,,,,,,,,,,,,,,,,,,,,,,,,,,,,,,,,,,,,,,,,,,,,,,,,,,,,,,,,,,,,,,,,,,,,,,,,,,
,,,,,,,,,,,,,,,,,,,211.576,1.22049557789793,211.576,1.21916101550101,211.576,1.20373215668127,211.576,1.20860159167252,211.576,1.21137043426516,,211.576,-1977.87517197356,-2087.9829436812,-1825.17308694284,-1967.33782070854,-1949.39266126523,,,,,,,,,,,,,,,,,,,,,,,,,,,,,,,,,,,,,,,,,,,,,,,,,,,,,,,,,,,,,,,,,,,,,,,,,,,,,,,,,,,,,
,,,,,,,,,,,,,,,,,,,212.075,1.21971071626067,212.075,1.22426848562854,212.075,1.20981200089677,212.075,1.21985557676983,212.075,1.2182180751101,,212.075,-2048.28098078001,-2072.17347822656,-2006.19406147729,-1976.64069214011,-1998.49826587698,,,,,,,,,,,,,,,,,,,,,,,,,,,,,,,,,,,,,,,,,,,,,,,,,,,,,,,,,,,,,,,,,,,,,,,,,,,,,,,,,,,,,
,,,,,,,,,,,,,,,,,,,212.574,1.21650280112448,212.574,1.2225418930873,212.574,1.21571508101587,212.574,1.22061498067623,212.574,1.20799501268263,,212.574,-2087.42382840478,-2084.61617858272,-1999.2136721265,-1989.43441913424,-1901.3048112058,,,,,,,,,,,,,,,,,,,,,,,,,,,,,,,,,,,,,,,,,,,,,,,,,,,,,,,,,,,,,,,,,,,,,,,,,,,,,,,,,,,,,
,,,,,,,,,,,,,,,,,,,213.073,1.22320485860318,213.073,1.22293687467372,213.073,1.21150896974985,213.073,1.21779161744035,213.073,1.21253429078618,,213.073,-2060.28217372436,-2063.71392463977,-1902.65866248873,-1895.24874667602,-1885.02011329484,,,,,,,,,,,,,,,,,,,,,,,,,,,,,,,,,,,,,,,,,,,,,,,,,,,,,,,,,,,,,,,,,,,,,,,,,,,,,,,,,,,,,
,,,,,,,,,,,,,,,,,,,213.572,1.22068363565589,213.572,1.21892293394626,213.572,1.21489842474105,213.572,1.22284337098719,213.572,1.21420232977308,,213.572,-1979.75816173818,-2014.78467088344,-1902.7335288766,-2001.45790224356,-1958.43439419125,,,,,,,,,,,,,,,,,,,,,,,,,,,,,,,,,,,,,,,,,,,,,,,,,,,,,,,,,,,,,,,,,,,,,,,,,,,,,,,,,,,,,
,,,,,,,,,,,,,,,,,,,214.071,1.21604646857684,214.071,1.22384993390373,214.071,1.20986631339765,214.071,1.21732335701384,214.071,1.21563189000069,,214.071,-1918.41673928827,-2068.77718828044,-1938.92362369698,-2062.0561825773,-2043.37851035699,,,,,,,,,,,,,,,,,,,,,,,,,,,,,,,,,,,,,,,,,,,,,,,,,,,,,,,,,,,,,,,,,,,,,,,,,,,,,,,,,,,,,
,,,,,,,,,,,,,,,,,,,214.57,1.21902772075839,214.57,1.22222650965599,214.57,1.20720988360256,214.57,1.21787648067066,214.57,1.21725300879698,,214.57,-1997.62936119173,-2144.21725669848,-1862.66041467926,-2006.65119133956,-1946.0761548325,,,,,,,,,,,,,,,,,,,,,,,,,,,,,,,,,,,,,,,,,,,,,,,,,,,,,,,,,,,,,,,,,,,,,,,,,,,,,,,,,,,,,
,,,,,,,,,,,,,,,,,,,215.069,1.21924699428801,215.069,1.21955544108173,215.069,1.20494226827844,215.069,1.21980452539469,215.069,1.20961332698923,,215.069,-1982.43392439614,-2167.78587454091,-1931.7490622688,-1877.1907487405,-1940.46239474404,,,,,,,,,,,,,,,,,,,,,,,,,,,,,,,,,,,,,,,,,,,,,,,,,,,,,,,,,,,,,,,,,,,,,,,,,,,,,,,,,,,,,
,,,,,,,,,,,,,,,,,,,215.568,1.22475467041518,215.568,1.22157734470649,215.568,1.21314293457033,215.568,1.22956099235991,215.568,1.21088321040746,,215.568,-2068.72689883862,-2071.0688455054,-1913.51076595485,-1925.24429999096,-1878.40327603171,,,,,,,,,,,,,,,,,,,,,,,,,,,,,,,,,,,,,,,,,,,,,,,,,,,,,,,,,,,,,,,,,,,,,,,,,,,,,,,,,,,,,
,,,,,,,,,,,,,,,,,,,216.067,1.21641387234717,216.067,1.21981521197784,216.067,1.21154968146666,216.067,1.22436026612541,216.067,1.22242590632977,,216.067,-1983.62097062754,-2090.70268384632,-1931.63968114415,-2003.68243882936,-2020.7958078417,,,,,,,,,,,,,,,,,,,,,,,,,,,,,,,,,,,,,,,,,,,,,,,,,,,,,,,,,,,,,,,,,,,,,,,,,,,,,,,,,,,,,
,,,,,,,,,,,,,,,,,,,216.566,1.21677187770368,216.566,1.22330588754715,216.566,1.20949275957796,216.566,1.22290638462601,216.566,1.20702395637,,216.566,-1840.15736304652,-2059.08551790182,-1863.47835889405,-2030.2232113649,-2011.80005645164,,,,,,,,,,,,,,,,,,,,,,,,,,,,,,,,,,,,,,,,,,,,,,,,,,,,,,,,,,,,,,,,,,,,,,,,,,,,,,,,,,,,,
,,,,,,,,,,,,,,,,,,,217.065,1.22350442973282,217.065,1.22694718983076,217.065,1.21564135180557,217.065,1.22678793760872,217.065,1.21391365886811,,217.065,-1937.11116779553,-2098.35825023026,-1879.86393703236,-1887.04547442947,-1958.00974075807,,,,,,,,,,,,,,,,,,,,,,,,,,,,,,,,,,,,,,,,,,,,,,,,,,,,,,,,,,,,,,,,,,,,,,,,,,,,,,,,,,,,,
,,,,,,,,,,,,,,,,,,,217.564,1.21691793993017,217.564,1.21795634720461,217.564,1.21739131635735,217.564,1.22671421714125,217.564,1.20929667163595,,217.564,-2000.98042822451,-2021.13480663449,-1984.9454844869,-1919.31135040181,-1890.95270125653,,,,,,,,,,,,,,,,,,,,,,,,,,,,,,,,,,,,,,,,,,,,,,,,,,,,,,,,,,,,,,,,,,,,,,,,,,,,,,,,,,,,,
,,,,,,,,,,,,,,,,,,,218.063,1.21501271469309,218.063,1.2174091185832,218.063,1.2084326373756,218.063,1.23224287540522,218.063,1.21520979373566,,218.063,-1996.93081285145,-1950.61978980841,-1870.55821543495,-2028.45103600158,-1935.8335664975,,,,,,,,,,,,,,,,,,,,,,,,,,,,,,,,,,,,,,,,,,,,,,,,,,,,,,,,,,,,,,,,,,,,,,,,,,,,,,,,,,,,,
,,,,,,,,,,,,,,,,,,,218.562,1.21850401518319,218.562,1.21373940778745,218.562,1.22075346294775,218.562,1.23189984770438,218.562,1.20602038388631,,218.562,-2064.22256999093,-2086.22747747848,-1951.31860302884,-2069.95006500167,-1884.422870221,,,,,,,,,,,,,,,,,,,,,,,,,,,,,,,,,,,,,,,,,,,,,,,,,,,,,,,,,,,,,,,,,,,,,,,,,,,,,,,,,,,,,
,,,,,,,,,,,,,,,,,,,219.061,1.22903307515165,219.061,1.2111793992773,219.061,1.22359181685656,219.061,1.22609223765514,219.061,1.20662468862779,,219.061,-2009.01469417222,-2151.21049556782,-1971.73408842927,-1953.03929905696,-2003.03086612582,,,,,,,,,,,,,,,,,,,,,,,,,,,,,,,,,,,,,,,,,,,,,,,,,,,,,,,,,,,,,,,,,,,,,,,,,,,,,,,,,,,,,
,,,,,,,,,,,,,,,,,,,219.56,1.220234711851,219.56,1.21043666573476,219.56,1.21712954982283,219.56,1.22275779854786,219.56,1.2000803207318,,219.56,-1939.12978295744,-2097.38335598278,-1970.03779082211,-1901.62820377404,-1904.13004081628,,,,,,,,,,,,,,,,,,,,,,,,,,,,,,,,,,,,,,,,,,,,,,,,,,,,,,,,,,,,,,,,,,,,,,,,,,,,,,,,,,,,,
,,,,,,,,,,,,,,,,,,,220.059,1.21541873294278,220.059,1.21526031937833,220.059,1.21215038603581,220.059,1.22498744009758,220.059,1.20317233817602,,220.059,-1959.00251619909,-1934.55578029219,-1871.2746795596,-1997.2464140615,-1866.00608641858,,,,,,,,,,,,,,,,,,,,,,,,,,,,,,,,,,,,,,,,,,,,,,,,,,,,,,,,,,,,,,,,,,,,,,,,,,,,,,,,,,,,,
,,,,,,,,,,,,,,,,,,,220.558,1.22150585395583,220.558,1.2148046849286,220.558,1.21585646133816,220.558,1.22681537895747,220.558,1.20121559539068,,220.558,-2033.24504463819,-1985.02777116132,-1920.1116991669,-1985.84100447505,-1861.10327160239,,,,,,,,,,,,,,,,,,,,,,,,,,,,,,,,,,,,,,,,,,,,,,,,,,,,,,,,,,,,,,,,,,,,,,,,,,,,,,,,,,,,,
,,,,,,,,,,,,,,,,,,,221.057,1.22505507042341,221.057,1.22144580870899,221.057,1.21145217526509,221.057,1.2205402483698,221.057,1.2089970360299,,221.057,-2087.28152619885,-2129.9477804906,-1848.70216323749,-1898.62042664263,-1939.69163953391,,,,,,,,,,,,,,,,,,,,,,,,,,,,,,,,,,,,,,,,,,,,,,,,,,,,,,,,,,,,,,,,,,,,,,,,,,,,,,,,,,,,,
,,,,,,,,,,,,,,,,,,,221.556,1.22096128538749,221.556,1.21828795775732,221.556,1.21824366496241,221.556,1.22013333816056,221.556,1.21408818791909,,221.556,-2058.10636124569,-2079.82386565112,-1963.18690502169,-1832.16621030662,-2064.9357468518,,,,,,,,,,,,,,,,,,,,,,,,,,,,,,,,,,,,,,,,,,,,,,,,,,,,,,,,,,,,,,,,,,,,,,,,,,,,,,,,,,,,,
,,,,,,,,,,,,,,,,,,,222.055,1.2239878736773,222.055,1.22100835066006,222.055,1.21023144847687,222.055,1.22554513252158,222.055,1.2095321769656,,222.055,-1925.51887244253,-2104.91235118495,-1979.65985780997,-1861.12025358264,-1991.27092549659,,,,,,,,,,,,,,,,,,,,,,,,,,,,,,,,,,,,,,,,,,,,,,,,,,,,,,,,,,,,,,,,,,,,,,,,,,,,,,,,,,,,,
,,,,,,,,,,,,,,,,,,,222.554,1.22561170187446,222.554,1.22737745399231,222.554,1.21856067916651,222.554,1.23094369881286,222.554,1.20173714335507,,222.554,-1982.18968663514,-1993.73403279671,-2028.64546512366,-2079.15937756094,-1839.42111832663,,,,,,,,,,,,,,,,,,,,,,,,,,,,,,,,,,,,,,,,,,,,,,,,,,,,,,,,,,,,,,,,,,,,,,,,,,,,,,,,,,,,,
,,,,,,,,,,,,,,,,,,,223.053,1.22104441189725,223.053,1.22148730369705,223.053,1.21853052990763,223.053,1.23052535638507,223.053,1.20856886789316,,223.053,-1993.19239297341,-2150.85992666228,-1925.51227304431,-2027.513592224,-1974.3288168013,,,,,,,,,,,,,,,,,,,,,,,,,,,,,,,,,,,,,,,,,,,,,,,,,,,,,,,,,,,,,,,,,,,,,,,,,,,,,,,,,,,,,
,,,,,,,,,,,,,,,,,,,223.552,1.22343840601707,223.552,1.22239805922308,223.552,1.21046700163055,223.552,1.22843941921457,223.552,1.20751577846304,,223.552,-1995.89730773663,-2107.21760016155,-1886.73178663838,-1919.94293932602,-2074.1344920703,,,,,,,,,,,,,,,,,,,,,,,,,,,,,,,,,,,,,,,,,,,,,,,,,,,,,,,,,,,,,,,,,,,,,,,,,,,,,,,,,,,,,
,,,,,,,,,,,,,,,,,,,224.051,1.22939866756072,224.051,1.22232278161317,224.051,1.21314823158035,224.051,1.23183254558858,224.051,1.20622606412174,,224.051,-1963.19254041022,-2073.12575942133,-1904.17201095114,-1935.55761884836,-1995.9352812151,,,,,,,,,,,,,,,,,,,,,,,,,,,,,,,,,,,,,,,,,,,,,,,,,,,,,,,,,,,,,,,,,,,,,,,,,,,,,,,,,,,,,
,,,,,,,,,,,,,,,,,,,224.55,1.22013390226851,224.55,1.22246658027873,224.55,1.2129407397803,224.55,1.23063928613313,224.55,1.2074241952658,,224.55,-2063.2683143297,-2075.208846282,-1957.37742340658,-2056.77431766459,-1871.44294702002,,,,,,,,,,,,,,,,,,,,,,,,,,,,,,,,,,,,,,,,,,,,,,,,,,,,,,,,,,,,,,,,,,,,,,,,,,,,,,,,,,,,,
,,,,,,,,,,,,,,,,,,,225.049,1.22735439362212,225.049,1.21933068027232,225.049,1.21414122856535,225.049,1.23357984868685,225.049,1.21508210624401,,225.049,-2098.2764780207,-2061.84273962357,-1993.82266301142,-2103.99340115396,-1944.3302005649,,,,,,,,,,,,,,,,,,,,,,,,,,,,,,,,,,,,,,,,,,,,,,,,,,,,,,,,,,,,,,,,,,,,,,,,,,,,,,,,,,,,,
,,,,,,,,,,,,,,,,,,,225.548,1.23056896914707,225.548,1.22566104739332,225.548,1.21740804781041,225.548,1.22041656346616,225.548,1.21390432397559,,225.548,-2046.52241598001,-2082.85942586719,-1913.2411997347,-1869.39756214367,-1941.42401799062,,,,,,,,,,,,,,,,,,,,,,,,,,,,,,,,,,,,,,,,,,,,,,,,,,,,,,,,,,,,,,,,,,,,,,,,,,,,,,,,,,,,,
,,,,,,,,,,,,,,,,,,,226.047,1.2280679806669,226.047,1.22428902318184,226.047,1.20718236990534,226.047,1.23474276665937,226.047,1.20600661855567,,226.047,-1996.43209099489,-2086.09277536724,-1816.74280909539,-1915.24362786201,-1994.71987998399,,,,,,,,,,,,,,,,,,,,,,,,,,,,,,,,,,,,,,,,,,,,,,,,,,,,,,,,,,,,,,,,,,,,,,,,,,,,,,,,,,,,,
,,,,,,,,,,,,,,,,,,,226.546,1.2224850050332,226.546,1.22440421893982,226.546,1.20948825624409,226.546,1.23343133321856,226.546,1.20586227537053,,226.546,-1999.47501589004,-2155.00421598265,-1908.59797661095,-2002.97828275169,-2003.04531254322,,,,,,,,,,,,,,,,,,,,,,,,,,,,,,,,,,,,,,,,,,,,,,,,,,,,,,,,,,,,,,,,,,,,,,,,,,,,,,,,,,,,,
,,,,,,,,,,,,,,,,,,,227.045,1.22539795517052,227.045,1.23013406260505,227.045,1.22287024352248,227.045,1.23132348962764,227.045,1.20345568234194,,227.045,-2009.62417712529,-2156.98453996075,-2078.04046545415,-2066.89647357974,-1865.64866485801,,,,,,,,,,,,,,,,,,,,,,,,,,,,,,,,,,,,,,,,,,,,,,,,,,,,,,,,,,,,,,,,,,,,,,,,,,,,,,,,,,,,,
,,,,,,,,,,,,,,,,,,,227.544,1.23153579256006,227.544,1.21841412837131,227.544,1.21461732870558,227.544,1.22955569048366,227.544,1.21284127573131,,227.544,-2037.55157000202,-1967.67181074697,-1964.57689085523,-2009.63305956419,-1904.80108912585,,,,,,,,,,,,,,,,,,,,,,,,,,,,,,,,,,,,,,,,,,,,,,,,,,,,,,,,,,,,,,,,,,,,,,,,,,,,,,,,,,,,,
,,,,,,,,,,,,,,,,,,,228.043,1.22257330542929,228.043,1.22667926471174,228.043,1.2083731697126,228.043,1.23055997950033,228.043,1.21658467496357,,228.043,-2109.03680941545,-2160.44775619861,-1829.45590937018,-1894.53837349186,-2038.22487833074,,,,,,,,,,,,,,,,,,,,,,,,,,,,,,,,,,,,,,,,,,,,,,,,,,,,,,,,,,,,,,,,,,,,,,,,,,,,,,,,,,,,,
,,,,,,,,,,,,,,,,,,,228.542,1.22026921109669,228.542,1.22275379930644,228.542,1.2219222470498,228.542,1.22869416520637,228.542,1.2108472474724,,228.542,-2036.74531171422,-2222.3704296475,-1985.12233349043,-1922.93655831862,-1957.90383775381,,,,,,,,,,,,,,,,,,,,,,,,,,,,,,,,,,,,,,,,,,,,,,,,,,,,,,,,,,,,,,,,,,,,,,,,,,,,,,,,,,,,,
,,,,,,,,,,,,,,,,,,,229.041,1.22418954761487,229.041,1.22366474335051,229.041,1.2137164908957,229.041,1.23440827050109,229.041,1.20958009408343,,229.041,-1928.13565340046,-2099.35032823801,-2046.87853849836,-2005.41059452895,-1958.9303584504,,,,,,,,,,,,,,,,,,,,,,,,,,,,,,,,,,,,,,,,,,,,,,,,,,,,,,,,,,,,,,,,,,,,,,,,,,,,,,,,,,,,,
,,,,,,,,,,,,,,,,,,,229.54,1.22181382488883,229.54,1.22950765388325,229.54,1.21450653717624,229.54,1.23782630380891,229.54,1.21279458977217,,229.54,-1903.502662665,-2038.58694059573,-1964.49091051375,-2119.47294385352,-1891.7621750056,,,,,,,,,,,,,,,,,,,,,,,,,,,,,,,,,,,,,,,,,,,,,,,,,,,,,,,,,,,,,,,,,,,,,,,,,,,,,,,,,,,,,
,,,,,,,,,,,,,,,,,,,230.039,1.22642793025047,230.039,1.22686941135083,230.039,1.2100343433268,230.039,1.23505855506091,230.039,1.21268638780839,,230.039,-2052.25336130899,-1925.25400430304,-1807.86716776589,-2139.97154867013,-1935.14058470069,,,,,,,,,,,,,,,,,,,,,,,,,,,,,,,,,,,,,,,,,,,,,,,,,,,,,,,,,,,,,,,,,,,,,,,,,,,,,,,,,,,,,
,,,,,,,,,,,,,,,,,,,230.538,1.21839185050091,230.538,1.23137782428932,230.538,1.20928522083583,230.538,1.22267388869473,230.538,1.20788071578242,,230.538,-2099.15028285156,-2091.20554747514,-1847.91589987356,-2002.06275749609,-1934.57296268658,,,,,,,,,,,,,,,,,,,,,,,,,,,,,,,,,,,,,,,,,,,,,,,,,,,,,,,,,,,,,,,,,,,,,,,,,,,,,,,,,,,,,
,,,,,,,,,,,,,,,,,,,231.037,1.23242756301057,231.037,1.23076764361005,231.037,1.21586056869679,231.037,1.2275785078956,231.037,1.21269425157165,,231.037,-2113.97816137358,-2236.30889010851,-2018.43445280731,-1820.73441534273,-1975.29208319848,,,,,,,,,,,,,,,,,,,,,,,,,,,,,,,,,,,,,,,,,,,,,,,,,,,,,,,,,,,,,,,,,,,,,,,,,,,,,,,,,,,,,
,,,,,,,,,,,,,,,,,,,231.536,1.22740218997733,231.536,1.22347125762032,231.536,1.21226072158577,231.536,1.22204549830039,231.536,1.2105968926251,,231.536,-1993.95369845434,-2117.81012105748,-2086.95429627481,-1878.20956757947,-1971.01989413519,,,,,,,,,,,,,,,,,,,,,,,,,,,,,,,,,,,,,,,,,,,,,,,,,,,,,,,,,,,,,,,,,,,,,,,,,,,,,,,,,,,,,
,,,,,,,,,,,,,,,,,,,232.035,1.22467484534576,232.035,1.22240542734122,232.035,1.21092330236237,232.035,1.21609782264926,232.035,1.21508038270805,,232.035,-1964.06436360925,-2009.01658242633,-1864.45688562111,-2000.78480450289,-2017.19104904832,,,,,,,,,,,,,,,,,,,,,,,,,,,,,,,,,,,,,,,,,,,,,,,,,,,,,,,,,,,,,,,,,,,,,,,,,,,,,,,,,,,,,
,,,,,,,,,,,,,,,,,,,232.534,1.22280709728659,232.534,1.22153817760799,232.534,1.20245024886602,232.534,1.22602553710927,232.534,1.21610293316447,,232.534,-1999.66957964214,-1943.06334939411,-1778.71456323337,-2099.24531675654,-2000.15995164483,,,,,,,,,,,,,,,,,,,,,,,,,,,,,,,,,,,,,,,,,,,,,,,,,,,,,,,,,,,,,,,,,,,,,,,,,,,,,,,,,,,,,
,,,,,,,,,,,,,,,,,,,233.033,1.2222020409134,233.033,1.23068832962277,233.033,1.20987086420926,233.033,1.22074018642101,233.033,1.21392007439038,,233.033,-2054.98052898774,-2081.71609959183,-1901.23136879537,-1875.82091771138,-1961.54514877652,,,,,,,,,,,,,,,,,,,,,,,,,,,,,,,,,,,,,,,,,,,,,,,,,,,,,,,,,,,,,,,,,,,,,,,,,,,,,,,,,,,,,
,,,,,,,,,,,,,,,,,,,233.532,1.22843392935288,233.532,1.22747240593595,233.532,1.21171506481597,233.532,1.22272160860443,233.532,1.21265538178614,,233.532,-2044.65446509528,-2232.48092310031,-2064.56568992696,-1824.422118357,-1954.85406385513,,,,,,,,,,,,,,,,,,,,,,,,,,,,,,,,,,,,,,,,,,,,,,,,,,,,,,,,,,,,,,,,,,,,,,,,,,,,,,,,,,,,,
,,,,,,,,,,,,,,,,,,,234.031,1.22826213550285,234.031,1.22783127826306,234.031,1.21050873416201,234.031,1.22579402916018,234.031,1.22222835039971,,234.031,-1977.73165174863,-2121.22806473774,-1964.40613058399,-2005.94009290558,-1973.4852138377,,,,,,,,,,,,,,,,,,,,,,,,,,,,,,,,,,,,,,,,,,,,,,,,,,,,,,,,,,,,,,,,,,,,,,,,,,,,,,,,,,,,,
,,,,,,,,,,,,,,,,,,,234.53,1.23041649876921,234.53,1.22018803170388,234.53,1.20482086590598,234.53,1.22459901525355,234.53,1.21499959619729,,234.53,-2015.84855909705,-2011.89540827325,-1907.06220113479,-2135.66411210563,-1920.33739009193,,,,,,,,,,,,,,,,,,,,,,,,,,,,,,,,,,,,,,,,,,,,,,,,,,,,,,,,,,,,,,,,,,,,,,,,,,,,,,,,,,,,,
,,,,,,,,,,,,,,,,,,,235.029,1.22420125259856,235.029,1.21971146417377,235.029,1.21213032405163,235.029,1.21786600169657,235.029,1.21800484709602,,235.029,-1969.85973439887,-2007.08980937845,-1922.35467307771,-2040.98500753308,-2047.13880375527,,,,,,,,,,,,,,,,,,,,,,,,,,,,,,,,,,,,,,,,,,,,,,,,,,,,,,,,,,,,,,,,,,,,,,,,,,,,,,,,,,,,,
,,,,,,,,,,,,,,,,,,,235.528,1.23153068573123,235.528,1.22697038188583,235.528,1.21143314457977,235.528,1.22650061194894,235.528,1.20669679590053,,235.528,-2029.88946887277,-2143.62104632978,-1962.29018405532,-1883.03582350648,-1941.38926406434,,,,,,,,,,,,,,,,,,,,,,,,,,,,,,,,,,,,,,,,,,,,,,,,,,,,,,,,,,,,,,,,,,,,,,,,,,,,,,,,,,,,,
,,,,,,,,,,,,,,,,,,,236.027,1.22851110115546,236.027,1.22150390988375,236.027,1.20717109216403,236.027,1.22761102755995,236.027,1.21091329862638,,236.027,-1979.35584685987,-2145.96831703691,-2040.76206170043,-1893.14213177605,-1905.40366833406,,,,,,,,,,,,,,,,,,,,,,,,,,,,,,,,,,,,,,,,,,,,,,,,,,,,,,,,,,,,,,,,,,,,,,,,,,,,,,,,,,,,,
,,,,,,,,,,,,,,,,,,,236.526,1.2308847731936,236.526,1.22435057466522,236.526,1.2112873969512,236.526,1.21721909501051,236.526,1.21113565990099,,236.526,-1975.29631036378,-2033.27520626635,-1910.907061496,-1954.0250903279,-1948.0261774045,,,,,,,,,,,,,,,,,,,,,,,,,,,,,,,,,,,,,,,,,,,,,,,,,,,,,,,,,,,,,,,,,,,,,,,,,,,,,,,,,,,,,
,,,,,,,,,,,,,,,,,,,237.025,1.22180999658752,237.025,1.22716461761475,237.025,1.22032927689182,237.025,1.21957477054449,237.025,1.21711040687153,,237.025,-1968.83254821898,-2064.93669920737,-1832.06236399988,-2011.2565555787,-2009.58933650486,,,,,,,,,,,,,,,,,,,,,,,,,,,,,,,,,,,,,,,,,,,,,,,,,,,,,,,,,,,,,,,,,,,,,,,,,,,,,,,,,,,,,
,,,,,,,,,,,,,,,,,,,237.524,1.22474429852905,237.524,1.22035659776108,237.524,1.21475279177652,237.524,1.21776081608601,237.524,1.20862643626311,,237.524,-2015.70135059854,-2088.25189731982,-1908.98029641166,-1955.85548319417,-2098.88621002382,,,,,,,,,,,,,,,,,,,,,,,,,,,,,,,,,,,,,,,,,,,,,,,,,,,,,,,,,,,,,,,,,,,,,,,,,,,,,,,,,,,,,
,,,,,,,,,,,,,,,,,,,238.023,1.2248125231337,238.023,1.22690901729494,238.023,1.21271348261986,238.023,1.21657949031946,238.023,1.21168326364647,,238.023,-2074.07957367488,-2132.11477213439,-2012.40654560251,-1910.13463345253,-1941.23391107468,,,,,,,,,,,,,,,,,,,,,,,,,,,,,,,,,,,,,,,,,,,,,,,,,,,,,,,,,,,,,,,,,,,,,,,,,,,,,,,,,,,,,
,,,,,,,,,,,,,,,,,,,238.522,1.21904986147332,238.522,1.2213700540235,238.522,1.21451675072464,238.522,1.21725201480783,238.522,1.21025845100266,,238.522,-1857.87580200552,-2130.63585075143,-1958.00376745545,-1831.49894505531,-1772.37153554729,,,,,,,,,,,,,,,,,,,,,,,,,,,,,,,,,,,,,,,,,,,,,,,,,,,,,,,,,,,,,,,,,,,,,,,,,,,,,,,,,,,,,
,,,,,,,,,,,,,,,,,,,239.021,1.22250333341229,239.021,1.22450414290286,239.021,1.21769215757733,239.021,1.21443556699238,239.021,1.20446323336958,,239.021,-1858.54720728422,-2065.53689417512,-1822.88143501646,-1932.15146290328,-1851.52373060516,,,,,,,,,,,,,,,,,,,,,,,,,,,,,,,,,,,,,,,,,,,,,,,,,,,,,,,,,,,,,,,,,,,,,,,,,,,,,,,,,,,,,
,,,,,,,,,,,,,,,,,,,239.52,1.22521280536453,239.52,1.2242585171005,239.52,1.21534695988685,239.52,1.21926019470388,239.52,1.21442549577693,,239.52,-2014.79066546861,-2062.38538099032,-1942.97072366007,-2101.48057360338,-2053.67862210055,,,,,,,,,,,,,,,,,,,,,,,,,,,,,,,,,,,,,,,,,,,,,,,,,,,,,,,,,,,,,,,,,,,,,,,,,,,,,,,,,,,,,
,,,,,,,,,,,,,,,,,,,240.019,1.22371085500101,240.019,1.22609078408584,240.019,1.21641687192027,240.019,1.21608045447181,240.019,1.21368407768918,,240.019,-2132.61059313062,-2155.49033817275,-1963.28514623753,-1979.2593284085,-2087.21197976525,,,,,,,,,,,,,,,,,,,,,,,,,,,,,,,,,,,,,,,,,,,,,,,,,,,,,,,,,,,,,,,,,,,,,,,,,,,,,,,,,,,,,
,,,,,,,,,,,,,,,,,,,240.518,1.22873215690669,240.518,1.22336271985976,240.518,1.21704066238549,240.518,1.2224382602071,240.518,1.20466593675427,,240.518,-2141.24884565651,-2126.74944820123,-2013.09360574817,-1908.24317235197,-1899.47593254572,,,,,,,,,,,,,,,,,,,,,,,,,,,,,,,,,,,,,,,,,,,,,,,,,,,,,,,,,,,,,,,,,,,,,,,,,,,,,,,,,,,,,
,,,,,,,,,,,,,,,,,,,241.017,1.23172763113719,241.017,1.22114590543924,241.017,1.2146155333831,241.017,1.22505650215077,241.017,1.20819026609434,,241.017,-1991.87850953627,-2056.64305828982,-1950.11603743035,-1922.80205580486,-1876.24826834683,,,,,,,,,,,,,,,,,,,,,,,,,,,,,,,,,,,,,,,,,,,,,,,,,,,,,,,,,,,,,,,,,,,,,,,,,,,,,,,,,,,,,
,,,,,,,,,,,,,,,,,,,241.516,1.23348622896933,241.516,1.22031964073766,241.516,1.22020287745696,241.516,1.22427841291184,241.516,1.20550882558682,,241.516,-1912.22082478338,-2004.31718806221,-1802.51692090043,-2047.76997123995,-1892.22660679478,,,,,,,,,,,,,,,,,,,,,,,,,,,,,,,,,,,,,,,,,,,,,,,,,,,,,,,,,,,,,,,,,,,,,,,,,,,,,,,,,,,,,
,,,,,,,,,,,,,,,,,,,242.015,1.22353536840678,242.015,1.22129374404483,242.015,1.2213743025051,242.015,1.22381600945987,242.015,1.20807849193187,,242.015,-1880.99304396103,-2082.79759173423,-1958.01750268154,-1977.15035691827,-1920.97333061367,,,,,,,,,,,,,,,,,,,,,,,,,,,,,,,,,,,,,,,,,,,,,,,,,,,,,,,,,,,,,,,,,,,,,,,,,,,,,,,,,,,,,
,,,,,,,,,,,,,,,,,,,242.514,1.22894736941006,242.514,1.22520045186451,242.514,1.21892311127379,242.514,1.22169629924245,242.514,1.20718758391604,,242.514,-2045.28688437609,-2096.93809740124,-2089.02841384953,-1755.89339697637,-1980.65667937061,,,,,,,,,,,,,,,,,,,,,,,,,,,,,,,,,,,,,,,,,,,,,,,,,,,,,,,,,,,,,,,,,,,,,,,,,,,,,,,,,,,,,
,,,,,,,,,,,,,,,,,,,243.013,1.22469945970638,243.013,1.22455332409848,243.013,1.22366301363341,243.013,1.22100104442255,243.013,1.21173582710121,,243.013,-2111.51743057124,-2072.06022382163,-2017.08421820213,-1909.29625132986,-1907.66621335308,,,,,,,,,,,,,,,,,,,,,,,,,,,,,,,,,,,,,,,,,,,,,,,,,,,,,,,,,,,,,,,,,,,,,,,,,,,,,,,,,,,,,
,,,,,,,,,,,,,,,,,,,243.512,1.22940375157344,243.512,1.22548136376622,243.512,1.21878307718349,243.512,1.21384143416088,243.512,1.20964345246478,,243.512,-1966.5632680668,-2001.4421779418,-1788.83800267913,-2049.90232653434,-1870.97817253229,,,,,,,,,,,,,,,,,,,,,,,,,,,,,,,,,,,,,,,,,,,,,,,,,,,,,,,,,,,,,,,,,,,,,,,,,,,,,,,,,,,,,
,,,,,,,,,,,,,,,,,,,244.011,1.21819407096729,244.011,1.22946852179988,244.011,1.22036630926981,244.011,1.21448698984888,244.011,1.21436998403933,,244.011,-1841.15901452584,-2125.46701169525,-1853.48604764034,-2015.01517528273,-1909.9153316738,,,,,,,,,,,,,,,,,,,,,,,,,,,,,,,,,,,,,,,,,,,,,,,,,,,,,,,,,,,,,,,,,,,,,,,,,,,,,,,,,,,,,
,,,,,,,,,,,,,,,,,,,244.51,1.2275834593208,244.51,1.22617707651491,244.51,1.21531954041168,244.51,1.22125879083804,244.51,1.21151815353446,,244.51,-1966.93314713776,-2144.68153973442,-1942.31683532578,-1913.38848465378,-1867.92023427295,,,,,,,,,,,,,,,,,,,,,,,,,,,,,,,,,,,,,,,,,,,,,,,,,,,,,,,,,,,,,,,,,,,,,,,,,,,,,,,,,,,,,
,,,,,,,,,,,,,,,,,,,245.009,1.23279566842151,245.009,1.22418911971727,245.009,1.21321453115584,245.009,1.2163566040468,245.009,1.2120117556035,,245.009,-2173.86788355148,-2096.07813482123,-1915.5643075872,-1824.97190990189,-1963.63698449973,,,,,,,,,,,,,,,,,,,,,,,,,,,,,,,,,,,,,,,,,,,,,,,,,,,,,,,,,,,,,,,,,,,,,,,,,,,,,,,,,,,,,
,,,,,,,,,,,,,,,,,,,245.508,1.22728343665237,245.508,1.21620333690698,245.508,1.21846827964873,245.508,1.21781142192512,245.508,1.21221460692883,,245.508,-2041.03962673959,-2051.60579188858,-1904.97496443089,-1932.79320407434,-1928.11764972929,,,,,,,,,,,,,,,,,,,,,,,,,,,,,,,,,,,,,,,,,,,,,,,,,,,,,,,,,,,,,,,,,,,,,,,,,,,,,,,,,,,,,
,,,,,,,,,,,,,,,,,,,246.007,1.23186459264311,246.007,1.22435524548163,246.007,1.22161067777996,246.007,1.21863471684211,246.007,1.21721123957203,,246.007,-2022.38862825923,-2114.67941581112,-1943.20446202057,-2106.5686758405,-1921.70822117033,,,,,,,,,,,,,,,,,,,,,,,,,,,,,,,,,,,,,,,,,,,,,,,,,,,,,,,,,,,,,,,,,,,,,,,,,,,,,,,,,,,,,
,,,,,,,,,,,,,,,,,,,246.506,1.22631262291346,246.506,1.22361729245767,246.506,1.21512046644722,246.506,1.21214282845417,246.506,1.22120122913088,,246.506,-1888.92071025633,-2037.55479337756,-1933.60507429944,-1968.8218834944,-1944.52773228255,,,,,,,,,,,,,,,,,,,,,,,,,,,,,,,,,,,,,,,,,,,,,,,,,,,,,,,,,,,,,,,,,,,,,,,,,,,,,,,,,,,,,
,,,,,,,,,,,,,,,,,,,247.005,1.22427920394465,247.005,1.22709921162614,247.005,1.21958525262316,247.005,1.21470471525158,247.005,1.21302522148907,,247.005,-1946.71611284371,-2008.2124630246,-1780.03662248899,-1822.87525074484,-1883.54914881376,,,,,,,,,,,,,,,,,,,,,,,,,,,,,,,,,,,,,,,,,,,,,,,,,,,,,,,,,,,,,,,,,,,,,,,,,,,,,,,,,,,,,
,,,,,,,,,,,,,,,,,,,247.504,1.22717486823623,247.504,1.22807219626725,247.504,1.20964591018088,247.504,1.22144246108242,247.504,1.21765370188524,,247.504,-2111.39200280872,-2071.8343962686,-1832.34592583486,-1924.97568830171,-1929.24797772173,,,,,,,,,,,,,,,,,,,,,,,,,,,,,,,,,,,,,,,,,,,,,,,,,,,,,,,,,,,,,,,,,,,,,,,,,,,,,,,,,,,,,
,,,,,,,,,,,,,,,,,,,248.003,1.22530353645667,248.003,1.22149852972198,248.003,1.21028407543852,248.003,1.22067403143946,248.003,1.22290805985007,,248.003,-2051.57600587788,-2146.23040353937,-1934.03052170032,-1958.91720581172,-2095.25631797695,,,,,,,,,,,,,,,,,,,,,,,,,,,,,,,,,,,,,,,,,,,,,,,,,,,,,,,,,,,,,,,,,,,,,,,,,,,,,,,,,,,,,
,,,,,,,,,,,,,,,,,,,248.502,1.22277749382727,248.502,1.21902401517986,248.502,1.21518873505916,248.502,1.22561970442338,248.502,1.22036074468308,,248.502,-2035.99459426936,-2094.34206520791,-1981.26177344433,-1999.5313068889,-2059.5684161101,,,,,,,,,,,,,,,,,,,,,,,,,,,,,,,,,,,,,,,,,,,,,,,,,,,,,,,,,,,,,,,,,,,,,,,,,,,,,,,,,,,,,
,,,,,,,,,,,,,,,,,,,249.001,1.22638380176933,249.001,1.22068905169714,249.001,1.21469731996056,249.001,1.23009936583929,249.001,1.21765819805131,,249.001,-1968.79086924229,-2048.99261382345,-1835.95018392335,-1938.96351954989,-1926.87825101994,,,,,,,,,,,,,,,,,,,,,,,,,,,,,,,,,,,,,,,,,,,,,,,,,,,,,,,,,,,,,,,,,,,,,,,,,,,,,,,,,,,,,
,,,,,,,,,,,,,,,,,,,249.5,1.22547649977278,249.5,1.21681294391248,249.5,1.22043859310852,249.5,1.2281577239078,249.5,1.21700588717047,,249.5,-1939.80195165468,-1947.10495663428,-1861.64245448043,-1871.00213522109,-1892.52482147768,,,,,,,,,,,,,,,,,,,,,,,,,,,,,,,,,,,,,,,,,,,,,,,,,,,,,,,,,,,,,,,,,,,,,,,,,,,,,,,,,,,,,
,,,,,,,,,,,,,,,,,,,249.999,1.22546401841205,249.999,1.22144878061022,249.999,1.21702443072096,249.999,1.2256054003372,249.999,1.21796971629472,,249.999,-2016.77569605918,-2053.20496274939,-1917.22591718681,-1940.05494229222,-1954.67275706627,,,,,,,,,,,,,,,,,,,,,,,,,,,,,,,,,,,,,,,,,,,,,,,,,,,,,,,,,,,,,,,,,,,,,,,,,,,,,,,,,,,,,
,,,,,,,,,,,,,,,,,,,250.498,1.22757852166252,250.498,1.21901547579418,250.498,1.22104246037265,250.498,1.23248565490602,250.498,1.22215118576946,,250.498,-2032.62927387626,-2205.66224942251,-1904.71758771955,-2074.10409900564,-2023.44931780392,,,,,,,,,,,,,,,,,,,,,,,,,,,,,,,,,,,,,,,,,,,,,,,,,,,,,,,,,,,,,,,,,,,,,,,,,,,,,,,,,,,,,
,,,,,,,,,,,,,,,,,,,250.997,1.22436754519061,250.997,1.21347900845419,250.997,1.21577257349517,250.997,1.22400806525576,250.997,1.22211412184702,,250.997,-2002.3375436136,-2043.99283164503,-1906.49632779327,-2025.66579188431,-2066.35378130859,,,,,,,,,,,,,,,,,,,,,,,,,,,,,,,,,,,,,,,,,,,,,,,,,,,,,,,,,,,,,,,,,,,,,,,,,,,,,,,,,,,,,
,,,,,,,,,,,,,,,,,,,251.496,1.22445427649563,251.496,1.21495921678222,251.496,1.21628693852044,251.496,1.21673874593944,251.496,1.2212571031704,,251.496,-2116.32875580409,-1888.34993729354,-1961.27665328175,-1907.3291868988,-1976.03572534939,,,,,,,,,,,,,,,,,,,,,,,,,,,,,,,,,,,,,,,,,,,,,,,,,,,,,,,,,,,,,,,,,,,,,,,,,,,,,,,,,,,,,
,,,,,,,,,,,,,,,,,,,251.995,1.22258197061325,251.995,1.21946986412631,251.995,1.21603978569004,251.995,1.22119482064017,251.995,1.22808005156009,,251.995,-2000.22458487366,-2006.55904101184,-1976.87114916462,-1954.17701425968,-1855.23091032673,,,,,,,,,,,,,,,,,,,,,,,,,,,,,,,,,,,,,,,,,,,,,,,,,,,,,,,,,,,,,,,,,,,,,,,,,,,,,,,,,,,,,
,,,,,,,,,,,,,,,,,,,252.494,1.22832199953056,252.494,1.21519555973493,252.494,1.21771008254188,252.494,1.21959710145492,252.494,1.21640020273219,,252.494,-1981.81058432932,-2115.1257656201,-1948.39006360066,-1955.46021690058,-1911.84717103553,,,,,,,,,,,,,,,,,,,,,,,,,,,,,,,,,,,,,,,,,,,,,,,,,,,,,,,,,,,,,,,,,,,,,,,,,,,,,,,,,,,,,
,,,,,,,,,,,,,,,,,,,252.993,1.2196044108174,252.993,1.2206753854105,252.993,1.21497285540406,252.993,1.21926723368919,252.993,1.22137940834096,,252.993,-1896.68556447144,-2101.46112368873,-1841.77533246557,-1946.28068852874,-2057.05165095604,,,,,,,,,,,,,,,,,,,,,,,,,,,,,,,,,,,,,,,,,,,,,,,,,,,,,,,,,,,,,,,,,,,,,,,,,,,,,,,,,,,,,
,,,,,,,,,,,,,,,,,,,253.492,1.22337480123426,253.492,1.21870934664946,253.492,1.21504065753661,253.492,1.21710629152893,253.492,1.21860094011248,,253.492,-2085.42780295614,-2042.58261946878,-1863.05430092475,-1970.96091452148,-1944.11822857547,,,,,,,,,,,,,,,,,,,,,,,,,,,,,,,,,,,,,,,,,,,,,,,,,,,,,,,,,,,,,,,,,,,,,,,,,,,,,,,,,,,,,
,,,,,,,,,,,,,,,,,,,253.991,1.22225594695745,253.991,1.22662260037038,253.991,1.20961724873007,253.991,1.22634675783369,253.991,1.22184663442821,,253.991,-2152.3331008973,-2006.57518810456,-1889.34443819949,-1982.44841076066,-1824.13203766883,,,,,,,,,,,,,,,,,,,,,,,,,,,,,,,,,,,,,,,,,,,,,,,,,,,,,,,,,,,,,,,,,,,,,,,,,,,,,,,,,,,,,
,,,,,,,,,,,,,,,,,,,254.49,1.22297189467174,254.49,1.2252357943181,254.49,1.2129685204069,254.49,1.22460944430424,254.49,1.22115179069355,,254.49,-2078.70612928853,-2036.42598869194,-1900.98654735596,-1930.87678225947,-1834.79063805118,,,,,,,,,,,,,,,,,,,,,,,,,,,,,,,,,,,,,,,,,,,,,,,,,,,,,,,,,,,,,,,,,,,,,,,,,,,,,,,,,,,,,
,,,,,,,,,,,,,,,,,,,254.989,1.2259061186195,254.989,1.2192670218166,254.989,1.21505637840528,254.989,1.21962425450748,254.989,1.22448430094559,,254.989,-1895.36828086523,-2125.03370436411,-1984.24005709752,-1880.80436456959,-2048.75071478995,,,,,,,,,,,,,,,,,,,,,,,,,,,,,,,,,,,,,,,,,,,,,,,,,,,,,,,,,,,,,,,,,,,,,,,,,,,,,,,,,,,,,
,,,,,,,,,,,,,,,,,,,255.488,1.21793502891536,255.488,1.21666980113413,255.488,1.21215610992731,255.488,1.21700513619857,255.488,1.21858630979362,,255.488,-1970.66082649907,-2148.66835402024,-1980.54243301827,-1862.99110170321,-2006.69586123246,,,,,,,,,,,,,,,,,,,,,,,,,,,,,,,,,,,,,,,,,,,,,,,,,,,,,,,,,,,,,,,,,,,,,,,,,,,,,,,,,,,,,
,,,,,,,,,,,,,,,,,,,255.987,1.22834827915452,255.987,1.21420732407266,255.987,1.21591656743154,255.987,1.22082803168929,255.987,1.22097838833775,,255.987,-2150.62579625212,-2022.10184411094,-1960.44067060273,-1985.53484659016,-1927.79577408058,,,,,,,,,,,,,,,,,,,,,,,,,,,,,,,,,,,,,,,,,,,,,,,,,,,,,,,,,,,,,,,,,,,,,,,,,,,,,,,,,,,,,
,,,,,,,,,,,,,,,,,,,256.486,1.22711470911266,256.486,1.21832531842581,256.486,1.21187637661875,256.486,1.2159802219527,256.486,1.21565493116607,,256.486,-2056.18996411,-2001.73151932948,-1901.48817569727,-2001.90812237319,-1884.92313350953,,,,,,,,,,,,,,,,,,,,,,,,,,,,,,,,,,,,,,,,,,,,,,,,,,,,,,,,,,,,,,,,,,,,,,,,,,,,,,,,,,,,,
,,,,,,,,,,,,,,,,,,,256.985,1.22578653508054,256.985,1.22287831775669,256.985,1.21409172965256,256.985,1.21663497154611,256.985,1.22385957320409,,256.985,-1851.7198954852,-2093.2650572197,-1964.96029036464,-1945.8560486676,-1968.93435717957,,,,,,,,,,,,,,,,,,,,,,,,,,,,,,,,,,,,,,,,,,,,,,,,,,,,,,,,,,,,,,,,,,,,,,,,,,,,,,,,,,,,,
,,,,,,,,,,,,,,,,,,,257.484,1.22172821193698,257.484,1.22054208682118,257.484,1.21879698836483,257.484,1.22259955884311,257.484,1.22478542683779,,257.484,-1829.71139658087,-2084.19019450694,-1953.45262957712,-1912.90894160962,-2010.35700124703,,,,,,,,,,,,,,,,,,,,,,,,,,,,,,,,,,,,,,,,,,,,,,,,,,,,,,,,,,,,,,,,,,,,,,,,,,,,,,,,,,,,,
,,,,,,,,,,,,,,,,,,,257.983,1.21761523745036,257.983,1.22390406744928,257.983,1.21824719676043,257.983,1.22193946464082,257.983,1.23019513021919,,257.983,-2100.21936286693,-2061.45870417349,-1960.48372457936,-1919.29280468175,-1908.02699720748,,,,,,,,,,,,,,,,,,,,,,,,,,,,,,,,,,,,,,,,,,,,,,,,,,,,,,,,,,,,,,,,,,,,,,,,,,,,,,,,,,,,,
,,,,,,,,,,,,,,,,,,,258.482,1.21298274820237,258.482,1.21603100610034,258.482,1.21410277286623,258.482,1.2222250729678,258.482,1.22266078887412,,258.482,-2083.99907786378,-2007.58948475959,-1919.64280612329,-1968.82536212511,-1937.33587067584,,,,,,,,,,,,,,,,,,,,,,,,,,,,,,,,,,,,,,,,,,,,,,,,,,,,,,,,,,,,,,,,,,,,,,,,,,,,,,,,,,,,,
,,,,,,,,,,,,,,,,,,,258.981,1.22007789943999,258.981,1.22800361870074,258.981,1.21919259364669,258.981,1.21152042180894,258.981,1.22087913272112,,258.981,-1952.89416012993,-2019.35955768622,-1999.54586154145,-1946.32162821536,-2030.41046499105,,,,,,,,,,,,,,,,,,,,,,,,,,,,,,,,,,,,,,,,,,,,,,,,,,,,,,,,,,,,,,,,,,,,,,,,,,,,,,,,,,,,,
,,,,,,,,,,,,,,,,,,,259.48,1.22191888893723,259.48,1.23696304351151,259.48,1.21701261094615,259.48,1.22554279629515,259.48,1.21719593443317,,259.48,-1938.39133806994,-2101.0689475839,-1963.65052792347,-2019.1084668069,-2055.840201967,,,,,,,,,,,,,,,,,,,,,,,,,,,,,,,,,,,,,,,,,,,,,,,,,,,,,,,,,,,,,,,,,,,,,,,,,,,,,,,,,,,,,
,,,,,,,,,,,,,,,,,,,259.979,1.22808906010491,259.979,1.22899875402363,259.979,1.21739294213296,259.979,1.22578626326482,259.979,1.21107485072461,,259.979,-1970.23716555313,-2130.75689128421,-1892.57058364888,-1923.35458150075,-1915.87874795847,,,,,,,,,,,,,,,,,,,,,,,,,,,,,,,,,,,,,,,,,,,,,,,,,,,,,,,,,,,,,,,,,,,,,,,,,,,,,,,,,,,,,
,,,,,,,,,,,,,,,,,,,260.478,1.22450824791465,260.478,1.22524113080642,260.478,1.21739633263598,260.478,1.21606914354014,260.478,1.22517909957104,,260.478,-2116.44420094346,-2105.02784345208,-1920.10312932372,-1851.53316063419,-1932.41054611045,,,,,,,,,,,,,,,,,,,,,,,,,,,,,,,,,,,,,,,,,,,,,,,,,,,,,,,,,,,,,,,,,,,,,,,,,,,,,,,,,,,,,
,,,,,,,,,,,,,,,,,,,260.977,1.22137956485012,260.977,1.22218438425148,260.977,1.22336865015442,260.977,1.21685109206685,260.977,1.22366366562906,,260.977,-2079.77099757782,-2021.8827712157,-2019.55269896226,-1913.48939178793,-2028.12412176458,,,,,,,,,,,,,,,,,,,,,,,,,,,,,,,,,,,,,,,,,,,,,,,,,,,,,,,,,,,,,,,,,,,,,,,,,,,,,,,,,,,,,
,,,,,,,,,,,,,,,,,,,261.476,1.22644571496824,261.476,1.22220485775406,261.476,1.21976691312248,261.476,1.22464060743654,261.476,1.22209959976837,,261.476,-2027.35576970954,-2022.75991384413,-2006.45961138562,-2027.80246104535,-2078.20943096193,,,,,,,,,,,,,,,,,,,,,,,,,,,,,,,,,,,,,,,,,,,,,,,,,,,,,,,,,,,,,,,,,,,,,,,,,,,,,,,,,,,,,
,,,,,,,,,,,,,,,,,,,261.975,1.22849832827454,261.975,1.22024614788076,261.975,1.21740114133228,261.975,1.22412604071317,261.975,1.22155677742224,,261.975,-1946.98874894047,-2127.51292233501,-1848.5729135017,-2074.53601978613,-1890.73035498939,,,,,,,,,,,,,,,,,,,,,,,,,,,,,,,,,,,,,,,,,,,,,,,,,,,,,,,,,,,,,,,,,,,,,,,,,,,,,,,,,,,,,
,,,,,,,,,,,,,,,,,,,262.474,1.22109602733251,262.474,1.21537429618326,262.474,1.22797130828136,262.474,1.2179363974594,262.474,1.22392556184893,,262.474,-1971.83734228841,-2239.07729060356,-1897.02297068156,-1928.4870511434,-1869.67225686901,,,,,,,,,,,,,,,,,,,,,,,,,,,,,,,,,,,,,,,,,,,,,,,,,,,,,,,,,,,,,,,,,,,,,,,,,,,,,,,,,,,,,
,,,,,,,,,,,,,,,,,,,262.973,1.22108923034918,262.973,1.21738648161897,262.973,1.22442506311937,262.973,1.22132847318885,262.973,1.22231738761029,,262.973,-1980.30802620022,-2032.17718265453,-1984.28936461504,-1829.99944548193,-1955.44911057052,,,,,,,,,,,,,,,,,,,,,,,,,,,,,,,,,,,,,,,,,,,,,,,,,,,,,,,,,,,,,,,,,,,,,,,,,,,,,,,,,,,,,
,,,,,,,,,,,,,,,,,,,263.472,1.21659641786168,263.472,1.22337962517646,263.472,1.22458527127896,263.472,1.21997941915356,263.472,1.22820936654731,,263.472,-1974.5468705805,-1916.84841548173,-2059.08533484761,-1828.7654326066,-2138.38192413922,,,,,,,,,,,,,,,,,,,,,,,,,,,,,,,,,,,,,,,,,,,,,,,,,,,,,,,,,,,,,,,,,,,,,,,,,,,,,,,,,,,,,
,,,,,,,,,,,,,,,,,,,263.971,1.21832102602882,263.971,1.2301921602806,263.971,1.21779330619448,263.971,1.22104992019941,263.971,1.2248293390742,,263.971,-2011.8202174571,-2043.74237309679,-1978.79989663108,-1956.23794787731,-2016.70675733218,,,,,,,,,,,,,,,,,,,,,,,,,,,,,,,,,,,,,,,,,,,,,,,,,,,,,,,,,,,,,,,,,,,,,,,,,,,,,,,,,,,,,
,,,,,,,,,,,,,,,,,,,264.47,1.21906856772964,264.47,1.22521045880664,264.47,1.2240447043945,264.47,1.22506434511303,264.47,1.22200517749774,,264.47,-1984.40482946519,-2144.56148436617,-1912.4616492519,-2060.35893483293,-1975.32100896948,,,,,,,,,,,,,,,,,,,,,,,,,,,,,,,,,,,,,,,,,,,,,,,,,,,,,,,,,,,,,,,,,,,,,,,,,,,,,,,,,,,,,
,,,,,,,,,,,,,,,,,,,264.969,1.2242395925496,264.969,1.22062193212209,264.969,1.22169565311836,264.969,1.2238114658008,264.969,1.22227421826168,,264.969,-1998.02313704359,-2071.71877268543,-1966.52158728817,-1937.12507417147,-1923.8169424024,,,,,,,,,,,,,,,,,,,,,,,,,,,,,,,,,,,,,,,,,,,,,,,,,,,,,,,,,,,,,,,,,,,,,,,,,,,,,,,,,,,,,
,,,,,,,,,,,,,,,,,,,265.468,1.22220503666545,265.468,1.21725408111777,265.468,1.22131959547556,265.468,1.22749528490777,265.468,1.2147729749365,,265.468,-1983.84086545527,-2061.74311309381,-1925.48614466661,-1920.24463777432,-1948.5865284963,,,,,,,,,,,,,,,,,,,,,,,,,,,,,,,,,,,,,,,,,,,,,,,,,,,,,,,,,,,,,,,,,,,,,,,,,,,,,,,,,,,,,
,,,,,,,,,,,,,,,,,,,265.967,1.22601994785278,265.967,1.22957083172889,265.967,1.21547030613451,265.967,1.22358021716407,265.967,1.21472386612898,,265.967,-2102.23433657187,-1944.7501249639,-1942.54609884418,-1952.97219947901,-1938.36861699534,,,,,,,,,,,,,,,,,,,,,,,,,,,,,,,,,,,,,,,,,,,,,,,,,,,,,,,,,,,,,,,,,,,,,,,,,,,,,,,,,,,,,
,,,,,,,,,,,,,,,,,,,266.466,1.21816769394993,266.466,1.22097571921782,266.466,1.22288904858397,266.466,1.22479666023839,266.466,1.21686628115602,,266.466,-1959.17650816978,-1977.56334298325,-2022.8473266126,-1935.85245764727,-1975.45402602168,,,,,,,,,,,,,,,,,,,,,,,,,,,,,,,,,,,,,,,,,,,,,,,,,,,,,,,,,,,,,,,,,,,,,,,,,,,,,,,,,,,,,
,,,,,,,,,,,,,,,,,,,266.965,1.21643575766786,266.965,1.22681204471978,266.965,1.22096389361402,266.965,1.22230220585788,266.965,1.22604335389884,,266.965,-1950.45206991943,-2100.66197868318,-2031.78426809928,-1935.73276076427,-1987.00355599804,,,,,,,,,,,,,,,,,,,,,,,,,,,,,,,,,,,,,,,,,,,,,,,,,,,,,,,,,,,,,,,,,,,,,,,,,,,,,,,,,,,,,
,,,,,,,,,,,,,,,,,,,267.464,1.22437792275217,267.464,1.22298921319443,267.464,1.22964493380453,267.464,1.21176612879766,267.464,1.22091979362051,,267.464,-2007.30560527209,-2073.64456964541,-1978.61033784248,-1973.2596972888,-1907.20473919169,,,,,,,,,,,,,,,,,,,,,,,,,,,,,,,,,,,,,,,,,,,,,,,,,,,,,,,,,,,,,,,,,,,,,,,,,,,,,,,,,,,,,
,,,,,,,,,,,,,,,,,,,267.963,1.22722144262299,267.963,1.21683487839975,267.963,1.22679679279811,267.963,1.22531888940256,267.963,1.22261406958003,,267.963,-1998.67556025354,-2013.34451813522,-1881.9757277852,-2037.65074868444,-1858.05545734755,,,,,,,,,,,,,,,,,,,,,,,,,,,,,,,,,,,,,,,,,,,,,,,,,,,,,,,,,,,,,,,,,,,,,,,,,,,,,,,,,,,,,
,,,,,,,,,,,,,,,,,,,268.462,1.21629076750576,268.462,1.21713005656704,268.462,1.22459667391276,268.462,1.21795840411027,268.462,1.22361404663356,,268.462,-1968.7805186583,-1980.01861266036,-2011.95005496098,-1921.76236215831,-1991.75650751106,,,,,,,,,,,,,,,,,,,,,,,,,,,,,,,,,,,,,,,,,,,,,,,,,,,,,,,,,,,,,,,,,,,,,,,,,,,,,,,,,,,,,
,,,,,,,,,,,,,,,,,,,268.961,1.22688649015378,268.961,1.2209791691199,268.961,1.22217776252125,268.961,1.21309515925476,268.961,1.21813806302502,,268.961,-2056.6989466422,-2008.10749328462,-2005.1364601407,-1939.93057087175,-2050.70278037129,,,,,,,,,,,,,,,,,,,,,,,,,,,,,,,,,,,,,,,,,,,,,,,,,,,,,,,,,,,,,,,,,,,,,,,,,,,,,,,,,,,,,
,,,,,,,,,,,,,,,,,,,269.46,1.22571556224728,269.46,1.21692149911468,269.46,1.21423191217861,269.46,1.21635858521777,269.46,1.21548563732526,,269.46,-2077.62801052505,-2053.12705186358,-1975.1019024096,-1907.97494306585,-2016.58687034639,,,,,,,,,,,,,,,,,,,,,,,,,,,,,,,,,,,,,,,,,,,,,,,,,,,,,,,,,,,,,,,,,,,,,,,,,,,,,,,,,,,,,
,,,,,,,,,,,,,,,,,,,269.959,1.23291487617205,269.959,1.21914763607062,269.959,1.22470269117514,269.959,1.22998928310258,269.959,1.22302817982821,,269.959,-2070.5195343672,-2079.59235536776,-1972.92591677351,-1882.84432793966,-1981.97953741933,,,,,,,,,,,,,,,,,,,,,,,,,,,,,,,,,,,,,,,,,,,,,,,,,,,,,,,,,,,,,,,,,,,,,,,,,,,,,,,,,,,,,
,,,,,,,,,,,,,,,,,,,270.458,1.2295518167508,270.458,1.21800856153325,270.458,1.22117974944409,270.458,1.21631030864247,270.458,1.22556246964318,,270.458,-1962.7379465932,-2091.97588761068,-1932.60400902742,-1936.01505495251,-1946.75281072063,,,,,,,,,,,,,,,,,,,,,,,,,,,,,,,,,,,,,,,,,,,,,,,,,,,,,,,,,,,,,,,,,,,,,,,,,,,,,,,,,,,,,
,,,,,,,,,,,,,,,,,,,270.957,1.22897992813866,270.957,1.22791947424895,270.957,1.21857609469692,270.957,1.22528005121551,270.957,1.21916910985335,,270.957,-1984.37472925406,-2161.2979008455,-1915.6256549043,-2004.33737322042,-1866.80908637185,,,,,,,,,,,,,,,,,,,,,,,,,,,,,,,,,,,,,,,,,,,,,,,,,,,,,,,,,,,,,,,,,,,,,,,,,,,,,,,,,,,,,
,,,,,,,,,,,,,,,,,,,271.456,1.22133028291588,271.456,1.2227268711555,271.456,1.22527770879772,271.456,1.22830724100403,271.456,1.23514629747219,,271.456,-2071.44472029814,-2017.99989823111,-1996.26356050864,-2132.65671511997,-2012.34437371001,,,,,,,,,,,,,,,,,,,,,,,,,,,,,,,,,,,,,,,,,,,,,,,,,,,,,,,,,,,,,,,,,,,,,,,,,,,,,,,,,,,,,
,,,,,,,,,,,,,,,,,,,271.955,1.2212565682898,271.955,1.22320506202886,271.955,1.23103461191379,271.955,1.21965005759492,271.955,1.22483641832465,,271.955,-2075.11601156437,-1964.75157970041,-2000.0824053315,-2044.77146571349,-2026.01857574862,,,,,,,,,,,,,,,,,,,,,,,,,,,,,,,,,,,,,,,,,,,,,,,,,,,,,,,,,,,,,,,,,,,,,,,,,,,,,,,,,,,,,
,,,,,,,,,,,,,,,,,,,272.454,1.22621642227062,272.454,1.22751596619126,272.454,1.22631407550625,272.454,1.22332609941357,272.454,1.22426246065667,,272.454,-2018.22172762835,-2001.52044199777,-1996.50574902362,-1865.25602421961,-2023.3034444617,,,,,,,,,,,,,,,,,,,,,,,,,,,,,,,,,,,,,,,,,,,,,,,,,,,,,,,,,,,,,,,,,,,,,,,,,,,,,,,,,,,,,
,,,,,,,,,,,,,,,,,,,272.953,1.22734374573134,272.953,1.22957000324589,272.953,1.21842887130005,272.953,1.22421405995762,272.953,1.22843403001521,,272.953,-1910.99873416333,-2097.88502473674,-1981.4790116584,-1799.0882019071,-1883.46507960021,,,,,,,,,,,,,,,,,,,,,,,,,,,,,,,,,,,,,,,,,,,,,,,,,,,,,,,,,,,,,,,,,,,,,,,,,,,,,,,,,,,,,
,,,,,,,,,,,,,,,,,,,273.452,1.22810633581025,273.452,1.23142886610108,273.452,1.22310772417968,273.452,1.23274979852622,273.452,1.22629466596917,,273.452,-1903.74648648455,-2175.49905461867,-1931.27014774303,-2081.94572599584,-1973.61823185406,,,,,,,,,,,,,,,,,,,,,,,,,,,,,,,,,,,,,,,,,,,,,,,,,,,,,,,,,,,,,,,,,,,,,,,,,,,,,,,,,,,,,
,,,,,,,,,,,,,,,,,,,273.951,1.2275263570463,273.951,1.22974979590198,273.951,1.2225664928775,273.951,1.22749561714241,273.951,1.22280151647145,,273.951,-1994.86409519438,-2069.55621865336,-2009.24598903974,-2103.86983547622,-2050.25439642173,,,,,,,,,,,,,,,,,,,,,,,,,,,,,,,,,,,,,,,,,,,,,,,,,,,,,,,,,,,,,,,,,,,,,,,,,,,,,,,,,,,,,
,,,,,,,,,,,,,,,,,,,274.45,1.22102652157322,274.45,1.22684294968186,274.45,1.22612782290761,274.45,1.22332182866976,274.45,1.21394734534989,,274.45,-2091.13948451974,-1937.0099611604,-2072.38803391402,-2000.67833839177,-1943.75142994196,,,,,,,,,,,,,,,,,,,,,,,,,,,,,,,,,,,,,,,,,,,,,,,,,,,,,,,,,,,,,,,,,,,,,,,,,,,,,,,,,,,,,
,,,,,,,,,,,,,,,,,,,274.949,1.22292768657943,274.949,1.22846030513048,274.949,1.22271835937227,274.949,1.22594418821796,274.949,1.21237683394493,,274.949,-1987.06626546854,-2063.23590090738,-1999.03491493224,-1959.60842015438,-1814.23596506104,,,,,,,,,,,,,,,,,,,,,,,,,,,,,,,,,,,,,,,,,,,,,,,,,,,,,,,,,,,,,,,,,,,,,,,,,,,,,,,,,,,,,
,,,,,,,,,,,,,,,,,,,275.448,1.22764723902556,275.448,1.22362541900445,275.448,1.2176416650273,275.448,1.22231130594041,275.448,1.21701438798973,,275.448,-1928.94103905937,-2038.18353314153,-1953.17129419423,-2004.44316220632,-1990.02576345627,,,,,,,,,,,,,,,,,,,,,,,,,,,,,,,,,,,,,,,,,,,,,,,,,,,,,,,,,,,,,,,,,,,,,,,,,,,,,,,,,,,,,
,,,,,,,,,,,,,,,,,,,275.947,1.2289706060392,275.947,1.22368107712804,275.947,1.22198116750913,275.947,1.22267332014936,275.947,1.21931893906705,,275.947,-1995.07001960664,-2003.3404668229,-1879.65648012979,-1971.71741652385,-2064.67372386872,,,,,,,,,,,,,,,,,,,,,,,,,,,,,,,,,,,,,,,,,,,,,,,,,,,,,,,,,,,,,,,,,,,,,,,,,,,,,,,,,,,,,
,,,,,,,,,,,,,,,,,,,276.446,1.22788970332636,276.446,1.21714793732056,276.446,1.22253995444368,276.446,1.21856651968578,276.446,1.22308732779815,,276.446,-2006.60611363523,-2024.71522567993,-1999.1376596493,-1948.9705127988,-1948.51106003157,,,,,,,,,,,,,,,,,,,,,,,,,,,,,,,,,,,,,,,,,,,,,,,,,,,,,,,,,,,,,,,,,,,,,,,,,,,,,,,,,,,,,
,,,,,,,,,,,,,,,,,,,276.945,1.22865581728971,276.945,1.22508244272219,276.945,1.22867554666095,276.945,1.22063828523493,276.945,1.22497933444292,,276.945,-1970.7123599054,-2176.0748418636,-2090.35928348898,-1933.33376959951,-1811.77152034896,,,,,,,,,,,,,,,,,,,,,,,,,,,,,,,,,,,,,,,,,,,,,,,,,,,,,,,,,,,,,,,,,,,,,,,,,,,,,,,,,,,,,
,,,,,,,,,,,,,,,,,,,277.444,1.22429527093902,277.444,1.22079303501652,277.444,1.23135428017247,277.444,1.22408560885996,277.444,1.22233584405183,,277.444,-1981.56714455793,-2071.84020243034,-2029.87085218575,-1826.38103578123,-1867.42179995527,,,,,,,,,,,,,,,,,,,,,,,,,,,,,,,,,,,,,,,,,,,,,,,,,,,,,,,,,,,,,,,,,,,,,,,,,,,,,,,,,,,,,
,,,,,,,,,,,,,,,,,,,277.943,1.23158149605928,277.943,1.22568579285339,277.943,1.22685812069525,277.943,1.22685908099789,277.943,1.22272490923487,,277.943,-2068.76012532804,-1978.41343774786,-1915.08106953793,-1965.47319362201,-2117.81048321116,,,,,,,,,,,,,,,,,,,,,,,,,,,,,,,,,,,,,,,,,,,,,,,,,,,,,,,,,,,,,,,,,,,,,,,,,,,,,,,,,,,,,
,,,,,,,,,,,,,,,,,,,278.442,1.22356968697386,278.442,1.22186182110466,278.442,1.22425966750207,278.442,1.23143795819482,278.442,1.21876099112241,,278.442,-2052.96856913029,-2067.57423189509,-1966.5339021435,-2092.02847375218,-2086.18933377645,,,,,,,,,,,,,,,,,,,,,,,,,,,,,,,,,,,,,,,,,,,,,,,,,,,,,,,,,,,,,,,,,,,,,,,,,,,,,,,,,,,,,
,,,,,,,,,,,,,,,,,,,278.941,1.21958409999654,278.941,1.22329070708911,278.941,1.2328384039801,278.941,1.22584919634349,278.941,1.21774627565495,,278.941,-1912.64270264107,-2010.45014036382,-2003.35287899975,-1993.69010121873,-1815.48742284016,,,,,,,,,,,,,,,,,,,,,,,,,,,,,,,,,,,,,,,,,,,,,,,,,,,,,,,,,,,,,,,,,,,,,,,,,,,,,,,,,,,,,
,,,,,,,,,,,,,,,,,,,279.44,1.22475877609727,279.44,1.22595796117123,279.44,1.22560863500997,279.44,1.22020036722701,279.44,1.22026483827946,,279.44,-1923.197796236,-2028.21747712845,-2052.62822006641,-1968.70697604199,-1844.71379406866,,,,,,,,,,,,,,,,,,,,,,,,,,,,,,,,,,,,,,,,,,,,,,,,,,,,,,,,,,,,,,,,,,,,,,,,,,,,,,,,,,,,,
,,,,,,,,,,,,,,,,,,,279.939,1.22141523436417,279.939,1.22747950458309,279.939,1.23050851445011,279.939,1.22067422563261,279.939,1.21000824564004,,279.939,-2036.04617297855,-2110.52346411309,-2023.67758673029,-1878.88898071512,-1969.47931060929,,,,,,,,,,,,,,,,,,,,,,,,,,,,,,,,,,,,,,,,,,,,,,,,,,,,,,,,,,,,,,,,,,,,,,,,,,,,,,,,,,,,,
,,,,,,,,,,,,,,,,,,,280.438,1.22052234764856,280.438,1.21960840198918,280.438,1.21299282838453,280.438,1.22650157252028,280.438,1.21844412412597,,280.438,-2100.03262704907,-2021.87841760961,-1923.41263683916,-1940.80783143549,-2010.10732961591,,,,,,,,,,,,,,,,,,,,,,,,,,,,,,,,,,,,,,,,,,,,,,,,,,,,,,,,,,,,,,,,,,,,,,,,,,,,,,,,,,,,,
,,,,,,,,,,,,,,,,,,,280.937,1.22536977272599,280.937,1.2125639356736,280.937,1.22465165781064,280.937,1.23179911926301,280.937,1.22203477431079,,280.937,-2002.47836617108,-1926.03034080604,-1908.27647604095,-2044.45246068199,-2068.54377708804,,,,,,,,,,,,,,,,,,,,,,,,,,,,,,,,,,,,,,,,,,,,,,,,,,,,,,,,,,,,,,,,,,,,,,,,,,,,,,,,,,,,,
,,,,,,,,,,,,,,,,,,,281.436,1.21511591482861,281.436,1.22806815920918,281.436,1.22044386251489,281.436,1.22862611871757,281.436,1.21775117716705,,281.436,-1970.97950660374,-1984.01779917773,-1984.88616860496,-2023.52729120544,-1904.79727776243,,,,,,,,,,,,,,,,,,,,,,,,,,,,,,,,,,,,,,,,,,,,,,,,,,,,,,,,,,,,,,,,,,,,,,,,,,,,,,,,,,,,,
,,,,,,,,,,,,,,,,,,,281.935,1.21906266089437,281.935,1.22172349504643,281.935,1.22782025841763,281.935,1.21848054494224,281.935,1.22243364668989,,281.935,-1988.57434068975,-2126.26162433116,-1990.87348749277,-1880.1518869602,-1987.35065304814,,,,,,,,,,,,,,,,,,,,,,,,,,,,,,,,,,,,,,,,,,,,,,,,,,,,,,,,,,,,,,,,,,,,,,,,,,,,,,,,,,,,,
,,,,,,,,,,,,,,,,,,,282.434,1.22476429932818,282.434,1.21935858635428,282.434,1.21875358077513,282.434,1.22687174740911,282.434,1.22579391861653,,282.434,-2101.44483002805,-2041.53474852771,-1951.77223163937,-1947.17114805056,-1975.6231209442,,,,,,,,,,,,,,,,,,,,,,,,,,,,,,,,,,,,,,,,,,,,,,,,,,,,,,,,,,,,,,,,,,,,,,,,,,,,,,,,,,,,,
,,,,,,,,,,,,,,,,,,,282.933,1.22376593859001,282.933,1.22405723343823,282.933,1.22428964706892,282.933,1.2190786188635,282.933,1.22264284519302,,282.933,-2027.65361066644,-2014.88479088068,-1992.95832619439,-2072.37273258301,-1892.87783603951,,,,,,,,,,,,,,,,,,,,,,,,,,,,,,,,,,,,,,,,,,,,,,,,,,,,,,,,,,,,,,,,,,,,,,,,,,,,,,,,,,,,,
,,,,,,,,,,,,,,,,,,,283.432,1.22765283012842,283.432,1.22154475770468,283.432,1.23103231547572,283.432,1.22691360032426,283.432,1.20930066138283,,283.432,-1968.56789472212,-1939.92874041147,-1994.4135274304,-2026.87028461039,-1936.11421661929,,,,,,,,,,,,,,,,,,,,,,,,,,,,,,,,,,,,,,,,,,,,,,,,,,,,,,,,,,,,,,,,,,,,,,,,,,,,,,,,,,,,,
,,,,,,,,,,,,,,,,,,,283.931,1.21720507725824,283.931,1.22189940225622,283.931,1.219510191223,283.931,1.22920219691283,283.931,1.21914882194252,,283.931,-2027.65002877695,-2126.25339905895,-1923.2027952431,-1938.05492240288,-2050.16106214733,,,,,,,,,,,,,,,,,,,,,,,,,,,,,,,,,,,,,,,,,,,,,,,,,,,,,,,,,,,,,,,,,,,,,,,,,,,,,,,,,,,,,
,,,,,,,,,,,,,,,,,,,284.43,1.22389967044813,284.43,1.22129007580222,284.43,1.21572574672148,284.43,1.227076011725,284.43,1.22375474052807,,284.43,-2091.30099133203,-2118.22980065435,-2042.41629161461,-1973.18548324873,-2007.45749229635,,,,,,,,,,,,,,,,,,,,,,,,,,,,,,,,,,,,,,,,,,,,,,,,,,,,,,,,,,,,,,,,,,,,,,,,,,,,,,,,,,,,,
,,,,,,,,,,,,,,,,,,,284.929,1.22016122367698,284.929,1.22111485532267,284.929,1.23337121385128,284.929,1.22470875553407,284.929,1.2188118950874,,284.929,-1948.82085140624,-2075.60442256019,-2022.23221662243,-1959.51740818738,-1858.376682904,,,,,,,,,,,,,,,,,,,,,,,,,,,,,,,,,,,,,,,,,,,,,,,,,,,,,,,,,,,,,,,,,,,,,,,,,,,,,,,,,,,,,
,,,,,,,,,,,,,,,,,,,285.428,1.21698338649958,285.428,1.22185177433433,285.428,1.23014756377586,285.428,1.2258393000282,285.428,1.22409704038778,,285.428,-1832.65701610235,-1924.82313390572,-2014.74225083881,-2016.1265341336,-1873.74547269742,,,,,,,,,,,,,,,,,,,,,,,,,,,,,,,,,,,,,,,,,,,,,,,,,,,,,,,,,,,,,,,,,,,,,,,,,,,,,,,,,,,,,
,,,,,,,,,,,,,,,,,,,285.927,1.2238753410904,285.927,1.22500673054514,285.927,1.22752401378634,285.927,1.22683483685116,285.927,1.22048600349556,,285.927,-2018.67091424493,-2017.0939784166,-2063.37333364804,-2076.01726906671,-1986.59310198779,,,,,,,,,,,,,,,,,,,,,,,,,,,,,,,,,,,,,,,,,,,,,,,,,,,,,,,,,,,,,,,,,,,,,,,,,,,,,,,,,,,,,
,,,,,,,,,,,,,,,,,,,286.426,1.22328898694171,286.426,1.22399711897522,286.426,1.22260784859305,286.426,1.22575398632615,286.426,1.22327754416049,,286.426,-2030.87219836205,-2029.37008649666,-1970.15821965723,-2042.78431955477,-2022.41461003726,,,,,,,,,,,,,,,,,,,,,,,,,,,,,,,,,,,,,,,,,,,,,,,,,,,,,,,,,,,,,,,,,,,,,,,,,,,,,,,,,,,,,
,,,,,,,,,,,,,,,,,,,286.925,1.22223556953316,286.925,1.22476314354607,286.925,1.22632520634533,286.925,1.22595339747843,286.925,1.22192136362909,,286.925,-1979.3609228114,-2042.94895024158,-1890.53221730105,-1951.23452986464,-1969.67218208688,,,,,,,,,,,,,,,,,,,,,,,,,,,,,,,,,,,,,,,,,,,,,,,,,,,,,,,,,,,,,,,,,,,,,,,,,,,,,,,,,,,,,
,,,,,,,,,,,,,,,,,,,287.424,1.23074612260118,287.424,1.22535678084116,287.424,1.22541039923729,287.424,1.22952264764915,287.424,1.21763327899432,,287.424,-1956.41352780444,-2038.65271756583,-1933.8038623049,-1922.40106178986,-1969.94075959636,,,,,,,,,,,,,,,,,,,,,,,,,,,,,,,,,,,,,,,,,,,,,,,,,,,,,,,,,,,,,,,,,,,,,,,,,,,,,,,,,,,,,
,,,,,,,,,,,,,,,,,,,287.923,1.22146651802968,287.923,1.22982578612386,287.923,1.23151948556941,287.923,1.23487024440769,287.923,1.22688437447694,,287.923,-1969.01241693118,-2095.72966924659,-2053.52284696108,-2006.91999855545,-1961.99793169913,,,,,,,,,,,,,,,,,,,,,,,,,,,,,,,,,,,,,,,,,,,,,,,,,,,,,,,,,,,,,,,,,,,,,,,,,,,,,,,,,,,,,
,,,,,,,,,,,,,,,,,,,288.422,1.22358362813309,288.422,1.22880733925021,288.422,1.22501962099018,288.422,1.22720730185691,288.422,1.21636563467145,,288.422,-2041.12142833296,-2076.14492670788,-2116.4959797155,-2124.86795503466,-1874.95804872999,,,,,,,,,,,,,,,,,,,,,,,,,,,,,,,,,,,,,,,,,,,,,,,,,,,,,,,,,,,,,,,,,,,,,,,,,,,,,,,,,,,,,
,,,,,,,,,,,,,,,,,,,288.921,1.22389732675671,288.921,1.22079849503323,288.921,1.22988035609735,288.921,1.22567747645186,288.921,1.21513170364492,,288.921,-2066.0709373939,-2033.19164606993,-2009.23688511536,-2033.81217920412,-1888.59892987702,,,,,,,,,,,,,,,,,,,,,,,,,,,,,,,,,,,,,,,,,,,,,,,,,,,,,,,,,,,,,,,,,,,,,,,,,,,,,,,,,,,,,
,,,,,,,,,,,,,,,,,,,289.42,1.22536880830829,289.42,1.22895468479331,289.42,1.22560301840939,289.42,1.22699157722432,289.42,1.21480767136804,,289.42,-1965.3843277206,-2110.71194011397,-1878.69127835593,-1952.98839814218,-2093.08014946561,,,,,,,,,,,,,,,,,,,,,,,,,,,,,,,,,,,,,,,,,,,,,,,,,,,,,,,,,,,,,,,,,,,,,,,,,,,,,,,,,,,,,
,,,,,,,,,,,,,,,,,,,289.919,1.22464709696079,289.919,1.22373905405071,289.919,1.22521077455576,289.919,1.23283098627009,289.919,1.22390153032146,,289.919,-1906.56430774091,-2094.28375303923,-1960.30984936383,-1913.86787127425,-2110.20366371972,,,,,,,,,,,,,,,,,,,,,,,,,,,,,,,,,,,,,,,,,,,,,,,,,,,,,,,,,,,,,,,,,,,,,,,,,,,,,,,,,,,,,
,,,,,,,,,,,,,,,,,,,290.418,1.22799913371728,290.418,1.22544326344021,290.418,1.22710114866954,290.418,1.22710275525508,290.418,1.22046960717276,,290.418,-2055.95719745019,-1997.87164691014,-2074.02161591935,-1998.20765783233,-1933.44638348984,,,,,,,,,,,,,,,,,,,,,,,,,,,,,,,,,,,,,,,,,,,,,,,,,,,,,,,,,,,,,,,,,,,,,,,,,,,,,,,,,,,,,
,,,,,,,,,,,,,,,,,,,290.917,1.22404601558165,290.917,1.22724708799653,290.917,1.23390781727275,290.917,1.23513171479726,290.917,1.21558991392864,,290.917,-2080.43410658594,-2054.56628905763,-1996.57835990976,-2108.15633717863,-1930.94033065003,,,,,,,,,,,,,,,,,,,,,,,,,,,,,,,,,,,,,,,,,,,,,,,,,,,,,,,,,,,,,,,,,,,,,,,,,,,,,,,,,,,,,
,,,,,,,,,,,,,,,,,,,291.416,1.22301200350482,291.416,1.22225700602441,291.416,1.23193795895155,291.416,1.23280885090462,291.416,1.21271233066876,,291.416,-2009.664192505,-2105.70527613315,-1923.93060538074,-2101.55280063862,-1975.33664138705,,,,,,,,,,,,,,,,,,,,,,,,,,,,,,,,,,,,,,,,,,,,,,,,,,,,,,,,,,,,,,,,,,,,,,,,,,,,,,,,,,,,,
,,,,,,,,,,,,,,,,,,,291.915,1.22596801779544,291.915,1.22857659243232,291.915,1.22356935592343,291.915,1.22568744050368,291.915,1.20495636230252,,291.915,-1964.56368042491,-2150.76415337023,-1914.05300504521,-1979.86688504135,-1954.59721201162,,,,,,,,,,,,,,,,,,,,,,,,,,,,,,,,,,,,,,,,,,,,,,,,,,,,,,,,,,,,,,,,,,,,,,,,,,,,,,,,,,,,,
,,,,,,,,,,,,,,,,,,,292.414,1.22526418135475,292.414,1.21866164328385,292.414,1.23072472402947,292.414,1.23046338436446,292.414,1.21551312892101,,292.414,-1929.08392570021,-1996.71219528717,-2093.55437353337,-1873.29565616281,-1936.79725451959,,,,,,,,,,,,,,,,,,,,,,,,,,,,,,,,,,,,,,,,,,,,,,,,,,,,,,,,,,,,,,,,,,,,,,,,,,,,,,,,,,,,,
,,,,,,,,,,,,,,,,,,,292.913,1.21665205878425,292.913,1.21903688551256,292.913,1.22512482939381,292.913,1.23042738129717,292.913,1.22347608189791,,292.913,-1989.70982080583,-1899.00951557444,-2082.12054862445,-1973.76736709795,-1998.97849596636,,,,,,,,,,,,,,,,,,,,,,,,,,,,,,,,,,,,,,,,,,,,,,,,,,,,,,,,,,,,,,,,,,,,,,,,,,,,,,,,,,,,,
,,,,,,,,,,,,,,,,,,,293.412,1.22158948516654,293.412,1.22232486273107,293.412,1.22847756873883,293.412,1.22134773649685,293.412,1.23408800803452,,293.412,-2067.78885739765,-2016.20364451519,-1966.56397703425,-2040.11210878264,-2029.35410136251,,,,,,,,,,,,,,,,,,,,,,,,,,,,,,,,,,,,,,,,,,,,,,,,,,,,,,,,,,,,,,,,,,,,,,,,,,,,,,,,,,,,,
,,,,,,,,,,,,,,,,,,,293.911,1.22886504101251,293.911,1.21777644748386,293.911,1.22786310067495,293.911,1.22813655078596,293.911,1.22780362898286,,293.911,-2007.69489033799,-2161.57026195198,-1946.67026897731,-2121.50205081704,-1939.15520836179,,,,,,,,,,,,,,,,,,,,,,,,,,,,,,,,,,,,,,,,,,,,,,,,,,,,,,,,,,,,,,,,,,,,,,,,,,,,,,,,,,,,,
,,,,,,,,,,,,,,,,,,,294.41,1.22599651001741,294.41,1.22460301667858,294.41,1.22948729413217,294.41,1.22896285770403,294.41,1.23019559416659,,294.41,-1892.06248847015,-2143.26704376403,-1964.34769529135,-2004.65584655234,-1903.89916173628,,,,,,,,,,,,,,,,,,,,,,,,,,,,,,,,,,,,,,,,,,,,,,,,,,,,,,,,,,,,,,,,,,,,,,,,,,,,,,,,,,,,,
,,,,,,,,,,,,,,,,,,,294.909,1.22304717932346,294.909,1.22509490049707,294.909,1.22076422525278,294.909,1.2241469577788,294.909,1.2257924887191,,294.909,-1992.63989523498,-2000.30019982763,-2002.63763863084,-1943.30866448191,-1911.43020357145,,,,,,,,,,,,,,,,,,,,,,,,,,,,,,,,,,,,,,,,,,,,,,,,,,,,,,,,,,,,,,,,,,,,,,,,,,,,,,,,,,,,,
,,,,,,,,,,,,,,,,,,,295.408,1.23179751074029,295.408,1.2251161532973,295.408,1.22736373846453,295.408,1.22304183506342,295.408,1.22862645304254,,295.408,-2129.49975210659,-1940.89030029238,-2124.09761368649,-2018.7523751581,-2032.46550686271,,,,,,,,,,,,,,,,,,,,,,,,,,,,,,,,,,,,,,,,,,,,,,,,,,,,,,,,,,,,,,,,,,,,,,,,,,,,,,,,,,,,,
,,,,,,,,,,,,,,,,,,,295.907,1.2253435194694,295.907,1.22683664281077,295.907,1.22541878877557,295.907,1.23327313587858,295.907,1.22619115598651,,295.907,-1986.10757548847,-2034.80688080895,-1990.51652093263,-2056.78960511832,-2127.24581867878,,,,,,,,,,,,,,,,,,,,,,,,,,,,,,,,,,,,,,,,,,,,,,,,,,,,,,,,,,,,,,,,,,,,,,,,,,,,,,,,,,,,,
,,,,,,,,,,,,,,,,,,,296.406,1.2290285845467,296.406,1.22001053507654,296.406,1.2295167766384,296.406,1.22649858897299,296.406,1.22391353979959,,296.406,-1955.6473698247,-2116.29430430442,-1903.10109242937,-1944.90021186378,-1948.3322546198,,,,,,,,,,,,,,,,,,,,,,,,,,,,,,,,,,,,,,,,,,,,,,,,,,,,,,,,,,,,,,,,,,,,,,,,,,,,,,,,,,,,,
,,,,,,,,,,,,,,,,,,,296.905,1.2253266494439,296.905,1.22205583380147,296.905,1.22923562594992,296.905,1.22862998150629,296.905,1.22594794704123,,296.905,-2003.25162387811,-2177.68666349873,-2020.40145307634,-1984.37050462765,-1940.14562239882,,,,,,,,,,,,,,,,,,,,,,,,,,,,,,,,,,,,,,,,,,,,,,,,,,,,,,,,,,,,,,,,,,,,,,,,,,,,,,,,,,,,,
,,,,,,,,,,,,,,,,,,,297.404,1.22128636861639,297.404,1.22190889699501,297.404,1.23071328318958,297.404,1.2277508279749,297.404,1.22493282416698,,297.404,-2065.39920011061,-2088.23903539741,-1980.70879614776,-2111.99475904389,-2002.80282786421,,,,,,,,,,,,,,,,,,,,,,,,,,,,,,,,,,,,,,,,,,,,,,,,,,,,,,,,,,,,,,,,,,,,,,,,,,,,,,,,,,,,,
,,,,,,,,,,,,,,,,,,,297.903,1.2236413359808,297.903,1.22485134950175,297.903,1.22658139020726,297.903,1.22325203702057,297.903,1.22458312030098,,297.903,-2039.51382477933,-1939.25502613533,-1919.53968643472,-2052.16721781539,-2095.37260457208,,,,,,,,,,,,,,,,,,,,,,,,,,,,,,,,,,,,,,,,,,,,,,,,,,,,,,,,,,,,,,,,,,,,,,,,,,,,,,,,,,,,,
,,,,,,,,,,,,,,,,,,,298.402,1.22722403791672,298.402,1.22401860460934,298.402,1.22170656820437,298.402,1.22163734952622,298.402,1.22201859088543,,298.402,-2001.33759541343,-2056.70803482688,-2052.0419606607,-1943.3509874892,-2058.12440028496,,,,,,,,,,,,,,,,,,,,,,,,,,,,,,,,,,,,,,,,,,,,,,,,,,,,,,,,,,,,,,,,,,,,,,,,,,,,,,,,,,,,,
,,,,,,,,,,,,,,,,,,,298.901,1.22332514035208,298.901,1.22102206486094,298.901,1.22480527865534,298.901,1.22497649059982,298.901,1.22295377986193,,298.901,-1951.37718567318,-2080.94040207512,-2006.00209347214,-1830.83530137571,-1902.09585099963,,,,,,,,,,,,,,,,,,,,,,,,,,,,,,,,,,,,,,,,,,,,,,,,,,,,,,,,,,,,,,,,,,,,,,,,,,,,,,,,,,,,,
,,,,,,,,,,,,,,,,,,,299.4,1.22899899414023,299.4,1.22758212597286,299.4,1.22544653574944,299.4,1.22680986906026,299.4,1.22675749415355,,299.4,-2063.60084939975,-2103.13631592934,-1982.45149323033,-1922.37688448204,-1940.02789349622,,,,,,,,,,,,,,,,,,,,,,,,,,,,,,,,,,,,,,,,,,,,,,,,,,,,,,,,,,,,,,,,,,,,,,,,,,,,,,,,,,,,,
,,,,,,,,,,,,,,,,,,,299.899,1.22842858182813,299.899,1.22428734246383,299.899,1.22414278625262,299.899,1.22532455682868,299.899,1.22050404893638,,299.899,-2087.5472491156,-2030.09118680961,-1953.84929589603,-2047.69833294842,-1974.87371540866,,,,,,,,,,,,,,,,,,,,,,,,,,,,,,,,,,,,,,,,,,,,,,,,,,,,,,,,,,,,,,,,,,,,,,,,,,,,,,,,,,,,,
,,,,,,,,,,,,,,,,,,,300.398,1.22592218775975,300.398,1.22645721680361,300.398,1.22595111550243,300.398,1.23119022260151,300.398,1.22687551272143,,300.398,-1986.10659443666,-1976.26735455031,-1994.27941500963,-2128.66345564601,-2046.72702726055,,,,,,,,,,,,,,,,,,,,,,,,,,,,,,,,,,,,,,,,,,,,,,,,,,,,,,,,,,,,,,,,,,,,,,,,,,,,,,,,,,,,,
,,,,,,,,,,,,,,,,,,,300.897,1.22187671886628,300.897,1.22763762059158,300.897,1.22743356449321,300.897,1.2261045357047,300.897,1.22320325262585,,300.897,-1897.01896270241,-2023.3645481872,-2049.03190070571,-2003.83612144712,-1987.55991887202,,,,,,,,,,,,,,,,,,,,,,,,,,,,,,,,,,,,,,,,,,,,,,,,,,,,,,,,,,,,,,,,,,,,,,,,,,,,,,,,,,,,,
,,,,,,,,,,,,,,,,,,,301.396,1.22658721950651,301.396,1.22216996936673,301.396,1.22399897241884,301.396,1.22988847512248,301.396,1.21987702868632,,301.396,-1964.80223175722,-2060.24833039928,-2025.84987070012,-1869.34959424489,-1905.61250180941,,,,,,,,,,,,,,,,,,,,,,,,,,,,,,,,,,,,,,,,,,,,,,,,,,,,,,,,,,,,,,,,,,,,,,,,,,,,,,,,,,,,,
,,,,,,,,,,,,,,,,,,,301.895,1.22808721699375,301.895,1.231385769424,301.895,1.22284840424729,301.895,1.22729514237195,301.895,1.22511261068647,,301.895,-2088.11119520116,-2152.22683688142,-1974.6917823891,-1987.06962378377,-2042.33851233885,,,,,,,,,,,,,,,,,,,,,,,,,,,,,,,,,,,,,,,,,,,,,,,,,,,,,,,,,,,,,,,,,,,,,,,,,,,,,,,,,,,,,
,,,,,,,,,,,,,,,,,,,302.394,1.22053454319737,302.394,1.22378156777377,302.394,1.22998344523555,302.394,1.22467241916921,302.394,1.2240594366937,,302.394,-2074.19065257701,-2020.12556744653,-1965.297448841,-2090.07845584335,-2164.70691482453,,,,,,,,,,,,,,,,,,,,,,,,,,,,,,,,,,,,,,,,,,,,,,,,,,,,,,,,,,,,,,,,,,,,,,,,,,,,,,,,,,,,,
,,,,,,,,,,,,,,,,,,,302.893,1.22435915780583,302.893,1.22418705655277,302.893,1.22806609478076,302.893,1.22281197655772,302.893,1.22053942375368,,302.893,-1988.03089078828,-2041.38904491382,-1934.44325595375,-1965.72196109332,-2064.45469281987,,,,,,,,,,,,,,,,,,,,,,,,,,,,,,,,,,,,,,,,,,,,,,,,,,,,,,,,,,,,,,,,,,,,,,,,,,,,,,,,,,,,,
,,,,,,,,,,,,,,,,,,,303.392,1.22590824350432,303.392,1.2218073479796,303.392,1.22671803503455,303.392,1.22985313022152,303.392,1.22411821316144,,303.392,-1991.48870236021,-2010.31455387465,-2050.89862229456,-1878.16009364004,-1994.24057430365,,,,,,,,,,,,,,,,,,,,,,,,,,,,,,,,,,,,,,,,,,,,,,,,,,,,,,,,,,,,,,,,,,,,,,,,,,,,,,,,,,,,,
,,,,,,,,,,,,,,,,,,,303.891,1.223860194184,303.891,1.21693827710739,303.891,1.22552163324289,303.891,1.23271288277081,303.891,1.23087093156127,,303.891,-1973.28865989953,-2027.43103413186,-1997.33050461178,-2001.89789559273,-1976.86395639069,,,,,,,,,,,,,,,,,,,,,,,,,,,,,,,,,,,,,,,,,,,,,,,,,,,,,,,,,,,,,,,,,,,,,,,,,,,,,,,,,,,,,
,,,,,,,,,,,,,,,,,,,304.39,1.22149341736337,304.39,1.22483384221208,304.39,1.22345214308234,304.39,1.23308257854461,304.39,1.22902720101607,,304.39,-1978.9771573448,-2113.11916122369,-1955.06645867372,-2117.31331818883,-1990.81145398082,,,,,,,,,,,,,,,,,,,,,,,,,,,,,,,,,,,,,,,,,,,,,,,,,,,,,,,,,,,,,,,,,,,,,,,,,,,,,,,,,,,,,
,,,,,,,,,,,,,,,,,,,304.889,1.22800553611298,304.889,1.22409467141377,304.889,1.23200185300221,304.889,1.22626942802976,304.889,1.2230562750616,,304.889,-1950.41178309316,-2134.84995173427,-1934.46639629929,-2098.86295943152,-2017.16513709748,,,,,,,,,,,,,,,,,,,,,,,,,,,,,,,,,,,,,,,,,,,,,,,,,,,,,,,,,,,,,,,,,,,,,,,,,,,,,,,,,,,,,
,,,,,,,,,,,,,,,,,,,305.388,1.22606688722135,305.388,1.22735563160596,305.388,1.23510208966233,305.388,1.23029158916329,305.388,1.22500089707861,,305.388,-1954.32110663006,-2035.38628853808,-2016.94467934413,-1969.93378433898,-2015.57034765597,,,,,,,,,,,,,,,,,,,,,,,,,,,,,,,,,,,,,,,,,,,,,,,,,,,,,,,,,,,,,,,,,,,,,,,,,,,,,,,,,,,,,
,,,,,,,,,,,,,,,,,,,305.887,1.22984741626893,305.887,1.2252933159015,305.887,1.22669334406733,305.887,1.23343488047169,305.887,1.21980362775803,,305.887,-1954.64596874397,-2015.48550667935,-2016.29196295309,-1941.77896580807,-2032.15145641167,,,,,,,,,,,,,,,,,,,,,,,,,,,,,,,,,,,,,,,,,,,,,,,,,,,,,,,,,,,,,,,,,,,,,,,,,,,,,,,,,,,,,
,,,,,,,,,,,,,,,,,,,306.386,1.22679006320876,306.386,1.22552691371049,306.386,1.2232319084886,306.386,1.23756047466232,306.386,1.22348417415209,,306.386,-2062.20939049992,-2005.65536405982,-1965.67810706554,-2037.14490565982,-2069.99097323124,,,,,,,,,,,,,,,,,,,,,,,,,,,,,,,,,,,,,,,,,,,,,,,,,,,,,,,,,,,,,,,,,,,,,,,,,,,,,,,,,,,,,
,,,,,,,,,,,,,,,,,,,306.885,1.22211935576232,306.885,1.2261449012473,306.885,1.22397489028016,306.885,1.23405662310678,306.885,1.22917538751747,,306.885,-1998.57057647857,-2087.92392976409,-1965.16017583308,-2083.61846667,-1936.90630535416,,,,,,,,,,,,,,,,,,,,,,,,,,,,,,,,,,,,,,,,,,,,,,,,,,,,,,,,,,,,,,,,,,,,,,,,,,,,,,,,,,,,,
,,,,,,,,,,,,,,,,,,,307.384,1.21960924893094,307.384,1.22295642320487,307.384,1.22392977856807,307.384,1.2264715812979,307.384,1.23226424980368,,307.384,-1947.49524999143,-2169.33143017103,-1953.82518500961,-2017.46098737601,-2006.52597183724,,,,,,,,,,,,,,,,,,,,,,,,,,,,,,,,,,,,,,,,,,,,,,,,,,,,,,,,,,,,,,,,,,,,,,,,,,,,,,,,,,,,,
,,,,,,,,,,,,,,,,,,,307.883,1.22051990500083,307.883,1.22650979070539,307.883,1.22459930237318,307.883,1.23252856903993,307.883,1.23501390804826,,307.883,-1955.43240919037,-2022.53618695931,-2002.34152275131,-2028.84131908952,-2079.6840000703,,,,,,,,,,,,,,,,,,,,,,,,,,,,,,,,,,,,,,,,,,,,,,,,,,,,,,,,,,,,,,,,,,,,,,,,,,,,,,,,,,,,,
,,,,,,,,,,,,,,,,,,,308.382,1.22588022535069,308.382,1.2321297297915,308.382,1.23121883679281,308.382,1.23547096701885,308.382,1.23056248719028,,308.382,-1964.56669918156,-1984.89333801931,-2055.35581642093,-2103.57091897764,-2043.15253470283,,,,,,,,,,,,,,,,,,,,,,,,,,,,,,,,,,,,,,,,,,,,,,,,,,,,,,,,,,,,,,,,,,,,,,,,,,,,,,,,,,,,,
,,,,,,,,,,,,,,,,,,,308.881,1.23046648376238,308.881,1.2297590990643,308.881,1.2228073806493,308.881,1.22602730791633,308.881,1.22591138029803,,308.881,-2032.50014160829,-2001.63354335371,-1944.4182510384,-2071.93246213912,-1865.15693707554,,,,,,,,,,,,,,,,,,,,,,,,,,,,,,,,,,,,,,,,,,,,,,,,,,,,,,,,,,,,,,,,,,,,,,,,,,,,,,,,,,,,,
,,,,,,,,,,,,,,,,,,,309.38,1.2296151231839,309.38,1.22468489489481,309.38,1.22690890559115,309.38,1.22986593159696,309.38,1.22950958380808,,309.38,-2098.39486468362,-2151.33846226094,-2010.37844129391,-2024.39070082503,-1912.9751801617,,,,,,,,,,,,,,,,,,,,,,,,,,,,,,,,,,,,,,,,,,,,,,,,,,,,,,,,,,,,,,,,,,,,,,,,,,,,,,,,,,,,,
,,,,,,,,,,,,,,,,,,,309.879,1.22317488208494,309.879,1.21297605979666,309.879,1.22575276000864,309.879,1.23341508721733,309.879,1.23156949622261,,309.879,-2043.08763747752,-2087.85225582899,-2007.66006239355,-1992.69210944239,-2104.06954213909,,,,,,,,,,,,,,,,,,,,,,,,,,,,,,,,,,,,,,,,,,,,,,,,,,,,,,,,,,,,,,,,,,,,,,,,,,,,,,,,,,,,,
,,,,,,,,,,,,,,,,,,,310.378,1.22456392410392,310.378,1.21689750145518,310.378,1.22772753608422,310.378,1.22624288447854,310.378,1.22869819360755,,310.378,-2006.20376911548,-1999.47631689168,-2022.45595513598,-1924.2658253879,-2076.2576889856,,,,,,,,,,,,,,,,,,,,,,,,,,,,,,,,,,,,,,,,,,,,,,,,,,,,,,,,,,,,,,,,,,,,,,,,,,,,,,,,,,,,,
,,,,,,,,,,,,,,,,,,,310.877,1.22303889607982,310.877,1.22539162069838,310.877,1.23504527696253,310.877,1.22723088460807,310.877,1.22534753566975,,310.877,-1941.23872841096,-1925.62722559651,-2057.50973427598,-1987.96314786062,-1972.95417234554,,,,,,,,,,,,,,,,,,,,,,,,,,,,,,,,,,,,,,,,,,,,,,,,,,,,,,,,,,,,,,,,,,,,,,,,,,,,,,,,,,,,,
,,,,,,,,,,,,,,,,,,,311.376,1.21928804292089,311.376,1.22296106875565,311.376,1.22582674553676,311.376,1.22749799970822,311.376,1.22849472145153,,311.376,-1951.66700993395,-2129.95454684953,-2012.48646884524,-2122.85416938106,-1959.79209675185,,,,,,,,,,,,,,,,,,,,,,,,,,,,,,,,,,,,,,,,,,,,,,,,,,,,,,,,,,,,,,,,,,,,,,,,,,,,,,,,,,,,,
,,,,,,,,,,,,,,,,,,,311.875,1.22216207263443,311.875,1.23021407696896,311.875,1.21992269792224,311.875,1.22868272545608,311.875,1.22727945952133,,311.875,-2037.83319368767,-2121.91928164119,-1887.00083348257,-1995.45262394396,-2058.59056615911,,,,,,,,,,,,,,,,,,,,,,,,,,,,,,,,,,,,,,,,,,,,,,,,,,,,,,,,,,,,,,,,,,,,,,,,,,,,,,,,,,,,,
,,,,,,,,,,,,,,,,,,,312.374,1.22712711804776,312.374,1.21711571021549,312.374,1.22488830794332,312.374,1.23064263024721,312.374,1.22763130687642,,312.374,-2051.60760236964,-1972.37301345277,-1915.08422345298,-2017.84152714604,-2027.82843545546,,,,,,,,,,,,,,,,,,,,,,,,,,,,,,,,,,,,,,,,,,,,,,,,,,,,,,,,,,,,,,,,,,,,,,,,,,,,,,,,,,,,,
,,,,,,,,,,,,,,,,,,,312.873,1.23111400731422,312.873,1.22366010775628,312.873,1.23178488850581,312.873,1.22906299019491,312.873,1.22698257911865,,312.873,-1996.77505802057,-2083.38277408234,-2040.26358605623,-2083.06497738681,-1965.70493428871,,,,,,,,,,,,,,,,,,,,,,,,,,,,,,,,,,,,,,,,,,,,,,,,,,,,,,,,,,,,,,,,,,,,,,,,,,,,,,,,,,,,,
,,,,,,,,,,,,,,,,,,,313.372,1.23100560306195,313.372,1.219700271677,313.372,1.22361372972165,313.372,1.23039472445313,313.372,1.22561920523207,,313.372,-1974.83063189151,-2109.05712610953,-2048.68291815824,-2001.21099633052,-1917.8293190787,,,,,,,,,,,,,,,,,,,,,,,,,,,,,,,,,,,,,,,,,,,,,,,,,,,,,,,,,,,,,,,,,,,,,,,,,,,,,,,,,,,,,
,,,,,,,,,,,,,,,,,,,313.871,1.2316673324008,313.871,1.23251815858856,313.871,1.22853664882526,313.871,1.23094983075603,313.871,1.2268286465844,,313.871,-2118.98616177585,-2077.93328116588,-2049.44444842481,-1967.85072876851,-2044.72061143015,,,,,,,,,,,,,,,,,,,,,,,,,,,,,,,,,,,,,,,,,,,,,,,,,,,,,,,,,,,,,,,,,,,,,,,,,,,,,,,,,,,,,
,,,,,,,,,,,,,,,,,,,314.37,1.22537486696085,314.37,1.22751117514344,314.37,1.22425014312147,314.37,1.23071875899188,314.37,1.21921568083094,,314.37,-2045.47655766392,-2050.0746122036,-1926.34487223207,-2037.97588464485,-2092.87695497515,,,,,,,,,,,,,,,,,,,,,,,,,,,,,,,,,,,,,,,,,,,,,,,,,,,,,,,,,,,,,,,,,,,,,,,,,,,,,,,,,,,,,
,,,,,,,,,,,,,,,,,,,314.869,1.22774189656609,314.869,1.22136557891104,314.869,1.22824872828649,314.869,1.2309963699295,314.869,1.22414822797984,,314.869,-1946.57975242952,-2036.12449655848,-1880.59961769599,-2045.42603970188,-2056.61081468285,,,,,,,,,,,,,,,,,,,,,,,,,,,,,,,,,,,,,,,,,,,,,,,,,,,,,,,,,,,,,,,,,,,,,,,,,,,,,,,,,,,,,
,,,,,,,,,,,,,,,,,,,315.368,1.22865540827234,315.368,1.21879014916772,315.368,1.23601517212784,315.368,1.22790334563435,315.368,1.22823171938293,,315.368,-1912.16772897389,-2023.20124118839,-2054.06359762865,-2037.7315944542,-1892.41854847463,,,,,,,,,,,,,,,,,,,,,,,,,,,,,,,,,,,,,,,,,,,,,,,,,,,,,,,,,,,,,,,,,,,,,,,,,,,,,,,,,,,,,
,,,,,,,,,,,,,,,,,,,315.867,1.23031110753759,315.867,1.23181837231862,315.867,1.22975972243672,315.867,1.23501497993122,315.867,1.22902984336386,,315.867,-2113.07863768783,-2045.41487140805,-2021.6118627852,-2104.26410206698,-1876.2785932646,,,,,,,,,,,,,,,,,,,,,,,,,,,,,,,,,,,,,,,,,,,,,,,,,,,,,,,,,,,,,,,,,,,,,,,,,,,,,,,,,,,,,
,,,,,,,,,,,,,,,,,,,316.366,1.23409170374485,316.366,1.22668645138918,316.366,1.23348335559645,316.366,1.23225068779384,316.366,1.22993203670792,,316.366,-2151.48212255276,-2066.67794637583,-2005.9920371912,-2039.42221028961,-2067.64741136673,,,,,,,,,,,,,,,,,,,,,,,,,,,,,,,,,,,,,,,,,,,,,,,,,,,,,,,,,,,,,,,,,,,,,,,,,,,,,,,,,,,,,
,,,,,,,,,,,,,,,,,,,316.865,1.22652266345102,316.865,1.2262470709035,316.865,1.22578551140388,316.865,1.23513407246455,316.865,1.22151555330017,,316.865,-2010.39531210577,-2099.67472243966,-2029.1977049443,-2022.56014488766,-2058.538254381,,,,,,,,,,,,,,,,,,,,,,,,,,,,,,,,,,,,,,,,,,,,,,,,,,,,,,,,,,,,,,,,,,,,,,,,,,,,,,,,,,,,,
,,,,,,,,,,,,,,,,,,,317.364,1.22399573828705,317.364,1.23294345035064,317.364,1.22729790489108,317.364,1.23682767928008,317.364,1.22585317068766,,317.364,-1966.16161343415,-2224.91792762295,-1965.18207589615,-2026.40674235107,-2046.53177094611,,,,,,,,,,,,,,,,,,,,,,,,,,,,,,,,,,,,,,,,,,,,,,,,,,,,,,,,,,,,,,,,,,,,,,,,,,,,,,,,,,,,,
,,,,,,,,,,,,,,,,,,,317.863,1.22828475066479,317.863,1.22251071402164,317.863,1.23793297013197,317.863,1.23206221918915,317.863,1.22300835535497,,317.863,-2031.83867828458,-2038.71081115375,-2011.81100242957,-2062.40448373243,-1872.23314545047,,,,,,,,,,,,,,,,,,,,,,,,,,,,,,,,,,,,,,,,,,,,,,,,,,,,,,,,,,,,,,,,,,,,,,,,,,,,,,,,,,,,,
,,,,,,,,,,,,,,,,,,,318.362,1.23051416232473,318.362,1.2254075795173,318.362,1.22744952243136,318.362,1.2404375654751,318.362,1.23132896439691,,318.362,-2064.00870242092,-1910.39230967183,-2022.34956705207,-2078.76327512385,-1899.54877243283,,,,,,,,,,,,,,,,,,,,,,,,,,,,,,,,,,,,,,,,,,,,,,,,,,,,,,,,,,,,,,,,,,,,,,,,,,,,,,,,,,,,,
,,,,,,,,,,,,,,,,,,,318.861,1.2262503439305,318.861,1.22946873424404,318.861,1.22208325231567,318.861,1.23115375131739,318.861,1.22235408118885,,318.861,-1952.00306943173,-1983.66006197412,-1993.30826683715,-2061.934797651,-2024.39929519539,,,,,,,,,,,,,,,,,,,,,,,,,,,,,,,,,,,,,,,,,,,,,,,,,,,,,,,,,,,,,,,,,,,,,,,,,,,,,,,,,,,,,
,,,,,,,,,,,,,,,,,,,319.36,1.2257149336776,319.36,1.22944066601445,319.36,1.23288384610147,319.36,1.22107747496754,319.36,1.22384974927954,,319.36,-1966.13093321362,-2121.27498365834,-2022.13141329635,-2048.97587781177,-2107.87042959316,,,,,,,,,,,,,,,,,,,,,,,,,,,,,,,,,,,,,,,,,,,,,,,,,,,,,,,,,,,,,,,,,,,,,,,,,,,,,,,,,,,,,
,,,,,,,,,,,,,,,,,,,319.859,1.21940197714509,319.859,1.22819361603352,319.859,1.22859674968321,319.859,1.22921892072285,319.859,1.22415690697786,,319.859,-2008.39361945417,-2190.33097287261,-2044.74725984477,-1984.08542052208,-2036.57662337718,,,,,,,,,,,,,,,,,,,,,,,,,,,,,,,,,,,,,,,,,,,,,,,,,,,,,,,,,,,,,,,,,,,,,,,,,,,,,,,,,,,,,
,,,,,,,,,,,,,,,,,,,320.358,1.23014801394986,320.358,1.22827790156459,320.358,1.23528815147313,320.358,1.23588656101081,320.358,1.22004908855717,,320.358,-2069.75820871564,-2118.18094066656,-1996.6923335016,-2051.96507147196,-1939.21301821803,,,,,,,,,,,,,,,,,,,,,,,,,,,,,,,,,,,,,,,,,,,,,,,,,,,,,,,,,,,,,,,,,,,,,,,,,,,,,,,,,,,,,
,,,,,,,,,,,,,,,,,,,320.857,1.22809929293515,320.857,1.23209526636588,320.857,1.22751804605987,320.857,1.23530324708206,320.857,1.23071335233264,,320.857,-2049.86111781291,-2031.90013333918,-1969.21085107505,-2059.5412420214,-1972.48255512785,,,,,,,,,,,,,,,,,,,,,,,,,,,,,,,,,,,,,,,,,,,,,,,,,,,,,,,,,,,,,,,,,,,,,,,,,,,,,,,,,,,,,
,,,,,,,,,,,,,,,,,,,321.356,1.22477855512714,321.356,1.22884704478496,321.356,1.22703712824001,321.356,1.22884245638813,321.356,1.23170943234626,,321.356,-1988.19081421011,-2089.49679943039,-1975.0195445348,-2142.61785069852,-1975.12953630051,,,,,,,,,,,,,,,,,,,,,,,,,,,,,,,,,,,,,,,,,,,,,,,,,,,,,,,,,,,,,,,,,,,,,,,,,,,,,,,,,,,,,
,,,,,,,,,,,,,,,,,,,321.855,1.22325607171656,321.855,1.23868886156807,321.855,1.22823891056691,321.855,1.23286812156576,321.855,1.23141060384841,,321.855,-1951.80199251163,-2137.57128428479,-2029.92155032966,-2052.48142775065,-2018.85963650136,,,,,,,,,,,,,,,,,,,,,,,,,,,,,,,,,,,,,,,,,,,,,,,,,,,,,,,,,,,,,,,,,,,,,,,,,,,,,,,,,,,,,
,,,,,,,,,,,,,,,,,,,322.354,1.2238205507864,322.354,1.23351042956837,322.354,1.22379035256757,322.354,1.233292044642,322.354,1.2340569142254,,322.354,-1982.64752356833,-2073.4521249379,-2037.74347849517,-1973.49938625628,-2083.211921112,,,,,,,,,,,,,,,,,,,,,,,,,,,,,,,,,,,,,,,,,,,,,,,,,,,,,,,,,,,,,,,,,,,,,,,,,,,,,,,,,,,,,
,,,,,,,,,,,,,,,,,,,322.853,1.23290173945543,322.853,1.22788016768312,322.853,1.22106577071577,322.853,1.23797903606441,322.853,1.23018410423566,,322.853,-2011.68874417564,-2023.68135107858,-1997.97052876605,-2001.32252078614,-2034.59222650611,,,,,,,,,,,,,,,,,,,,,,,,,,,,,,,,,,,,,,,,,,,,,,,,,,,,,,,,,,,,,,,,,,,,,,,,,,,,,,,,,,,,,
,,,,,,,,,,,,,,,,,,,323.352,1.22749010130152,323.352,1.22523020565044,323.352,1.22155751183656,323.352,1.23848619064155,323.352,1.23298602573656,,323.352,-2069.83160741359,-2160.02050715607,-1963.40124000369,-2030.84734514797,-1935.57906090357,,,,,,,,,,,,,,,,,,,,,,,,,,,,,,,,,,,,,,,,,,,,,,,,,,,,,,,,,,,,,,,,,,,,,,,,,,,,,,,,,,,,,
,,,,,,,,,,,,,,,,,,,323.851,1.22470242932263,323.851,1.22151432452792,323.851,1.22554405956041,323.851,1.23098441929515,323.851,1.22447790729558,,323.851,-2092.42551508521,-2194.37444932439,-2022.78973798366,-2020.73622521806,-1982.40626612451,,,,,,,,,,,,,,,,,,,,,,,,,,,,,,,,,,,,,,,,,,,,,,,,,,,,,,,,,,,,,,,,,,,,,,,,,,,,,,,,,,,,,
,,,,,,,,,,,,,,,,,,,324.35,1.22897511085082,324.35,1.22395564371155,324.35,1.23117986654018,324.35,1.23541951992857,324.35,1.22638968997457,,324.35,-2095.2461687441,-2052.8793259829,-1981.36717491345,-2060.37503346885,-1999.39104809183,,,,,,,,,,,,,,,,,,,,,,,,,,,,,,,,,,,,,,,,,,,,,,,,,,,,,,,,,,,,,,,,,,,,,,,,,,,,,,,,,,,,,
,,,,,,,,,,,,,,,,,,,324.849,1.22992685693074,324.849,1.21233262067522,324.849,1.22915621650753,324.849,1.23472146916215,324.849,1.23402510715944,,324.849,-2000.13203406143,-1979.4420607426,-1889.5781987464,-2087.51303281703,-2120.29884617034,,,,,,,,,,,,,,,,,,,,,,,,,,,,,,,,,,,,,,,,,,,,,,,,,,,,,,,,,,,,,,,,,,,,,,,,,,,,,,,,,,,,,
,,,,,,,,,,,,,,,,,,,325.348,1.229860315412,325.348,1.23144654201418,325.348,1.22481725379204,325.348,1.23974625373518,325.348,1.23131715592002,,325.348,-1979.20282493035,-2051.16189379189,-1985.17814203726,-2106.02189973854,-2134.14941348048,,,,,,,,,,,,,,,,,,,,,,,,,,,,,,,,,,,,,,,,,,,,,,,,,,,,,,,,,,,,,,,,,,,,,,,,,,,,,,,,,,,,,
,,,,,,,,,,,,,,,,,,,325.847,1.23495747881188,325.847,1.23270635379801,325.847,1.22703147057697,325.847,1.23259804758839,325.847,1.22586411898404,,325.847,-2026.16495923571,-2147.32138171155,-2148.34226409813,-1998.02778458533,-1991.70303692263,,,,,,,,,,,,,,,,,,,,,,,,,,,,,,,,,,,,,,,,,,,,,,,,,,,,,,,,,,,,,,,,,,,,,,,,,,,,,,,,,,,,,
,,,,,,,,,,,,,,,,,,,326.346,1.22916183428576,326.346,1.22921180762743,326.346,1.22690311876494,326.346,1.23224725353755,326.346,1.23598672972034,,326.346,-2050.79060786821,-2043.65085259886,-2097.43883652101,-1991.63932620958,-1884.9600700174,,,,,,,,,,,,,,,,,,,,,,,,,,,,,,,,,,,,,,,,,,,,,,,,,,,,,,,,,,,,,,,,,,,,,,,,,,,,,,,,,,,,,
,,,,,,,,,,,,,,,,,,,326.845,1.23207346699554,326.845,1.22457287521221,326.845,1.22452291630401,326.845,1.23085765750174,326.845,1.22653923941973,,326.845,-2072.11830289795,-2079.40203487124,-1911.78986105708,-2116.24065796638,-1963.89322012966,,,,,,,,,,,,,,,,,,,,,,,,,,,,,,,,,,,,,,,,,,,,,,,,,,,,,,,,,,,,,,,,,,,,,,,,,,,,,,,,,,,,,
,,,,,,,,,,,,,,,,,,,327.344,1.22845973475015,327.344,1.23160376715755,327.344,1.23025092845643,327.344,1.23218112213766,327.344,1.22339498144849,,327.344,-2103.25642785335,-2162.69159845766,-2073.49929567813,-2062.1454967559,-2060.42988628581,,,,,,,,,,,,,,,,,,,,,,,,,,,,,,,,,,,,,,,,,,,,,,,,,,,,,,,,,,,,,,,,,,,,,,,,,,,,,,,,,,,,,
,,,,,,,,,,,,,,,,,,,327.843,1.22970416060404,327.843,1.22269093848856,327.843,1.22201224939116,327.843,1.23190737650383,327.843,1.22574091339648,,327.843,-2086.13027511741,-2068.86692738735,-2062.28983834829,-1908.73068712212,-2048.76790208953,,,,,,,,,,,,,,,,,,,,,,,,,,,,,,,,,,,,,,,,,,,,,,,,,,,,,,,,,,,,,,,,,,,,,,,,,,,,,,,,,,,,,
,,,,,,,,,,,,,,,,,,,328.342,1.222269740268,328.342,1.22368802461237,328.342,1.22718833199055,328.342,1.23649080770657,328.342,1.22744641560754,,328.342,-1984.86600273479,-2000.44532342241,-1988.83281068624,-1992.83873827528,-2054.70700772551,,,,,,,,,,,,,,,,,,,,,,,,,,,,,,,,,,,,,,,,,,,,,,,,,,,,,,,,,,,,,,,,,,,,,,,,,,,,,,,,,,,,,
,,,,,,,,,,,,,,,,,,,328.841,1.23428283091952,328.841,1.2295416918499,328.841,1.23046264326929,328.841,1.23803212754251,328.841,1.23031724982709,,328.841,-1892.13794464266,-2125.46720658863,-1905.40989302969,-2138.45018691304,-2037.89572862785,,,,,,,,,,,,,,,,,,,,,,,,,,,,,,,,,,,,,,,,,,,,,,,,,,,,,,,,,,,,,,,,,,,,,,,,,,,,,,,,,,,,,
,,,,,,,,,,,,,,,,,,,329.34,1.23741200286651,329.34,1.22511083950511,329.34,1.2267994103625,329.34,1.23180286739363,329.34,1.23502310593997,,329.34,-2055.06432503399,-2058.8153995163,-1949.52459719439,-2130.1720913835,-2019.57434649059,,,,,,,,,,,,,,,,,,,,,,,,,,,,,,,,,,,,,,,,,,,,,,,,,,,,,,,,,,,,,,,,,,,,,,,,,,,,,,,,,,,,,
,,,,,,,,,,,,,,,,,,,329.839,1.22457975768547,329.839,1.2254035816342,329.839,1.22376472965587,329.839,1.23184494742919,329.839,1.23577323876863,,329.839,-2097.06953040452,-2074.13633559806,-2045.60214004665,-2017.65742959241,-2001.08111307636,,,,,,,,,,,,,,,,,,,,,,,,,,,,,,,,,,,,,,,,,,,,,,,,,,,,,,,,,,,,,,,,,,,,,,,,,,,,,,,,,,,,,
,,,,,,,,,,,,,,,,,,,330.338,1.22850537634167,330.338,1.22648589306063,330.338,1.22629560993725,330.338,1.23583215472197,330.338,1.24059376380116,,330.338,-2059.87631767428,-2100.10632160875,-1991.57742060352,-1931.87527391999,-2037.25349212444,,,,,,,,,,,,,,,,,,,,,,,,,,,,,,,,,,,,,,,,,,,,,,,,,,,,,,,,,,,,,,,,,,,,,,,,,,,,,,,,,,,,,
,,,,,,,,,,,,,,,,,,,330.837,1.23156066532147,330.837,1.22607467120526,330.837,1.22948637059764,330.837,1.23093490619457,330.837,1.23318285445932,,330.837,-1960.44054504388,-2055.69195027542,-1998.14092756495,-2013.36374834247,-2063.34829477821,,,,,,,,,,,,,,,,,,,,,,,,,,,,,,,,,,,,,,,,,,,,,,,,,,,,,,,,,,,,,,,,,,,,,,,,,,,,,,,,,,,,,
,,,,,,,,,,,,,,,,,,,331.336,1.22026141064346,331.336,1.22712778295953,331.336,1.22777648608929,331.336,1.22697563956829,331.336,1.23290257818896,,331.336,-1986.37798221243,-2084.48121901076,-2065.47216064418,-2066.32690536795,-2028.25800931764,,,,,,,,,,,,,,,,,,,,,,,,,,,,,,,,,,,,,,,,,,,,,,,,,,,,,,,,,,,,,,,,,,,,,,,,,,,,,,,,,,,,,
,,,,,,,,,,,,,,,,,,,331.835,1.22994757945269,331.835,1.2264143009738,331.835,1.22467423477883,331.835,1.23687435117189,331.835,1.23687029245946,,331.835,-2147.10212226063,-2173.61768348721,-1938.47183023254,-2136.87717461589,-2013.11502688964,,,,,,,,,,,,,,,,,,,,,,,,,,,,,,,,,,,,,,,,,,,,,,,,,,,,,,,,,,,,,,,,,,,,,,,,,,,,,,,,,,,,,
,,,,,,,,,,,,,,,,,,,332.334,1.2283100951982,332.334,1.23453810702827,332.334,1.2342669953577,332.334,1.23080893049264,332.334,1.22900380096434,,332.334,-2066.7541919802,-2119.30395803072,-1982.70813464686,-2011.77147648669,-2035.43395150465,,,,,,,,,,,,,,,,,,,,,,,,,,,,,,,,,,,,,,,,,,,,,,,,,,,,,,,,,,,,,,,,,,,,,,,,,,,,,,,,,,,,,
,,,,,,,,,,,,,,,,,,,332.833,1.22749446713271,332.833,1.22679483843125,332.833,1.22423177725848,332.833,1.232894467677,332.833,1.23128412312953,,332.833,-1990.01883671326,-1955.75145430754,-2070.93922858946,-1962.65681844,-2098.26090680622,,,,,,,,,,,,,,,,,,,,,,,,,,,,,,,,,,,,,,,,,,,,,,,,,,,,,,,,,,,,,,,,,,,,,,,,,,,,,,,,,,,,,
,,,,,,,,,,,,,,,,,,,333.332,1.23118510715802,333.332,1.22244954086984,333.332,1.22567069753708,333.332,1.23292506742557,333.332,1.22576121355483,,333.332,-1964.72186698102,-1908.80982006678,-2012.37821654976,-2001.2950142559,-2028.9499185958,,,,,,,,,,,,,,,,,,,,,,,,,,,,,,,,,,,,,,,,,,,,,,,,,,,,,,,,,,,,,,,,,,,,,,,,,,,,,,,,,,,,,
,,,,,,,,,,,,,,,,,,,333.831,1.22778087096871,333.831,1.22621409731473,333.831,1.22644058187544,333.831,1.23049410664676,333.831,1.22451614426631,,333.831,-2004.23030095393,-2106.61442227722,-1963.94031013305,-2102.4315415795,-1876.75065252065,,,,,,,,,,,,,,,,,,,,,,,,,,,,,,,,,,,,,,,,,,,,,,,,,,,,,,,,,,,,,,,,,,,,,,,,,,,,,,,,,,,,,
,,,,,,,,,,,,,,,,,,,334.33,1.22651178910201,334.33,1.22473474065161,334.33,1.23221672949406,334.33,1.23135482216992,334.33,1.23230030109369,,334.33,-2080.18734911776,-2143.38240638426,-2054.48912375538,-2090.21209153934,-2030.66196707974,,,,,,,,,,,,,,,,,,,,,,,,,,,,,,,,,,,,,,,,,,,,,,,,,,,,,,,,,,,,,,,,,,,,,,,,,,,,,,,,,,,,,
,,,,,,,,,,,,,,,,,,,334.829,1.22794836855258,334.829,1.22760627825185,334.829,1.22865316451954,334.829,1.23116400365414,334.829,1.23533178616809,,334.829,-2001.82020190542,-2136.39548375581,-2065.51364265655,-2020.9987503732,-2250.36880446858,,,,,,,,,,,,,,,,,,,,,,,,,,,,,,,,,,,,,,,,,,,,,,,,,,,,,,,,,,,,,,,,,,,,,,,,,,,,,,,,,,,,,
,,,,,,,,,,,,,,,,,,,335.328,1.21891555406312,335.328,1.22549614278868,335.328,1.22835561629619,335.328,1.22421728440072,335.328,1.23194681326367,,335.328,-1956.71906282396,-2028.39488633822,-2007.40315776559,-1920.0448265619,-2046.10122088875,,,,,,,,,,,,,,,,,,,,,,,,,,,,,,,,,,,,,,,,,,,,,,,,,,,,,,,,,,,,,,,,,,,,,,,,,,,,,,,,,,,,,
,,,,,,,,,,,,,,,,,,,335.827,1.22703147635409,335.827,1.23686030914412,335.827,1.22852331782995,335.827,1.22870570172262,335.827,1.23021057907506,,335.827,-2068.91881740103,-2059.39787081329,-1885.42999768836,-1951.81850470906,-1843.59669525355,,,,,,,,,,,,,,,,,,,,,,,,,,,,,,,,,,,,,,,,,,,,,,,,,,,,,,,,,,,,,,,,,,,,,,,,,,,,,,,,,,,,,
,,,,,,,,,,,,,,,,,,,336.326,1.22877008504691,336.326,1.23151596361099,336.326,1.23669897665496,336.326,1.23082778250813,336.326,1.23155917183773,,336.326,-2095.2602623184,-2136.9871260565,-1971.8276233188,-2080.69205990308,-1849.52345086522,,,,,,,,,,,,,,,,,,,,,,,,,,,,,,,,,,,,,,,,,,,,,,,,,,,,,,,,,,,,,,,,,,,,,,,,,,,,,,,,,,,,,
,,,,,,,,,,,,,,,,,,,336.825,1.22764893995877,336.825,1.22916906659958,336.825,1.23319671995087,336.825,1.22814166163656,336.825,1.22500779465159,,336.825,-2058.62152305275,-2168.19170755398,-2108.0958307252,-2117.12382277684,-2069.73424133133,,,,,,,,,,,,,,,,,,,,,,,,,,,,,,,,,,,,,,,,,,,,,,,,,,,,,,,,,,,,,,,,,,,,,,,,,,,,,,,,,,,,,
,,,,,,,,,,,,,,,,,,,337.324,1.22813209593884,337.324,1.23496475004948,337.324,1.23083163381219,337.324,1.23463014723622,337.324,1.23214702835914,,337.324,-2023.481994428,-2098.76175222293,-2066.77352921084,-2076.07220341692,-2182.62584133137,,,,,,,,,,,,,,,,,,,,,,,,,,,,,,,,,,,,,,,,,,,,,,,,,,,,,,,,,,,,,,,,,,,,,,,,,,,,,,,,,,,,,
,,,,,,,,,,,,,,,,,,,337.823,1.22864874561591,337.823,1.23890829467001,337.823,1.22971662587628,337.823,1.22834858304605,337.823,1.23380147882982,,337.823,-2064.07199449997,-2039.72209581838,-1937.42707849708,-1974.23750002509,-2016.79448443582,,,,,,,,,,,,,,,,,,,,,,,,,,,,,,,,,,,,,,,,,,,,,,,,,,,,,,,,,,,,,,,,,,,,,,,,,,,,,,,,,,,,,
,,,,,,,,,,,,,,,,,,,338.322,1.21849601242414,338.322,1.23159278401419,338.322,1.23193187300746,338.322,1.22831290063658,338.322,1.23102384172176,,338.322,-2031.83566641134,-2028.73708926905,-2016.98827724287,-1968.87697659755,-1874.42199631361,,,,,,,,,,,,,,,,,,,,,,,,,,,,,,,,,,,,,,,,,,,,,,,,,,,,,,,,,,,,,,,,,,,,,,,,,,,,,,,,,,,,,
,,,,,,,,,,,,,,,,,,,338.821,1.22406868936993,338.821,1.23401203279448,338.821,1.23047315738231,338.821,1.23017165026555,338.821,1.23425766762926,,338.821,-1972.08867154925,-2110.44066268495,-2108.24869752278,-2097.39388612458,-1966.22271187555,,,,,,,,,,,,,,,,,,,,,,,,,,,,,,,,,,,,,,,,,,,,,,,,,,,,,,,,,,,,,,,,,,,,,,,,,,,,,,,,,,,,,
,,,,,,,,,,,,,,,,,,,339.32,1.22768711138414,339.32,1.22407243128057,339.32,1.22874383322139,339.32,1.23077551068271,339.32,1.22939513319045,,339.32,-1973.77975690637,-2126.42184069208,-1998.98066587512,-2082.13925170587,-2089.19572939688,,,,,,,,,,,,,,,,,,,,,,,,,,,,,,,,,,,,,,,,,,,,,,,,,,,,,,,,,,,,,,,,,,,,,,,,,,,,,,,,,,,,,
,,,,,,,,,,,,,,,,,,,339.819,1.22553242696668,339.819,1.23340899196463,339.819,1.23049955097081,339.819,1.23326941142649,339.819,1.23453834682763,,339.819,-1988.58372516079,-2069.2283915886,-2007.1491631428,-2003.38524960914,-2160.22551141295,,,,,,,,,,,,,,,,,,,,,,,,,,,,,,,,,,,,,,,,,,,,,,,,,,,,,,,,,,,,,,,,,,,,,,,,,,,,,,,,,,,,,
,,,,,,,,,,,,,,,,,,,340.318,1.22895199199878,340.318,1.23372939081136,340.318,1.23324257220675,340.318,1.22663748625572,340.318,1.23323034213233,,340.318,-2092.99819886626,-2082.02002672515,-2110.08336566001,-1980.73187609442,-2039.24355577685,,,,,,,,,,,,,,,,,,,,,,,,,,,,,,,,,,,,,,,,,,,,,,,,,,,,,,,,,,,,,,,,,,,,,,,,,,,,,,,,,,,,,
,,,,,,,,,,,,,,,,,,,340.817,1.22735583102575,340.817,1.23244146339274,340.817,1.22975222518889,340.817,1.23728481300827,340.817,1.23885984038161,,340.817,-2056.80325610337,-2079.23895681879,-1980.33798064597,-2066.80087867974,-1986.62999430856,,,,,,,,,,,,,,,,,,,,,,,,,,,,,,,,,,,,,,,,,,,,,,,,,,,,,,,,,,,,,,,,,,,,,,,,,,,,,,,,,,,,,
,,,,,,,,,,,,,,,,,,,341.316,1.23201934827824,341.316,1.23265671286657,341.316,1.22201147364391,341.316,1.22818095342864,341.316,1.23535767896405,,341.316,-1988.16315932878,-2120.1272792653,-1891.04320939784,-2095.77067536609,-1976.5244881024,,,,,,,,,,,,,,,,,,,,,,,,,,,,,,,,,,,,,,,,,,,,,,,,,,,,,,,,,,,,,,,,,,,,,,,,,,,,,,,,,,,,,
,,,,,,,,,,,,,,,,,,,341.815,1.22977858066591,341.815,1.23408540499947,341.815,1.23168845670798,341.815,1.22635264858545,341.815,1.22911933089563,,341.815,-1962.20698356065,-2197.8823040015,-1945.30983020794,-1986.17516680725,-1974.44784168903,,,,,,,,,,,,,,,,,,,,,,,,,,,,,,,,,,,,,,,,,,,,,,,,,,,,,,,,,,,,,,,,,,,,,,,,,,,,,,,,,,,,,
,,,,,,,,,,,,,,,,,,,342.314,1.22793238153956,342.314,1.23613670655484,342.314,1.22471999741046,342.314,1.22899387210918,342.314,1.23226486043283,,342.314,-2050.7025746659,-2039.66688877737,-2054.95810769676,-1947.4960388873,-2048.03022526836,,,,,,,,,,,,,,,,,,,,,,,,,,,,,,,,,,,,,,,,,,,,,,,,,,,,,,,,,,,,,,,,,,,,,,,,,,,,,,,,,,,,,
,,,,,,,,,,,,,,,,,,,342.813,1.21977855606019,342.813,1.22839852676139,342.813,1.22973470457982,342.813,1.22982819225612,342.813,1.2240418164759,,342.813,-2044.28444161003,-2009.34731994542,-2008.29741853922,-1991.67576626477,-2038.81518358429,,,,,,,,,,,,,,,,,,,,,,,,,,,,,,,,,,,,,,,,,,,,,,,,,,,,,,,,,,,,,,,,,,,,,,,,,,,,,,,,,,,,,
,,,,,,,,,,,,,,,,,,,343.312,1.22835606875735,343.312,1.22319086264889,343.312,1.23275515034109,343.312,1.22879681069528,343.312,1.23768846202115,,343.312,-1996.99215500592,-2117.50308936194,-1978.81378318531,-2064.10031647531,-2036.24230360886,,,,,,,,,,,,,,,,,,,,,,,,,,,,,,,,,,,,,,,,,,,,,,,,,,,,,,,,,,,,,,,,,,,,,,,,,,,,,,,,,,,,,
,,,,,,,,,,,,,,,,,,,343.811,1.22502410964469,343.811,1.22146870892917,343.811,1.23010622725243,343.811,1.23049341470117,343.811,1.23778617659873,,343.811,-1947.47858457498,-2180.04412960804,-2012.53364447133,-2057.15455187191,-2064.15663278796,,,,,,,,,,,,,,,,,,,,,,,,,,,,,,,,,,,,,,,,,,,,,,,,,,,,,,,,,,,,,,,,,,,,,,,,,,,,,,,,,,,,,
,,,,,,,,,,,,,,,,,,,344.31,1.23166765386814,344.31,1.2186465752406,344.31,1.22347813447544,344.31,1.22782399846017,344.31,1.22849179649392,,344.31,-1958.90558171802,-2070.26133733577,-1974.22906857183,-2073.40368649848,-2038.72847138483,,,,,,,,,,,,,,,,,,,,,,,,,,,,,,,,,,,,,,,,,,,,,,,,,,,,,,,,,,,,,,,,,,,,,,,,,,,,,,,,,,,,,
,,,,,,,,,,,,,,,,,,,344.809,1.22905849238624,344.809,1.22087689424455,344.809,1.22836573610036,344.809,1.23106467612757,344.809,1.23318521083217,,344.809,-2023.35053217808,-2064.99542738244,-1988.38142800262,-2057.68960257188,-1986.78432399965,,,,,,,,,,,,,,,,,,,,,,,,,,,,,,,,,,,,,,,,,,,,,,,,,,,,,,,,,,,,,,,,,,,,,,,,,,,,,,,,,,,,,
,,,,,,,,,,,,,,,,,,,345.308,1.22592978401804,345.308,1.2246834268131,345.308,1.22722273968545,345.308,1.23401937349754,345.308,1.23423702326532,,345.308,-2088.23353358258,-2021.39776674351,-2007.7648058829,-2047.75980780789,-2036.51526010592,,,,,,,,,,,,,,,,,,,,,,,,,,,,,,,,,,,,,,,,,,,,,,,,,,,,,,,,,,,,,,,,,,,,,,,,,,,,,,,,,,,,,
,,,,,,,,,,,,,,,,,,,345.807,1.2296433373856,345.807,1.22581941457379,345.807,1.22917016104207,345.807,1.22381909524804,345.807,1.23364492269536,,345.807,-2040.71354054951,-2095.46750321412,-2035.92515568419,-2018.49689389695,-2046.42960464616,,,,,,,,,,,,,,,,,,,,,,,,,,,,,,,,,,,,,,,,,,,,,,,,,,,,,,,,,,,,,,,,,,,,,,,,,,,,,,,,,,,,,
,,,,,,,,,,,,,,,,,,,346.306,1.22847998905573,346.306,1.22193863189237,346.306,1.22930181691205,346.306,1.22858176564076,346.306,1.23416735213315,,346.306,-1925.04834041944,-2055.40067762848,-2040.22244198605,-2021.83547515293,-1937.16819187963,,,,,,,,,,,,,,,,,,,,,,,,,,,,,,,,,,,,,,,,,,,,,,,,,,,,,,,,,,,,,,,,,,,,,,,,,,,,,,,,,,,,,
,,,,,,,,,,,,,,,,,,,346.805,1.22927043352755,346.805,1.22374451291613,346.805,1.22621080001784,346.805,1.22804738946402,346.805,1.23844792204337,,346.805,-2024.39429746107,-2049.09244995767,-1980.61918998392,-2031.96860380285,-2029.358292088,,,,,,,,,,,,,,,,,,,,,,,,,,,,,,,,,,,,,,,,,,,,,,,,,,,,,,,,,,,,,,,,,,,,,,,,,,,,,,,,,,,,,
,,,,,,,,,,,,,,,,,,,347.304,1.23643174765121,347.304,1.22330848524275,347.304,1.22654516537115,347.304,1.22822535997978,347.304,1.23670531409053,,347.304,-2123.12346918872,-2099.06131313194,-1969.85185222728,-2091.63546373477,-2086.57412448945,,,,,,,,,,,,,,,,,,,,,,,,,,,,,,,,,,,,,,,,,,,,,,,,,,,,,,,,,,,,,,,,,,,,,,,,,,,,,,,,,,,,,
,,,,,,,,,,,,,,,,,,,347.803,1.23486719553713,347.803,1.22265527659826,347.803,1.22552663828043,347.803,1.22715546771111,347.803,1.23439080635192,,347.803,-2028.20549867817,-2072.25918160669,-1968.08171773851,-2021.6618861776,-2048.50581134882,,,,,,,,,,,,,,,,,,,,,,,,,,,,,,,,,,,,,,,,,,,,,,,,,,,,,,,,,,,,,,,,,,,,,,,,,,,,,,,,,,,,,
,,,,,,,,,,,,,,,,,,,348.302,1.23693505807319,348.302,1.21813395324394,348.302,1.22660407787162,348.302,1.22770068719849,348.302,1.22272214357269,,348.302,-2014.18076116417,-2001.50734047919,-1997.45699658313,-1987.90461884643,-1964.30851335346,,,,,,,,,,,,,,,,,,,,,,,,,,,,,,,,,,,,,,,,,,,,,,,,,,,,,,,,,,,,,,,,,,,,,,,,,,,,,,,,,,,,,
,,,,,,,,,,,,,,,,,,,348.801,1.22424317785262,348.801,1.22034070636433,348.801,1.22794743058838,348.801,1.23161037974098,348.801,1.23533897027364,,348.801,-1979.56627965805,-2040.7186913752,-1991.19914560773,-2035.25400281841,-1922.20298252021,,,,,,,,,,,,,,,,,,,,,,,,,,,,,,,,,,,,,,,,,,,,,,,,,,,,,,,,,,,,,,,,,,,,,,,,,,,,,,,,,,,,,
,,,,,,,,,,,,,,,,,,,349.3,1.23352291037783,349.3,1.21838464914878,349.3,1.22563807868422,349.3,1.2315784614977,349.3,1.23382605756574,,349.3,-1987.18430494607,-1996.77061809893,-1924.63258319626,-2073.11408210817,-2053.50919550311,,,,,,,,,,,,,,,,,,,,,,,,,,,,,,,,,,,,,,,,,,,,,,,,,,,,,,,,,,,,,,,,,,,,,,,,,,,,,,,,,,,,,
,,,,,,,,,,,,,,,,,,,349.799,1.2274573509138,349.799,1.22910327670505,349.799,1.22634015552133,349.799,1.22789710504542,349.799,1.23274871194896,,349.799,-2028.48671000434,-2076.96930756382,-2012.86129087938,-2017.2848085709,-2096.79059383363,,,,,,,,,,,,,,,,,,,,,,,,,,,,,,,,,,,,,,,,,,,,,,,,,,,,,,,,,,,,,,,,,,,,,,,,,,,,,,,,,,,,,
,,,,,,,,,,,,,,,,,,,350.298,1.22975182747801,350.298,1.21901573251296,350.298,1.22509329962408,350.298,1.23094819520059,350.298,1.23299980852241,,350.298,-2190.86038385093,-2164.81598782505,-2008.34355580374,-2068.9288921311,-2029.1724061288,,,,,,,,,,,,,,,,,,,,,,,,,,,,,,,,,,,,,,,,,,,,,,,,,,,,,,,,,,,,,,,,,,,,,,,,,,,,,,,,,,,,,
,,,,,,,,,,,,,,,,,,,350.797,1.23752366964678,350.797,1.21648248055789,350.797,1.22370354909599,350.797,1.2255642832061,350.797,1.23325748746483,,350.797,-2071.42854435649,-2112.43702296909,-1980.76023010193,-2036.80006696365,-1953.06502011655,,,,,,,,,,,,,,,,,,,,,,,,,,,,,,,,,,,,,,,,,,,,,,,,,,,,,,,,,,,,,,,,,,,,,,,,,,,,,,,,,,,,,
,,,,,,,,,,,,,,,,,,,351.296,1.23446846749627,351.296,1.22382588383587,351.296,1.22978433212403,351.296,1.23332579423641,351.296,1.23756212709655,,351.296,-1877.57780135984,-1983.896203458,-2034.92742449756,-1988.36854195069,-2006.52489787615,,,,,,,,,,,,,,,,,,,,,,,,,,,,,,,,,,,,,,,,,,,,,,,,,,,,,,,,,,,,,,,,,,,,,,,,,,,,,,,,,,,,,
,,,,,,,,,,,,,,,,,,,351.795,1.23763526445957,351.795,1.22174957190232,351.795,1.22328945251888,351.795,1.23226448493146,351.795,1.2341488733222,,351.795,-1990.84464797297,-1977.21958135558,-1975.26622091166,-2107.73434105308,-2006.80885459672,,,,,,,,,,,,,,,,,,,,,,,,,,,,,,,,,,,,,,,,,,,,,,,,,,,,,,,,,,,,,,,,,,,,,,,,,,,,,,,,,,,,,
,,,,,,,,,,,,,,,,,,,352.294,1.23783921962871,352.294,1.22674196230787,352.294,1.22331693784557,352.294,1.22724862398586,352.294,1.23590925106287,,352.294,-2167.71207425424,-2251.68462229694,-1989.80366171988,-2135.56648998796,-2047.08637239345,,,,,,,,,,,,,,,,,,,,,,,,,,,,,,,,,,,,,,,,,,,,,,,,,,,,,,,,,,,,,,,,,,,,,,,,,,,,,,,,,,,,,
,,,,,,,,,,,,,,,,,,,352.793,1.23239666312132,352.793,1.22526542608129,352.793,1.23025754906156,352.793,1.22145008217364,352.793,1.23496691371481,,352.793,-2166.79612969459,-2233.22277287825,-1988.48917794074,-2000.94824367953,-2001.33240365887,,,,,,,,,,,,,,,,,,,,,,,,,,,,,,,,,,,,,,,,,,,,,,,,,,,,,,,,,,,,,,,,,,,,,,,,,,,,,,,,,,,,,
,,,,,,,,,,,,,,,,,,,353.292,1.23348644190337,353.292,1.22095587770366,353.292,1.23386795455948,353.292,1.22379209943406,353.292,1.23458874593896,,353.292,-1942.37893015191,-1945.2595692784,-2051.95402445099,-1888.13896061756,-1997.71827037003,,,,,,,,,,,,,,,,,,,,,,,,,,,,,,,,,,,,,,,,,,,,,,,,,,,,,,,,,,,,,,,,,,,,,,,,,,,,,,,,,,,,,
,,,,,,,,,,,,,,,,,,,353.791,1.23492656095316,353.791,1.21957305903298,353.791,1.2318783630113,353.791,1.22464917472139,353.791,1.23443080754971,,353.791,-1853.29938315724,-1910.50504359672,-1974.99112176111,-1967.48077905884,-2047.39579870864,,,,,,,,,,,,,,,,,,,,,,,,,,,,,,,,,,,,,,,,,,,,,,,,,,,,,,,,,,,,,,,,,,,,,,,,,,,,,,,,,,,,,
,,,,,,,,,,,,,,,,,,,354.29,1.23808081608147,354.29,1.22151175589812,354.29,1.22972186608238,354.29,1.22565226742163,354.29,1.23661016805704,,354.29,-1992.07540157597,-2090.26294805028,-1946.04544902743,-2091.86192137924,-2083.78904047353,,,,,,,,,,,,,,,,,,,,,,,,,,,,,,,,,,,,,,,,,,,,,,,,,,,,,,,,,,,,,,,,,,,,,,,,,,,,,,,,,,,,,
,,,,,,,,,,,,,,,,,,,354.789,1.23539008156316,354.789,1.21814403264358,354.789,1.23434765528894,354.789,1.22778856185402,354.789,1.23752478051113,,354.789,-2145.25200028382,-2129.45203168102,-2015.70151389858,-2072.00111336468,-2019.71739047539,,,,,,,,,,,,,,,,,,,,,,,,,,,,,,,,,,,,,,,,,,,,,,,,,,,,,,,,,,,,,,,,,,,,,,,,,,,,,,,,,,,,,
,,,,,,,,,,,,,,,,,,,355.288,1.23404178856737,355.288,1.22192528803075,355.288,1.23253858789595,355.288,1.22867092607601,355.288,1.23844089723593,,355.288,-2193.51347646218,-2074.04436162644,-2048.67906977316,-2037.77559254334,-2006.39663018009,,,,,,,,,,,,,,,,,,,,,,,,,,,,,,,,,,,,,,,,,,,,,,,,,,,,,,,,,,,,,,,,,,,,,,,,,,,,,,,,,,,,,
,,,,,,,,,,,,,,,,,,,355.787,1.23118495066512,355.787,1.227378857624,355.787,1.22982373855388,355.787,1.2241915837766,355.787,1.23267146346043,,355.787,-2011.25213065966,-2029.77811539522,-1989.71916179724,-2043.74332865351,-2003.05717240628,,,,,,,,,,,,,,,,,,,,,,,,,,,,,,,,,,,,,,,,,,,,,,,,,,,,,,,,,,,,,,,,,,,,,,,,,,,,,,,,,,,,,
,,,,,,,,,,,,,,,,,,,356.286,1.2281438164006,356.286,1.21982571582372,356.286,1.23070363155894,356.286,1.23146128263067,356.286,1.23223605074577,,356.286,-1887.79209761052,-2059.29585833205,-1978.78601215788,-2040.93324936425,-2003.83476006596,,,,,,,,,,,,,,,,,,,,,,,,,,,,,,,,,,,,,,,,,,,,,,,,,,,,,,,,,,,,,,,,,,,,,,,,,,,,,,,,,,,,,
,,,,,,,,,,,,,,,,,,,356.785,1.23382827287668,356.785,1.22255828131439,356.785,1.23482988259796,356.785,1.23182473152072,356.785,1.23268388262813,,356.785,-2112.37256947042,-2036.16689620314,-2078.45339759475,-2025.61662866619,-2062.72800452455,,,,,,,,,,,,,,,,,,,,,,,,,,,,,,,,,,,,,,,,,,,,,,,,,,,,,,,,,,,,,,,,,,,,,,,,,,,,,,,,,,,,,
,,,,,,,,,,,,,,,,,,,357.284,1.23177061576557,357.284,1.225072134167,357.284,1.22404655573017,357.284,1.22722836998538,357.284,1.23762126505526,,357.284,-2208.19299451444,-2021.33429896339,-2035.64341056149,-2002.41634699828,-2079.47483297429,,,,,,,,,,,,,,,,,,,,,,,,,,,,,,,,,,,,,,,,,,,,,,,,,,,,,,,,,,,,,,,,,,,,,,,,,,,,,,,,,,,,,
,,,,,,,,,,,,,,,,,,,357.783,1.22686797561371,357.783,1.21833487413605,357.783,1.22375651866349,357.783,1.22980747717013,357.783,1.23476585690077,,357.783,-2099.09766373682,-2091.88709517199,-1969.42453083935,-2121.75064508584,-2047.52577172668,,,,,,,,,,,,,,,,,,,,,,,,,,,,,,,,,,,,,,,,,,,,,,,,,,,,,,,,,,,,,,,,,,,,,,,,,,,,,,,,,,,,,
,,,,,,,,,,,,,,,,,,,358.282,1.22922084680915,358.282,1.21726534963077,358.282,1.22770999794047,358.282,1.22747284309798,358.282,1.2281809618943,,358.282,-1850.72967973237,-1993.57449709585,-1985.96757234636,-2055.5776323892,-1986.48598278453,,,,,,,,,,,,,,,,,,,,,,,,,,,,,,,,,,,,,,,,,,,,,,,,,,,,,,,,,,,,,,,,,,,,,,,,,,,,,,,,,,,,,
,,,,,,,,,,,,,,,,,,,358.781,1.22943258269167,358.781,1.22518215788555,358.781,1.22952263086262,358.781,1.23248689047846,358.781,1.23063017910198,,358.781,-1868.62639100073,-2081.88465550691,-2044.59417302603,-1968.96522798326,-2007.6717177264,,,,,,,,,,,,,,,,,,,,,,,,,,,,,,,,,,,,,,,,,,,,,,,,,,,,,,,,,,,,,,,,,,,,,,,,,,,,,,,,,,,,,
,,,,,,,,,,,,,,,,,,,359.28,1.23444760205993,359.28,1.22433945545306,359.28,1.23334173817351,359.28,1.22877553956331,359.28,1.23510384593345,,359.28,-2093.668040416,-2070.98706676386,-2092.9865073743,-2045.5929547524,-2007.13256936695,,,,,,,,,,,,,,,,,,,,,,,,,,,,,,,,,,,,,,,,,,,,,,,,,,,,,,,,,,,,,,,,,,,,,,,,,,,,,,,,,,,,,
,,,,,,,,,,,,,,,,,,,359.779,1.229667845555,359.779,1.22646113997999,359.779,1.2257103606065,359.779,1.23484218739416,359.779,1.23416210824432,,359.779,-2147.37630231445,-1980.22670689727,-1967.62013478763,-2172.87100256839,-1943.52852792943,,,,,,,,,,,,,,,,,,,,,,,,,,,,,,,,,,,,,,,,,,,,,,,,,,,,,,,,,,,,,,,,,,,,,,,,,,,,,,,,,,,,,
,,,,,,,,,,,,,,,,,,,360.278,1.23680241459138,360.278,1.22351566974602,360.278,1.23044999216698,360.278,1.22348582715727,360.278,1.23984221393832,,360.278,-2002.59881757847,-2017.14661240483,-1922.63520035855,-2049.42381949162,-2012.79871171786,,,,,,,,,,,,,,,,,,,,,,,,,,,,,,,,,,,,,,,,,,,,,,,,,,,,,,,,,,,,,,,,,,,,,,,,,,,,,,,,,,,,,
,,,,,,,,,,,,,,,,,,,360.777,1.22829978880981,360.777,1.22582017990744,360.777,1.22927408106456,360.777,1.22891679740901,360.777,1.23598400142852,,360.777,-1835.2343734888,-2063.58253699439,-1993.3140710076,-1964.36533526791,-2154.4793550606,,,,,,,,,,,,,,,,,,,,,,,,,,,,,,,,,,,,,,,,,,,,,,,,,,,,,,,,,,,,,,,,,,,,,,,,,,,,,,,,,,,,,
,,,,,,,,,,,,,,,,,,,361.276,1.22997399452461,361.276,1.22299637449571,361.276,1.23234406124905,361.276,1.22411413245432,361.276,1.23258602392547,,361.276,-1963.11133435252,-2031.79212044394,-2081.94841954294,-2020.92781644748,-2096.38768593197,,,,,,,,,,,,,,,,,,,,,,,,,,,,,,,,,,,,,,,,,,,,,,,,,,,,,,,,,,,,,,,,,,,,,,,,,,,,,,,,,,,,,
,,,,,,,,,,,,,,,,,,,361.775,1.23127556698913,361.775,1.22515550392384,361.775,1.23828531418807,361.775,1.22905341260827,361.775,1.23588505768336,,361.775,-2019.91456993132,-2064.59767375581,-2033.3884410366,-2001.37078869694,-1994.09943316831,,,,,,,,,,,,,,,,,,,,,,,,,,,,,,,,,,,,,,,,,,,,,,,,,,,,,,,,,,,,,,,,,,,,,,,,,,,,,,,,,,,,,
,,,,,,,,,,,,,,,,,,,362.274,1.22932982906553,362.274,1.23218506758559,362.274,1.2313089267552,362.274,1.22811623424413,362.274,1.22940675305358,,362.274,-2028.33038811289,-2110.59098133015,-1965.55282212306,-1977.04011166759,-1963.89382509508,,,,,,,,,,,,,,,,,,,,,,,,,,,,,,,,,,,,,,,,,,,,,,,,,,,,,,,,,,,,,,,,,,,,,,,,,,,,,,,,,,,,,
,,,,,,,,,,,,,,,,,,,362.773,1.23267699214146,362.773,1.22786223212251,362.773,1.22920823808322,362.773,1.23165306823377,362.773,1.23750012744646,,362.773,-2012.22693387767,-2071.27236226512,-2000.49518492946,-2070.92773037552,-2057.15580167994,,,,,,,,,,,,,,,,,,,,,,,,,,,,,,,,,,,,,,,,,,,,,,,,,,,,,,,,,,,,,,,,,,,,,,,,,,,,,,,,,,,,,
,,,,,,,,,,,,,,,,,,,363.272,1.23330477428197,363.272,1.22074461520047,363.272,1.23093489459135,363.272,1.22536407695638,363.272,1.24384623298323,,363.272,-1949.16030265459,-2083.49785408936,-2008.68314288398,-2092.29027996597,-2089.67909015346,,,,,,,,,,,,,,,,,,,,,,,,,,,,,,,,,,,,,,,,,,,,,,,,,,,,,,,,,,,,,,,,,,,,,,,,,,,,,,,,,,,,,
,,,,,,,,,,,,,,,,,,,363.771,1.23157772588167,363.771,1.2216681315035,363.771,1.22535363349138,363.771,1.22906961588497,363.771,1.23321013956399,,363.771,-1887.80395293634,-2082.04473206743,-2015.17568092113,-1997.27576348174,-2009.89766575735,,,,,,,,,,,,,,,,,,,,,,,,,,,,,,,,,,,,,,,,,,,,,,,,,,,,,,,,,,,,,,,,,,,,,,,,,,,,,,,,,,,,,
,,,,,,,,,,,,,,,,,,,364.27,1.23124602330075,364.27,1.23071505894622,364.27,1.23287416134041,364.27,1.22380473430033,364.27,1.23941344941576,,364.27,-2039.68436113197,-2095.64945318255,-2059.31168735202,-1925.4197041409,-1974.59775115257,,,,,,,,,,,,,,,,,,,,,,,,,,,,,,,,,,,,,,,,,,,,,,,,,,,,,,,,,,,,,,,,,,,,,,,,,,,,,,,,,,,,,
,,,,,,,,,,,,,,,,,,,364.769,1.22885974289475,364.769,1.22307434449559,364.769,1.22679692632132,364.769,1.22865775278523,364.769,1.23233638302737,,364.769,-2168.4763979604,-2128.81256546847,-1961.25563072032,-2035.51621775869,-2060.95871222306,,,,,,,,,,,,,,,,,,,,,,,,,,,,,,,,,,,,,,,,,,,,,,,,,,,,,,,,,,,,,,,,,,,,,,,,,,,,,,,,,,,,,
,,,,,,,,,,,,,,,,,,,365.268,1.22805774590851,365.268,1.22583779369312,365.268,1.23071720963854,365.268,1.22767322018339,365.268,1.23785548023977,,365.268,-2108.59655956691,-2119.51279196013,-1992.76771580012,-2149.69243082936,-2052.36251429487,,,,,,,,,,,,,,,,,,,,,,,,,,,,,,,,,,,,,,,,,,,,,,,,,,,,,,,,,,,,,,,,,,,,,,,,,,,,,,,,,,,,,
,,,,,,,,,,,,,,,,,,,365.767,1.23103837948571,365.767,1.2214468073182,365.767,1.23206272631394,365.767,1.22812196049972,365.767,1.23279347487378,,365.767,-1866.20276456217,-2020.43502847769,-1966.03052788798,-2111.03811107441,-1994.64811741275,,,,,,,,,,,,,,,,,,,,,,,,,,,,,,,,,,,,,,,,,,,,,,,,,,,,,,,,,,,,,,,,,,,,,,,,,,,,,,,,,,,,,
,,,,,,,,,,,,,,,,,,,366.266,1.22760416202514,366.266,1.22504069405921,366.266,1.22380310175007,366.266,1.22957223409039,366.266,1.23390880240762,,366.266,-1979.72072300772,-2033.87918354172,-1997.01570006413,-1921.2002959677,-2073.33275263037,,,,,,,,,,,,,,,,,,,,,,,,,,,,,,,,,,,,,,,,,,,,,,,,,,,,,,,,,,,,,,,,,,,,,,,,,,,,,,,,,,,,,
,,,,,,,,,,,,,,,,,,,366.765,1.22693683610445,366.765,1.23072708781359,366.765,1.22642494286461,366.765,1.22900458285926,366.765,1.24137594268569,,366.765,-2132.65177119767,-2130.80462478004,-2079.64042535628,-1906.05656076552,-2070.69884276928,,,,,,,,,,,,,,,,,,,,,,,,,,,,,,,,,,,,,,,,,,,,,,,,,,,,,,,,,,,,,,,,,,,,,,,,,,,,,,,,,,,,,
,,,,,,,,,,,,,,,,,,,367.264,1.23003342433677,367.264,1.22138219192651,367.264,1.22372294099396,367.264,1.22994641301244,367.264,1.23556946443643,,367.264,-2114.26906500071,-2084.33407234987,-2045.90961730698,-2121.25262614971,-1951.97258657208,,,,,,,,,,,,,,,,,,,,,,,,,,,,,,,,,,,,,,,,,,,,,,,,,,,,,,,,,,,,,,,,,,,,,,,,,,,,,,,,,,,,,
,,,,,,,,,,,,,,,,,,,367.763,1.21902186683702,367.763,1.22203423496461,367.763,1.22012266315294,367.763,1.23392096028995,367.763,1.23071679052415,,367.763,-1952.69242000429,-1962.49795039192,-1965.53677989696,-2180.94186910041,-1922.78092744231,,,,,,,,,,,,,,,,,,,,,,,,,,,,,,,,,,,,,,,,,,,,,,,,,,,,,,,,,,,,,,,,,,,,,,,,,,,,,,,,,,,,,
,,,,,,,,,,,,,,,,,,,368.262,1.23080236803961,368.262,1.22186848170571,368.262,1.22652014264742,368.262,1.23003634164515,368.262,1.23381686341464,,368.262,-1888.39048214129,-2030.87195872607,-1932.68122188794,-2010.75439576485,-2069.23604050429,,,,,,,,,,,,,,,,,,,,,,,,,,,,,,,,,,,,,,,,,,,,,,,,,,,,,,,,,,,,,,,,,,,,,,,,,,,,,,,,,,,,,
,,,,,,,,,,,,,,,,,,,368.761,1.23002694726956,368.761,1.22565069756106,368.761,1.22376895138735,368.761,1.23443951004657,368.761,1.23241422895476,,368.761,-2037.14294292633,-2121.06854083201,-2102.86259104594,-1970.93788270101,-2159.61829614291,,,,,,,,,,,,,,,,,,,,,,,,,,,,,,,,,,,,,,,,,,,,,,,,,,,,,,,,,,,,,,,,,,,,,,,,,,,,,,,,,,,,,
,,,,,,,,,,,,,,,,,,,369.26,1.23344364789399,369.26,1.23095078964107,369.26,1.22173300074546,369.26,1.23067488603136,369.26,1.22416378567775,,369.26,-2175.86848812714,-2125.44244534246,-2102.50282629719,-1990.87246677652,-1991.51397175379,,,,,,,,,,,,,,,,,,,,,,,,,,,,,,,,,,,,,,,,,,,,,,,,,,,,,,,,,,,,,,,,,,,,,,,,,,,,,,,,,,,,,
,,,,,,,,,,,,,,,,,,,369.759,1.22765043528515,369.759,1.23255826623838,369.759,1.22461968347677,369.759,1.22536151098292,369.759,1.23336353095848,,369.759,-2101.94255286581,-2105.15787419856,-1991.3144058346,-2054.40280674039,-1914.11612256908,,,,,,,,,,,,,,,,,,,,,,,,,,,,,,,,,,,,,,,,,,,,,,,,,,,,,,,,,,,,,,,,,,,,,,,,,,,,,,,,,,,,,
,,,,,,,,,,,,,,,,,,,370.258,1.22534142625822,370.258,1.22763508597188,370.258,1.22518853027154,370.258,1.22766924572408,370.258,1.22989782849871,,370.258,-1957.04944221024,-2055.08006184787,-1964.93238639697,-2103.71249732416,-1982.5647111236,,,,,,,,,,,,,,,,,,,,,,,,,,,,,,,,,,,,,,,,,,,,,,,,,,,,,,,,,,,,,,,,,,,,,,,,,,,,,,,,,,,,,
,,,,,,,,,,,,,,,,,,,370.757,1.22918728046396,370.757,1.22054684464391,370.757,1.22948636993344,370.757,1.23489150717163,370.757,1.23051018711257,,370.757,-1921.66559174884,-1952.8285366752,-1976.13408739089,-2020.91380851981,-2080.54858305527,,,,,,,,,,,,,,,,,,,,,,,,,,,,,,,,,,,,,,,,,,,,,,,,,,,,,,,,,,,,,,,,,,,,,,,,,,,,,,,,,,,,,
,,,,,,,,,,,,,,,,,,,371.256,1.23202146563515,371.256,1.22740821722335,371.256,1.22766232986589,371.256,1.22594226474913,371.256,1.21916822332242,,371.256,-2024.26376319908,-2102.86556452816,-2021.09962449207,-2050.42079882184,-1943.79464072564,,,,,,,,,,,,,,,,,,,,,,,,,,,,,,,,,,,,,,,,,,,,,,,,,,,,,,,,,,,,,,,,,,,,,,,,,,,,,,,,,,,,,
,,,,,,,,,,,,,,,,,,,371.755,1.22867851402479,371.755,1.22764838045838,371.755,1.23125445650048,371.755,1.23209108436981,371.755,1.22601363187863,,371.755,-2070.13178628701,-2162.77116774108,-2020.71483996951,-2044.39379085371,-1920.46592766535,,,,,,,,,,,,,,,,,,,,,,,,,,,,,,,,,,,,,,,,,,,,,,,,,,,,,,,,,,,,,,,,,,,,,,,,,,,,,,,,,,,,,
,,,,,,,,,,,,,,,,,,,372.254,1.22810788831102,372.254,1.22842142943055,372.254,1.23050340734522,372.254,1.23311607961414,372.254,1.23309280182448,,372.254,-2032.65662194334,-2122.52508555858,-2008.2293777649,-1927.90451798058,-1944.41545132453,,,,,,,,,,,,,,,,,,,,,,,,,,,,,,,,,,,,,,,,,,,,,,,,,,,,,,,,,,,,,,,,,,,,,,,,,,,,,,,,,,,,,
,,,,,,,,,,,,,,,,,,,372.753,1.23016501687544,372.753,1.2336728543315,372.753,1.23210922385332,372.753,1.23193624992902,372.753,1.23316043453388,,372.753,-1941.29691373123,-2046.16709385832,-1981.33864707857,-1957.74204068434,-2002.9324445395,,,,,,,,,,,,,,,,,,,,,,,,,,,,,,,,,,,,,,,,,,,,,,,,,,,,,,,,,,,,,,,,,,,,,,,,,,,,,,,,,,,,,
,,,,,,,,,,,,,,,,,,,373.252,1.22399625016982,373.252,1.23580786894547,373.252,1.23652617748306,373.252,1.23323374773016,373.252,1.2353532870622,,373.252,-1951.18692064234,-2047.81607747018,-2008.25363092859,-2099.64583969935,-2038.74663098799,,,,,,,,,,,,,,,,,,,,,,,,,,,,,,,,,,,,,,,,,,,,,,,,,,,,,,,,,,,,,,,,,,,,,,,,,,,,,,,,,,,,,
,,,,,,,,,,,,,,,,,,,373.751,1.22514599124079,373.751,1.23026897642554,373.751,1.2323118045568,373.751,1.23476473032421,373.751,1.23114959106112,,373.751,-1952.52497481876,-2156.11353162177,-1998.19903277708,-2183.31825564537,-2027.59130447644,,,,,,,,,,,,,,,,,,,,,,,,,,,,,,,,,,,,,,,,,,,,,,,,,,,,,,,,,,,,,,,,,,,,,,,,,,,,,,,,,,,,,
,,,,,,,,,,,,,,,,,,,374.25,1.23474452006007,374.25,1.22913556171966,374.25,1.22902081033271,374.25,1.23273492284056,374.25,1.23478612102639,,374.25,-2025.55174040474,-2200.0472190671,-2007.06302227016,-2012.51272465198,-2115.49935093479,,,,,,,,,,,,,,,,,,,,,,,,,,,,,,,,,,,,,,,,,,,,,,,,,,,,,,,,,,,,,,,,,,,,,,,,,,,,,,,,,,,,,
,,,,,,,,,,,,,,,,,,,374.749,1.22375770370961,374.749,1.23009185165583,374.749,1.22258343752009,374.749,1.23353793235882,374.749,1.23093259180366,,374.749,-2017.39912359912,-2063.56658628099,-1953.27334646319,-1948.2564330937,-2006.03685481527,,,,,,,,,,,,,,,,,,,,,,,,,,,,,,,,,,,,,,,,,,,,,,,,,,,,,,,,,,,,,,,,,,,,,,,,,,,,,,,,,,,,,
,,,,,,,,,,,,,,,,,,,375.248,1.22160345323355,375.248,1.23124846583369,375.248,1.22615901273243,375.248,1.23940230274647,375.248,1.23055943976844,,375.248,-1980.56047219418,-1940.53470503883,-1989.68964954007,-2078.45371421437,-1937.21992630938,,,,,,,,,,,,,,,,,,,,,,,,,,,,,,,,,,,,,,,,,,,,,,,,,,,,,,,,,,,,,,,,,,,,,,,,,,,,,,,,,,,,,
,,,,,,,,,,,,,,,,,,,375.747,1.22938774782041,375.747,1.22600191151711,375.747,1.22995016698765,375.747,1.23580532302534,375.747,1.22971029202691,,375.747,-2020.61355763465,-2005.20626064587,-1960.43908765879,-2202.64395594336,-2011.31866876863,,,,,,,,,,,,,,,,,,,,,,,,,,,,,,,,,,,,,,,,,,,,,,,,,,,,,,,,,,,,,,,,,,,,,,,,,,,,,,,,,,,,,
,,,,,,,,,,,,,,,,,,,376.246,1.22726193049379,376.246,1.23243168189116,376.246,1.23017066265113,376.246,1.2375708671851,376.246,1.23789569169714,,376.246,-1912.69867921037,-2217.6166693163,-2047.97020158464,-2128.36490112319,-2106.83992721359,,,,,,,,,,,,,,,,,,,,,,,,,,,,,,,,,,,,,,,,,,,,,,,,,,,,,,,,,,,,,,,,,,,,,,,,,,,,,,,,,,,,,
,,,,,,,,,,,,,,,,,,,376.745,1.22935905146695,376.745,1.23294307630713,376.745,1.23214814524829,376.745,1.23573656368941,376.745,1.22846007668537,,376.745,-1966.16334398073,-2203.88471279123,-1993.65148845942,-1945.98492684284,-2033.93750472313,,,,,,,,,,,,,,,,,,,,,,,,,,,,,,,,,,,,,,,,,,,,,,,,,,,,,,,,,,,,,,,,,,,,,,,,,,,,,,,,,,,,,
,,,,,,,,,,,,,,,,,,,377.244,1.2306935199918,377.244,1.22716468928691,377.244,1.22935656862375,377.244,1.24124124368208,377.244,1.23241548085501,,377.244,-2046.36176605729,-1998.23657227218,-1908.52696476128,-2060.06176396491,-2005.9752314895,,,,,,,,,,,,,,,,,,,,,,,,,,,,,,,,,,,,,,,,,,,,,,,,,,,,,,,,,,,,,,,,,,,,,,,,,,,,,,,,,,,,,
,,,,,,,,,,,,,,,,,,,377.743,1.22289822233028,377.743,1.22745547676723,377.743,1.24027121573827,377.743,1.23644638189039,377.743,1.23111923959183,,377.743,-1961.8521752988,-1965.33249918613,-1917.37662405214,-2176.04061820254,-1976.64881431375,,,,,,,,,,,,,,,,,,,,,,,,,,,,,,,,,,,,,,,,,,,,,,,,,,,,,,,,,,,,,,,,,,,,,,,,,,,,,,,,,,,,,
,,,,,,,,,,,,,,,,,,,378.242,1.23506994236721,378.242,1.23109252122771,378.242,1.23639747799115,378.242,1.23694449546136,378.242,1.23652021858556,,378.242,-1976.32783275076,-2173.40018980284,-2017.42568902915,-2112.78730593642,-1966.22542339996,,,,,,,,,,,,,,,,,,,,,,,,,,,,,,,,,,,,,,,,,,,,,,,,,,,,,,,,,,,,,,,,,,,,,,,,,,,,,,,,,,,,,
,,,,,,,,,,,,,,,,,,,378.741,1.22478551105732,378.741,1.23051108162566,378.741,1.23454744407481,378.741,1.23344452520122,378.741,1.23973995504962,,378.741,-2017.24401255121,-2215.31746258556,-2116.48473114322,-2026.2199444807,-2141.33953413247,,,,,,,,,,,,,,,,,,,,,,,,,,,,,,,,,,,,,,,,,,,,,,,,,,,,,,,,,,,,,,,,,,,,,,,,,,,,,,,,,,,,,
,,,,,,,,,,,,,,,,,,,379.24,1.2289712886589,379.24,1.22954241033375,379.24,1.22420915633258,379.24,1.23381924255905,379.24,1.23661109211998,,379.24,-2098.60299196542,-2051.0189839938,-2003.90215678149,-2087.41688413007,-2137.38551277478,,,,,,,,,,,,,,,,,,,,,,,,,,,,,,,,,,,,,,,,,,,,,,,,,,,,,,,,,,,,,,,,,,,,,,,,,,,,,,,,,,,,,
,,,,,,,,,,,,,,,,,,,379.739,1.225459569167,379.739,1.22384352689625,379.739,1.21941908586144,379.739,1.23505349894829,379.739,1.23428494166242,,379.739,-2029.50703768668,-1989.59508538021,-1910.35256424323,-2079.78890404708,-1940.4380128476,,,,,,,,,,,,,,,,,,,,,,,,,,,,,,,,,,,,,,,,,,,,,,,,,,,,,,,,,,,,,,,,,,,,,,,,,,,,,,,,,,,,,
,,,,,,,,,,,,,,,,,,,380.238,1.22477210311311,380.238,1.22661293579874,380.238,1.23113406821593,380.238,1.22740400593409,380.238,1.23785558248669,,380.238,-1881.19405766495,-2067.3267030598,-1956.76347006102,-1995.16474450349,-1871.39217359099,,,,,,,,,,,,,,,,,,,,,,,,,,,,,,,,,,,,,,,,,,,,,,,,,,,,,,,,,,,,,,,,,,,,,,,,,,,,,,,,,,,,,
,,,,,,,,,,,,,,,,,,,380.737,1.22662514518472,380.737,1.22128196455516,380.737,1.22233740669803,380.737,1.23670433913,380.737,1.23336074461945,,380.737,-1916.33156361836,-2189.87452280969,-1964.56201771893,-1926.65784204107,-2064.47339824481,,,,,,,,,,,,,,,,,,,,,,,,,,,,,,,,,,,,,,,,,,,,,,,,,,,,,,,,,,,,,,,,,,,,,,,,,,,,,,,,,,,,,
,,,,,,,,,,,,,,,,,,,381.236,1.22978156477304,381.236,1.23061682595645,381.236,1.22372894587112,381.236,1.22911158273109,381.236,1.23238932598631,,381.236,-2102.13040242527,-2194.68131996249,-1971.13198685979,-2003.05839025621,-2147.6257390788,,,,,,,,,,,,,,,,,,,,,,,,,,,,,,,,,,,,,,,,,,,,,,,,,,,,,,,,,,,,,,,,,,,,,,,,,,,,,,,,,,,,,
,,,,,,,,,,,,,,,,,,,381.735,1.22364626466692,381.735,1.23358608751631,381.735,1.22541543254089,381.735,1.22654320101495,381.735,1.23350442240171,,381.735,-2102.23051986772,-2077.64138018198,-1896.75614127056,-2094.35842848481,-1998.81797812902,,,,,,,,,,,,,,,,,,,,,,,,,,,,,,,,,,,,,,,,,,,,,,,,,,,,,,,,,,,,,,,,,,,,,,,,,,,,,,,,,,,,,
,,,,,,,,,,,,,,,,,,,382.234,1.22660522611513,382.234,1.23292756020461,382.234,1.22393955768613,382.234,1.23138984687115,382.234,1.23050919154946,,382.234,-1919.82488257976,-2051.45555044005,-1906.56107066733,-2117.38815978925,-1855.16007409399,,,,,,,,,,,,,,,,,,,,,,,,,,,,,,,,,,,,,,,,,,,,,,,,,,,,,,,,,,,,,,,,,,,,,,,,,,,,,,,,,,,,,
,,,,,,,,,,,,,,,,,,,382.733,1.22062356395703,382.733,1.22815540183494,382.733,1.22637759906822,382.733,1.2379946225915,382.733,1.23190320630175,,382.733,-1833.61984152787,-2109.05216643443,-2173.5230560992,-1955.310600315,-1952.08816981688,,,,,,,,,,,,,,,,,,,,,,,,,,,,,,,,,,,,,,,,,,,,,,,,,,,,,,,,,,,,,,,,,,,,,,,,,,,,,,,,,,,,,
,,,,,,,,,,,,,,,,,,,383.232,1.22189076159489,383.232,1.23584710112646,383.232,1.22856426757717,383.232,1.23097661289967,383.232,1.23654298819798,,383.232,-1996.75146601939,-2112.79615988935,-2088.634197476,-2010.57750492243,-2174.39755658326,,,,,,,,,,,,,,,,,,,,,,,,,,,,,,,,,,,,,,,,,,,,,,,,,,,,,,,,,,,,,,,,,,,,,,,,,,,,,,,,,,,,,
,,,,,,,,,,,,,,,,,,,383.731,1.22368495883194,383.731,1.24074448537966,383.731,1.22098849807561,383.731,1.23392454777563,383.731,1.23526175113602,,383.731,-2135.82523287207,-2157.36929717257,-1944.28084741775,-2155.75637100148,-2049.84906901672,,,,,,,,,,,,,,,,,,,,,,,,,,,,,,,,,,,,,,,,,,,,,,,,,,,,,,,,,,,,,,,,,,,,,,,,,,,,,,,,,,,,,
,,,,,,,,,,,,,,,,,,,384.23,1.21872616538805,384.23,1.23577056957616,384.23,1.22701523208291,384.23,1.23519920866945,384.23,1.23061850667533,,384.23,-2100.07345614364,-2097.38949766308,-1904.69229064572,-2225.5819734317,-1932.21100464524,,,,,,,,,,,,,,,,,,,,,,,,,,,,,,,,,,,,,,,,,,,,,,,,,,,,,,,,,,,,,,,,,,,,,,,,,,,,,,,,,,,,,
,,,,,,,,,,,,,,,,,,,384.729,1.22113618242325,384.729,1.23207784113888,384.729,1.22025559509645,384.729,1.23328603119472,384.729,1.23934296910412,,384.729,-1779.17233773731,-2054.51132955947,-1990.88022625897,-2033.93730279795,-2009.48151868836,,,,,,,,,,,,,,,,,,,,,,,,,,,,,,,,,,,,,,,,,,,,,,,,,,,,,,,,,,,,,,,,,,,,,,,,,,,,,,,,,,,,,
,,,,,,,,,,,,,,,,,,,385.228,1.22292070775241,385.228,1.2300699011459,385.228,1.2251035964371,385.228,1.23976758538133,385.228,1.24319038126096,,385.228,-1869.40000302746,-2112.59524641133,-1926.62090935771,-1980.2761892235,-2122.9569364362,,,,,,,,,,,,,,,,,,,,,,,,,,,,,,,,,,,,,,,,,,,,,,,,,,,,,,,,,,,,,,,,,,,,,,,,,,,,,,,,,,,,,
,,,,,,,,,,,,,,,,,,,385.727,1.22085214016412,385.727,1.23036869673209,385.727,1.22117444105692,385.727,1.23764793409681,385.727,1.23174891979525,,385.727,-2138.09070188927,-2086.1249327038,-1927.8319646239,-2096.56379889348,-2005.0362076829,,,,,,,,,,,,,,,,,,,,,,,,,,,,,,,,,,,,,,,,,,,,,,,,,,,,,,,,,,,,,,,,,,,,,,,,,,,,,,,,,,,,,
,,,,,,,,,,,,,,,,,,,386.226,1.22105281072607,386.226,1.22935807431936,386.226,1.22424332145004,386.226,1.23599755227572,386.226,1.23785207731349,,386.226,-2191.93842715714,-2076.43585180964,-2025.20118769752,-2180.1540956822,-1999.19036839634,,,,,,,,,,,,,,,,,,,,,,,,,,,,,,,,,,,,,,,,,,,,,,,,,,,,,,,,,,,,,,,,,,,,,,,,,,,,,,,,,,,,,
,,,,,,,,,,,,,,,,,,,386.725,1.22494171565596,386.725,1.23577684848692,386.725,1.22211356359506,386.725,1.23868580169156,386.725,1.23254228500098,,386.725,-1966.44029771579,-2103.77731560807,-2059.55020132514,-2166.26309390883,-1982.23695858421,,,,,,,,,,,,,,,,,,,,,,,,,,,,,,,,,,,,,,,,,,,,,,,,,,,,,,,,,,,,,,,,,,,,,,,,,,,,,,,,,,,,,
,,,,,,,,,,,,,,,,,,,387.224,1.22588579805936,387.224,1.22685167340309,387.224,1.22042444477132,387.224,1.2427307215323,387.224,1.23467405596899,,387.224,-1822.89086519005,-2120.75058050682,-1924.27696850628,-1996.31011171299,-1963.79318617358,,,,,,,,,,,,,,,,,,,,,,,,,,,,,,,,,,,,,,,,,,,,,,,,,,,,,,,,,,,,,,,,,,,,,,,,,,,,,,,,,,,,,
,,,,,,,,,,,,,,,,,,,387.723,1.2236730739897,387.723,1.23393389582873,387.723,1.22525983581193,387.723,1.24017439148514,387.723,1.23718916393732,,387.723,-2009.09503674356,-2180.15052233745,-1883.24290392398,-1909.91501329559,-1979.19308234951,,,,,,,,,,,,,,,,,,,,,,,,,,,,,,,,,,,,,,,,,,,,,,,,,,,,,,,,,,,,,,,,,,,,,,,,,,,,,,,,,,,,,
,,,,,,,,,,,,,,,,,,,388.222,1.22410157603488,388.222,1.23262852940773,388.222,1.22429565239293,388.222,1.24174572642635,388.222,1.22731834406953,,388.222,-2143.11942060181,-2036.91793718948,-1954.23778898432,-2158.4253439319,-1926.94708339529,,,,,,,,,,,,,,,,,,,,,,,,,,,,,,,,,,,,,,,,,,,,,,,,,,,,,,,,,,,,,,,,,,,,,,,,,,,,,,,,,,,,,
,,,,,,,,,,,,,,,,,,,388.721,1.23018450004083,388.721,1.22868373493727,388.721,1.22753653366772,388.721,1.239344938867,388.721,1.22757906377811,,388.721,-2122.68828942115,-1995.42235492061,-2042.95204217751,-2260.69415813156,-1979.97661158275,,,,,,,,,,,,,,,,,,,,,,,,,,,,,,,,,,,,,,,,,,,,,,,,,,,,,,,,,,,,,,,,,,,,,,,,,,,,,,,,,,,,,
,,,,,,,,,,,,,,,,,,,389.22,1.22887452514934,389.22,1.23405397559059,389.22,1.22768906391347,389.22,1.23975847473178,389.22,1.23050651907869,,389.22,-1926.27855878453,-2190.57237225166,-2035.49160778235,-2052.45251880471,-2023.41215051092,,,,,,,,,,,,,,,,,,,,,,,,,,,,,,,,,,,,,,,,,,,,,,,,,,,,,,,,,,,,,,,,,,,,,,,,,,,,,,,,,,,,,
,,,,,,,,,,,,,,,,,,,389.719,1.22472502140324,389.719,1.22923742324967,389.719,1.22576819781889,389.719,1.24197643026604,389.719,1.22199545256664,,389.719,-1846.85138968894,-2221.76776378867,-1949.62152504505,-1938.23355213853,-1995.6060217889,,,,,,,,,,,,,,,,,,,,,,,,,,,,,,,,,,,,,,,,,,,,,,,,,,,,,,,,,,,,,,,,,,,,,,,,,,,,,,,,,,,,,
,,,,,,,,,,,,,,,,,,,390.218,1.22571902251815,390.218,1.22763340319023,390.218,1.22873566295476,390.218,1.24841115286339,390.218,1.23511388474335,,390.218,-2067.06724553554,-2020.54289576784,-1977.59451499561,-2122.48895813036,-1977.35483490901,,,,,,,,,,,,,,,,,,,,,,,,,,,,,,,,,,,,,,,,,,,,,,,,,,,,,,,,,,,,,,,,,,,,,,,,,,,,,,,,,,,,,
,,,,,,,,,,,,,,,,,,,390.717,1.21994639920415,390.717,1.23698417635928,390.717,1.22148205985438,390.717,1.23984635409298,390.717,1.22775809440995,,390.717,-2093.52058557773,-2023.79829614033,-1940.99088053867,-2169.79756571768,-1975.89979195764,,,,,,,,,,,,,,,,,,,,,,,,,,,,,,,,,,,,,,,,,,,,,,,,,,,,,,,,,,,,,,,,,,,,,,,,,,,,,,,,,,,,,
,,,,,,,,,,,,,,,,,,,391.216,1.22823654977782,391.216,1.23296490028475,391.216,1.22851121781958,391.216,1.2388330012696,391.216,1.22392743272538,,391.216,-2078.79923474348,-2079.70467885198,-2063.96786676623,-2126.87305509822,-2015.47417053769,,,,,,,,,,,,,,,,,,,,,,,,,,,,,,,,,,,,,,,,,,,,,,,,,,,,,,,,,,,,,,,,,,,,,,,,,,,,,,,,,,,,,
,,,,,,,,,,,,,,,,,,,391.715,1.2247476868214,391.715,1.23156586420253,391.715,1.22622226372148,391.715,1.24266388471544,391.715,1.22598720574161,,391.715,-1990.16689715457,-2141.96641878457,-2045.75216579799,-2124.8617581819,-2054.82912875597,,,,,,,,,,,,,,,,,,,,,,,,,,,,,,,,,,,,,,,,,,,,,,,,,,,,,,,,,,,,,,,,,,,,,,,,,,,,,,,,,,,,,
,,,,,,,,,,,,,,,,,,,392.214,1.22456946167042,392.214,1.22760500499895,392.214,1.22917710533213,392.214,1.23514891123944,392.214,1.22804620225764,,392.214,-1968.66110567804,-2127.20214381621,-1942.78752233861,-1982.79968037469,-2003.10963398022,,,,,,,,,,,,,,,,,,,,,,,,,,,,,,,,,,,,,,,,,,,,,,,,,,,,,,,,,,,,,,,,,,,,,,,,,,,,,,,,,,,,,
,,,,,,,,,,,,,,,,,,,392.713,1.22799339681279,392.713,1.23152614144659,392.713,1.22944846758281,392.713,1.24426934532066,392.713,1.22312135956621,,392.713,-2043.73407653757,-2158.85314003361,-1919.23061549805,-2010.87744381745,-1909.4534141069,,,,,,,,,,,,,,,,,,,,,,,,,,,,,,,,,,,,,,,,,,,,,,,,,,,,,,,,,,,,,,,,,,,,,,,,,,,,,,,,,,,,,
,,,,,,,,,,,,,,,,,,,393.212,1.22767839171069,393.212,1.2334418545318,393.212,1.23640648420779,393.212,1.23569443637278,393.212,1.22482056220201,,393.212,-1982.31162554688,-2072.57931466955,-2022.84154098687,-2067.88445436562,-1987.56016885526,,,,,,,,,,,,,,,,,,,,,,,,,,,,,,,,,,,,,,,,,,,,,,,,,,,,,,,,,,,,,,,,,,,,,,,,,,,,,,,,,,,,,
,,,,,,,,,,,,,,,,,,,393.711,1.23132757978397,393.711,1.23297971982478,393.711,1.22919066003141,393.711,1.23713773932516,393.711,1.22664964208218,,393.711,-1934.71024898429,-2052.18158185171,-2074.72636269149,-2027.21738147598,-2058.07737572489,,,,,,,,,,,,,,,,,,,,,,,,,,,,,,,,,,,,,,,,,,,,,,,,,,,,,,,,,,,,,,,,,,,,,,,,,,,,,,,,,,,,,
,,,,,,,,,,,,,,,,,,,394.21,1.22720093389503,394.21,1.23187890814606,394.21,1.22573311683104,394.21,1.2310526788694,394.21,1.23241502579901,,394.21,-1991.38626894478,-2167.46232733963,-1944.21780191371,-2023.97024817138,-1985.49127200971,,,,,,,,,,,,,,,,,,,,,,,,,,,,,,,,,,,,,,,,,,,,,,,,,,,,,,,,,,,,,,,,,,,,,,,,,,,,,,,,,,,,,
,,,,,,,,,,,,,,,,,,,394.709,1.22101110688777,394.709,1.22567421386644,394.709,1.22720506332203,394.709,1.2372396786315,394.709,1.22857152599197,,394.709,-2020.34571952144,-2192.87105645526,-1952.43309399704,-2031.74729287341,-1949.3231671058,,,,,,,,,,,,,,,,,,,,,,,,,,,,,,,,,,,,,,,,,,,,,,,,,,,,,,,,,,,,,,,,,,,,,,,,,,,,,,,,,,,,,
,,,,,,,,,,,,,,,,,,,395.208,1.22495467169553,395.208,1.22869725595247,395.208,1.23056444717496,395.208,1.23226561310626,395.208,1.22924122921857,,395.208,-1947.66567794812,-2043.18213963361,-2113.80923570652,-2120.74231283162,-1998.34331442197,,,,,,,,,,,,,,,,,,,,,,,,,,,,,,,,,,,,,,,,,,,,,,,,,,,,,,,,,,,,,,,,,,,,,,,,,,,,,,,,,,,,,
,,,,,,,,,,,,,,,,,,,395.707,1.21655394425198,395.707,1.23010824025471,395.707,1.22609780040323,395.707,1.24453095510132,395.707,1.23231919959037,,395.707,-1919.23932782823,-1995.77087089582,-2026.35960377919,-2159.45983706088,-2052.63338570292,,,,,,,,,,,,,,,,,,,,,,,,,,,,,,,,,,,,,,,,,,,,,,,,,,,,,,,,,,,,,,,,,,,,,,,,,,,,,,,,,,,,,
,,,,,,,,,,,,,,,,,,,396.206,1.21841512271932,396.206,1.22583095572884,396.206,1.23099640938532,396.206,1.23025510478541,396.206,1.23402775192311,,396.206,-2017.73420107797,-2044.96956542092,-1929.00296584237,-2007.78072472845,-2004.47565841129,,,,,,,,,,,,,,,,,,,,,,,,,,,,,,,,,,,,,,,,,,,,,,,,,,,,,,,,,,,,,,,,,,,,,,,,,,,,,,,,,,,,,
,,,,,,,,,,,,,,,,,,,396.705,1.21725635863844,396.705,1.22724344977716,396.705,1.22897964633461,396.705,1.24256158656729,396.705,1.22910467801874,,396.705,-2024.35135083936,-2058.81868483947,-1952.44321515424,-1973.74418909125,-1942.53253840087,,,,,,,,,,,,,,,,,,,,,,,,,,,,,,,,,,,,,,,,,,,,,,,,,,,,,,,,,,,,,,,,,,,,,,,,,,,,,,,,,,,,,
,,,,,,,,,,,,,,,,,,,397.204,1.23287350709037,397.204,1.22905460418199,397.204,1.22981227962876,397.204,1.23645434099403,397.204,1.22518525976901,,397.204,-2060.16216619477,-2095.39423028108,-2086.9324966453,-2048.07499575308,-1943.60039102993,,,,,,,,,,,,,,,,,,,,,,,,,,,,,,,,,,,,,,,,,,,,,,,,,,,,,,,,,,,,,,,,,,,,,,,,,,,,,,,,,,,,,
,,,,,,,,,,,,,,,,,,,397.703,1.23433818489723,397.703,1.23444550281519,397.703,1.2273480387278,397.703,1.24421940311336,397.703,1.2280640700802,,397.703,-2005.36444655198,-2084.89014494536,-2048.28125440488,-2144.86715820605,-2042.04914045329,,,,,,,,,,,,,,,,,,,,,,,,,,,,,,,,,,,,,,,,,,,,,,,,,,,,,,,,,,,,,,,,,,,,,,,,,,,,,,,,,,,,,
,,,,,,,,,,,,,,,,,,,398.202,1.22948129225629,398.202,1.22468650079827,398.202,1.23136790884215,398.202,1.23796962313449,398.202,1.22308427297579,,398.202,-1990.42889790959,-2048.0150863419,-1876.15490945975,-2080.50822433377,-2040.39949651376,,,,,,,,,,,,,,,,,,,,,,,,,,,,,,,,,,,,,,,,,,,,,,,,,,,,,,,,,,,,,,,,,,,,,,,,,,,,,,,,,,,,,
,,,,,,,,,,,,,,,,,,,398.701,1.23595058200229,398.701,1.22996017012316,398.701,1.22942999570202,398.701,1.23751334058927,398.701,1.22764010288399,,398.701,-2085.41614440459,-2230.36774068492,-1963.86286619822,-2027.12746654981,-1984.33784244785,,,,,,,,,,,,,,,,,,,,,,,,,,,,,,,,,,,,,,,,,,,,,,,,,,,,,,,,,,,,,,,,,,,,,,,,,,,,,,,,,,,,,
,,,,,,,,,,,,,,,,,,,399.2,1.22998274616061,399.2,1.23190561784284,399.2,1.23266707636278,399.2,1.23625380595536,399.2,1.22989782336222,,399.2,-1998.24968498682,-2107.7617126447,-2093.70148541027,-2005.47912913257,-1969.1951579595,,,,,,,,,,,,,,,,,,,,,,,,,,,,,,,,,,,,,,,,,,,,,,,,,,,,,,,,,,,,,,,,,,,,,,,,,,,,,,,,,,,,,
,,,,,,,,,,,,,,,,,,,399.699,1.22527694623847,399.699,1.23017564609401,399.699,1.23621618843421,399.699,1.24180033760175,399.699,1.23052646819759,,399.699,-2041.74529268471,-1963.94427317276,-2084.66288231398,-2084.88522525711,-1957.93017034986,,,,,,,,,,,,,,,,,,,,,,,,,,,,,,,,,,,,,,,,,,,,,,,,,,,,,,,,,,,,,,,,,,,,,,,,,,,,,,,,,,,,,
,,,,,,,,,,,,,,,,,,,400.198,1.22334739984915,400.198,1.22892986406249,400.198,1.23158371782032,400.198,1.23706220067431,400.198,1.22857842045655,,400.198,-2015.79997306615,-2027.90535770057,-2006.22951260411,-2166.47275068145,-1952.93490742464,,,,,,,,,,,,,,,,,,,,,,,,,,,,,,,,,,,,,,,,,,,,,,,,,,,,,,,,,,,,,,,,,,,,,,,,,,,,,,,,,,,,,
,,,,,,,,,,,,,,,,,,,400.697,1.22455910119258,400.697,1.23365304312034,400.697,1.22975637433169,400.697,1.233934144448,400.697,1.22498328192199,,400.697,-1944.69913599705,-2141.08488133649,-1922.24623494276,-2062.76491542156,-2031.49151648916,,,,,,,,,,,,,,,,,,,,,,,,,,,,,,,,,,,,,,,,,,,,,,,,,,,,,,,,,,,,,,,,,,,,,,,,,,,,,,,,,,,,,
,,,,,,,,,,,,,,,,,,,401.196,1.22246411518241,401.196,1.2378363420096,401.196,1.2344350589192,401.196,1.23886072537409,401.196,1.22623081201171,,401.196,-1974.54127922122,-2144.32480135907,-2057.2036299854,-1906.17966819902,-2054.78461750835,,,,,,,,,,,,,,,,,,,,,,,,,,,,,,,,,,,,,,,,,,,,,,,,,,,,,,,,,,,,,,,,,,,,,,,,,,,,,,,,,,,,,
,,,,,,,,,,,,,,,,,,,401.695,1.22807938294747,401.695,1.23235894577784,401.695,1.22595494624832,401.695,1.23763362249891,401.695,1.22867264349138,,401.695,-2063.33673876126,-2058.45815867636,-2086.63612025369,-2067.65112556968,-2062.63660861371,,,,,,,,,,,,,,,,,,,,,,,,,,,,,,,,,,,,,,,,,,,,,,,,,,,,,,,,,,,,,,,,,,,,,,,,,,,,,,,,,,,,,
,,,,,,,,,,,,,,,,,,,402.194,1.22797722333539,402.194,1.23485734217926,402.194,1.23873584027143,402.194,1.2354832947143,402.194,1.23298927440504,,402.194,-2069.04646606952,-2003.03482812657,-2012.66682864106,-2219.41837791201,-2040.57071613283,,,,,,,,,,,,,,,,,,,,,,,,,,,,,,,,,,,,,,,,,,,,,,,,,,,,,,,,,,,,,,,,,,,,,,,,,,,,,,,,,,,,,
,,,,,,,,,,,,,,,,,,,402.693,1.22634515832567,402.693,1.22823173608772,402.693,1.23390949679642,402.693,1.23694446724497,402.693,1.22701787880766,,402.693,-2022.73597504203,-2061.46968626081,-1893.16939240741,-2141.645180792,-1941.5027826775,,,,,,,,,,,,,,,,,,,,,,,,,,,,,,,,,,,,,,,,,,,,,,,,,,,,,,,,,,,,,,,,,,,,,,,,,,,,,,,,,,,,,
,,,,,,,,,,,,,,,,,,,403.192,1.23365870711374,403.192,1.23634743167125,403.192,1.23146847968256,403.192,1.23879053388018,403.192,1.23198970890324,,403.192,-1979.96732180301,-2282.44982939479,-1994.48410132252,-1964.47616147557,-1994.25381110727,,,,,,,,,,,,,,,,,,,,,,,,,,,,,,,,,,,,,,,,,,,,,,,,,,,,,,,,,,,,,,,,,,,,,,,,,,,,,,,,,,,,,
,,,,,,,,,,,,,,,,,,,403.691,1.23150415448067,403.691,1.2304183245923,403.691,1.23121388271497,403.691,1.24927765095629,403.691,1.22682304664319,,403.691,-1953.47673523532,-2177.81290271062,-2029.05692652974,-2026.90287159126,-2097.77649240811,,,,,,,,,,,,,,,,,,,,,,,,,,,,,,,,,,,,,,,,,,,,,,,,,,,,,,,,,,,,,,,,,,,,,,,,,,,,,,,,,,,,,
,,,,,,,,,,,,,,,,,,,404.19,1.23621928184992,404.19,1.22683792599121,404.19,1.23406775297833,404.19,1.24098866643525,404.19,1.22854755513265,,404.19,-2035.73877349937,-1970.07707558576,-1980.96482356012,-2141.51916176529,-2036.372229889,,,,,,,,,,,,,,,,,,,,,,,,,,,,,,,,,,,,,,,,,,,,,,,,,,,,,,,,,,,,,,,,,,,,,,,,,,,,,,,,,,,,,
,,,,,,,,,,,,,,,,,,,404.689,1.23588125460613,404.689,1.22642636687237,404.689,1.22648880318511,404.689,1.23849209346211,404.689,1.23320445959785,,404.689,-2103.15292277547,-2060.72595127005,-1944.07874102668,-2133.77193244655,-1930.70359628276,,,,,,,,,,,,,,,,,,,,,,,,,,,,,,,,,,,,,,,,,,,,,,,,,,,,,,,,,,,,,,,,,,,,,,,,,,,,,,,,,,,,,
,,,,,,,,,,,,,,,,,,,405.188,1.23487340162617,405.188,1.23635702321573,405.188,1.229113632957,405.188,1.23580946626424,405.188,1.23164442134661,,405.188,-2024.72570858443,-2147.70905586602,-2041.4864293529,-2071.51009217058,-1950.99018580458,,,,,,,,,,,,,,,,,,,,,,,,,,,,,,,,,,,,,,,,,,,,,,,,,,,,,,,,,,,,,,,,,,,,,,,,,,,,,,,,,,,,,
,,,,,,,,,,,,,,,,,,,405.687,1.23343526246873,405.687,1.23086005843034,405.687,1.23467386490347,405.687,1.23685830232045,405.687,1.23484450784352,,405.687,-2015.97713023245,-2202.01579524023,-2021.49748046177,-2015.93582185858,-2019.74482742974,,,,,,,,,,,,,,,,,,,,,,,,,,,,,,,,,,,,,,,,,,,,,,,,,,,,,,,,,,,,,,,,,,,,,,,,,,,,,,,,,,,,,
,,,,,,,,,,,,,,,,,,,406.186,1.23533557836173,406.186,1.23880392936469,406.186,1.22971204917399,406.186,1.2428658269615,406.186,1.22541664855151,,406.186,-2087.88701179142,-2263.25252850081,-1993.54239465967,-2072.77784755437,-2061.17204951655,,,,,,,,,,,,,,,,,,,,,,,,,,,,,,,,,,,,,,,,,,,,,,,,,,,,,,,,,,,,,,,,,,,,,,,,,,,,,,,,,,,,,
,,,,,,,,,,,,,,,,,,,406.685,1.23476177159423,406.685,1.22871586839426,406.685,1.23476782533404,406.685,1.24164500380958,406.685,1.23409018434009,,406.685,-2127.6771330819,-2020.26871761749,-1957.52882717542,-2072.72820646106,-1999.65583828386,,,,,,,,,,,,,,,,,,,,,,,,,,,,,,,,,,,,,,,,,,,,,,,,,,,,,,,,,,,,,,,,,,,,,,,,,,,,,,,,,,,,,
,,,,,,,,,,,,,,,,,,,407.184,1.22715922418751,407.184,1.23556145941721,407.184,1.23546982434784,407.184,1.24020471140394,407.184,1.22844692179924,,407.184,-2009.8256036479,-1905.29576366681,-2067.24456409658,-2052.97883544655,-1918.02110554007,,,,,,,,,,,,,,,,,,,,,,,,,,,,,,,,,,,,,,,,,,,,,,,,,,,,,,,,,,,,,,,,,,,,,,,,,,,,,,,,,,,,,
,,,,,,,,,,,,,,,,,,,407.683,1.22975727881787,407.683,1.24057140405408,407.683,1.23255014499328,407.683,1.24254931197291,407.683,1.22844810513142,,407.683,-1947.95994402851,-2163.94417451798,-2099.78582484367,-1999.1299043443,-1874.31007501395,,,,,,,,,,,,,,,,,,,,,,,,,,,,,,,,,,,,,,,,,,,,,,,,,,,,,,,,,,,,,,,,,,,,,,,,,,,,,,,,,,,,,
,,,,,,,,,,,,,,,,,,,408.182,1.22981079883583,408.182,1.23946459568364,408.182,1.23322412745629,408.182,1.23385253853632,408.182,1.23046171491919,,408.182,-2010.42573189221,-2407.80335834277,-2014.25082250517,-2040.35777859338,-2094.53573276862,,,,,,,,,,,,,,,,,,,,,,,,,,,,,,,,,,,,,,,,,,,,,,,,,,,,,,,,,,,,,,,,,,,,,,,,,,,,,,,,,,,,,
,,,,,,,,,,,,,,,,,,,408.681,1.23112420047109,408.681,1.2280066138444,408.681,1.23092313961907,408.681,1.23597188144127,408.681,1.21745909360828,,408.681,-2033.48231937565,-2111.18762784775,-1899.2722795506,-2014.39310972487,-2089.72263732423,,,,,,,,,,,,,,,,,,,,,,,,,,,,,,,,,,,,,,,,,,,,,,,,,,,,,,,,,,,,,,,,,,,,,,,,,,,,,,,,,,,,,
,,,,,,,,,,,,,,,,,,,409.18,1.22662957496686,409.18,1.23021969497479,409.18,1.23430057310633,409.18,1.24087405817766,409.18,1.22948402266636,,409.18,-2016.17226507929,-1875.97857757848,-1910.99856027067,-2031.78084927491,-2026.67447555449,,,,,,,,,,,,,,,,,,,,,,,,,,,,,,,,,,,,,,,,,,,,,,,,,,,,,,,,,,,,,,,,,,,,,,,,,,,,,,,,,,,,,
,,,,,,,,,,,,,,,,,,,409.679,1.23409392340774,409.679,1.24276953308631,409.679,1.2310118248667,409.679,1.23502714234891,409.679,1.22000220985281,,409.679,-2082.351293108,-2098.33238618962,-2113.54688430526,-2153.10775415437,-1922.39360035892,,,,,,,,,,,,,,,,,,,,,,,,,,,,,,,,,,,,,,,,,,,,,,,,,,,,,,,,,,,,,,,,,,,,,,,,,,,,,,,,,,,,,
,,,,,,,,,,,,,,,,,,,410.178,1.22748396889536,410.178,1.23872995655461,410.178,1.23060285836727,410.178,1.23536386852902,410.178,1.22609718054733,,410.178,-2061.36138318258,-2221.82133422453,-2094.94325518217,-2132.86090874146,-1963.20812217289,,,,,,,,,,,,,,,,,,,,,,,,,,,,,,,,,,,,,,,,,,,,,,,,,,,,,,,,,,,,,,,,,,,,,,,,,,,,,,,,,,,,,
,,,,,,,,,,,,,,,,,,,410.677,1.23114940224273,410.677,1.23138785561134,410.677,1.23297901704757,410.677,1.23467561019082,410.677,1.22426624129934,,410.677,-1982.19405711449,-2183.76557708615,-1933.36187231576,-2019.30520293042,-1978.47511468428,,,,,,,,,,,,,,,,,,,,,,,,,,,,,,,,,,,,,,,,,,,,,,,,,,,,,,,,,,,,,,,,,,,,,,,,,,,,,,,,,,,,,
,,,,,,,,,,,,,,,,,,,411.176,1.22691373805163,411.176,1.23813390728904,411.176,1.22765904439134,411.176,1.23577575805817,411.176,1.22568471980484,,411.176,-1975.84869053415,-2081.50103383389,-1866.458381297,-2035.06407606242,-1965.41079520478,,,,,,,,,,,,,,,,,,,,,,,,,,,,,,,,,,,,,,,,,,,,,,,,,,,,,,,,,,,,,,,,,,,,,,,,,,,,,,,,,,,,,
,,,,,,,,,,,,,,,,,,,411.675,1.23101561664336,411.675,1.23546048281562,411.675,1.23225358736898,411.675,1.23435588420678,411.675,1.22483923826929,,411.675,-2054.52412942548,-2117.19803696158,-1940.96761857114,-2004.7579686835,-1917.48518887467,,,,,,,,,,,,,,,,,,,,,,,,,,,,,,,,,,,,,,,,,,,,,,,,,,,,,,,,,,,,,,,,,,,,,,,,,,,,,,,,,,,,,
,,,,,,,,,,,,,,,,,,,412.174,1.2308520791148,412.174,1.24059596198121,412.174,1.22956231027581,412.174,1.23586124304202,412.174,1.22796099254746,,412.174,-2126.56148637562,-2184.95828260916,-2061.65750692014,-1972.43692152092,-2049.91048286629,,,,,,,,,,,,,,,,,,,,,,,,,,,,,,,,,,,,,,,,,,,,,,,,,,,,,,,,,,,,,,,,,,,,,,,,,,,,,,,,,,,,,
,,,,,,,,,,,,,,,,,,,412.673,1.23041035655643,412.673,1.23380852572075,412.673,1.23154055528887,412.673,1.2393987221148,412.673,1.22316280509132,,412.673,-2046.55006750461,-2157.61323228011,-2099.29062613808,-2067.11723559051,-2117.98595666905,,,,,,,,,,,,,,,,,,,,,,,,,,,,,,,,,,,,,,,,,,,,,,,,,,,,,,,,,,,,,,,,,,,,,,,,,,,,,,,,,,,,,
,,,,,,,,,,,,,,,,,,,413.172,1.2280745578752,413.172,1.23950056491643,413.172,1.22101281746814,413.172,1.23802297789288,413.172,1.22909443122682,,413.172,-1915.67907654014,-2161.91437908053,-1948.82638099497,-2011.28857497566,-1984.19823096088,,,,,,,,,,,,,,,,,,,,,,,,,,,,,,,,,,,,,,,,,,,,,,,,,,,,,,,,,,,,,,,,,,,,,,,,,,,,,,,,,,,,,
,,,,,,,,,,,,,,,,,,,413.671,1.23214595831935,413.671,1.23929264929725,413.671,1.23186929791225,413.671,1.23103734084375,413.671,1.23251900207767,,413.671,-1940.86802847743,-2047.32851393124,-1889.55372112172,-1970.42033067354,-1946.54304528174,,,,,,,,,,,,,,,,,,,,,,,,,,,,,,,,,,,,,,,,,,,,,,,,,,,,,,,,,,,,,,,,,,,,,,,,,,,,,,,,,,,,,
,,,,,,,,,,,,,,,,,,,414.17,1.24000676370531,414.17,1.22664923762877,414.17,1.22892398609585,414.17,1.23726003253384,414.17,1.22603912297311,,414.17,-2085.94289750466,-2032.39117539513,-1922.25128430901,-2040.48303007348,-2012.81564279471,,,,,,,,,,,,,,,,,,,,,,,,,,,,,,,,,,,,,,,,,,,,,,,,,,,,,,,,,,,,,,,,,,,,,,,,,,,,,,,,,,,,,
,,,,,,,,,,,,,,,,,,,414.669,1.23035660155422,414.669,1.2322266761518,414.669,1.22877670643376,414.669,1.24128356421932,414.669,1.23405654495819,,414.669,-2058.75399167783,-2126.50868842501,-2051.8732617418,-2223.72211263204,-2148.53773394964,,,,,,,,,,,,,,,,,,,,,,,,,,,,,,,,,,,,,,,,,,,,,,,,,,,,,,,,,,,,,,,,,,,,,,,,,,,,,,,,,,,,,
,,,,,,,,,,,,,,,,,,,415.168,1.23683518844917,415.168,1.23302502956861,415.168,1.23095514682077,415.168,1.2319793294631,415.168,1.22605506302814,,415.168,-2028.77696302416,-2119.00084828954,-2039.66401372092,-2079.97913152479,-2130.84859834799,,,,,,,,,,,,,,,,,,,,,,,,,,,,,,,,,,,,,,,,,,,,,,,,,,,,,,,,,,,,,,,,,,,,,,,,,,,,,,,,,,,,,
,,,,,,,,,,,,,,,,,,,415.667,1.22565624949312,415.667,1.23042141841955,415.667,1.22708022736081,415.667,1.23929239083988,415.667,1.22879028524576,,415.667,-1867.85729884656,-2089.95749597462,-1969.26916432314,-1895.37062424078,-1971.74150869056,,,,,,,,,,,,,,,,,,,,,,,,,,,,,,,,,,,,,,,,,,,,,,,,,,,,,,,,,,,,,,,,,,,,,,,,,,,,,,,,,,,,,
,,,,,,,,,,,,,,,,,,,416.166,1.2274320700176,416.166,1.22938849958385,416.166,1.22493597090105,416.166,1.23790207722646,416.166,1.22648364365367,,416.166,-1991.911485263,-2137.09293700115,-1908.94269230605,-1947.9140684532,-1841.2638792651,,,,,,,,,,,,,,,,,,,,,,,,,,,,,,,,,,,,,,,,,,,,,,,,,,,,,,,,,,,,,,,,,,,,,,,,,,,,,,,,,,,,,
,,,,,,,,,,,,,,,,,,,416.665,1.22395852362318,416.665,1.23692760567379,416.665,1.22785488535524,416.665,1.23592580334061,416.665,1.23176864829892,,416.665,-2058.7431474763,-2079.70586469251,-1911.72812524018,-2159.88829203387,-1935.45658410386,,,,,,,,,,,,,,,,,,,,,,,,,,,,,,,,,,,,,,,,,,,,,,,,,,,,,,,,,,,,,,,,,,,,,,,,,,,,,,,,,,,,,
,,,,,,,,,,,,,,,,,,,417.164,1.23196086032937,417.164,1.22951295964102,417.164,1.22303226351634,417.164,1.23666324770046,417.164,1.22570972978411,,417.164,-2103.57371096362,-2067.59233738382,-2039.90684349001,-2158.68203771904,-2105.59420477984,,,,,,,,,,,,,,,,,,,,,,,,,,,,,,,,,,,,,,,,,,,,,,,,,,,,,,,,,,,,,,,,,,,,,,,,,,,,,,,,,,,,,
,,,,,,,,,,,,,,,,,,,417.663,1.22672273877958,417.663,1.22214124839333,417.663,1.23020915653443,417.663,1.23216161322045,417.663,1.22735361571796,,417.663,-1944.46770958907,-2046.24985324995,-2094.67610860198,-2031.41400881497,-2126.67386688129,,,,,,,,,,,,,,,,,,,,,,,,,,,,,,,,,,,,,,,,,,,,,,,,,,,,,,,,,,,,,,,,,,,,,,,,,,,,,,,,,,,,,
,,,,,,,,,,,,,,,,,,,418.162,1.22569915201068,418.162,1.22596988809611,418.162,1.22117360642119,418.162,1.23268450661652,418.162,1.23520909996215,,418.162,-1883.55986802659,-2138.23231700578,-1873.58360436044,-1979.63145097776,-2077.56216353692,,,,,,,,,,,,,,,,,,,,,,,,,,,,,,,,,,,,,,,,,,,,,,,,,,,,,,,,,,,,,,,,,,,,,,,,,,,,,,,,,,,,,
,,,,,,,,,,,,,,,,,,,418.661,1.23468656685388,418.661,1.23175416880518,418.661,1.22852954789219,418.661,1.23149830856941,418.661,1.23142257276072,,418.661,-2023.62004612007,-2130.87059902232,-1882.15144007597,-1978.55725386425,-1954.97010535291,,,,,,,,,,,,,,,,,,,,,,,,,,,,,,,,,,,,,,,,,,,,,,,,,,,,,,,,,,,,,,,,,,,,,,,,,,,,,,,,,,,,,
,,,,,,,,,,,,,,,,,,,419.16,1.23534761474949,419.16,1.2202595161154,419.16,1.22471274155269,419.16,1.22795722860728,419.16,1.22870125436919,,419.16,-2118.7808526351,-2077.74696123691,-2040.75513526908,-2013.23568417636,-1916.51261382172,,,,,,,,,,,,,,,,,,,,,,,,,,,,,,,,,,,,,,,,,,,,,,,,,,,,,,,,,,,,,,,,,,,,,,,,,,,,,,,,,,,,,
,,,,,,,,,,,,,,,,,,,419.659,1.23413120824145,419.659,1.21623582881949,419.659,1.22566411814426,419.659,1.23060586657745,419.659,1.23571491392642,,419.659,-2128.35545632637,-2042.64636247202,-2066.35737847308,-2084.5820976635,-2014.25982167088,,,,,,,,,,,,,,,,,,,,,,,,,,,,,,,,,,,,,,,,,,,,,,,,,,,,,,,,,,,,,,,,,,,,,,,,,,,,,,,,,,,,,
,,,,,,,,,,,,,,,,,,,420.158,1.23944418057939,420.158,1.22340391803662,420.158,1.22169209336873,420.158,1.23091744233047,420.158,1.23649469730146,,420.158,-1894.18140232044,-2092.52699575491,-2031.7056035837,-2073.18389421221,-2191.88145426017,,,,,,,,,,,,,,,,,,,,,,,,,,,,,,,,,,,,,,,,,,,,,,,,,,,,,,,,,,,,,,,,,,,,,,,,,,,,,,,,,,,,,
,,,,,,,,,,,,,,,,,,,420.657,1.23433659885405,420.657,1.2254818880567,420.657,1.22285809281201,420.657,1.23206394792185,420.657,1.23088991468345,,420.657,-1862.50413099767,-2091.18730352958,-1928.05405791613,-1979.35799801318,-2126.73377580721,,,,,,,,,,,,,,,,,,,,,,,,,,,,,,,,,,,,,,,,,,,,,,,,,,,,,,,,,,,,,,,,,,,,,,,,,,,,,,,,,,,,,
,,,,,,,,,,,,,,,,,,,421.156,1.24161887497883,421.156,1.22718099573699,421.156,1.2237392370445,421.156,1.23708555878502,421.156,1.23175303630326,,421.156,-2072.31276547305,-2048.02883139728,-1947.25223113787,-2040.83842368245,-1958.52953226735,,,,,,,,,,,,,,,,,,,,,,,,,,,,,,,,,,,,,,,,,,,,,,,,,,,,,,,,,,,,,,,,,,,,,,,,,,,,,,,,,,,,,
,,,,,,,,,,,,,,,,,,,421.655,1.23511993703771,421.655,1.23123952839423,421.655,1.22987764338971,421.655,1.2354590283541,421.655,1.22290179071838,,421.655,-2176.7101334904,-2086.77811127748,-2090.09499272335,-2056.92773719156,-1904.85024035484,,,,,,,,,,,,,,,,,,,,,,,,,,,,,,,,,,,,,,,,,,,,,,,,,,,,,,,,,,,,,,,,,,,,,,,,,,,,,,,,,,,,,
,,,,,,,,,,,,,,,,,,,422.154,1.23813617226409,422.154,1.22705205900883,422.154,1.224244577154,422.154,1.23395088958295,422.154,1.23147194905803,,422.154,-2098.28842975765,-2090.15342979298,-1963.60381513612,-2081.84310408979,-2117.38217183379,,,,,,,,,,,,,,,,,,,,,,,,,,,,,,,,,,,,,,,,,,,,,,,,,,,,,,,,,,,,,,,,,,,,,,,,,,,,,,,,,,,,,
,,,,,,,,,,,,,,,,,,,422.653,1.231100205302,422.653,1.22578371769075,422.653,1.22198282883759,422.653,1.23041759589344,422.653,1.22772866507368,,422.653,-1937.75563532956,-2012.7863864341,-1978.06121128375,-1944.87334112734,-2120.58454138552,,,,,,,,,,,,,,,,,,,,,,,,,,,,,,,,,,,,,,,,,,,,,,,,,,,,,,,,,,,,,,,,,,,,,,,,,,,,,,,,,,,,,
,,,,,,,,,,,,,,,,,,,423.152,1.23242246776209,423.152,1.22647680681551,423.152,1.22104416879234,423.152,1.23319818314869,423.152,1.23368122651668,,423.152,-1856.11387521352,-2045.13306637801,-2000.10877420519,-1962.77074098407,-2014.83482479953,,,,,,,,,,,,,,,,,,,,,,,,,,,,,,,,,,,,,,,,,,,,,,,,,,,,,,,,,,,,,,,,,,,,,,,,,,,,,,,,,,,,,
,,,,,,,,,,,,,,,,,,,423.651,1.23611462733893,423.651,1.22460147335137,423.651,1.22461467204747,423.651,1.23484965382451,423.651,1.24006936421332,,423.651,-2146.23757506431,-2068.36022772044,-2051.55462523523,-2075.12593337918,-1963.2602527378,,,,,,,,,,,,,,,,,,,,,,,,,,,,,,,,,,,,,,,,,,,,,,,,,,,,,,,,,,,,,,,,,,,,,,,,,,,,,,,,,,,,,
,,,,,,,,,,,,,,,,,,,424.15,1.23421639937051,424.15,1.22865689240372,424.15,1.22277228351631,424.15,1.23804377765571,424.15,1.23652105294099,,424.15,-2109.64371439048,-2048.69019882229,-2062.5506218524,-2077.61418852405,-2036.64221940744,,,,,,,,,,,,,,,,,,,,,,,,,,,,,,,,,,,,,,,,,,,,,,,,,,,,,,,,,,,,,,,,,,,,,,,,,,,,,,,,,,,,,
,,,,,,,,,,,,,,,,,,,424.649,1.24306469104569,424.649,1.22411556632024,424.649,1.21994144968501,424.649,1.2312901263672,424.649,1.23730685369836,,424.649,-1987.19012139789,-2002.23492826989,-1968.05112854636,-1979.77474068131,-2183.22781628547,,,,,,,,,,,,,,,,,,,,,,,,,,,,,,,,,,,,,,,,,,,,,,,,,,,,,,,,,,,,,,,,,,,,,,,,,,,,,,,,,,,,,
,,,,,,,,,,,,,,,,,,,425.148,1.23188525209872,425.148,1.23149746442858,425.148,1.22762662994684,425.148,1.23020310512491,425.148,1.23035682520858,,425.148,-1951.5871364015,-2032.59608540795,-1987.4964900247,-2037.74460408425,-2066.54519253959,,,,,,,,,,,,,,,,,,,,,,,,,,,,,,,,,,,,,,,,,,,,,,,,,,,,,,,,,,,,,,,,,,,,,,,,,,,,,,,,,,,,,
,,,,,,,,,,,,,,,,,,,425.647,1.23583148714249,425.647,1.23732684171611,425.647,1.22528349089561,425.647,1.23536072613862,425.647,1.23368401546956,,425.647,-1945.30532471491,-2113.26199834891,-1991.59966717933,-2094.83063453134,-1935.64336601564,,,,,,,,,,,,,,,,,,,,,,,,,,,,,,,,,,,,,,,,,,,,,,,,,,,,,,,,,,,,,,,,,,,,,,,,,,,,,,,,,,,,,
,,,,,,,,,,,,,,,,,,,426.146,1.23273687937988,426.146,1.22455378135889,426.146,1.22490485324993,426.146,1.23317026922843,426.146,1.2308975695906,,426.146,-2012.41283719931,-2093.89590732983,-2013.97882277791,-2063.58628716142,-1893.50281142167,,,,,,,,,,,,,,,,,,,,,,,,,,,,,,,,,,,,,,,,,,,,,,,,,,,,,,,,,,,,,,,,,,,,,,,,,,,,,,,,,,,,,
,,,,,,,,,,,,,,,,,,,426.645,1.23703907723418,426.645,1.22652946905295,426.645,1.2232236945838,426.645,1.23444427067251,426.645,1.24339804695777,,426.645,-2060.32747264596,-2115.3299157254,-2001.87389626741,-2089.58717877828,-2096.89508946422,,,,,,,,,,,,,,,,,,,,,,,,,,,,,,,,,,,,,,,,,,,,,,,,,,,,,,,,,,,,,,,,,,,,,,,,,,,,,,,,,,,,,
,,,,,,,,,,,,,,,,,,,427.144,1.23227061863967,427.144,1.22374857156109,427.144,1.22249964174082,427.144,1.24047153966903,427.144,1.23678924262179,,427.144,-2058.38866804048,-1989.93894554636,-2010.03057301724,-2027.76104079441,-2184.60788874184,,,,,,,,,,,,,,,,,,,,,,,,,,,,,,,,,,,,,,,,,,,,,,,,,,,,,,,,,,,,,,,,,,,,,,,,,,,,,,,,,,,,,
,,,,,,,,,,,,,,,,,,,427.643,1.22777329678938,427.643,1.22441961553556,427.643,1.22445763855498,427.643,1.24054008398404,427.643,1.23055434403849,,427.643,-1994.39297743387,-2020.81387735021,-1992.32555001448,-2033.60409550934,-2044.09590622806,,,,,,,,,,,,,,,,,,,,,,,,,,,,,,,,,,,,,,,,,,,,,,,,,,,,,,,,,,,,,,,,,,,,,,,,,,,,,,,,,,,,,
,,,,,,,,,,,,,,,,,,,428.142,1.23343185667954,428.142,1.22655959336788,428.142,1.23010590037937,428.142,1.23068529508196,428.142,1.23085956664907,,428.142,-2014.03654451673,-2082.41832608994,-2049.9179769161,-2015.20722447483,-1904.90951694099,,,,,,,,,,,,,,,,,,,,,,,,,,,,,,,,,,,,,,,,,,,,,,,,,,,,,,,,,,,,,,,,,,,,,,,,,,,,,,,,,,,,,
,,,,,,,,,,,,,,,,,,,428.641,1.22216707833835,428.641,1.22208771594357,428.641,1.22581120653751,428.641,1.23403746176263,428.641,1.22300986971188,,428.641,-2000.43649024313,-2123.40489471644,-2014.96725995216,-2035.10356787753,-1959.09869170821,,,,,,,,,,,,,,,,,,,,,,,,,,,,,,,,,,,,,,,,,,,,,,,,,,,,,,,,,,,,,,,,,,,,,,,,,,,,,,,,,,,,,
,,,,,,,,,,,,,,,,,,,429.14,1.23547149798342,429.14,1.21976278469606,429.14,1.22248307669632,429.14,1.23364328216008,429.14,1.23421443160028,,429.14,-2080.95971245172,-2115.42283830139,-1923.11802899014,-2131.35505431237,-2096.08359593351,,,,,,,,,,,,,,,,,,,,,,,,,,,,,,,,,,,,,,,,,,,,,,,,,,,,,,,,,,,,,,,,,,,,,,,,,,,,,,,,,,,,,
,,,,,,,,,,,,,,,,,,,429.639,1.23407353204192,429.639,1.22311441614857,429.639,1.23246935519685,429.639,1.23451752056711,429.639,1.22102447831792,,429.639,-2087.66384466313,-2065.20952174235,-1940.83392872895,-2079.61862829435,-1989.95424640602,,,,,,,,,,,,,,,,,,,,,,,,,,,,,,,,,,,,,,,,,,,,,,,,,,,,,,,,,,,,,,,,,,,,,,,,,,,,,,,,,,,,,
,,,,,,,,,,,,,,,,,,,430.138,1.22599964480412,430.138,1.22028003096778,430.138,1.22952261382623,430.138,1.23754815226037,430.138,1.22172614318804,,430.138,-1991.75132682373,-1979.10332240816,-2071.25618830117,-1943.94976781283,-1863.28331333475,,,,,,,,,,,,,,,,,,,,,,,,,,,,,,,,,,,,,,,,,,,,,,,,,,,,,,,,,,,,,,,,,,,,,,,,,,,,,,,,,,,,,
,,,,,,,,,,,,,,,,,,,430.637,1.22386843744159,430.637,1.22985475589634,430.637,1.23054457690978,430.637,1.23542634979802,430.637,1.22895733071641,,430.637,-1980.0430948495,-1995.65386448653,-2092.7588038206,-1959.05427810432,-1964.88016657772,,,,,,,,,,,,,,,,,,,,,,,,,,,,,,,,,,,,,,,,,,,,,,,,,,,,,,,,,,,,,,,,,,,,,,,,,,,,,,,,,,,,,
,,,,,,,,,,,,,,,,,,,431.136,1.23534938558906,431.136,1.23263268055893,431.136,1.21966189422865,431.136,1.24328549486737,431.136,1.23168205752575,,431.136,-1988.19379495018,-2111.88337242934,-1947.82680795568,-2140.10941332419,-2154.78015303809,,,,,,,,,,,,,,,,,,,,,,,,,,,,,,,,,,,,,,,,,,,,,,,,,,,,,,,,,,,,,,,,,,,,,,,,,,,,,,,,,,,,,
,,,,,,,,,,,,,,,,,,,431.635,1.22810780522875,431.635,1.22259952022605,431.635,1.22910255092532,431.635,1.23337707068871,431.635,1.22476920765155,,431.635,-2003.6175241974,-2111.92069884309,-1957.48933363534,-2110.5076316903,-2086.20455333057,,,,,,,,,,,,,,,,,,,,,,,,,,,,,,,,,,,,,,,,,,,,,,,,,,,,,,,,,,,,,,,,,,,,,,,,,,,,,,,,,,,,,
,,,,,,,,,,,,,,,,,,,432.134,1.23416016501395,432.134,1.22734005234345,432.134,1.22802444980194,432.134,1.24010903624349,432.134,1.21956533455935,,432.134,-2037.28720853922,-2025.4492960306,-2006.25672154279,-2023.46709532896,-1881.37604103782,,,,,,,,,,,,,,,,,,,,,,,,,,,,,,,,,,,,,,,,,,,,,,,,,,,,,,,,,,,,,,,,,,,,,,,,,,,,,,,,,,,,,
,,,,,,,,,,,,,,,,,,,432.633,1.23058911350445,432.633,1.22339831294883,432.633,1.23244526142201,432.633,1.23157444027985,432.633,1.22744301286468,,432.633,-1969.69207900001,-2030.42991034848,-2062.76426651381,-1989.17976453459,-1945.59974871187,,,,,,,,,,,,,,,,,,,,,,,,,,,,,,,,,,,,,,,,,,,,,,,,,,,,,,,,,,,,,,,,,,,,,,,,,,,,,,,,,,,,,
,,,,,,,,,,,,,,,,,,,433.132,1.23273900498148,433.132,1.21652488590937,433.132,1.22777762578998,433.132,1.2331759436404,433.132,1.2263816376627,,433.132,-2080.93463867901,-2030.65624987185,-2008.5026612746,-2010.27012164805,-2040.70680782207,,,,,,,,,,,,,,,,,,,,,,,,,,,,,,,,,,,,,,,,,,,,,,,,,,,,,,,,,,,,,,,,,,,,,,,,,,,,,,,,,,,,,
,,,,,,,,,,,,,,,,,,,433.631,1.22630779048055,433.631,1.21795800971852,433.631,1.22265294126453,433.631,1.23698426128888,433.631,1.22836225232887,,433.631,-2016.96582413509,-2135.08927889686,-1934.22272568487,-2012.72530335653,-2069.91897849527,,,,,,,,,,,,,,,,,,,,,,,,,,,,,,,,,,,,,,,,,,,,,,,,,,,,,,,,,,,,,,,,,,,,,,,,,,,,,,,,,,,,,
,,,,,,,,,,,,,,,,,,,434.13,1.23010328020744,434.13,1.22061383064664,434.13,1.23121304603669,434.13,1.23096385138328,434.13,1.22938074318434,,434.13,-1945.16298079124,-2036.42357783814,-2029.71659224164,-1966.5175897378,-1948.86026113929,,,,,,,,,,,,,,,,,,,,,,,,,,,,,,,,,,,,,,,,,,,,,,,,,,,,,,,,,,,,,,,,,,,,,,,,,,,,,,,,,,,,,
,,,,,,,,,,,,,,,,,,,434.629,1.22907928118452,434.629,1.22283983258334,434.629,1.23226774514725,434.629,1.23977661361954,434.629,1.23533475978267,,434.629,-1952.22585334332,-1984.30148349976,-2065.54355981718,-1992.61883791146,-1963.25042958145,,,,,,,,,,,,,,,,,,,,,,,,,,,,,,,,,,,,,,,,,,,,,,,,,,,,,,,,,,,,,,,,,,,,,,,,,,,,,,,,,,,,,
,,,,,,,,,,,,,,,,,,,435.128,1.23283651745219,435.128,1.22915448458824,435.128,1.23021655723114,435.128,1.23062397312258,435.128,1.22905237070493,,435.128,-2166.10661273213,-2100.81237897458,-2087.95072032933,-2021.89441939042,-2010.00643148518,,,,,,,,,,,,,,,,,,,,,,,,,,,,,,,,,,,,,,,,,,,,,,,,,,,,,,,,,,,,,,,,,,,,,,,,,,,,,,,,,,,,,
,,,,,,,,,,,,,,,,,,,435.627,1.23065247625964,435.627,1.22102447184216,435.627,1.22819388150418,435.627,1.24612775445587,435.627,1.23552015993168,,435.627,-2160.86313987894,-2130.50876243691,-1993.88170979343,-2205.79636495624,-2088.90355620785,,,,,,,,,,,,,,,,,,,,,,,,,,,,,,,,,,,,,,,,,,,,,,,,,,,,,,,,,,,,,,,,,,,,,,,,,,,,,,,,,,,,,
,,,,,,,,,,,,,,,,,,,436.126,1.22927057096581,436.126,1.21938749499675,436.126,1.22712130147335,436.126,1.24123354393228,436.126,1.23508297393636,,436.126,-2046.924164435,-2053.27812097359,-1861.15475368632,-2083.16614943357,-1989.01339506021,,,,,,,,,,,,,,,,,,,,,,,,,,,,,,,,,,,,,,,,,,,,,,,,,,,,,,,,,,,,,,,,,,,,,,,,,,,,,,,,,,,,,
,,,,,,,,,,,,,,,,,,,436.625,1.2255286534391,436.625,1.22311676802869,436.625,1.22524678710857,436.625,1.23394068023178,436.625,1.23299518494322,,436.625,-1872.05206413914,-2020.54607355705,-1914.80134409673,-1967.36718529175,-1986.71087025794,,,,,,,,,,,,,,,,,,,,,,,,,,,,,,,,,,,,,,,,,,,,,,,,,,,,,,,,,,,,,,,,,,,,,,,,,,,,,,,,,,,,,
,,,,,,,,,,,,,,,,,,,437.124,1.2290212559716,437.124,1.23539664504207,437.124,1.23031211913144,437.124,1.22707715524563,437.124,1.23187026216288,,437.124,-1969.43937047484,-2080.13171438256,-2113.44312338735,-1983.02256631983,-2075.03844809495,,,,,,,,,,,,,,,,,,,,,,,,,,,,,,,,,,,,,,,,,,,,,,,,,,,,,,,,,,,,,,,,,,,,,,,,,,,,,,,,,,,,,
,,,,,,,,,,,,,,,,,,,437.623,1.22452193003605,437.623,1.23029639234811,437.623,1.21840406827514,437.623,1.23952877416899,437.623,1.229720642528,,437.623,-2087.65975655129,-2056.93138015051,-2048.53869940284,-2126.07921245663,-2038.40047232783,,,,,,,,,,,,,,,,,,,,,,,,,,,,,,,,,,,,,,,,,,,,,,,,,,,,,,,,,,,,,,,,,,,,,,,,,,,,,,,,,,,,,
,,,,,,,,,,,,,,,,,,,438.122,1.2275164792135,438.122,1.22824633116145,438.122,1.2163355023721,438.122,1.23959141775607,438.122,1.22575104801672,,438.122,-2171.01998146492,-2178.79549358291,-1809.8894187167,-2083.984874677,-2023.83310355119,,,,,,,,,,,,,,,,,,,,,,,,,,,,,,,,,,,,,,,,,,,,,,,,,,,,,,,,,,,,,,,,,,,,,,,,,,,,,,,,,,,,,
,,,,,,,,,,,,,,,,,,,438.621,1.22423311634471,438.621,1.22858067614927,438.621,1.23111943426733,438.621,1.23721575011739,438.621,1.23274888335928,,438.621,-1981.72436023013,-2145.88486067656,-1875.63670941345,-1904.86540641191,-2003.91044499822,,,,,,,,,,,,,,,,,,,,,,,,,,,,,,,,,,,,,,,,,,,,,,,,,,,,,,,,,,,,,,,,,,,,,,,,,,,,,,,,,,,,,
,,,,,,,,,,,,,,,,,,,439.12,1.22382628443883,439.12,1.23363958676202,439.12,1.22315437187649,439.12,1.2342418609857,439.12,1.22786019347085,,439.12,-1929.62590512959,-1997.69401828918,-2137.78077881476,-2077.37824783571,-1981.52784481462,,,,,,,,,,,,,,,,,,,,,,,,,,,,,,,,,,,,,,,,,,,,,,,,,,,,,,,,,,,,,,,,,,,,,,,,,,,,,,,,,,,,,
,,,,,,,,,,,,,,,,,,,439.619,1.23071790869059,439.619,1.22300742628494,439.619,1.2209738709214,439.619,1.24245084822989,439.619,1.22869978770919,,439.619,-2007.36528246747,-1965.92400309289,-2083.30980015775,-2187.4282804661,-2000.15544803312,,,,,,,,,,,,,,,,,,,,,,,,,,,,,,,,,,,,,,,,,,,,,,,,,,,,,,,,,,,,,,,,,,,,,,,,,,,,,,,,,,,,,
,,,,,,,,,,,,,,,,,,,440.118,1.23314605496268,440.118,1.22543308579282,440.118,1.22340568786902,440.118,1.23616150345299,440.118,1.22956118727776,,440.118,-2069.28368489936,-2212.32295223602,-1934.56376183931,-2029.34180834381,-1971.56845066852,,,,,,,,,,,,,,,,,,,,,,,,,,,,,,,,,,,,,,,,,,,,,,,,,,,,,,,,,,,,,,,,,,,,,,,,,,,,,,,,,,,,,
,,,,,,,,,,,,,,,,,,,440.617,1.22280532496145,440.617,1.23248980954547,440.617,1.21995997555292,440.617,1.23954148282453,440.617,1.23485864725474,,440.617,-2104.2922241466,-2180.28018452045,-1915.2150713428,-1905.06166128093,-2077.78780897607,,,,,,,,,,,,,,,,,,,,,,,,,,,,,,,,,,,,,,,,,,,,,,,,,,,,,,,,,,,,,,,,,,,,,,,,,,,,,,,,,,,,,
,,,,,,,,,,,,,,,,,,,441.116,1.23319748007468,441.116,1.22947914998486,441.116,1.22355943742159,441.116,1.23991055131425,441.116,1.22991055769833,,441.116,-2091.75318560099,-1967.00818918079,-2049.31560235925,-2011.70027776149,-2093.54483123849,,,,,,,,,,,,,,,,,,,,,,,,,,,,,,,,,,,,,,,,,,,,,,,,,,,,,,,,,,,,,,,,,,,,,,,,,,,,,,,,,,,,,
,,,,,,,,,,,,,,,,,,,441.615,1.22156868362088,441.615,1.22965981452602,441.615,1.23171313212657,441.615,1.23006693825267,441.615,1.22713289151496,,441.615,-1959.11967134388,-1952.17343080719,-2172.1860142238,-2166.01433059541,-2037.26565210933,,,,,,,,,,,,,,,,,,,,,,,,,,,,,,,,,,,,,,,,,,,,,,,,,,,,,,,,,,,,,,,,,,,,,,,,,,,,,,,,,,,,,
,,,,,,,,,,,,,,,,,,,442.114,1.22298503195083,442.114,1.22515394209477,442.114,1.22611820264569,442.114,1.23288871673353,442.114,1.22899951406125,,442.114,-2030.17754869105,-2143.18171481571,-1982.57471463403,-2129.89509753739,-1946.01802977756,,,,,,,,,,,,,,,,,,,,,,,,,,,,,,,,,,,,,,,,,,,,,,,,,,,,,,,,,,,,,,,,,,,,,,,,,,,,,,,,,,,,,
,,,,,,,,,,,,,,,,,,,442.613,1.22759411007095,442.613,1.22732395989193,442.613,1.2240479958795,442.613,1.23326053859,442.613,1.22122336348937,,442.613,-2038.27270737584,-2144.40564908038,-1828.65823692962,-1998.91623567755,-1988.16940430283,,,,,,,,,,,,,,,,,,,,,,,,,,,,,,,,,,,,,,,,,,,,,,,,,,,,,,,,,,,,,,,,,,,,,,,,,,,,,,,,,,,,,
,,,,,,,,,,,,,,,,,,,443.112,1.22644793241005,443.112,1.22722237659815,443.112,1.23286278953435,443.112,1.2318170303992,443.112,1.22884509116391,,443.112,-2021.33119063789,-2065.10549947276,-1994.95624497401,-1841.45303631446,-2046.619405514,,,,,,,,,,,,,,,,,,,,,,,,,,,,,,,,,,,,,,,,,,,,,,,,,,,,,,,,,,,,,,,,,,,,,,,,,,,,,,,,,,,,,
,,,,,,,,,,,,,,,,,,,443.611,1.21999383734397,443.611,1.22557052065837,443.611,1.22577643170272,443.611,1.24586235069578,443.611,1.22110660581692,,443.611,-2048.07328353352,-1911.42083432253,-2164.09809152633,-1982.38458223187,-2051.00451476113,,,,,,,,,,,,,,,,,,,,,,,,,,,,,,,,,,,,,,,,,,,,,,,,,,,,,,,,,,,,,,,,,,,,,,,,,,,,,,,,,,,,,
,,,,,,,,,,,,,,,,,,,444.11,1.22737542849644,444.11,1.22180684966257,444.11,1.22759522421647,444.11,1.24515159135543,444.11,1.235219442192,,444.11,-2057.54417534042,-1956.61451663917,-2111.29053099127,-2223.82474820742,-1989.89286193616,,,,,,,,,,,,,,,,,,,,,,,,,,,,,,,,,,,,,,,,,,,,,,,,,,,,,,,,,,,,,,,,,,,,,,,,,,,,,,,,,,,,,
,,,,,,,,,,,,,,,,,,,444.609,1.22233054007637,444.609,1.22679023093142,444.609,1.22726038077856,444.609,1.23232854316408,444.609,1.22825737070431,,444.609,-2028.59000714543,-2056.72998365461,-1983.98770443476,-2195.04329780574,-1973.06643341917,,,,,,,,,,,,,,,,,,,,,,,,,,,,,,,,,,,,,,,,,,,,,,,,,,,,,,,,,,,,,,,,,,,,,,,,,,,,,,,,,,,,,
,,,,,,,,,,,,,,,,,,,445.108,1.22377953057262,445.108,1.22431567678205,445.108,1.22852813771217,445.108,1.24032739901995,445.108,1.22507941975526,,445.108,-2069.84513687762,-2116.22456385609,-1880.64865678353,-2045.80170637269,-2035.93018221536,,,,,,,,,,,,,,,,,,,,,,,,,,,,,,,,,,,,,,,,,,,,,,,,,,,,,,,,,,,,,,,,,,,,,,,,,,,,,,,,,,,,,
,,,,,,,,,,,,,,,,,,,445.607,1.23065615124716,445.607,1.22238815596102,445.607,1.22983854249175,445.607,1.23863643903547,445.607,1.23601119007835,,445.607,-2126.03363018265,-2077.56003535098,-2024.29036727295,-1938.90607239001,-2095.3098771697,,,,,,,,,,,,,,,,,,,,,,,,,,,,,,,,,,,,,,,,,,,,,,,,,,,,,,,,,,,,,,,,,,,,,,,,,,,,,,,,,,,,,
,,,,,,,,,,,,,,,,,,,446.106,1.22664257987452,446.106,1.22140594004019,446.106,1.2360284330361,446.106,1.24219088114396,446.106,1.23032768716876,,446.106,-1970.04665051846,-2049.16667043815,-2078.47400062109,-2007.89296592231,-2031.50027422007,,,,,,,,,,,,,,,,,,,,,,,,,,,,,,,,,,,,,,,,,,,,,,,,,,,,,,,,,,,,,,,,,,,,,,,,,,,,,,,,,,,,,
,,,,,,,,,,,,,,,,,,,446.605,1.23297051917566,446.605,1.22121782073784,446.605,1.23016815276,446.605,1.24012203520902,446.605,1.22749196225222,,446.605,-1967.91116085489,-2010.07635484446,-2123.37216899504,-2091.41747640172,-2080.41724704848,,,,,,,,,,,,,,,,,,,,,,,,,,,,,,,,,,,,,,,,,,,,,,,,,,,,,,,,,,,,,,,,,,,,,,,,,,,,,,,,,,,,,
,,,,,,,,,,,,,,,,,,,447.104,1.21885575754306,447.104,1.22105424401172,447.104,1.2283377682114,447.104,1.22914348319554,447.104,1.22914874086301,,447.104,-1982.53121073638,-1998.74885520326,-2053.38587587708,-2064.88141287893,-1932.91467068481,,,,,,,,,,,,,,,,,,,,,,,,,,,,,,,,,,,,,,,,,,,,,,,,,,,,,,,,,,,,,,,,,,,,,,,,,,,,,,,,,,,,,
,,,,,,,,,,,,,,,,,,,447.603,1.22990045906944,447.603,1.22033937603245,447.603,1.22185129920316,447.603,1.23487040060764,447.603,1.23463756132326,,447.603,-2159.85627490086,-2054.85638459887,-1962.43002412386,-1983.79317717539,-1993.74632357815,,,,,,,,,,,,,,,,,,,,,,,,,,,,,,,,,,,,,,,,,,,,,,,,,,,,,,,,,,,,,,,,,,,,,,,,,,,,,,,,,,,,,
,,,,,,,,,,,,,,,,,,,448.102,1.22391312747275,448.102,1.22743888781509,448.102,1.22613538803892,448.102,1.24074457571509,448.102,1.2298241686556,,448.102,-2039.91020668037,-2148.42519440427,-1893.25086327895,-1974.86726213201,-1991.38481916343,,,,,,,,,,,,,,,,,,,,,,,,,,,,,,,,,,,,,,,,,,,,,,,,,,,,,,,,,,,,,,,,,,,,,,,,,,,,,,,,,,,,,
,,,,,,,,,,,,,,,,,,,448.601,1.22638355651929,448.601,1.21511316755894,448.601,1.22648012303462,448.601,1.23539478162713,448.601,1.22656022482009,,448.601,-1933.52051279548,-2008.75013205714,-2037.88828438562,-2039.51344355498,-2009.30338801882,,,,,,,,,,,,,,,,,,,,,,,,,,,,,,,,,,,,,,,,,,,,,,,,,,,,,,,,,,,,,,,,,,,,,,,,,,,,,,,,,,,,,
,,,,,,,,,,,,,,,,,,,449.1,1.22616580409538,449.1,1.21827240764356,449.1,1.23063417733125,449.1,1.23863908482209,449.1,1.2275099989526,,449.1,-1961.50467333136,-1925.34514562848,-2167.38730672944,-2100.36509366341,-1977.45162170404,,,,,,,,,,,,,,,,,,,,,,,,,,,,,,,,,,,,,,,,,,,,,,,,,,,,,,,,,,,,,,,,,,,,,,,,,,,,,,,,,,,,,
,,,,,,,,,,,,,,,,,,,449.599,1.23349484740302,449.599,1.22546910829655,449.599,1.22823769700649,449.599,1.23085860377508,449.599,1.2327858688388,,449.599,-2132.46650825399,-2043.44304524562,-1999.07595470254,-2028.64844452243,-2061.87432625222,,,,,,,,,,,,,,,,,,,,,,,,,,,,,,,,,,,,,,,,,,,,,,,,,,,,,,,,,,,,,,,,,,,,,,,,,,,,,,,,,,,,,
,,,,,,,,,,,,,,,,,,,450.098,1.23806004746744,450.098,1.23144828664969,450.098,1.22856112580689,450.098,1.23626709655819,450.098,1.22460427768,,450.098,-2182.57593531582,-2159.16554139174,-1866.06347570905,-2009.77147551398,-2025.22431206653,,,,,,,,,,,,,,,,,,,,,,,,,,,,,,,,,,,,,,,,,,,,,,,,,,,,,,,,,,,,,,,,,,,,,,,,,,,,,,,,,,,,,
,,,,,,,,,,,,,,,,,,,450.597,1.22531736839117,450.597,1.22498100826696,450.597,1.22620956657307,450.597,1.23719442461693,450.597,1.22750117508897,,450.597,-1975.81524170413,-2055.17670805386,-2009.81504821979,-1977.96678136214,-2008.28185223106,,,,,,,,,,,,,,,,,,,,,,,,,,,,,,,,,,,,,,,,,,,,,,,,,,,,,,,,,,,,,,,,,,,,,,,,,,,,,,,,,,,,,
,,,,,,,,,,,,,,,,,,,451.096,1.22935161643102,451.096,1.22323934696623,451.096,1.2261943821786,451.096,1.24046433176957,451.096,1.23823113616756,,451.096,-1947.74001594939,-1933.39735516402,-2091.69810232488,-2059.20864703306,-2070.04397013375,,,,,,,,,,,,,,,,,,,,,,,,,,,,,,,,,,,,,,,,,,,,,,,,,,,,,,,,,,,,,,,,,,,,,,,,,,,,,,,,,,,,,
,,,,,,,,,,,,,,,,,,,451.595,1.23315106745167,451.595,1.21773167552629,451.595,1.22900175806835,451.595,1.24062683532196,451.595,1.22882939878214,,451.595,-2086.47878904085,-1975.15926762082,-2069.23755995822,-2040.96875797935,-1983.84469356055,,,,,,,,,,,,,,,,,,,,,,,,,,,,,,,,,,,,,,,,,,,,,,,,,,,,,,,,,,,,,,,,,,,,,,,,,,,,,,,,,,,,,
,,,,,,,,,,,,,,,,,,,452.094,1.22805687254614,452.094,1.22355409009826,452.094,1.23279626788297,452.094,1.23045741503954,452.094,1.23288191095349,,452.094,-2166.78450515799,-2080.28254213788,-1916.49140107096,-2078.6910584603,-2009.31298085421,,,,,,,,,,,,,,,,,,,,,,,,,,,,,,,,,,,,,,,,,,,,,,,,,,,,,,,,,,,,,,,,,,,,,,,,,,,,,,,,,,,,,
,,,,,,,,,,,,,,,,,,,452.593,1.23727061528138,452.593,1.23332214489644,452.593,1.23333260896917,452.593,1.2311666434326,452.593,1.22978570493701,,452.593,-2041.5823388136,-2183.68409564276,-1914.01486672697,-2036.69431868367,-1970.38946508827,,,,,,,,,,,,,,,,,,,,,,,,,,,,,,,,,,,,,,,,,,,,,,,,,,,,,,,,,,,,,,,,,,,,,,,,,,,,,,,,,,,,,
,,,,,,,,,,,,,,,,,,,453.092,1.2284997795972,453.092,1.22272843899885,453.092,1.22541479126421,453.092,1.23615283761186,453.092,1.22965649896192,,453.092,-1867.13452167194,-2087.28303538487,-2010.24318431962,-2033.25360143878,-2030.6547489593,,,,,,,,,,,,,,,,,,,,,,,,,,,,,,,,,,,,,,,,,,,,,,,,,,,,,,,,,,,,,,,,,,,,,,,,,,,,,,,,,,,,,
,,,,,,,,,,,,,,,,,,,453.591,1.22914381311677,453.591,1.22123390284906,453.591,1.22626911699435,453.591,1.23778054494145,453.591,1.22532442303225,,453.591,-1907.23058752525,-1892.74229546146,-2087.69731573788,-2042.32903290124,-2082.07052633261,,,,,,,,,,,,,,,,,,,,,,,,,,,,,,,,,,,,,,,,,,,,,,,,,,,,,,,,,,,,,,,,,,,,,,,,,,,,,,,,,,,,,
,,,,,,,,,,,,,,,,,,,454.09,1.23696648575944,454.09,1.23106414585399,454.09,1.22400760169917,454.09,1.23432103162716,454.09,1.23136948022614,,454.09,-2101.33110761961,-1947.93464015948,-2072.24442007814,-2058.57216570788,-2092.70964564352,,,,,,,,,,,,,,,,,,,,,,,,,,,,,,,,,,,,,,,,,,,,,,,,,,,,,,,,,,,,,,,,,,,,,,,,,,,,,,,,,,,,,
,,,,,,,,,,,,,,,,,,,454.589,1.23788538979452,454.589,1.22499935160474,454.589,1.22749172815392,454.589,1.23774866472236,454.589,1.23365108984362,,454.589,-2168.33071418524,-2132.58730614121,-2013.26472426569,-2105.3080529332,-2005.6832614345,,,,,,,,,,,,,,,,,,,,,,,,,,,,,,,,,,,,,,,,,,,,,,,,,,,,,,,,,,,,,,,,,,,,,,,,,,,,,,,,,,,,,
,,,,,,,,,,,,,,,,,,,455.088,1.23405482386846,455.088,1.22435793332181,455.088,1.23183569173963,455.088,1.24004437284192,455.088,1.2310277932845,,455.088,-2119.71498498573,-2150.2963675143,-1941.3583714823,-2131.64782657577,-1974.73439219623,,,,,,,,,,,,,,,,,,,,,,,,,,,,,,,,,,,,,,,,,,,,,,,,,,,,,,,,,,,,,,,,,,,,,,,,,,,,,,,,,,,,,
,,,,,,,,,,,,,,,,,,,455.587,1.2319941658031,455.587,1.22199254110366,455.587,1.2286723456464,455.587,1.23386876330962,455.587,1.23456675492616,,455.587,-1969.75233413536,-2091.42001646304,-1927.40829916088,-2032.1954413871,-2028.342757996,,,,,,,,,,,,,,,,,,,,,,,,,,,,,,,,,,,,,,,,,,,,,,,,,,,,,,,,,,,,,,,,,,,,,,,,,,,,,,,,,,,,,
,,,,,,,,,,,,,,,,,,,456.086,1.23278053993229,456.086,1.22778390342967,456.086,1.2306182111825,456.086,1.24150575464131,456.086,1.23159118277288,,456.086,-2035.47833911195,-2027.3286810985,-2039.81793314346,-1860.07317469826,-2183.88382928853,,,,,,,,,,,,,,,,,,,,,,,,,,,,,,,,,,,,,,,,,,,,,,,,,,,,,,,,,,,,,,,,,,,,,,,,,,,,,,,,,,,,,
,,,,,,,,,,,,,,,,,,,456.585,1.23649531480057,456.585,1.22279626308027,456.585,1.22679924943792,456.585,1.24633434855402,456.585,1.23223306993563,,456.585,-2108.63476280838,-2024.84824111371,-2030.90471047833,-1986.29107925501,-2052.82856071482,,,,,,,,,,,,,,,,,,,,,,,,,,,,,,,,,,,,,,,,,,,,,,,,,,,,,,,,,,,,,,,,,,,,,,,,,,,,,,,,,,,,,
,,,,,,,,,,,,,,,,,,,457.084,1.23596461348842,457.084,1.22380186830487,457.084,1.23163579125183,457.084,1.24091960027732,457.084,1.23124852778488,,457.084,-2101.5024668962,-2078.26304962727,-2116.07632460488,-2065.82173899303,-1945.58175151179,,,,,,,,,,,,,,,,,,,,,,,,,,,,,,,,,,,,,,,,,,,,,,,,,,,,,,,,,,,,,,,,,,,,,,,,,,,,,,,,,,,,,
,,,,,,,,,,,,,,,,,,,457.583,1.23913727954579,457.583,1.21331906145141,457.583,1.2249891834714,457.583,1.23851507173249,457.583,1.23020350703255,,457.583,-2078.53071341792,-2067.95812264452,-2052.9427281596,-2127.40561990346,-1940.93405656342,,,,,,,,,,,,,,,,,,,,,,,,,,,,,,,,,,,,,,,,,,,,,,,,,,,,,,,,,,,,,,,,,,,,,,,,,,,,,,,,,,,,,
,,,,,,,,,,,,,,,,,,,458.082,1.23689290352137,458.082,1.22419082899372,458.082,1.22790370848814,458.082,1.24098811716148,458.082,1.2345411465359,,458.082,-2111.43023072896,-2091.91980316336,-1970.38018260451,-2090.39539983918,-2041.24564841842,,,,,,,,,,,,,,,,,,,,,,,,,,,,,,,,,,,,,,,,,,,,,,,,,,,,,,,,,,,,,,,,,,,,,,,,,,,,,,,,,,,,,
,,,,,,,,,,,,,,,,,,,458.581,1.23587333166033,458.581,1.22935650027701,458.581,1.22734365224958,458.581,1.2403902707389,458.581,1.23507237024358,,458.581,-2043.84423214715,-2069.61335662747,-1925.70747298086,-1992.58156692799,-2084.25638614781,,,,,,,,,,,,,,,,,,,,,,,,,,,,,,,,,,,,,,,,,,,,,,,,,,,,,,,,,,,,,,,,,,,,,,,,,,,,,,,,,,,,,
,,,,,,,,,,,,,,,,,,,459.08,1.24038026789499,459.08,1.22562242365235,459.08,1.23580457111636,459.08,1.24091858341629,459.08,1.22614813718425,,459.08,-1961.20511011998,-2116.30143247523,-1987.12097937585,-1983.34314818324,-2075.57438783097,,,,,,,,,,,,,,,,,,,,,,,,,,,,,,,,,,,,,,,,,,,,,,,,,,,,,,,,,,,,,,,,,,,,,,,,,,,,,,,,,,,,,
,,,,,,,,,,,,,,,,,,,459.579,1.23090552118827,459.579,1.23322277423293,459.579,1.22989821981366,459.579,1.23147585334519,459.579,1.23286490731105,,459.579,-2025.30620283998,-2063.49536400757,-2085.38723667427,-2125.39974318322,-2050.44894407663,,,,,,,,,,,,,,,,,,,,,,,,,,,,,,,,,,,,,,,,,,,,,,,,,,,,,,,,,,,,,,,,,,,,,,,,,,,,,,,,,,,,,
,,,,,,,,,,,,,,,,,,,460.078,1.23642627404655,460.078,1.22728247973997,460.078,1.22753620376589,460.078,1.23080381218229,460.078,1.23538020255228,,460.078,-2112.89261012267,-1976.22474691197,-2035.87944074128,-2119.03302672695,-2060.68085902121,,,,,,,,,,,,,,,,,,,,,,,,,,,,,,,,,,,,,,,,,,,,,,,,,,,,,,,,,,,,,,,,,,,,,,,,,,,,,,,,,,,,,
,,,,,,,,,,,,,,,,,,,460.577,1.23153737415979,460.577,1.22016536047116,460.577,1.22783217438919,460.577,1.23625128947612,460.577,1.22962893171643,,460.577,-2221.6154265229,-1989.33709025391,-1863.55385893162,-1925.18865085752,-2000.59841657268,,,,,,,,,,,,,,,,,,,,,,,,,,,,,,,,,,,,,,,,,,,,,,,,,,,,,,,,,,,,,,,,,,,,,,,,,,,,,,,,,,,,,
,,,,,,,,,,,,,,,,,,,461.076,1.22967373127875,461.076,1.22804669014448,461.076,1.22723423345738,461.076,1.23296257384984,461.076,1.23032576331086,,461.076,-2016.65705985506,-2074.01874744486,-1927.47341392333,-1826.25235242582,-2006.64272881291,,,,,,,,,,,,,,,,,,,,,,,,,,,,,,,,,,,,,,,,,,,,,,,,,,,,,,,,,,,,,,,,,,,,,,,,,,,,,,,,,,,,,
,,,,,,,,,,,,,,,,,,,461.575,1.22595150640502,461.575,1.23506744011462,461.575,1.23334654114839,461.575,1.24512250740015,461.575,1.23454570338092,,461.575,-1816.62533373326,-2142.06378238602,-2058.06620056236,-2077.48297937108,-2022.41103819931,,,,,,,,,,,,,,,,,,,,,,,,,,,,,,,,,,,,,,,,,,,,,,,,,,,,,,,,,,,,,,,,,,,,,,,,,,,,,,,,,,,,,
,,,,,,,,,,,,,,,,,,,462.074,1.23317468487699,462.074,1.22318248751925,462.074,1.22897444992027,462.074,1.23412435489107,462.074,1.23122056227486,,462.074,-2046.07192846634,-2085.14527570322,-2056.98861381498,-2168.40730638157,-2018.00022197381,,,,,,,,,,,,,,,,,,,,,,,,,,,,,,,,,,,,,,,,,,,,,,,,,,,,,,,,,,,,,,,,,,,,,,,,,,,,,,,,,,,,,
,,,,,,,,,,,,,,,,,,,462.573,1.23541142701135,462.573,1.21875407118591,462.573,1.22655864565652,462.573,1.23576670829733,462.573,1.23020443144732,,462.573,-2186.23417051434,-1980.72362577145,-1993.38894764045,-2104.64040249143,-2041.5789495142,,,,,,,,,,,,,,,,,,,,,,,,,,,,,,,,,,,,,,,,,,,,,,,,,,,,,,,,,,,,,,,,,,,,,,,,,,,,,,,,,,,,,
,,,,,,,,,,,,,,,,,,,463.072,1.23613665823623,463.072,1.22285008843945,463.072,1.22231862818888,463.072,1.22813495979727,463.072,1.23454026287736,,463.072,-2216.81667463247,-2062.07514120346,-1887.19355213747,-1952.80534921317,-1971.51676212956,,,,,,,,,,,,,,,,,,,,,,,,,,,,,,,,,,,,,,,,,,,,,,,,,,,,,,,,,,,,,,,,,,,,,,,,,,,,,,,,,,,,,
,,,,,,,,,,,,,,,,,,,463.571,1.23487963756269,463.571,1.22941665205921,463.571,1.23633995841257,463.571,1.23503774290504,463.571,1.22680281366794,,463.571,-2013.39897458463,-2147.88512076905,-1939.33294306881,-1965.61974796858,-2035.28166279537,,,,,,,,,,,,,,,,,,,,,,,,,,,,,,,,,,,,,,,,,,,,,,,,,,,,,,,,,,,,,,,,,,,,,,,,,,,,,,,,,,,,,
,,,,,,,,,,,,,,,,,,,464.07,1.23522229160518,464.07,1.22436215399303,464.07,1.2278359640204,464.07,1.23124320692101,464.07,1.23134789309742,,464.07,-1966.62078874269,-2094.78235150578,-2094.58134797047,-1989.90333741599,-2085.80914596864,,,,,,,,,,,,,,,,,,,,,,,,,,,,,,,,,,,,,,,,,,,,,,,,,,,,,,,,,,,,,,,,,,,,,,,,,,,,,,,,,,,,,
,,,,,,,,,,,,,,,,,,,464.569,1.23488671461789,464.569,1.2249131250354,464.569,1.22737038107082,464.569,1.23323051907324,464.569,1.23303646687238,,464.569,-1999.22592046822,-1977.34042294925,-2072.44861158102,-2087.52297657412,-2113.23460333884,,,,,,,,,,,,,,,,,,,,,,,,,,,,,,,,,,,,,,,,,,,,,,,,,,,,,,,,,,,,,,,,,,,,,,,,,,,,,,,,,,,,,
,,,,,,,,,,,,,,,,,,,465.068,1.23938771075933,465.068,1.22323533576002,465.068,1.22122153269132,465.068,1.22771486491779,465.068,1.23022371446505,,465.068,-2120.36170136548,-1994.83839794895,-1956.85237222471,-2125.58171967129,-1956.00959327788,,,,,,,,,,,,,,,,,,,,,,,,,,,,,,,,,,,,,,,,,,,,,,,,,,,,,,,,,,,,,,,,,,,,,,,,,,,,,,,,,,,,,
,,,,,,,,,,,,,,,,,,,465.567,1.23700696066216,465.567,1.2164013482358,465.567,1.2238171704568,465.567,1.2263688351162,465.567,1.23510931582636,,465.567,-2148.9461791835,-2111.31808944752,-1998.90502450468,-1919.2187437048,-1909.13183844557,,,,,,,,,,,,,,,,,,,,,,,,,,,,,,,,,,,,,,,,,,,,,,,,,,,,,,,,,,,,,,,,,,,,,,,,,,,,,,,,,,,,,
,,,,,,,,,,,,,,,,,,,466.066,1.23509126497033,466.066,1.22622980223478,466.066,1.22636589079658,466.066,1.23364213140173,466.066,1.23142220726996,,466.066,-1994.42561537073,-2149.24533078248,-2009.74468538646,-1872.05817818668,-2078.20800293718,,,,,,,,,,,,,,,,,,,,,,,,,,,,,,,,,,,,,,,,,,,,,,,,,,,,,,,,,,,,,,,,,,,,,,,,,,,,,,,,,,,,,
,,,,,,,,,,,,,,,,,,,466.565,1.22928424434387,466.565,1.2217975647105,466.565,1.2201933937606,466.565,1.23514614545713,466.565,1.23466114473941,,466.565,-1938.82350193267,-2044.60000353754,-1919.14311119813,-2071.59218005499,-2238.819988449,,,,,,,,,,,,,,,,,,,,,,,,,,,,,,,,,,,,,,,,,,,,,,,,,,,,,,,,,,,,,,,,,,,,,,,,,,,,,,,,,,,,,
,,,,,,,,,,,,,,,,,,,467.064,1.23912130585342,467.064,1.2236060003866,467.064,1.2200951241926,467.064,1.23596099997128,467.064,1.23991880919298,,467.064,-1996.04622825863,-2022.6050952441,-2050.02806618752,-2201.68259281494,-2029.04387411212,,,,,,,,,,,,,,,,,,,,,,,,,,,,,,,,,,,,,,,,,,,,,,,,,,,,,,,,,,,,,,,,,,,,,,,,,,,,,,,,,,,,,
,,,,,,,,,,,,,,,,,,,467.563,1.24204466483361,467.563,1.22590981260619,467.563,1.2211087279264,467.563,1.22828685326634,467.563,1.23775200315236,,467.563,-2127.12919322583,-2031.3413894008,-2055.75038977438,-2008.07673798486,-1842.47144074171,,,,,,,,,,,,,,,,,,,,,,,,,,,,,,,,,,,,,,,,,,,,,,,,,,,,,,,,,,,,,,,,,,,,,,,,,,,,,,,,,,,,,
,,,,,,,,,,,,,,,,,,,468.062,1.23132128815599,468.062,1.22614105913398,468.062,1.2230499531089,468.062,1.23589143739533,468.062,1.233216569394,,468.062,-2121.95507209057,-2022.76127702782,-1944.28483387722,-1910.15380980104,-1963.60267769099,,,,,,,,,,,,,,,,,,,,,,,,,,,,,,,,,,,,,,,,,,,,,,,,,,,,,,,,,,,,,,,,,,,,,,,,,,,,,,,,,,,,,
,,,,,,,,,,,,,,,,,,,468.561,1.23383338660062,468.561,1.2238591334192,468.561,1.22452628196098,468.561,1.23032274868318,468.561,1.23228244043206,,468.561,-1997.18990572427,-2048.21279702693,-1886.40413503284,-1961.05013653949,-2125.34073969697,,,,,,,,,,,,,,,,,,,,,,,,,,,,,,,,,,,,,,,,,,,,,,,,,,,,,,,,,,,,,,,,,,,,,,,,,,,,,,,,,,,,,
,,,,,,,,,,,,,,,,,,,469.06,1.23721076643962,469.06,1.22959722297071,469.06,1.21636969842151,469.06,1.23453460098509,469.06,1.23162749519655,,469.06,-1968.62575118337,-2131.11997153182,-1942.52895100357,-2111.97353526914,-2091.78604013588,,,,,,,,,,,,,,,,,,,,,,,,,,,,,,,,,,,,,,,,,,,,,,,,,,,,,,,,,,,,,,,,,,,,,,,,,,,,,,,,,,,,,
,,,,,,,,,,,,,,,,,,,469.559,1.23173495205933,469.559,1.22688628515715,469.559,1.22646444568099,469.559,1.23706457230272,469.559,1.22858571362253,,469.559,-2021.07313193992,-2160.96975524499,-2033.39968377875,-2069.69678150436,-1994.43046567198,,,,,,,,,,,,,,,,,,,,,,,,,,,,,,,,,,,,,,,,,,,,,,,,,,,,,,,,,,,,,,,,,,,,,,,,,,,,,,,,,,,,,
,,,,,,,,,,,,,,,,,,,470.058,1.23832203923906,470.058,1.22366624492476,470.058,1.22447576291952,470.058,1.23437493553838,470.058,1.22953536039196,,470.058,-2134.59291759256,-2057.81348345271,-2007.72719961762,-1940.69944844415,-1981.74850524697,,,,,,,,,,,,,,,,,,,,,,,,,,,,,,,,,,,,,,,,,,,,,,,,,,,,,,,,,,,,,,,,,,,,,,,,,,,,,,,,,,,,,
,,,,,,,,,,,,,,,,,,,470.557,1.23468621119578,470.557,1.22952935777867,470.557,1.22081693671938,470.557,1.23637438727271,470.557,1.23086637677479,,470.557,-2112.82497872168,-2025.05733489105,-1949.83499521857,-1977.66353858561,-1976.03127932855,,,,,,,,,,,,,,,,,,,,,,,,,,,,,,,,,,,,,,,,,,,,,,,,,,,,,,,,,,,,,,,,,,,,,,,,,,,,,,,,,,,,,
,,,,,,,,,,,,,,,,,,,471.056,1.23328318049294,471.056,1.22035540098931,471.056,1.21775780082391,471.056,1.23554666117108,471.056,1.23381640419163,,471.056,-2000.46711959511,-2043.23621405045,-1918.08669657966,-2137.89065028969,-2018.48797962513,,,,,,,,,,,,,,,,,,,,,,,,,,,,,,,,,,,,,,,,,,,,,,,,,,,,,,,,,,,,,,,,,,,,,,,,,,,,,,,,,,,,,
,,,,,,,,,,,,,,,,,,,471.555,1.23101545356174,471.555,1.22618122511154,471.555,1.22289634123506,471.555,1.22643148357033,471.555,1.23039204934157,,471.555,-2046.61420458262,-2084.53269371152,-1981.30660811055,-2103.48944231408,-2039.08051566962,,,,,,,,,,,,,,,,,,,,,,,,,,,,,,,,,,,,,,,,,,,,,,,,,,,,,,,,,,,,,,,,,,,,,,,,,,,,,,,,,,,,,
,,,,,,,,,,,,,,,,,,,472.054,1.23161602114244,472.054,1.22464379041828,472.054,1.22281414214376,472.054,1.23514030705352,472.054,1.22760625306375,,472.054,-2060.16592099302,-2068.98992890328,-2017.41557658628,-1915.13679354682,-1944.65978827293,,,,,,,,,,,,,,,,,,,,,,,,,,,,,,,,,,,,,,,,,,,,,,,,,,,,,,,,,,,,,,,,,,,,,,,,,,,,,,,,,,,,,
,,,,,,,,,,,,,,,,,,,472.553,1.23604004477798,472.553,1.22613299829343,472.553,1.22244272757742,472.553,1.2264336852853,472.553,1.22699973473108,,472.553,-2103.99808878207,-2004.62806093545,-2046.0569084135,-1846.94894507926,-1895.88316784147,,,,,,,,,,,,,,,,,,,,,,,,,,,,,,,,,,,,,,,,,,,,,,,,,,,,,,,,,,,,,,,,,,,,,,,,,,,,,,,,,,,,,
,,,,,,,,,,,,,,,,,,,473.052,1.23056724669514,473.052,1.21923128480879,473.052,1.2222031102929,473.052,1.23522332659826,473.052,1.23282415765847,,473.052,-1981.64706154331,-2077.32522471693,-1985.77136159905,-2073.87637701236,-2044.99969435149,,,,,,,,,,,,,,,,,,,,,,,,,,,,,,,,,,,,,,,,,,,,,,,,,,,,,,,,,,,,,,,,,,,,,,,,,,,,,,,,,,,,,
,,,,,,,,,,,,,,,,,,,473.551,1.23844392730617,473.551,1.21851920275943,473.551,1.22026456573092,473.551,1.22593766477561,473.551,1.23360568857652,,473.551,-2019.13601631571,-2069.59132645551,-1888.70746959081,-2167.06373232845,-2082.74443396124,,,,,,,,,,,,,,,,,,,,,,,,,,,,,,,,,,,,,,,,,,,,,,,,,,,,,,,,,,,,,,,,,,,,,,,,,,,,,,,,,,,,,
,,,,,,,,,,,,,,,,,,,474.05,1.23377958754034,474.05,1.21562089165141,474.05,1.22368667909481,474.05,1.22944959790596,474.05,1.23430786836611,,474.05,-2071.25813183245,-2011.43513730017,-1923.82413599567,-2077.66013672085,-2038.89166628519,,,,,,,,,,,,,,,,,,,,,,,,,,,,,,,,,,,,,,,,,,,,,,,,,,,,,,,,,,,,,,,,,,,,,,,,,,,,,,,,,,,,,
,,,,,,,,,,,,,,,,,,,474.549,1.23296573496339,474.549,1.22412381359962,474.549,1.22416458540906,474.549,1.22594118750156,474.549,1.23515927660519,,474.549,-2114.98036362998,-2015.59276746141,-1968.55825159721,-1899.58143634734,-1951.41637809573,,,,,,,,,,,,,,,,,,,,,,,,,,,,,,,,,,,,,,,,,,,,,,,,,,,,,,,,,,,,,,,,,,,,,,,,,,,,,,,,,,,,,
,,,,,,,,,,,,,,,,,,,475.048,1.22536485642064,475.048,1.22387976010302,475.048,1.22807404282071,475.048,1.22710502996072,475.048,1.2332947123957,,475.048,-2023.88693987688,-2055.68930763621,-1963.74967033676,-1862.53747071284,-1950.26213664397,,,,,,,,,,,,,,,,,,,,,,,,,,,,,,,,,,,,,,,,,,,,,,,,,,,,,,,,,,,,,,,,,,,,,,,,,,,,,,,,,,,,,
,,,,,,,,,,,,,,,,,,,475.547,1.22748220008285,475.547,1.22770791109349,475.547,1.22222324392021,475.547,1.2184036253739,475.547,1.23172795167623,,475.547,-2061.37184572382,-2106.12053753833,-1947.44126511009,-1957.94913800874,-1966.58041712221,,,,,,,,,,,,,,,,,,,,,,,,,,,,,,,,,,,,,,,,,,,,,,,,,,,,,,,,,,,,,,,,,,,,,,,,,,,,,,,,,,,,,
,,,,,,,,,,,,,,,,,,,476.046,1.22670710482281,476.046,1.22608275020999,476.046,1.23295632331485,476.046,1.21814315280561,476.046,1.23630284122812,,476.046,-2068.78801633588,-1994.63852252224,-2027.63331653325,-2111.68852537394,-2131.57892468299,,,,,,,,,,,,,,,,,,,,,,,,,,,,,,,,,,,,,,,,,,,,,,,,,,,,,,,,,,,,,,,,,,,,,,,,,,,,,,,,,,,,,
,,,,,,,,,,,,,,,,,,,476.545,1.23388526069447,476.545,1.23067714048494,476.545,1.22841030006627,476.545,1.22426182400942,476.545,1.23041888088258,,476.545,-2079.62327961317,-2056.46037029477,-2005.45388565526,-1980.66762392381,-2071.08137948191,,,,,,,,,,,,,,,,,,,,,,,,,,,,,,,,,,,,,,,,,,,,,,,,,,,,,,,,,,,,,,,,,,,,,,,,,,,,,,,,,,,,,
,,,,,,,,,,,,,,,,,,,477.044,1.23393291427629,477.044,1.21788392858994,477.044,1.22815390862993,477.044,1.22368031008202,477.044,1.23658284337844,,477.044,-2105.25185994483,-2086.78949700002,-1955.83928595223,-1819.01917421043,-1890.31084808615,,,,,,,,,,,,,,,,,,,,,,,,,,,,,,,,,,,,,,,,,,,,,,,,,,,,,,,,,,,,,,,,,,,,,,,,,,,,,,,,,,,,,
,,,,,,,,,,,,,,,,,,,477.543,1.23489441667308,477.543,1.22050403308672,477.543,1.2230564511335,477.543,1.23107353097082,477.543,1.23356865250922,,477.543,-2116.71582214801,-2148.77577446681,-1935.35797700721,-1940.69077502735,-1907.43624582152,,,,,,,,,,,,,,,,,,,,,,,,,,,,,,,,,,,,,,,,,,,,,,,,,,,,,,,,,,,,,,,,,,,,,,,,,,,,,,,,,,,,,
,,,,,,,,,,,,,,,,,,,478.042,1.22929259396987,478.042,1.21759063331626,478.042,1.22642177802218,478.042,1.22661809450347,478.042,1.23047905151124,,478.042,-2101.94661522316,-2069.4045483071,-1931.97661512451,-2145.54293954619,-2137.06478932219,,,,,,,,,,,,,,,,,,,,,,,,,,,,,,,,,,,,,,,,,,,,,,,,,,,,,,,,,,,,,,,,,,,,,,,,,,,,,,,,,,,,,
,,,,,,,,,,,,,,,,,,,478.541,1.22985306596921,478.541,1.22170717096368,478.541,1.23122498507223,478.541,1.22917379395262,478.541,1.22808873985484,,478.541,-2031.0182952594,-1985.77817450176,-2033.18320977347,-2093.32052517647,-2073.39045703652,,,,,,,,,,,,,,,,,,,,,,,,,,,,,,,,,,,,,,,,,,,,,,,,,,,,,,,,,,,,,,,,,,,,,,,,,,,,,,,,,,,,,
,,,,,,,,,,,,,,,,,,,479.04,1.22838461426033,479.04,1.22120220901052,479.04,1.22538525806967,479.04,1.22273183698623,479.04,1.22261388600542,,479.04,-1956.66737619688,-2028.09492664354,-2047.08663003803,-1974.9927623083,-1989.96569109799,,,,,,,,,,,,,,,,,,,,,,,,,,,,,,,,,,,,,,,,,,,,,,,,,,,,,,,,,,,,,,,,,,,,,,,,,,,,,,,,,,,,,
,,,,,,,,,,,,,,,,,,,479.539,1.23589044882711,479.539,1.22168559756693,479.539,1.22803941859232,479.539,1.23245947047535,479.539,1.22587610981721,,479.539,-2071.46264195274,-2114.04513996755,-1990.01310215835,-2056.83238618763,-1965.48603289214,,,,,,,,,,,,,,,,,,,,,,,,,,,,,,,,,,,,,,,,,,,,,,,,,,,,,,,,,,,,,,,,,,,,,,,,,,,,,,,,,,,,,
,,,,,,,,,,,,,,,,,,,480.038,1.24222878839112,480.038,1.22432409847422,480.038,1.22703542964046,480.038,1.23361257942321,480.038,1.21942951624102,,480.038,-2197.95566656363,-2136.28559801293,-1958.8578420619,-2082.6386667969,-2018.94033782603,,,,,,,,,,,,,,,,,,,,,,,,,,,,,,,,,,,,,,,,,,,,,,,,,,,,,,,,,,,,,,,,,,,,,,,,,,,,,,,,,,,,,
,,,,,,,,,,,,,,,,,,,480.537,1.22640058914021,480.537,1.22041831998186,480.537,1.23302119238402,480.537,1.22483993897392,480.537,1.22009349050542,,480.537,-2010.55076496979,-2090.97902290526,-2034.51974251637,-1913.07204271947,-1957.34715114182,,,,,,,,,,,,,,,,,,,,,,,,,,,,,,,,,,,,,,,,,,,,,,,,,,,,,,,,,,,,,,,,,,,,,,,,,,,,,,,,,,,,,
,,,,,,,,,,,,,,,,,,,481.036,1.23438117005739,481.036,1.23323151829368,481.036,1.2267867325342,481.036,1.22495156860473,481.036,1.22926171299902,,481.036,-1933.05899252648,-2047.15192876729,-2047.72320503665,-1955.73972493563,-1963.31355602824,,,,,,,,,,,,,,,,,,,,,,,,,,,,,,,,,,,,,,,,,,,,,,,,,,,,,,,,,,,,,,,,,,,,,,,,,,,,,,,,,,,,,
,,,,,,,,,,,,,,,,,,,481.535,1.22990958590672,481.535,1.21787577784714,481.535,1.22954695957485,481.535,1.23572933979108,481.535,1.21999268749205,,481.535,-1964.70593833504,-2030.1106705839,-1972.11483457402,-2093.58416881122,-1990.85663105772,,,,,,,,,,,,,,,,,,,,,,,,,,,,,,,,,,,,,,,,,,,,,,,,,,,,,,,,,,,,,,,,,,,,,,,,,,,,,,,,,,,,,
,,,,,,,,,,,,,,,,,,,482.034,1.22110261341119,482.034,1.22850963135673,482.034,1.22941959226235,482.034,1.22344241798809,482.034,1.22819832940659,,482.034,-2118.4031796745,-2130.87283902692,-1914.75177982123,-2139.25983461121,-2124.1834433614,,,,,,,,,,,,,,,,,,,,,,,,,,,,,,,,,,,,,,,,,,,,,,,,,,,,,,,,,,,,,,,,,,,,,,,,,,,,,,,,,,,,,
,,,,,,,,,,,,,,,,,,,482.533,1.22719873142871,482.533,1.23445089049572,482.533,1.23361284806955,482.533,1.2295912482251,482.533,1.22520441165624,,482.533,-2166.07656612841,-2121.47490968591,-2039.36692198174,-2011.96635848661,-2097.52954479198,,,,,,,,,,,,,,,,,,,,,,,,,,,,,,,,,,,,,,,,,,,,,,,,,,,,,,,,,,,,,,,,,,,,,,,,,,,,,,,,,,,,,
,,,,,,,,,,,,,,,,,,,483.032,1.23344208501146,483.032,1.22727793075428,483.032,1.22829586608892,483.032,1.23117885426951,483.032,1.21574040502179,,483.032,-2073.85379628134,-2056.01566292154,-2110.11117479079,-1908.03986655946,-1881.90036668432,,,,,,,,,,,,,,,,,,,,,,,,,,,,,,,,,,,,,,,,,,,,,,,,,,,,,,,,,,,,,,,,,,,,,,,,,,,,,,,,,,,,,
,,,,,,,,,,,,,,,,,,,483.531,1.23472485128915,483.531,1.22098922186766,483.531,1.23212658945081,483.531,1.22795196515969,483.531,1.22851946240734,,483.531,-1978.67138436648,-1974.21703244524,-2032.27778454069,-2015.3428340684,-1947.7877049658,,,,,,,,,,,,,,,,,,,,,,,,,,,,,,,,,,,,,,,,,,,,,,,,,,,,,,,,,,,,,,,,,,,,,,,,,,,,,,,,,,,,,
,,,,,,,,,,,,,,,,,,,484.03,1.21944879483116,484.03,1.23152837416481,484.03,1.2354851677808,484.03,1.23323431097684,484.03,1.22959199906272,,484.03,-1837.99338538201,-2028.39459207536,-1991.77017169415,-2025.21074258583,-1992.87161282823,,,,,,,,,,,,,,,,,,,,,,,,,,,,,,,,,,,,,,,,,,,,,,,,,,,,,,,,,,,,,,,,,,,,,,,,,,,,,,,,,,,,,
,,,,,,,,,,,,,,,,,,,484.529,1.23026493065888,484.529,1.23295613672306,484.529,1.22686479662067,484.529,1.22443665330096,484.529,1.23236529775993,,484.529,-2042.31631633465,-2163.80610959742,-1952.91233103097,-2040.79559291958,-2098.04517702808,,,,,,,,,,,,,,,,,,,,,,,,,,,,,,,,,,,,,,,,,,,,,,,,,,,,,,,,,,,,,,,,,,,,,,,,,,,,,,,,,,,,,
,,,,,,,,,,,,,,,,,,,485.028,1.22870610282511,485.028,1.22796945353917,485.028,1.22847229174215,485.028,1.23084805191943,485.028,1.22794057498629,,485.028,-2130.84909342863,-2102.35658667528,-2042.55247855018,-1991.28977919148,-2077.88455295192,,,,,,,,,,,,,,,,,,,,,,,,,,,,,,,,,,,,,,,,,,,,,,,,,,,,,,,,,,,,,,,,,,,,,,,,,,,,,,,,,,,,,
,,,,,,,,,,,,,,,,,,,485.527,1.22862179853005,485.527,1.23167893189973,485.527,1.22678015607351,485.527,1.23144344035182,485.527,1.23411101169636,,485.527,-2127.65756489984,-2033.48731111324,-2119.92504800397,-1983.5080924698,-2023.04856711862,,,,,,,,,,,,,,,,,,,,,,,,,,,,,,,,,,,,,,,,,,,,,,,,,,,,,,,,,,,,,,,,,,,,,,,,,,,,,,,,,,,,,
,,,,,,,,,,,,,,,,,,,486.026,1.22848226298697,486.026,1.23044916639014,486.026,1.22879274960114,486.026,1.22867488448022,486.026,1.22260440565773,,486.026,-1972.16179837352,-2047.20114654621,-2056.27738816082,-1970.34928281031,-1990.68102735814,,,,,,,,,,,,,,,,,,,,,,,,,,,,,,,,,,,,,,,,,,,,,,,,,,,,,,,,,,,,,,,,,,,,,,,,,,,,,,,,,,,,,
,,,,,,,,,,,,,,,,,,,486.525,1.22953049061661,486.525,1.22519818854214,486.525,1.2312588560315,486.525,1.23534263814018,486.525,1.22707123564481,,486.525,-1943.96377816916,-2055.36656749632,-1983.50529851067,-1993.74651506775,-1939.3217927096,,,,,,,,,,,,,,,,,,,,,,,,,,,,,,,,,,,,,,,,,,,,,,,,,,,,,,,,,,,,,,,,,,,,,,,,,,,,,,,,,,,,,
,,,,,,,,,,,,,,,,,,,487.024,1.23157552514622,487.024,1.22548041552396,487.024,1.23097287626664,487.024,1.22935052369999,487.024,1.22818090311495,,487.024,-2070.5636956457,-2086.83591251184,-2017.54013712624,-2095.15469545504,-2025.73568706726,,,,,,,,,,,,,,,,,,,,,,,,,,,,,,,,,,,,,,,,,,,,,,,,,,,,,,,,,,,,,,,,,,,,,,,,,,,,,,,,,,,,,
,,,,,,,,,,,,,,,,,,,487.523,1.23423481847558,487.523,1.23461237570532,487.523,1.21338702790418,487.523,1.23034771649346,487.523,1.22713538396274,,487.523,-2143.25378171879,-2127.13930568477,-1978.71935408881,-2058.98783454484,-2127.21452769322,,,,,,,,,,,,,,,,,,,,,,,,,,,,,,,,,,,,,,,,,,,,,,,,,,,,,,,,,,,,,,,,,,,,,,,,,,,,,,,,,,,,,
,,,,,,,,,,,,,,,,,,,488.022,1.2285377343704,488.022,1.22572625144356,488.022,1.23087984455029,488.022,1.23267560498777,488.022,1.22966732803448,,488.022,-1991.29060324246,-2035.0666751993,-2059.93970935867,-2039.26473129927,-1951.39777243327,,,,,,,,,,,,,,,,,,,,,,,,,,,,,,,,,,,,,,,,,,,,,,,,,,,,,,,,,,,,,,,,,,,,,,,,,,,,,,,,,,,,,
,,,,,,,,,,,,,,,,,,,488.521,1.22891454159786,488.521,1.23432023901044,488.521,1.22864242584581,488.521,1.23518210425924,488.521,1.22043297188708,,488.521,-1997.34417380466,-2020.13677599696,-2028.24157539806,-2022.35514141639,-1965.06528202607,,,,,,,,,,,,,,,,,,,,,,,,,,,,,,,,,,,,,,,,,,,,,,,,,,,,,,,,,,,,,,,,,,,,,,,,,,,,,,,,,,,,,
,,,,,,,,,,,,,,,,,,,489.02,1.22972738588106,489.02,1.23501110809233,489.02,1.2249882057392,489.02,1.23970760243377,489.02,1.2157349104622,,489.02,-2070.5947067298,-2037.47994132827,-2020.48313490079,-2069.54389957651,-2066.25157490283,,,,,,,,,,,,,,,,,,,,,,,,,,,,,,,,,,,,,,,,,,,,,,,,,,,,,,,,,,,,,,,,,,,,,,,,,,,,,,,,,,,,,
,,,,,,,,,,,,,,,,,,,489.519,1.2321456399755,489.519,1.22897836145285,489.519,1.22636861210243,489.519,1.23351140782532,489.519,1.22375867146566,,489.519,-2089.96512438141,-2143.96750164334,-1947.98546345958,-2081.26004027139,-2008.94757365347,,,,,,,,,,,,,,,,,,,,,,,,,,,,,,,,,,,,,,,,,,,,,,,,,,,,,,,,,,,,,,,,,,,,,,,,,,,,,,,,,,,,,
,,,,,,,,,,,,,,,,,,,490.018,1.22263006735778,490.018,1.23515898754801,490.018,1.22404296899186,490.018,1.23192518372759,490.018,1.22006654189075,,490.018,-2043.49552655917,-2172.03678317689,-1984.14492265175,-2004.03710799943,-1885.92123720129,,,,,,,,,,,,,,,,,,,,,,,,,,,,,,,,,,,,,,,,,,,,,,,,,,,,,,,,,,,,,,,,,,,,,,,,,,,,,,,,,,,,,
,,,,,,,,,,,,,,,,,,,490.517,1.22379390441777,490.517,1.22143177083446,490.517,1.22481136744418,490.517,1.23604014858738,490.517,1.22578804413513,,490.517,-2005.06474986467,-2153.65287478224,-2005.05171117718,-1949.74948791079,-2087.49855440862,,,,,,,,,,,,,,,,,,,,,,,,,,,,,,,,,,,,,,,,,,,,,,,,,,,,,,,,,,,,,,,,,,,,,,,,,,,,,,,,,,,,,
,,,,,,,,,,,,,,,,,,,491.016,1.22496356755368,491.016,1.22986256351807,491.016,1.22986395785238,491.016,1.23033167547478,491.016,1.22449109739474,,491.016,-2056.60393626127,-2078.34933040833,-2024.4077052277,-1999.89586221647,-2162.67743940682,,,,,,,,,,,,,,,,,,,,,,,,,,,,,,,,,,,,,,,,,,,,,,,,,,,,,,,,,,,,,,,,,,,,,,,,,,,,,,,,,,,,,
,,,,,,,,,,,,,,,,,,,491.515,1.23196746163712,491.515,1.22627557129456,491.515,1.23116281511217,491.515,1.23393531006199,491.515,1.22217869906451,,491.515,-2080.0060767419,-2040.77588367893,-1947.10268273471,-2027.86365379879,-1925.71034889287,,,,,,,,,,,,,,,,,,,,,,,,,,,,,,,,,,,,,,,,,,,,,,,,,,,,,,,,,,,,,,,,,,,,,,,,,,,,,,,,,,,,,
,,,,,,,,,,,,,,,,,,,492.014,1.22383891115433,492.014,1.22533617006161,492.014,1.22714587961609,492.014,1.2359506405758,492.014,1.22672703334564,,492.014,-1982.98312601728,-2208.90582402479,-1983.19683679306,-2087.79290751,-1837.25021476738,,,,,,,,,,,,,,,,,,,,,,,,,,,,,,,,,,,,,,,,,,,,,,,,,,,,,,,,,,,,,,,,,,,,,,,,,,,,,,,,,,,,,
,,,,,,,,,,,,,,,,,,,492.513,1.23023079630356,492.513,1.22034290414354,492.513,1.23047812868169,492.513,1.24096822178559,492.513,1.22514432631015,,492.513,-1976.79886971904,-2139.43453790174,-1985.0109888003,-2049.28201635682,-1924.37061928638,,,,,,,,,,,,,,,,,,,,,,,,,,,,,,,,,,,,,,,,,,,,,,,,,,,,,,,,,,,,,,,,,,,,,,,,,,,,,,,,,,,,,
,,,,,,,,,,,,,,,,,,,493.012,1.22985461906224,493.012,1.22438823975818,493.012,1.22271494440759,493.012,1.22999948644166,493.012,1.22945397650454,,493.012,-2032.93886497517,-2026.07917408155,-1989.99238897636,-1993.88477645807,-2127.44955415166,,,,,,,,,,,,,,,,,,,,,,,,,,,,,,,,,,,,,,,,,,,,,,,,,,,,,,,,,,,,,,,,,,,,,,,,,,,,,,,,,,,,,
,,,,,,,,,,,,,,,,,,,493.511,1.23360249998351,493.511,1.22921385741494,493.511,1.22577747093004,493.511,1.22894998907488,493.511,1.23143570081162,,493.511,-2042.96690553187,-2056.84785678623,-2033.12088735478,-2073.96704409348,-2144.91488468913,,,,,,,,,,,,,,,,,,,,,,,,,,,,,,,,,,,,,,,,,,,,,,,,,,,,,,,,,,,,,,,,,,,,,,,,,,,,,,,,,,,,,
,,,,,,,,,,,,,,,,,,,494.01,1.22595420164268,494.01,1.22592696789449,494.01,1.22974397680774,494.01,1.23178480082836,494.01,1.23010356561997,,494.01,-1971.1470763959,-2104.54018818898,-1972.03272235552,-1986.48914874167,-2014.439432712,,,,,,,,,,,,,,,,,,,,,,,,,,,,,,,,,,,,,,,,,,,,,,,,,,,,,,,,,,,,,,,,,,,,,,,,,,,,,,,,,,,,,
,,,,,,,,,,,,,,,,,,,494.509,1.22833923511605,494.509,1.21972335390586,494.509,1.22944268631703,494.509,1.2319022858443,494.509,1.22646071112616,,494.509,-2057.70722145595,-2109.11859601226,-1898.55726811156,-1984.95910207383,-1964.3812300613,,,,,,,,,,,,,,,,,,,,,,,,,,,,,,,,,,,,,,,,,,,,,,,,,,,,,,,,,,,,,,,,,,,,,,,,,,,,,,,,,,,,,
,,,,,,,,,,,,,,,,,,,495.008,1.23287405893049,495.008,1.22776563564706,495.008,1.22728587467511,495.008,1.23765753300049,495.008,1.22975054784708,,495.008,-2057.46798349593,-2108.52142693949,-1953.51340417862,-2119.10044187932,-1995.67668405245,,,,,,,,,,,,,,,,,,,,,,,,,,,,,,,,,,,,,,,,,,,,,,,,,,,,,,,,,,,,,,,,,,,,,,,,,,,,,,,,,,,,,
,,,,,,,,,,,,,,,,,,,495.507,1.228822266007,495.507,1.23397060887321,495.507,1.23521162579951,495.507,1.23412769548526,495.507,1.23912525301474,,495.507,-1988.49560081456,-2157.36271352331,-2104.15321135108,-2156.01580228706,-2069.34386004371,,,,,,,,,,,,,,,,,,,,,,,,,,,,,,,,,,,,,,,,,,,,,,,,,,,,,,,,,,,,,,,,,,,,,,,,,,,,,,,,,,,,,
,,,,,,,,,,,,,,,,,,,496.006,1.23527692347357,496.006,1.22214209654493,496.006,1.23356173054479,496.006,1.23651308843699,496.006,1.23316262648973,,496.006,-1967.83298751808,-2076.17638952862,-2056.69534305326,-1920.73351206748,-2064.96509577733,,,,,,,,,,,,,,,,,,,,,,,,,,,,,,,,,,,,,,,,,,,,,,,,,,,,,,,,,,,,,,,,,,,,,,,,,,,,,,,,,,,,,
,,,,,,,,,,,,,1.229±0.0039,,,,,,496.505,1.23128938559588,496.505,1.22744566149675,496.505,1.22064565784877,496.505,1.23719871072617,496.505,1.2279735891852,,496.505,-2089.60076875961,-2083.34218089171,-1830.49600670557,-1965.9287924194,-1995.24363831523,,,,,,,,,,,,,,,,,,,,,,,,,,,,,,,,,,,,,,,,,,,,,,,,,,,,,,,,,,,,,,,,,,,,,,,,,,,,,,,,,,,,,
,,,,,,,,,,,,,1.227±0.0043,,,,,,497.004,1.23196174544561,497.004,1.22378874492885,497.004,1.23094420790147,497.004,1.2293240992472,497.004,1.22883232452201,,497.004,-2100.85003546357,-2079.80236075807,-1867.77063728154,-1964.44456571992,-2057.51706296362,,,,,,,,,,,,,,,,,,,,,,,,,,,,,,,,,,,,,,,,,,,,,,,,,,,,,,,,,,,,,,,,,,,,,,,,,,,,,,,,,,,,,
,,,,,,,,,,,,,1.228±0.0033,,,,,,497.503,1.22659686713218,497.503,1.22325826123632,497.503,1.23065660470807,497.503,1.23887154456488,497.503,1.22950117218353,,497.503,-2040.51758459903,-2047.19511657982,-2103.15648638416,-2112.26313675654,-2030.92455981448,,,,,,,,,,,,,,,,,,,,,,,,,,,,,,,,,,,,,,,,,,,,,,,,,,,,,,,,,,,,,,,,,,,,,,,,,,,,,,,,,,,,,
,,,,,,,,,,,,,1.233±0.0041,,,,,,498.002,1.23094214197646,498.002,1.22624207545289,498.002,1.22741479217773,498.002,1.23935529992496,498.002,1.23040152698015,,498.002,-2056.90837935924,-2010.6945399824,-2157.62506849146,-2115.00808615386,-2012.51393048821,,,,,,,,,,,,,,,,,,,,,,,,,,,,,,,,,,,,,,,,,,,,,,,,,,,,,,,,,,,,,,,,,,,,,,,,,,,,,,,,,,,,,
,,,,,,,,,,,,,1.23±0.0039,,,,,,498.501,1.2257908378141,498.501,1.22531563621185,498.501,1.22931587649411,498.501,1.23816176024587,498.501,1.23608213184829,,498.501,-2049.46756480024,-2088.51556720721,-1969.33261032033,-2008.27579550235,-2057.71466099864,,,,,,,,,,,,,,,,,,,,,,,,,,,,,,,,,,,,,,,,,,,,,,,,,,,,,,,,,,,,,,,,,,,,,,,,,,,,,,,,,,,,,
,,,,,,,,,,,,,,,,,,,499,1.22833977377739,499,1.23165152988072,499,1.2322983716834,499,1.23508085160887,499,1.24291633750534,,499,-1980.39085135983,-2145.77399594283,-1939.89315483443,-2018.26272384094,-2122.29907730031,,,,,,,,,,,,,,,,,,,,,,,,,,,,,,,,,,,,,,,,,,,,,,,,,,,,,,,,,,,,,,,,,,,,,,,,,,,,,,,,,,,,,
,,,,,,,,,,,,,,,,,,,499.499,1.23904816492209,499.499,1.23232177532885,499.499,1.23384117338747,499.499,1.23552775936381,499.499,1.2338849216708,,499.499,-2045.30677890872,-2047.10731732536,-2010.27920950393,-2035.18383201828,-1993.54627736738,,,,,,,,,,,,,,,,,,,,,,,,,,,,,,,,,,,,,,,,,,,,,,,,,,,,,,,,,,,,,,,,,,,,,,,,,,,,,,,,,,,,,
,,,,,,,,,,,,,,,,,,,499.998,1.23319311058533,499.998,1.22568713167174,499.998,1.22815299416193,499.998,1.23769681344035,499.998,1.2255324188476,,499.998,-2091.35332024961,-1935.84122479362,-2034.61861500262,-2033.11914088332,-2011.26309638269,,,,,,,,,,,,,,,,,,,,,,,,,,,,,,,,,,,,,,,,,,,,,,,,,,,,,,,,,,,,,,,,,,,,,,,,,,,,,,,,,,,,,
,,,,,,,,,,,,,,,,,,,500,1.23306243769672,500,1.2257429877902,500,1.22818829039361,500,1.23734716700332,500,1.22530170458822,,500,-2093.52960944192,-1938.86855794799,-2035.41504084871,-2033.51486457436,-2012.87491943795,,,,,,,,,,,,,,,,,,,,,,,,,,,,,,,,,,,,,,,,,,,,,,,,,,,,,,,,,,,,,,,,,,,,,,,,,,,,,,,,,,,,,
,,,,,,,,,,,,,,,,,,,,0.00396850037852843,,0.00435704030076128,,0.00338461737880873,,0.00418151458775826,,0.00392879486401295,#NUM!,,61.3036268943602,55.768227711261,58.7201649459613,63.2043887476003,59.836750514995,,,,,,,,,,,,,,,,,,,,,,,,,,,,,,,,,,,,,,,,,,,,,,,,,,,,,,,,,,,,,,,,,,,,,,,,,,,,,,,,,,,,,
,,,,,,,,,,,,,,,,,,,,1.22944053991394,,1.22698025038582,,1.22775548014197,,1.23339143162847,,1.2303456097189,,,-2036.53612442827,-2073.04658123975,-1998.33193664459,-2035.20801514293,-2017.79535150883,,,,,,,,,,,,,,,,,,,,,,,,,,,,,,,,,,,,,,,,,,,,,,,,,,,,,,,,,,,,,,,,,,,,,,,,,,,,,,,,,,,,,
