,,,,,,,,,,,,,,,,,,,,,,密度,,,,,,,,,,,,,MSD,Li,TFSi-,Li,TFSi-,Li,TFSi-,Li,TFSi-,Li,TFSi-,,,,,,,,,,,,,,,,,,,,rdf,,,,,,,,,,,,,,,,,,,,,,,rdf,Li_o(CuBTC),,,,,,rdf,Cu_o(tfsi-),,,,,,,,,,,,,,,,,,,,,,,,,,,,,,,,,回转半径,,,,,,,,,,,
,,,,,,,,,,,,,,,,,,,,,,,,,,,,,,,,,,,Time,MSD,MSD,MSD,MSD,MSD,MSD,MSD,MSD,MSD,MSD,,,,,,,,,,,,,,,,,,,,1,Li-Opeo,,Li-OTFSi-,2,Li-Opeo,,Li-OTFSi-,3,Li-Opeo,,Li-OTFSi-,4,Li-Opeo,,Li-OTFSi-,5,Li-Opeo,,Li-OTFSi-,,,,,,,,,,,,,,,,,,,体系相互作用能,,,,,,,,,,,,,,,,,,,,,,,,,,,,,,,,,,,,,
,,,,,,The Parameters of PL/Cu-BTC MOF after MD Simulation,,,,,,,,,,,,,,,,0.499,1.04754207110886,0.499,1.05482579609482,0.499,1.04822752266596,0.499,1.05337073535311,0.499,1.03631366371013,,,,0,0,0,0,0,0,0,0,0,0,0,,,PL-CuBTC,Li+,,,,,,,,,,TFSi-,,,,,,r,g(r),r,g(r),r,g(r),r,g(r),r,g(r),r,g(r),r,g(r),r,g(r),r,g(r),r,g(r),,,,r,g(r),g(r),g(r),g(r),g(r),,r,g(r),g(r),g(r),g(r),g(r),,,,system,peo,LTFSi,CuBTC,Eint,,,,,相互作用能,Li/CuBTC,CuBTC,Li,Eint,,平均,,,,Li/CuBTC,Li/PEO,Li/tfsI,Cubtc/tfsI,,,Time,Radius of gyration,Radius of gyration,Radius of gyration,Radius of gyration,Radius of gyration,,,,,,
,,,,,,, number of Cubtc,a=b=c (Å),C,H,Li,N,O,F,S,Cu,Molecular weight (g/mol),density ( g/cm^3),error,,,0.998,1.05610519119166,0.998,1.0711503946843,0.998,1.06155821962788,0.998,1.0648486752165,0.998,1.04793174203721,,,,5,0.43996683,0.69123031,0.44217208,0.6968152,0.44644413,0.70482501,0.4191827,0.68708812,0.46384324,0.71826871,,,N,slope(A^2/ps),D(10^-12*m^2/s),R^2,n_Li,cell,volume,ci,q^2,kB*T,sigmai(s/cm),slope(A^2/ps),D(10^-12*m^2/s),R^2,t_Li,,,0.03,0,0.03,0,0.03,0,0.03,0,0.03,0,0.03,0,0.03,0,0.03,0,0.03,0,0.03,0,,,,0.03,0,0,0,0,0,,0.03,0,0,0,0,0,,,1,-2882.15086,1754.697998,-621.573347,-2853.758005,-1161.517506,0,,,,1,-2886.097359,-2853.758005,-11.809739,-20.5296149999997,1,-20.5296149999997,,,1,-20.5296149999997,-579.928984,-1295.605234,-1330.787199,,,0,4.30011681,4.50084327,5.24073746,4.31866816,5.08601066,,,,,,
,,,,,,,1,32.688136,1056,2030,10,10,569,60,20,2,25950.9,1.22818681519957,0.00365557645363905,,,1.497,1.06528482419108,1.497,1.07464360193336,1.497,1.06658831844258,1.497,1.07700980191278,1.497,1.06641729969765,,,,10,0.51541087,0.81078349,0.46815153,0.7768928,0.52785368,0.82570635,0.48441848,0.77836526,0.49739223,0.81996923,,,1,0.01109,18.4833333333333,0.9969,10,32.688136,3.49277386366662e-26,2.86305394804526e+26,2.567e-38,4.114188e-21,0.000330180607872768,0.01332,22.2,0.9965,0.454321999180664,150-300ps,,0.09,0,0.09,0,0.09,0,0.09,0,0.09,0,0.09,0,0.09,0,0.09,0,0.09,0,0.09,0,,,,0.09,0,0,0,0,0,,0.09,0,0,0,0,0,,,2,-6317.813842,1650.744658,-527.032895,-5723.112779,-1718.412826,32.4075397700738,,,,2,-5735.139748,-5723.112779,40.785971,-52.8129399999996,2,-26.4064699999998,,,2,-52.8129399999996,-763.616857,-1169.541134,-1134.55434,,,5,4.18679533,4.39948894,5.1398177,4.22170461,5.01037003,,,,,,
,,,,,,,2,32.971783,1092,2050,10,10,593,60,20,4,26914.6,1.25115999290162,0.00394192596278113,,,1.996,1.06228499898954,1.996,1.08053334306394,1.996,1.08040208887811,1.996,1.07774085779862,1.996,1.06520220078176,,,,15,0.59154637,0.93365954,0.54019374,0.88291276,0.5901142,0.91301834,0.53706702,0.88307536,0.54726476,0.87320876,,,2,0.002272,3.78666666666667,0.9417,10,32.971783,3.58448938622435e-26,2.78979763154866e+26,2.567e-38,4.114188e-21,6.59130659636898e-05,0.007414,12.3566666666667,0.9924,0.234565352054512,,,0.15,0,0.15,0,0.15,0,0.15,0,0.15,0,0.15,0,0.15,0,0.15,0,0.15,0,0.15,0,,,,0.15,0,0,0,0,0,,0.15,0,0,0,0,0,,,3,-9336.248187,1642.180269,-504.416167,-8629.032282,-1844.980007,6.86008414832656,,,,3,-8874.783813,-8629.032282,-41.587657,-204.163874,3,-68.0546246666666,,,3,-204.163874,-504.310272,-1066.32746,-78.2638299999999,,,10,4.17142762,4.40028706,5.12621017,4.23603574,5.00039131,,,,,,
,,,,,,,3,33.400135,1128,2070,10,10,617,60,20,6,27878.2,1.25508188437959,0.00409008170554644,,,2.495,1.06757563514098,2.495,1.07033151022794,2.495,1.0867110496877,2.495,1.08672478221197,2.495,1.0660507625135,,,,20,0.63835767,1.00908028,0.59811985,0.94409517,0.64135777,0.99302714,0.56603028,0.9417863,0.60128494,0.94253848,,,3,0.01036,17.2666666666667,0.9981,10,33.400135,3.72601558036261e-26,2.6838320410423e+26,2.567e-38,4.114188e-21,0.000289138267216292,0.01511,25.1833333333333,0.987,0.406753042795446,,,0.21,0,0.21,0,0.21,0,0.21,0,0.21,0,0.21,0,0.21,0,0.21,0,0.21,0,0.21,0,,,,0.21,0,0,0,0,0,,0.21,0,0,0,0,0,,,4,-12369.880019,1899.393834,-429.379723,-11508.794281,-2331.099849,20.8536688039569,,,,4,-11707.917594,-11508.794281,-112.000449,-87.122864,4,-21.780716,,,4,-87.122864,-814.15301,-803.418652,-248.046360999999,,,15,4.17381004,4.38362493,5.11455781,4.22527059,4.97300325,,,,,,
,,,,,,,4,33.554578,1164,2090,10,10,641,60,20,8,28841.8,1.2711940187539,0.00446116470434411,,,2.994,1.06767578916623,2.994,1.08222840154096,2.994,1.08430009924546,2.994,1.07463525735448,2.994,1.0654680953766,,,,25,0.6826555,1.0644859,0.64046516,1.02936311,0.67335662,1.05893062,0.63873566,1.04742831,0.66279571,1.01402969,,,4,0.006074,10.1233333333333,0.9903,10,33.554578,3.77794250092621e-26,2.64694340836272e+26,2.567e-38,4.114188e-21,0.000167189858005064,0.007785,12.975,0.9918,0.43827115953532,,,0.27,0,0.27,0,0.27,0,0.27,0,0.27,0,0.27,0,0.27,0,0.27,0,0.27,0,0.27,0,,,,0.27,0,0,0,0,0,,0.27,0,0,0,0,0,,,5,-15306.920419,2019.848331,-455.058389,-14267.996176,-2603.714185,10.4702097323327,,,,5,-14488.05005,-14267.996176,-154.297973,-65.7559009999993,5,-13.1511801999999,,,5,-65.7559009999993,-742.563759,-799.109033,-58.668083999999,,,20,4.1405774,4.3661196,5.11139186,4.24456066,4.98245174,,,,,,
,,,,,,,5,34.298762,1200,2110,10,10,665,60,20,10,29805.4,1.22504460684337,0.003799448556239,,,3.493,1.06538891361532,3.493,1.08327672405599,3.493,1.08271375521119,3.493,1.09085766332512,3.493,1.0710534070733,,,,30,0.71612745,1.11599918,0.69616414,1.06941331,0.73895688,1.11869676,0.69582888,1.11153091,0.70616048,1.07157553,,,5,0.008785,14.6416666666667,0.9755,10,34.298762,4.03492376738472e-26,2.47836156926494e+26,2.567e-38,4.114188e-21,0.0002264106841692,0.01049,17.4833333333333,0.9902,0.455771725032425,,,0.33,0,0.33,0,0.33,0,0.33,0,0.33,0,0.33,0,0.33,0,0.33,0,0.33,0,0.33,0,,,,0.33,0,0,0,0,0,,0.33,0,0,0,0,0,,,,,,,,,,,,,,,,,,,,,,,,,,,,,25,4.13630306,4.34559448,5.09367181,4.2047576,4.9878147,,,,,,
,,,,,,,,,,,,,,,,,,,,,,3.992,1.08242669839426,3.992,1.08867159961451,3.992,1.09191431916545,3.992,1.09381122946715,3.992,1.07771148577135,,,,35,0.74610742,1.16205622,0.72868341,1.13426905,0.78123058,1.2058464,0.72919912,1.15876533,0.73194527,1.10145945,,,,,,,,,,,,,,,,,,,,0.39,0,0.39,0,0.39,0,0.39,0,0.39,0,0.39,0,0.39,0,0.39,0,0.39,0,0.39,0,,,,0.39,0,0,0,0,0,,0.39,0,0,0,0,0,,,,,,,,,,,,,,,,,,,,,,,,,,,,,30,4.12792543,4.34063546,5.10935638,4.18360569,4.98661873,,,,,,
,,,,,,,,,,,,,,,,,,,,,,4.491,1.0808608723026,4.491,1.08808577125358,4.491,1.08507719663639,4.491,1.09563375611466,4.491,1.06891060577483,,,,40,0.76671492,1.20170781,0.7625642,1.17075843,0.8410447,1.27048534,0.7826791,1.20940875,0.77978402,1.16567973,,,,,,,,,,,,,,,,,,,,0.45,0,0.45,0,0.45,0,0.45,0,0.45,0,0.45,0,0.45,0,0.45,0,0.45,0,0.45,0,,,,0.45,0,0,0,0,0,,0.45,0,0,0,0,0,,,,,,,,,,,,,,,,,,,,,,,,,,,,,35,4.12822325,4.34489735,5.08709158,4.18842249,4.97589292,,,,,,
,,,,,,,,,,,,,,,,,,,,,,4.99,1.09629516796925,4.99,1.09067042061544,4.99,1.08365473151001,4.99,1.1117538803264,4.99,1.07046972508953,,,,45,0.79771991,1.23572065,0.77016327,1.21292367,0.87919538,1.35526161,0.8135373,1.25941323,0.83895571,1.21155253,,,,,,,,,,,,,,,,,,,,0.51,0,0.51,0,0.51,0,0.51,0,0.51,0,0.51,0,0.51,0,0.51,0,0.51,0,0.51,0,,,,0.51,0,0,0,0,0,,0.51,0,0,0,0,0,,,,,,,,,,,,,相互作用能,Li/PEO,PEO,Li,Eint,,平均,,,,,,,,,,40,4.1351981,4.33749482,5.10973809,4.20971276,4.97917595,,,,,,
,,,,,,,,,,,,,,,,,,,,,,5.489,1.10148636269523,5.489,1.0937158217309,5.489,1.0882156531572,5.489,1.11383598382925,5.489,1.07594463043516,,,,50,0.86559226,1.32901425,0.78976259,1.2397253,0.96328468,1.43640166,0.85533628,1.33217422,0.85797273,1.25890541,,,,,,,,,,,,,,,,,,,,0.57,0,0.57,0,0.57,0,0.57,0,0.57,0,0.57,0,0.57,0,0.57,0,0.57,0,0.57,0,,,,0.57,0,0,0,0,0,,0.57,0,0,0,0,0,,,,,,,,,,,,,1,1162.959275,1754.697998,-11.809739,-579.928984,1,-579.928984,,,,,,,,,,45,4.12116723,4.35290137,5.09741853,4.16889447,4.97786261,,,,,,
,,,,,,,,,,,,,,,,,,,,,,5.988,1.0941457355552,5.988,1.08736534751382,5.988,1.09152291720208,5.988,1.11283701233705,5.988,1.08255446908511,,,,55,0.90179174,1.41659461,0.79376328,1.28825509,1.01917861,1.50627583,0.89159354,1.41252894,0.87635797,1.30091971,,,,,,,,,,,,,,,,,,,,0.63,0,0.63,0,0.63,0,0.63,0,0.63,0,0.63,0,0.63,0,0.63,0,0.63,0,0.63,0,,,,0.63,0,0,0,0,0,,0.63,0,0,0,0,0,,,,,,,,,,,,,2,927.913772,1650.744658,40.785971,-763.616857,1,-763.616857,,,,,,,,,,50,4.11514747,4.31961272,5.10376866,4.16879202,4.96879651,,,,,,
,,,,,,,,,,,,,,,,,,,,,,6.487,1.0973073074334,6.487,1.10355556714219,6.487,1.10083885438818,6.487,1.10011080212483,6.487,1.09165519717568,,,,60,0.93346507,1.45231323,0.80610088,1.26615755,1.08300715,1.58633255,0.93000752,1.46759516,0.92866917,1.38665001,,,,,,,,,,,,,,,,,,,,0.69,0,0.69,0,0.69,0,0.69,0,0.69,0,0.69,0,0.69,0,0.69,0,0.69,0,0.69,0,,,,0.69,0,0,0,0,0,,0.69,0,0,0,0,0,,,,,,,,,,,,,3,1096.28234,1642.180269,-41.587657,-504.310272,1,-504.310272,,,,,,,,,,55,4.11426244,4.33418059,5.10089616,4.17761178,4.96937266,,,,,,
,,,,,,,,,,,,,,,,,,,,,,6.986,1.10304239691816,6.986,1.08919880591467,6.986,1.09936327194687,6.986,1.11006507360328,6.986,1.0920138462201,,,,65,0.96699154,1.52254343,0.82731707,1.3090711,1.12863265,1.67803164,0.96156346,1.51254106,0.96008549,1.42282893,,,,,,,,,,,,,,,,,,,,0.75,0,0.75,0,0.75,0,0.75,0,0.75,0,0.75,0,0.75,0,0.75,0,0.75,0,0.75,0,,,,0.75,0,0,0,0,0,,0.75,0,0,0,0,0,,,,,,,,,,,,,4,973.240375,1899.393834,-112.000449,-814.15301,1,-814.15301,,,,,,,,,,60,4.1013439,4.31403522,5.093839,4.15123952,4.96314182,,,,,,
,,,,,,,,,,,,,,,,,,,,,,7.485,1.09722767970738,7.485,1.09685776996154,7.485,1.10176684500212,7.485,1.11264919087402,7.485,1.0951458733203,,,,70,1.00958701,1.5791267,0.83662756,1.30570959,1.19995886,1.78246738,1.00466324,1.57927742,1.0066878,1.46608245,,,,,,,,,,,,,,,,,,,,0.81,0,0.81,0,0.81,0,0.81,0,0.81,0,0.81,0,0.81,0,0.81,0,0.81,0,0.81,0,,,,0.81,0,0,0,0,0,,0.81,0,0,0,0,0,,,,,,,,,,,,,5,1122.986599,2019.848331,-154.297973,-742.563759,1,-742.563759,,,,,,,,,,65,4.10765173,4.31244032,5.08568684,4.1415115,4.97431223,,,,,,
,,,,,,,,,,,,,,,,,,,,,,7.984,1.09813396353469,7.984,1.1004212928709,7.984,1.11226054391171,7.984,1.1093604283663,7.984,1.09400447215813,,,,75,1.06086185,1.63552511,0.83026409,1.33050278,1.26143655,1.85065015,1.03329064,1.65609589,1.02537576,1.48862582,,,,,,,,,,,,,,,,,,,,0.87,0,0.87,0,0.87,0,0.87,0,0.87,0,0.87,0,0.87,0,0.87,0,0.87,0,0.87,0,,,,0.87,0,0,0,0,0,,0.87,0,0,0,0,0,,,,,,,,,,,,,,,,,,,,,,,,,,,,,70,4.1271816,4.3004301,5.0731877,4.16167398,4.97043529,,,,,,
,,,,,,,,,,,,,,,,,,,,,,8.483,1.09783082670426,8.483,1.10232200954339,8.483,1.11869187536925,8.483,1.10800887234135,8.483,1.09183971034636,,,,80,1.08362016,1.64813686,0.84471776,1.35684467,1.33228141,1.94326668,1.08844896,1.70620664,1.07773067,1.54955819,,,,,,,,,,,,,,,,,,,,0.93,0,0.93,0,0.93,0,0.93,0,0.93,0,0.93,0,0.93,0,0.93,0,0.93,0,0.93,0,,,,0.93,0,0,0,0,0,,0.93,0,0,0,0,0,,,,,,,,,,,,,,,,,,,,,,,,,,,,,75,4.0888923,4.30824659,5.08273831,4.15710276,4.97279408,,,,,,
,,,,,,,,,,,,,,,,,,,,,,8.982,1.1014447874998,8.982,1.10766994395738,8.982,1.1143933730454,8.982,1.10980225480132,8.982,1.09151114375748,,,,85,1.11693659,1.70375337,0.88692169,1.4056327,1.3865467,2.04302746,1.10070622,1.76968158,1.09948881,1.60358681,,,,,,,,,,,,,,,,,,,,0.99,0,0.99,0,0.99,0,0.99,0,0.99,0,0.99,0,0.99,0,0.99,0,0.99,0,0.99,0,,,,0.99,0,0,0,0,0,,0.99,0,0,0,0,0,,,,,,,,,,,,,,,,,,,,,,,,,,,,,80,4.10371796,4.29911401,5.06311411,4.15255456,4.96259831,,,,,,
,,,,,,,,,,,,,,,,,,,,,,9.481,1.09937746225668,9.481,1.1064374664964,9.481,1.11165907912962,9.481,1.10704149928294,9.481,1.08817420941749,,,,90,1.15840835,1.77136926,0.89382558,1.43071471,1.44036205,2.10250991,1.15614941,1.8093936,1.11999391,1.60959506,,,,,,,,,,,,,,,,,,,,1.05,0,1.05,0,1.05,0,1.05,0,1.05,0,1.05,0,1.05,0,1.05,0,1.05,0,1.05,0,,,,1.05,0,0,0,0,0,,1.05,0,0,0,0,0,,,,,,,,,,,,,相互作用能,Li/tfsI,TFSi,Li,Eint,,平均,,,,,,,,,,85,4.07790428,4.31274408,5.07143211,4.15035268,4.96778543,,,,,,
,,,,,,,,,,,,,,,,,,,,,,9.98,1.10290752258233,9.98,1.10259401977301,9.98,1.11436292407017,9.98,1.11041944491638,9.98,1.07577053841032,,,,95,1.18588913,1.83029505,0.91293546,1.46769653,1.52818966,2.19688796,1.18222634,1.81681466,1.17367072,1.69036314,,,,,,,,,,,,,,,,,,,,1.11,0,1.11,0,1.11,0,1.11,0,1.11,0,1.11,0,1.11,0,1.11,0,1.11,0,1.11,0,,,,1.11,0,0,0,0,0,,1.11,0,0,0,0,0,,,,,,,,,,,,,1,-621.573347,685.841626,-11.809739,-1295.605234,1,-1295.605234,,,,,,,,,,90,4.08827957,4.29486628,5.07463638,4.14032528,4.96197128,,,,,,
,,,,,,,,,,,,,,,,,,,,,,10.479,1.11118906571193,10.479,1.10908115454497,10.479,1.12019436462495,10.479,1.10578740260458,10.479,1.09351969198648,,,,100,1.24822595,1.89544784,0.93527488,1.47457077,1.57527144,2.27339453,1.20019518,1.87449632,1.23371784,1.73632691,,,,,,,,,,,,,,,,,,,,1.17,0,1.17,0,1.17,0,1.17,0,1.17,0,1.17,0,1.17,0,1.17,0,1.17,0,1.17,0,,,,1.17,0,0,0,0,0,,1.17,0,0,0,0,0,,,,,,,,,,,,,2,-527.03289,601.722273,40.785971,-1169.541134,1,-1169.541134,,,,,,,,,,95,4.07082594,4.30099956,5.04169693,4.14711314,4.95207685,,,,,,
,,,,,,,,,,,,,,,,,,,,,,10.978,1.10398894715339,10.978,1.11389055113753,10.978,1.1123102756514,10.978,1.11086262477049,10.978,1.10228899781435,,,,105,1.26474593,1.90175831,0.94526672,1.49043304,1.62697694,2.36272397,1.26389878,1.91621415,1.24386554,1.76771778,,,,,,,,,,,,,,,,,,,,1.23,0,1.23,0,1.23,0,1.23,0,1.23,0,1.23,0,1.23,0,1.23,0,1.23,0,1.23,0,,,,1.23,0,0,0,0,0,,1.23,0,0,0,0,0,,,,,,,,,,,,,3,-504.416167,603.49895,-41.587657,-1066.32746,1,-1066.32746,,,,,,,,,,100,4.0894578,4.27766166,5.05596332,4.15272592,4.96664574,,,,,,
,,,,,,,,,,,,,,,,,,,,,,11.477,1.10310926732991,11.477,1.11780918932628,11.477,1.11834806123243,11.477,1.11150304516243,11.477,1.10122097490379,,,,110,1.29921923,1.96060597,0.96598784,1.51898882,1.70686965,2.47150297,1.29175609,1.92880887,1.28701887,1.81562164,,,,,,,,,,,,,,,,,,,,1.29,0,1.29,0,1.29,0,1.29,0,1.29,0,1.29,0,1.29,0,1.29,0,1.29,0,1.29,0,,,,1.29,0,0,0,0,0,,1.29,0,0,0,0,0,,,,,,,,,,,,,4,-429.379723,486.039378,-112.000449,-803.418652,1,-803.418652,,,,,,,,,,105,4.11176387,4.29064074,5.05833481,4.13876184,4.9630596,,,,,,
,,,,,,,,,,,,,,,,,,,,,,11.976,1.10455190396512,11.976,1.11395461730815,11.976,1.12374221375141,11.976,1.1113796388752,11.976,1.09590758942446,,,,115,1.32403432,1.9927564,0.97930208,1.54789328,1.76164627,2.5437901,1.30867198,1.98752945,1.31151026,1.87244265,,,,,,,,,,,,,,,,,,,,1.35,0,1.35,0,1.35,0,1.35,0,1.35,0,1.35,0,1.35,0,1.35,0,1.35,0,1.35,0,,,,1.35,0,0,0,0,0,,1.35,0,0,0,0,0,,,,,,,,,,,,,5,-455.058389,498.348617,-154.297973,-799.109033,1,-799.109033,,,,,,,,,,110,4.08731742,4.28030364,5.03385587,4.12931587,4.94392436,,,,,,
,,,,,,,,,,,,,,,,,,,,,,12.475,1.11072284009142,12.475,1.12266005678662,12.475,1.12729461104855,12.475,1.11190277398892,12.475,1.10324658647999,,,,120,1.34433156,2.01158575,1.00155373,1.57354385,1.78588763,2.60842583,1.33639919,1.98755722,1.33236475,1.92807387,,,,,,,,,,,,,,,,,,,,1.41,0,1.41,0,1.41,0,1.41,0,1.41,0,1.41,0,1.41,0,1.41,0,1.41,0,1.41,0,,,,1.41,0,0,0,0,0,,1.41,0,0,0,0,0,,,,,,,,,,,,,,,,,,,,,,,,,,,,,115,4.08626036,4.2825488,5.04737783,4.14061258,4.94047821,,,,,,
,,,,,,,,,,,,,,,,,,,,,,12.974,1.10989347862825,12.974,1.12238816750656,12.974,1.12732363109427,12.974,1.10369762902155,12.974,1.10447986916649,,,,125,1.37240813,2.03389776,1.00886145,1.61318332,1.83164285,2.67632543,1.35345026,2.05422559,1.34240746,1.92934083,,,,,,,,,,,,,,,,,,,,1.47,0,1.47,0,1.47,0,1.47,0,1.47,0,1.47,0,1.47,0,1.47,0,1.47,0,1.47,0,,,,1.47,0,0,0,0,0,,1.47,0,0,0,0,0,,,,,,,,,,,,,,,,,,,,,,,,,,,,,120,4.07597725,4.29276526,5.06421565,4.13857473,4.94700027,,,,,,
,,,,,,,,,,,,,,,,,,,,,,13.473,1.11499351897411,13.473,1.1308677672003,13.473,1.13310118331774,13.473,1.10683086000697,13.473,1.09919246606231,,,,130,1.40318066,2.0984806,0.98597622,1.62197524,1.88937584,2.756679,1.38871641,2.08047621,1.37896956,1.97098546,,,,,,,,,,,,,,,,,,,,1.53,0,1.53,0,1.53,0,1.53,0,1.53,0,1.53,0,1.53,0,1.53,0,1.53,0,1.53,0,,,,1.53,0,0,0,0,0,,1.53,0,0,0,0,0,,,,,,,,,,,,,,,,,,,,,,,,,,,,,125,4.0841275,4.27715665,5.05848669,4.13308036,4.95268346,,,,,,
,,,,,,,,,,,,,,,,,,,,,,13.972,1.11434283590789,13.972,1.13381666481594,13.972,1.12893298626417,13.972,1.12398810619997,13.972,1.0901117310214,,,,135,1.43903592,2.16206128,1.00568399,1.64354613,1.95397153,2.84131707,1.38203758,2.06626833,1.40835617,2.03014204,,,,,,,,,,,,,,,,,,,,1.59,0,1.59,0,1.59,0,1.59,0,1.59,0,1.59,0,1.59,0,1.59,0,1.59,0,1.59,0,,,,1.59,0,0,0,0,0,,1.59,0,0,0,0,0,,,,,,,,,,,,,相互作用能,Cubtc/tfsI,TFSi,Cubtc,Eint,,平均,,,,,,,,,,130,4.09543909,4.29416084,5.03806101,4.13891466,4.94606436,,,,,,
,,,,,,,,,,,,,,,,,,,,,,14.471,1.11165362370454,14.471,1.13775963693274,14.471,1.1315442949525,14.471,1.12610373323476,14.471,1.10538958758998,,,,140,1.49576048,2.20325184,0.98892875,1.67217211,2.00615227,2.89554134,1.40011672,2.05753398,1.43181682,2.09203653,,,,,,,,,,,,,,,,,,,,1.65,0.06830185,1.65,0,1.65,0.03486059,1.65,0,1.65,0,1.65,0,1.65,0.03683758,1.65,0,1.65,0,1.65,0,,,,1.65,0,0,0,0,0,,1.65,0,0,0,0,0,,,,,,,,,,,,,1,-3498.703578,685.841626,-2853.758005,-1330.787199,1,-1330.787199,,,,,,,,,,135,4.08820365,4.31494838,5.0432609,4.12984277,4.96049479,,,,,,
,,,,,,,,,,,,,,,,,,,,,,14.97,1.11009938225953,14.97,1.13671169916586,14.97,1.13360904381674,14.97,1.12649352525431,14.97,1.10441856708344,,,,145,1.53152407,2.24574117,1.04054335,1.70939869,2.05737771,2.95903703,1.43986845,2.09884312,1.46362711,2.10916347,,,,,,,,,,,,,,,,,,,,1.71,0.34976322,1.71,1.60573115,1.71,0.45440363,1.71,1.2293241,1.71,0.40296301,1.71,0.84790134,1.71,0.5144715,1.71,1.29904054,1.71,0.85197374,1.71,0,,,,1.71,0,0,0,0,0,,1.71,0,0,0,0,0,,,,,,,,,,,,,2,-6255.944846,601.722273,-5723.112779,-1134.55434,2,-567.27717,,,,,,,,,,140,4.10079319,4.29948267,5.04240348,4.13052799,4.94321769,,,,,,
,,,,,,,,,,,,,,,,,,,,,,15.469,1.11160258066832,15.469,1.13882558684594,15.469,1.13131506316033,15.469,1.12755619330627,15.469,1.10048029077066,,,,150,1.55910825,2.28769945,1.02365484,1.7247625,2.09598184,3.04264959,1.48905245,2.17469146,1.49102859,2.15732814,,,,,,,,,,,,,,,,,,,,1.77,1.95872761,1.77,19.48340423,1.77,2.81737957,1.77,15.298674,1.77,2.85216067,1.77,18.2021133,1.77,2.72105703,1.77,9.69976801,1.77,3.94141244,1.77,10.03936525,,,,1.77,0,0,3.94718169,3.78542875,0.64872802,,1.77,0,0,0,0,0,,,,,,,,,,,,,3,-8103.797162,603.49895,-8629.032282,-78.2638299999999,3,-26.0879433333333,,,,,,,,,,145,4.08464195,4.2904761,5.04891489,4.12408369,4.95152672,,,,,,
,,,,,,,,,,,,,,,,,,,,,,15.968,1.12000153733961,15.968,1.14151794508862,15.968,1.12912485699234,15.968,1.12259412630715,15.968,1.09672107920182,,,,155,1.63397577,2.38927011,1.04400698,1.77996502,2.15616212,3.10314712,1.48406087,2.11187009,1.53713414,2.20226946,,,,,,,,,,,,,,,,,,,,1.83,6.19130229,1.83,74.66002589,1.83,8.44550671,1.83,47.22965416,1.83,6.06945891,1.83,64.41103316,1.83,7.18748574,1.83,44.99291202,1.83,8.82991889,1.83,54.71800472,,,,1.83,0,0,28.61777435,9.91562612,1.21377919,,1.83,0,0,0,0,0,,,,,,,,,,,,,4,-11270.801264,486.039378,-11508.794281,-248.046360999999,4,-62.0115902499997,,,,,,,,,,150,4.09313315,4.2864897,5.04917231,4.131286,4.94610214,,,,,,
,,,,,,,,,,,,,,,,,,,,,,16.467,1.120223220187,16.467,1.1419292311584,16.467,1.12742281696903,16.467,1.11691464051271,16.467,1.0866865127719,,,,160,1.65899189,2.41919779,1.02881858,1.78710973,2.20894801,3.18183889,1.48965713,2.13804888,1.56098093,2.22202134,,,,,,,,,,,,,,,,,,,,1.89,9.83897705,1.89,117.64475273,1.89,13.01926687,1.89,94.93104719,1.89,10.33590424,1.89,107.23844264,1.89,11.03416074,1.89,80.81891018,1.89,14.5551373,1.89,106.42686072,,,,1.89,0,0,24.23333546,18.59221532,1.13794347,,1.89,0,0,0,0,0,,,,,,,,,,,,,5,-13828.315643,498.348617,-14267.996176,-58.668083999999,5,-11.7336167999998,,,,,,,,,,155,4.09393298,4.2949615,5.02419122,4.13383838,4.93588464,,,,,,
,,,,,,,,,,,,,,,,,,,,,,16.966,1.11681059696207,16.966,1.13799729800745,16.966,1.12853625716729,16.966,1.11703920927755,16.966,1.0897105326877,,,,165,1.7190215,2.48752323,1.04878594,1.83143283,2.25119156,3.21932043,1.53186535,2.17827442,1.60186679,2.27098278,,,,,,,,,,,,,,,,,,,,1.95,10.63662872,1.95,136.75709165,1.95,15.02600524,1.95,117.8555486,1.95,11.36239555,1.95,118.99849775,1.95,14.26923257,1.95,80.2512454,1.95,15.55336297,1.95,115.44312751,,,,1.95,0,0,15.44775452,7.48532998,2.13799792,,1.95,0,0,0,0,0,,,,,,,,,,,,,,,,,,,,,,,,,,,,,160,4.10414677,4.28998459,5.02720062,4.11137775,4.95277934,,,,,,
,,,,,,,,,,,,,,,,,,,,,,17.465,1.11991210549566,17.465,1.13739903142812,17.465,1.13013129249047,17.465,1.12325936359254,17.465,1.09659731251163,,,,170,1.79762243,2.57197849,1.05354388,1.8526475,2.30990504,3.31401381,1.5617344,2.20386036,1.62193239,2.31948189,,,,,,,,,,,,,,,,,,,,2.01,10.26428553,2.01,103.43684154,2.01,13.39063041,2.01,70.58859072,2.01,8.91994989,2.01,82.84980705,2.01,12.68537688,2.01,73.65152157,2.01,14.66554186,2.01,82.59086233,,,,2.01,0,0,16.06978906,7.04514723,2.01227069,,2.01,0,0,0,0,0,,,,,,,,,,,,,,,,,,,,,,,,,,,,,165,4.09982308,4.29554473,5.04390748,4.10809427,4.96207154,,,,,,
,,,,,,,,,,,,,,,,,,,,,,17.964,1.12815427519328,17.964,1.13977537317347,17.964,1.13691899187973,17.964,1.12891561888408,17.964,1.10523116905621,,,,175,1.82569726,2.6622854,1.04391368,1.87452683,2.36177006,3.38727312,1.58430844,2.25615784,1.65522829,2.35890852,,,,,,,,,,,,,,,,,,,,2.07,8.59295066,2.07,64.92722853,2.07,10.03408177,2.07,48.09935664,2.07,7.05830357,2.07,49.76333184,2.07,11.4223526,2.07,47.57655627,2.07,10.94591194,2.07,54.57472436,,,,2.07,0,0,3.60756489,4.98201009,1.897316,,2.07,0,0,0,0,0,,,,,,,,,,,,,,,,,,,,,,,,,,,,,170,4.10071133,4.2930681,5.03693537,4.1034962,4.94461308,,,,,,
,,,,,,,,,,,,,,,,,,,,,,18.463,1.13284974836106,18.463,1.14435780599253,18.463,1.12493094988674,18.463,1.13674975755741,18.463,1.1075162358103,,,,180,1.87467573,2.69763847,1.06435991,1.9083835,2.41429989,3.43993155,1.60365603,2.28089942,1.67076005,2.39075421,,,,,,,,,,,,,,,,,,,,2.13,7.35740653,2.13,37.77587631,2.13,7.11281517,2.13,28.26036528,2.13,5.58409111,2.13,30.87753479,2.13,8.22359764,2.13,25.95573005,2.13,8.64282654,2.13,30.14245445,,,,2.13,0,0,0.68143953,2.61405831,1.34395307,,2.13,0,0,0,0,0,,,,,,,,,,,,,,,,,,,,,,,,,,,,,175,4.1035559,4.28713452,5.05288429,4.11137161,4.95848415,,,,,,
,,,,,,,,,,,,,,,,,,,,,,18.962,1.13125080091596,18.962,1.14959445501863,18.962,1.12837456101938,18.962,1.11638396094349,18.962,1.09715319920418,,,,185,1.90881342,2.76113959,1.04803174,1.93070362,2.49128323,3.53869061,1.64103855,2.32113779,1.70220845,2.46763286,,,,,,,,,,,,,,,,,,,,2.19,4.7303433,2.19,24.72040575,2.19,4.63074635,2.19,15.49024233,2.19,3.7467646,2.19,16.54309178,2.19,6.48265838,2.19,15.04865497,2.19,6.48188994,2.19,16.25271793,,,,2.19,0,0,1.28922834,0.98911728,0,,2.19,0,0,0,0,0,,,,,,,,,,,,,,,,,,,,,,,,,,,,,180,4.09508808,4.2948833,5.06686276,4.1039121,4.94554591,,,,,,
,,,,,,,,,,,,,,,,,,,,,,19.461,1.1347756307804,19.461,1.13499769238787,19.461,1.13716007117592,19.461,1.1266439978687,19.461,1.09308119868892,,,,190,1.96362288,2.83886731,1.07778455,1.97885765,2.5450445,3.5965541,1.64888538,2.34952828,1.71161575,2.44229424,,,,,,,,,,,,,,,,,,,,2.25,3.52637656,2.25,8.57947213,2.25,3.74964156,2.25,12.78159067,2.25,2.6573607,2.25,9.55049618,2.25,4.65568863,2.25,8.00382216,2.25,4.15093668,2.25,8.91435048,,,,2.25,0,0,0.61069515,0.46853541,0.80295276,,2.25,0,0,0,0,0,,,,,,,,,,,,,,,,,,,,,,,,,,,,,185,4.09916945,4.29685143,5.0491556,4.08240752,4.95193797,,,,,,
,,,,,,,,,,,,,,,,,,,,,,19.96,1.13974938948822,19.96,1.14186790581902,19.96,1.13307892988115,19.96,1.1221966447968,19.96,1.10140658275485,,,,195,1.99084566,2.86719037,1.07010494,1.99693527,2.58688498,3.65978847,1.7048446,2.3848468,1.77923414,2.51841055,,,,,,,,,,,,,,,,,,,,2.31,3.03192952,2.31,4.17979364,2.31,2.88149035,2.31,3.81753004,2.31,2.0610587,2.31,6.04055819,2.31,3.74034393,2.31,4.2713224,2.31,3.61332293,2.31,5.3819227,,,,2.31,0,0,0,0,0,,2.31,0,0,0,0.29661961,0.25628203,,,,,,,,,,,,,,,,,,,,,,,,,,,,,190,4.08635881,4.30309627,5.03705962,4.09845449,4.95129652,,,,,,
,,,,,,,,,,,,,,,,,,,,,,20.459,1.13653096789553,20.459,1.13788455939341,20.459,1.13575102049068,20.459,1.11881184110554,20.459,1.11059045385022,,,,200,2.05452943,2.96501012,1.13900249,2.1033189,2.63110672,3.68167399,1.72330507,2.39684668,1.77399093,2.5438603,,,,,,,,,,,,,,,,,,,,2.37,1.80436685,2.37,2.92588844,2.37,1.92635132,2.37,1.92001464,2.37,1.57341518,2.37,2.20715185,2.37,2.99982715,2.37,3.15606815,2.37,1.92848055,2.37,2.43470669,,,,2.37,0,0,0,0,0,,2.37,0,0,2.20715185,3.38150159,0.24347067,,,,,,,,,,,,,,,,,,,,,,,,,,,,,195,4.07947873,4.32306718,5.04150127,4.09617171,4.96121856,,,,,,
,,,,,,,,,,,,,,,,,,,,,,20.958,1.12600668492426,20.958,1.1409905948399,20.958,1.14562251073575,20.958,1.11541073302429,20.958,1.10753329055124,,,,205,2.11587193,3.03363701,1.11305032,2.13276399,2.67318048,3.76787302,1.75152757,2.41752755,1.82156557,2.57838896,,,,,,,,,,,,,,,,,,,,2.43,1.81084575,2.43,1.9879937,2.43,1.73595984,2.43,2.2322354,2.43,1.29712164,2.43,1.46965545,2.43,2.08918711,2.43,1.0721946,2.43,1.68767325,2.43,1.85277172,,,,2.43,0,0,0.52357709,0,0,,2.43,0,0,2.09950778,8.04145952,1.62117525,,,,,,,,,,,,,,,,,,,,,,,,,,,,,200,4.07631539,4.30952017,5.05142032,4.10025532,4.95320847,,,,,,
,,,,,,,,,,,,,,,,,,,,,,21.457,1.12875767722079,21.457,1.14035836846671,21.457,1.14339036859682,21.457,1.12437435314675,21.457,1.10693581600562,,,,210,2.18694208,3.08536835,1.12594545,2.15928259,2.71604992,3.82089866,1.77020494,2.49808261,1.8686957,2.64427491,,,,,,,,,,,,,,,,,,,,2.49,0.85481744,2.49,0.37866913,2.49,1.33183393,2.49,1.35288303,2.49,0.74438714,2.49,1.99955057,2.49,1.32648084,2.49,3.0634428,2.49,1.45008525,2.49,1.54399137,,,,2.49,0,0,0.99729934,0,0,,2.49,0,0,9.99775285,17.35950917,2.42627216,,,,,,,,,,,,,,,,,,,,,,,,,,,,,205,4.06573854,4.29127416,5.03979613,4.09398647,4.95730148,,,,,,
,,,,,,,,,,,,,,,,,,,,,,21.956,1.14188411995855,21.956,1.13787539134438,21.956,1.14534081678549,21.956,1.13443058164118,21.956,1.10798553306977,,,,215,2.25790897,3.20603956,1.13771332,2.21151223,2.77285544,3.8241188,1.81128882,2.52327631,1.8708973,2.69082844,,,,,,,,,,,,,,,,,,,,2.55,0.94376044,2.55,1.08317959,2.55,1.05095139,2.55,0.18428141,2.55,0.5738573,2.55,0.19065654,2.55,1.49616046,2.55,1.16839335,2.55,1.03282429,2.55,0.42062602,,,,2.55,0,0,0.47546094,0,0,,2.55,0,0,19.70117559,25.07177399,7.15064235,,,,,,,,,,,,,,,,,,,,,,,,,,,,,210,4.07977188,4.28771324,5.04609683,4.09664847,4.93692865,,,,,,
,,,,,,,,,,,,,,,,,,,,,,22.455,1.13673410347692,22.455,1.14922772973358,22.455,1.14767346122995,22.455,1.14283908995361,22.455,1.10773491372886,,,,220,2.32603438,3.2816147,1.15042079,2.2714876,2.83671983,3.89150096,1.84474616,2.57306803,1.92904767,2.77246159,,,,,,,,,,,,,,,,,,,,2.61,0.58693032,2.61,0.86162736,2.61,0.89172381,2.61,0,2.61,0.67751424,2.61,0.36398372,2.61,0.91284783,2.61,0.74352928,2.61,0.69966103,2.61,0.60226504,,,,2.61,0,0,1.36155866,0,0,,2.61,0,0,19.41246488,21.37646675,4.81812029,,,,,,,,,,,,,,,,,,,,,,,,,,,,,215,4.07025632,4.29513806,5.03295162,4.0906401,4.96188299,,,,,,
,,,,,,,,,,,,,,,,,,,,,,22.954,1.13658069995185,22.954,1.14500657212502,22.954,1.14576266629239,22.954,1.14249463497638,22.954,1.10849844303203,,,,225,2.38370508,3.3515961,1.19173516,2.32695927,2.89249972,3.98435556,1.85348192,2.63684363,1.96203955,2.83938718,,,,,,,,,,,,,,,,,,,,2.67,0.56084892,2.67,0.49400355,2.67,0.69232988,2.67,0.16808971,2.67,0.59230905,2.67,0.52171408,2.67,0.71752364,2.67,0.53286682,2.67,0.69895978,2.67,0.38366814,,,,2.67,0,0,0.86737009,0,0,,2.67,0,0,16.81078696,9.54719721,3.26117917,,,,,,,,,,,,,,,,,,,,,,,,,,,,,220,4.07384703,4.28720976,5.04474977,4.10008243,4.96631418,,,,,,
,,,,,,,,,,,,,,,,,,,,,,23.453,1.14096280422815,23.453,1.15194078039168,23.453,1.14911713061995,23.453,1.14018919419921,23.453,1.11396694305011,,,,230,2.4754431,3.45849835,1.18394724,2.3276339,2.93090045,4.05903222,1.91836628,2.67162284,1.98233327,2.84457161,,,,,,,,,,,,,,,,,,,,2.73,0.38675608,2.73,0.47252859,2.73,0.56035136,2.73,0,2.73,0.52703315,2.73,0.16634484,2.73,0.64595951,2.73,0.67960324,2.73,0.6976436,2.73,0.1834948,,,,2.73,0,0,0.41483221,0,0,,2.73,0,0,6.65379346,6.58365637,0.917474,,,,,,,,,,,,,,,,,,,,,,,,,,,,,225,4.06822919,4.28077164,5.0376483,4.11168046,4.95314693,,,,,,
,,,,,,,,,,,,,,,,,,,,,,23.952,1.15180239904322,23.952,1.14808112875094,23.952,1.15090137432005,23.952,1.14650480266149,23.952,1.11742511120491,,,,235,2.51714233,3.49137373,1.18948962,2.36852803,2.94943419,4.14806414,1.94624821,2.71755165,2.04046308,2.90331423,,,,,,,,,,,,,,,,,,,,2.79,0.31057496,2.79,0.30161606,2.79,0.56089713,2.79,0.30788375,2.79,0.365842,2.79,0.47780227,2.79,0.64424595,2.79,0.48801631,2.79,0.37572818,2.79,0.35137543,,,,2.79,0,0,0.79436499,0,0,,2.79,0,0,6.63614266,4.27014269,0,,,,,,,,,,,,,,,,,,,,,,,,,,,,,230,4.05425316,4.28285941,5.02125597,4.09967448,4.95518668,,,,,,
,,,,,,,,,,,,,,,,,,,,,,24.451,1.1483704071942,24.451,1.14205162934736,24.451,1.14076572830772,24.451,1.1410570317671,24.451,1.11235556814457,,,,240,2.53548416,3.53068448,1.17162397,2.3879646,3.0034654,4.23205757,1.97246688,2.76798274,2.1346693,2.99589741,,,,,,,,,,,,,,,,,,,,2.85,0.21750341,2.85,0.14452529,2.85,0.32719209,2.85,0.14752858,2.85,0.31433179,2.85,0.45789678,2.85,0.46922881,2.85,0.3117902,2.85,0.42675574,2.85,0,,,,2.85,0,0,0.76127134,0,0,,2.85,0,0,2.79825813,4.09224636,0.16836847,,,,,,,,,,,,,,,,,,,,,,,,,,,,,235,4.07179305,4.28107061,5.03965137,4.10650458,4.94967419,,,,,,
,,,,,,,,,,,,,,,,,,,,,,24.95,1.14742886201443,24.95,1.1586056559009,24.95,1.14217519527103,24.95,1.15151148378988,24.95,1.10503644755028,,,,245,2.62143264,3.59811241,1.20049296,2.42443443,3.01402897,4.2975047,2.00672526,2.80784663,2.19743919,3.04874357,,,,,,,,,,,,,,,,,,,,2.91,0.23058771,2.91,0.13862714,2.91,0.17933669,2.91,0.14150786,2.91,0.34788893,2.91,0.73201628,2.91,0.4974561,2.91,0.59813174,2.91,0.31979657,2.91,0.16149727,,,,2.91,0,0,0.73020344,0,0,,2.91,0,0,0.73201628,1.68224553,0,,,,,,,,,,,,,,,,,,,,,,,,,,,,,240,4.06648705,4.29614899,5.02350172,4.10647546,4.96726331,,,,,,
,,,,,,,,,,,,,,,,,,,,,,25.449,1.14567520382367,25.449,1.15673168013856,25.449,1.1452038581192,25.449,1.15823309209308,25.449,1.10111419460902,,,,250,2.70860946,3.67796286,1.16975376,2.43216341,3.09094411,4.37245412,2.05028994,2.83016833,2.28516128,3.14828041,,,,,,,,,,,,,,,,,,,,2.97,0.22136546,2.97,0.53233122,2.97,0.38736945,2.97,0,2.97,0.23378268,2.97,0.28109585,2.97,0.38659665,2.97,0.71776216,2.97,0.29472619,2.97,0.15503825,,,,2.97,0,0,1.40199856,0.26890911,0,,2.97,0,0,1.63972576,1.25608378,0,,,,,,,,,,,,,,,,,,,,,,,,,,,,,245,4.05629847,4.28808813,5.02256673,4.10005859,4.9748845,,,,,,
,,,,,,,,,,,,,,,,,,,,,,25.948,1.14565790273118,25.948,1.15490369185365,25.948,1.14791153076462,25.948,1.15762029684167,25.948,1.09914755110049,,,,255,2.77864942,3.7438062,1.21549713,2.46254106,3.17859559,4.490709,2.06314791,2.87191471,2.33008558,3.17438155,,,,,,,,,,,,,,,,,,,,3.03,0.15191828,3.03,1.02291643,3.03,0.23778197,3.03,0.5220865,3.03,0.26739992,3.03,0.6751848,3.03,0.3058901,3.03,0.55169464,3.03,0.29496855,3.03,0.59583647,,,,3.03,0,0,1.34702541,0.77509511,0,,3.03,0,0,0.4501232,0.6896183,0,,,,,,,,,,,,,,,,,,,,,,,,,,,,,250,4.07115461,4.2956517,5.0223044,4.09651743,4.95942187,,,,,,
,,,,,,,,,,,,,,,,,,,,,,26.447,1.1482212403688,26.447,1.14554127321074,26.447,1.14482826157752,26.447,1.14925616951581,26.447,1.10275661490025,,,,260,2.82130231,3.78807178,1.23112314,2.54448995,3.25444495,4.59803087,2.07869603,2.90331281,2.39084063,3.28158535,,,,,,,,,,,,,,,,,,,,3.09,0.15581441,3.09,0.86063113,3.09,0.16899305,3.09,0.25100438,3.09,0.3702479,3.09,0.64921942,3.09,0.28362205,3.09,0.928337,3.09,0.37438504,3.09,0.57292256,,,,3.09,0,0,1.94283487,0.49685834,0,,3.09,0,0,0.43281294,0.82887232,0,,,,,,,,,,,,,,,,,,,,,,,,,,,,,255,4.07169729,4.29738467,5.01498211,4.10079423,4.96476948,,,,,,
,,,,,,,,,,,,,,,,,,,,,,26.946,1.15395067054538,26.946,1.15369771629539,26.946,1.14033679877209,26.946,1.1499766856612,26.946,1.12071403104159,,,,265,2.87548603,3.83671059,1.23727646,2.53873561,3.29482495,4.72272306,2.1122306,2.9477855,2.44533312,3.31758825,,,,,,,,,,,,,,,,,,,,3.15,0.18741916,3.15,0.94646676,3.15,0.17218242,3.15,1.20766833,3.15,0.3760712,3.15,1.37439177,3.15,0.29313697,3.15,0.51046266,3.15,0.27292349,3.15,0.55130546,,,,3.15,0,0,2.18111742,0.23905562,0,,3.15,0,0,0.41648236,0.31903916,0,,,,,,,,,,,,,,,,,,,,,,,,,,,,,260,4.04586989,4.29350669,5.0331335,4.08839118,4.95694542,,,,,,
,,,,,,,,,,,,,,,,,,,,,,27.445,1.14973845771951,27.445,1.15714062955293,27.445,1.13910465750849,27.445,1.15215454863379,27.445,1.11029774490922,,,,270,2.89679085,3.85110441,1.26457628,2.56685301,3.30893335,4.76075878,2.10966844,2.97254748,2.50521411,3.39228334,,,,,,,,,,,,,,,,,,,,3.21,0.15340674,3.21,2.16461422,3.21,0.09211446,3.21,0.81406156,3.21,0.25731302,3.21,0.48127066,3.21,0.26281363,3.21,1.10600738,3.21,0.21025311,3.21,0.92905595,,,,3.21,0,0,0.30004924,0.69060821,0.19725502,,3.21,0,0,0,0.76806068,0,,,,,,,,,,,,,,,,,,,,,,,,,,,,,265,4.06518652,4.29030339,5.03239313,4.07234532,4.95585691,,,,,,
,,,,,,,,,,,,,,,,,,,,,,27.944,1.1387752372497,27.944,1.15571804424225,27.944,1.14034927762725,27.944,1.15127606220458,27.944,1.11416909466819,,,,275,2.94891217,3.91541378,1.26374273,2.59212116,3.36471163,4.82577365,2.12803115,3.02538556,2.54754282,3.43493562,,,,,,,,,,,,,,,,,,,,3.27,0.16522058,3.27,2.74461817,3.27,0.16865392,3.27,1.3447931,3.27,0.23877364,3.27,1.50725857,3.27,0.22511809,3.27,0.82895045,3.27,0.28365177,3.27,1.53475866,,,,3.27,0,0,0,0.88733067,0,,3.27,0,0,0.19323828,0.74013433,0,,,,,,,,,,,,,,,,,,,,,,,,,,,,,270,4.062072,4.29439457,5.03061685,4.08606049,4.95269111,,,,,,
,,,,,,,,,,,,,,,,,,,,,,28.443,1.14807540485893,28.443,1.16583950945402,28.443,1.14404313061743,28.443,1.14884650476844,28.443,1.11742569402654,,,,280,2.96858458,3.95898859,1.2718264,2.62991475,3.43389977,4.95324898,2.22658141,3.05578869,2.58553083,3.48684644,,,,,,,,,,,,,,,,,,,,3.33,0.08385289,3.33,4.34043499,3.33,0.0684763,3.33,2.26934746,3.33,0.29223649,3.33,1.56523633,3.33,0.17185423,3.33,0.9135409,3.33,0.19537317,3.33,2.71324494,,,,3.33,0,0,1.11525716,1.92519836,0,,3.33,0,0,0,0.4282223,0,,,,,,,,,,,,,,,,,,,,,,,,,,,,,275,4.06048925,4.28594174,5.02131618,4.09266103,4.95040893,,,,,,
,,,,,,,,,,,,,,,,,,,,,,28.942,1.14363244749116,28.942,1.16395794904885,28.942,1.13969420684989,28.942,1.1531858083721,28.942,1.1173795278627,,,,285,3.0484669,4.07676112,1.30685943,2.69493206,3.48986574,5.09218336,2.25234979,3.08575666,2.62384534,3.54517615,,,,,,,,,,,,,,,,,,,,3.39,0.08900208,3.39,3.26880385,3.39,0.09911081,3.39,2.50254805,3.39,0.25634877,3.39,2.91276287,3.39,0.27055639,3.39,0.88149018,3.39,0.17909276,3.39,1.90403876,,,,3.39,0,0,0.53806471,0.82562426,0.35372849,,3.39,0,0,0,1.10186272,0,,,,,,,,,,,,,,,,,,,,,,,,,,,,,280,4.05601431,4.28717264,5.02749237,4.06773458,4.93169969,,,,,,
,,,,,,,,,,,,,,,,,,,,,,29.441,1.15051663563156,29.441,1.16315201399758,29.441,1.14316282097848,29.441,1.15573260220235,29.441,1.11793989525402,,,,290,3.12356835,4.18605536,1.33654566,2.76668121,3.55500964,5.18409134,2.32140441,3.19075747,2.69200549,3.57462415,,,,,,,,,,,,,,,,,,,,3.45,0.09374548,3.45,7.49573236,3.45,0.11164247,3.45,2.71829474,3.45,0.26401072,3.45,2.60401194,3.45,0.24437439,3.45,1.38303267,3.45,0.20932151,3.45,4.02147566,,,,3.45,0,0,1.03902524,0.19928933,0,,3.45,0,0,0,0.13298391,0,,,,,,,,,,,,,,,,,,,,,,,,,,,,,285,4.06588895,4.29759843,5.03338331,4.09868931,4.93498845,,,,,,
,,,,,,,,,,,,,,,,,,,,,,29.94,1.16434593654193,29.94,1.17416765499338,29.94,1.13655430882759,29.94,1.15910675086581,29.94,1.12208591350425,,,,295,3.16963697,4.22912967,1.39020852,2.81765723,3.59439943,5.25808911,2.36535941,3.21588005,2.7061486,3.56630435,,,,,,,,,,,,,,,,,,,,3.51,0.16604129,3.51,7.05109437,3.51,0.16178752,3.51,3.30701394,3.51,0.22317931,3.51,3.42141857,3.51,0.22795024,3.51,1.43893591,3.51,0.14067934,3.51,3.88516773,,,,3.51,0,0,0.75285561,0.77013768,0.16497797,,3.51,0,0,0,0.77085852,0,,,,,,,,,,,,,,,,,,,,,,,,,,,,,290,4.05739484,4.27704264,5.01135448,4.07473065,4.93454944,,,,,,
,,,,,,,,,,,,,,,,,,,,,,30.439,1.15395711589272,30.439,1.16313141150614,30.439,1.14233154912288,30.439,1.15678819191261,30.439,1.12313655916662,,,,300,3.2376293,4.33882894,1.39651518,2.86993168,3.66153767,5.39400841,2.40088432,3.26694006,2.77839648,3.65128454,,,,,,,,,,,,,,,,,,,,3.57,0.13132399,3.57,5.52655136,3.57,0.10426341,3.57,2.82069752,3.57,0.26197085,3.57,3.59920985,3.57,0.29118024,3.57,1.3909759,3.57,0.20398571,3.57,6.65290882,,,,3.57,0,0,0.72776278,1.86117211,0.6379169,,3.57,0,0,0,0.74516566,0.10730498,,,,,,,,,,,,,,,,,,,,,,,,,,,,,295,4.06275734,4.28584285,5.03741567,4.09901008,4.94983252,,,,,,
,,,,,,,,,,,,,,,,,,,,,,30.938,1.1481375038053,30.938,1.16155503706533,30.938,1.13863782773288,30.938,1.16385604883883,30.938,1.11960980625678,,,,305,3.25652544,4.41003295,1.45650821,2.94082708,3.70789693,5.52528593,2.45319688,3.28842223,2.8152545,3.67118659,,,,,,,,,,,,,,,,,,,,3.63,0.16230165,3.63,6.59262233,3.63,0.19448726,3.63,3.72857288,3.63,0.20121546,3.63,5.268864,3.63,0.27402248,3.63,2.21025775,3.63,0.2301813,3.63,5.60450368,,,,3.63,0,0,0.46926926,1.08009338,0.46275262,,3.63,0,0,0,0.84085893,0,,,,,,,,,,,,,,,,,,,,,,,,,,,,,300,4.05498352,4.29997977,5.02262262,4.08205977,4.93091652,,,,,,
,,,,,,,,,,,,,,,,,,,,,,31.437,1.14557817522057,31.437,1.15680577409832,31.437,1.13851868715429,31.437,1.17116564696201,31.437,1.11389255772935,,,,310,3.36060315,4.53190165,1.49090736,2.98391639,3.71853271,5.60963547,2.53893464,3.36787238,2.85682509,3.70240183,,,,,,,,,,,,,,,,,,,,3.69,0.16389555,3.69,9.39753198,3.69,0.13244691,3.69,5.19244168,3.69,0.26684566,3.69,6.19154041,3.69,0.30938113,3.69,3.06895035,3.69,0.15115637,3.69,7.9347149,,,,3.69,0,0,1.13533218,1.04525472,0.44782644,,3.69,0,0,0,0.5812406,0,,,,,,,,,,,,,,,,,,,,,,,,,,,,,305,4.06104883,4.29354479,5.02651228,4.10531698,4.93799148,,,,,,
,,,,,,,,,,,,,,,,,,,,,,31.936,1.14706860040347,31.936,1.15429075285586,31.936,1.14143406595289,31.936,1.16016038243801,31.936,1.1152320884361,,,,315,3.44734921,4.62481785,1.52795107,3.019089,3.78534254,5.74337716,2.64745776,3.39070932,2.87819042,3.74589078,,,,,,,,,,,,,,,,,,,,3.75,0.24465165,3.75,11.01924264,3.75,0.19573871,3.75,6.64667922,3.75,0.34915552,3.75,8.28720635,3.75,0.37088424,3.75,3.42176374,3.75,0.18487347,3.75,8.07184528,,,,3.75,0,0,0.87943437,0.84339572,0.28907396,,3.75,0,0,0,0.67534811,0,,,,,,,,,,,,,,,,,,,,,,,,,,,,,310,4.04939706,4.2815192,5.03845883,4.10177905,4.94444849,,,,,,
,,,,,,,,,,,,,,,,,,,,,,32.435,1.14937377829766,32.435,1.15444276141864,32.435,1.14109117234895,32.435,1.1589609187659,32.435,1.11071359881939,,,,320,3.50962452,4.71574306,1.55576691,3.06806073,3.86402432,5.89558901,2.70988699,3.44085856,2.92248742,3.77365852,,,,,,,,,,,,,,,,,,,,3.81,0.26262929,3.81,10.67491977,3.81,0.12423535,3.81,7.75980564,3.81,0.3179506,3.81,7.77203173,3.81,0.36620459,3.81,4.7977983,3.81,0.14178485,3.81,8.76174397,,,,3.81,0,0,1.91689721,1.63408357,0.56008229,,3.81,0,0,0,0.54520435,0,,,,,,,,,,,,,,,,,,,,,,,,,,,,,315,4.05322918,4.28121268,5.03287089,4.10879594,4.93858828,,,,,,
,,,,,,,,,,,,,,,,,,,,,,32.934,1.15460280663899,32.934,1.15252841338739,32.934,1.13442871571603,32.934,1.16187297283115,32.934,1.11505053363683,,,,325,3.58097714,4.78452598,1.55726333,3.11267978,3.92355334,6.05812117,2.68440821,3.46989741,2.99990147,3.8099201,,,,,,,,,,,,,,,,,,,,3.87,0.2855916,3.87,9.17074986,3.87,0.17111326,3.87,8.32117445,3.87,0.30816829,3.87,8.52626242,3.87,0.38842234,3.87,4.73473439,3.87,0.27484518,3.87,8.85742822,,,,3.87,0,0,2.47722732,1.10866567,0.27142518,,3.87,0,0,0,0.42274414,0.18262739,,,,,,,,,,,,,,,,,,,,,,,,,,,,,320,4.06755287,4.27938281,5.04978435,4.11145045,4.94799499,,,,,,
,,,,,,,,,,,,,,,,,,,,,,33.433,1.16030928434833,33.433,1.16144213915941,33.433,1.13509792260877,33.433,1.15567927002624,33.433,1.11306702985314,,,,330,3.63001103,4.83318022,1.61581776,3.20143236,3.96877168,6.1917581,2.75694151,3.53709259,3.08784689,3.87239073,,,,,,,,,,,,,,,,,,,,3.93,0.23479525,3.93,8.66484763,3.93,0.15978292,3.93,8.30179793,3.93,0.34969536,3.93,8.99034972,3.93,0.46107508,3.93,5.4931251,3.93,0.19638108,3.93,9.91724456,,,,3.93,0,0,1.80162424,0.92149059,0,,3.93,0,0,0.13378497,1.84470619,0,,,,,,,,,,,,,,,,,,,,,,,,,,,,,325,4.05022794,4.2920221,5.04201838,4.11098289,4.94596562,,,,,,
,,,,,,,,,,,,,,,,,,,,,,33.932,1.16226380304299,33.932,1.16431462087985,33.932,1.14208093237935,33.932,1.15892699181272,33.932,1.11978611847197,,,,335,3.68863132,4.91686087,1.61585874,3.25058205,4.01967626,6.35355815,2.82935681,3.59334816,3.1257048,3.93104921,,,,,,,,,,,,,,,,,,,,3.99,0.35044148,3.99,11.13454789,3.99,0.19078601,3.99,9.40888054,3.99,0.40710897,3.99,10.51312657,3.99,0.35281,3.99,6.5222599,3.99,0.25856204,3.99,10.39436425,,,,3.99,0,0,2.52467001,1.19198064,0,,3.99,0,0,0,0.89482224,0.17180767,,,,,,,,,,,,,,,,,,,,,,,,,,,,,330,4.07125685,4.28553489,5.04967164,4.10719789,4.94696116,,,,,,
,,,,,,,,,,,,,,,,,,,,,,34.431,1.16575120164056,34.431,1.16770380790077,34.431,1.1452561882863,34.431,1.16096900885501,34.431,1.11836721006488,,,,340,3.74647941,4.99370533,1.60809932,3.18867076,4.09676917,6.47259039,2.86766145,3.62180598,3.23661122,4.05073457,,,,,,,,,,,,,,,,,,,,4.05,0.32879729,4.05,10.30609444,4.05,0.16781491,4.05,10.73943075,4.05,0.31131932,4.05,11.26212591,4.05,0.41581271,4.05,6.33044276,4.05,0.30379106,4.05,10.83906697,,,,4.05,0,0,2.8274082,1.44615619,0,,4.05,0,0,0.25194913,2.12301434,0.41688719,,,,,,,,,,,,,,,,,,,,,,,,,,,,,335,4.04356321,4.2911415,5.03540588,4.11541057,4.95294484,,,,,,
,,,,,,,,,,,,,,,,,,,,,,34.93,1.15569754890895,34.93,1.17242442613892,34.93,1.15197516890751,34.93,1.1586275844443,34.93,1.11574141255305,,,,345,3.77486141,5.04742328,1.59085279,3.20069662,4.14917781,6.61284556,2.95821438,3.63758408,3.28940816,4.12977114,,,,,,,,,,,,,,,,,,,,4.11,0.34679068,4.11,11.81427784,4.11,0.25285508,4.11,10.64098471,4.11,0.40112381,4.11,11.44946889,4.11,0.55220258,4.11,7.27140946,4.11,0.38476454,4.11,10.44395256,,,,4.11,0,0,2.74546016,0.56169664,0.12032598,,4.11,0,0,0.12232339,1.96777833,0.40480436,,,,,,,,,,,,,,,,,,,,,,,,,,,,,340,4.04849179,4.29348524,5.05331975,4.106903,4.93077809,,,,,,
,,,,,,,,,,,,,,,,,,,,,,35.429,1.15094571340242,35.429,1.16810789181732,35.429,1.15124050916637,35.429,1.1609700818902,35.429,1.12954655159064,,,,350,3.86012278,5.12366842,1.63387584,3.27741257,4.17638049,6.6926596,2.96407103,3.70875823,3.36914038,4.27559299,,,,,,,,,,,,,,,,,,,,4.17,0.35827246,4.17,9.18140027,4.17,0.25654809,4.17,10.40589074,4.17,0.44613696,4.17,11.4788498,4.17,0.48451421,4.17,9.61241588,4.17,0.57934664,4.17,8.80856081,,,,4.17,0,0,1.24461113,0.40923695,0,,4.17,0,0,0.11882867,1.54745331,1.41566156,,,,,,,,,,,,,,,,,,,,,,,,,,,,,345,4.03695367,4.27863348,5.04052644,4.11612457,4.95516729,,,,,,
,,,,,,,,,,,,,,,,,,,,,,35.928,1.15956587829254,35.928,1.16722763453225,35.928,1.15329474928248,35.928,1.16604906765331,35.928,1.13802068767048,,,,355,4.01854967,5.2589421,1.6634472,3.35721422,4.29974847,6.80235241,3.03851389,3.75384293,3.44547219,4.38867746,,,,,,,,,,,,,,,,,,,,4.23,0.41573846,4.23,12.13761415,4.23,0.29706435,4.23,10.31370301,4.23,0.36771174,4.23,11.70983533,4.23,0.5549502,4.23,8.98781094,4.23,0.52670372,4.23,9.78337026,,,,4.23,0,0,1.20955402,0.13256997,0.11359593,,4.23,0,0,0.80837128,1.32694059,1.22292128,,,,,,,,,,,,,,,,,,,,,,,,,,,,,350,4.06134655,4.2854572,5.03288436,4.11011352,4.95551082,,,,,,
,,,,,,,,,,,,,,,,,,,,,,36.427,1.16857422859677,36.427,1.1714264518457,36.427,1.14778817182579,36.427,1.16417052898467,36.427,1.13252630044754,,,,360,4.02331691,5.31673948,1.66446247,3.34532903,4.38499218,6.95222295,3.08796591,3.7907662,3.47563101,4.48285781,,,,,,,,,,,,,,,,,,,,4.29,0.3738766,4.29,9.05766587,4.29,0.33007212,4.29,7.35764275,4.29,0.45354248,4.29,11.11512574,4.29,0.43053877,4.29,9.01338362,4.29,0.45910084,4.29,8.02543587,,,,4.29,0,0,1.84793319,0.12888772,0.11044069,,4.29,0,0,1.01046598,2.58016707,1.18895346,,,,,,,,,,,,,,,,,,,,,,,,,,,,,355,4.0355359,4.27973351,5.03454386,4.11187601,4.94992089,,,,,,
,,,,,,,,,,,,,,,,,,,,,,36.926,1.16168837182853,36.926,1.17437997834576,36.926,1.1559816367591,36.926,1.16646908057569,36.926,1.12772467810251,,,,365,4.08962706,5.44906449,1.74650833,3.41860282,4.55198861,7.1261237,3.18582753,3.87831087,3.59452169,4.55509188,,,,,,,,,,,,,,,,,,,,4.35,0.40294584,4.35,6.45204749,4.35,0.38122267,4.35,7.3460606,4.35,0.34251473,4.35,8.64849685,4.35,0.41344338,4.35,5.68815929,4.35,0.59536471,4.35,6.72146724,,,,4.35,0,0,0.81695822,0,0.53707555,,4.35,0,0,1.31037831,3.51327486,1.37320298,,,,,,,,,,,,,,,,,,,,,,,,,,,,,360,4.03328828,4.28668222,5.04321109,4.12976148,4.95285713,,,,,,
,,,,,,,,,,,,,,,,,,,,,,37.425,1.16020288450948,37.425,1.18240612422939,37.425,1.15493602099671,37.425,1.16877598545212,37.425,1.13624701525712,,,,370,4.17811496,5.55884703,1.74812825,3.4118498,4.65709717,7.25374066,3.22539167,3.9398994,3.64587741,4.62772196,,,,,,,,,,,,,,,,,,,,4.41,0.38249374,4.41,5.37224418,4.41,0.45876947,4.41,4.99094814,4.41,0.43929483,4.41,6.88481028,4.41,0.37648339,4.41,6.31576671,4.41,0.62940431,4.41,5.69596979,,,,4.41,0,0,1.58975927,0.12196896,0.20902435,,4.41,0,0,1.9124473,2.76721737,1.33609168,,,,,,,,,,,,,,,,,,,,,,,,,,,,,365,4.04994163,4.28360187,5.02324988,4.11324992,4.94475821,,,,,,
,,,,,,,,,,,,,,,,,,,,,,37.924,1.15770287422754,37.924,1.17639370019264,37.924,1.15172147541448,37.924,1.15549026773501,37.924,1.14055374305973,,,,375,4.22671096,5.5988337,1.77476255,3.48253786,4.75902059,7.42729093,3.29635294,3.96515005,3.70558906,4.73190783,,,,,,,,,,,,,,,,,,,,4.47,0.39556293,4.47,4.46520745,4.47,0.44178596,4.47,4.67794329,4.47,0.46689879,4.47,5.08796816,4.47,0.41162252,4.47,5.19673426,4.47,0.55298551,4.47,4.3805127,,,,4.47,0,0,2.0115787,0,0.20345071,,4.47,0,0,3.10241961,3.01030338,1.64269226,,,,,,,,,,,,,,,,,,,,,,,,,,,,,370,4.02204158,4.27348029,5.03709408,4.09843714,4.95064065,,,,,,
,,,,,,,,,,,,,,,,,,,,,,38.423,1.15547276309272,38.423,1.18481750919776,38.423,1.15369988101392,38.423,1.17132636483176,38.423,1.14208027853481,,,,380,4.33975746,5.70888147,1.82076815,3.58745647,4.93220073,7.57945204,3.36973079,4.10297181,3.80306254,4.80915974,,,,,,,,,,,,,,,,,,,,4.53,0.42140378,4.53,3.20357495,4.53,0.4856653,4.53,3.27014636,4.53,0.42111492,4.53,3.68535375,4.53,0.46921871,4.53,4.25779317,4.53,0.71791215,4.53,3.79873186,,,,4.53,0,0,1.20532032,0,0.19809705,,4.53,0,0,2.61801086,2.08261623,0.93302186,,,,,,,,,,,,,,,,,,,,,,,,,,,,,375,4.03397372,4.28407038,5.03098755,4.10984551,4.94421644,,,,,,
,,,,,,,,,,,,,,,,,,,,,,38.922,1.15662254036282,38.922,1.17324026729193,38.922,1.15124630385568,38.922,1.16574358558357,38.922,1.14043897755088,,,,385,4.43682139,5.83386664,1.96423717,3.73034175,5.01697636,7.7064282,3.44054681,4.17843936,3.88775861,4.93869979,,,,,,,,,,,,,,,,,,,,4.59,0.40604531,4.59,2.84176549,4.59,0.51810384,4.59,2.84393958,4.59,0.52204409,4.59,2.70693842,4.59,0.4475104,4.59,2.94511833,4.59,0.72497446,4.59,2.9211072,,,,4.59,0,0.42680678,2.20127828,0.11259047,0.28942795,,4.59,0,0,3.62886672,1.95339481,0.90878891,,,,,,,,,,,,,,,,,,,,,,,,,,,,,380,4.05729361,4.29359874,5.01537899,4.10952993,4.93434664,,,,,,
,,,,,,,,,,,,,,,,,,,,,,39.421,1.15339975490915,39.421,1.17789286121885,39.421,1.16251753790747,39.421,1.17104811652816,39.421,1.13746300036219,,,,390,4.45367195,5.92950631,1.9983033,3.78113568,5.13861116,7.89824236,3.56748197,4.31232588,3.94430621,5.11672019,,,,,,,,,,,,,,,,,,,,4.65,0.38273335,4.65,2.66031929,4.65,0.61456332,4.65,2.43849945,4.65,0.65853185,4.65,2.35084516,4.65,0.4082043,4.65,2.16684585,4.65,0.7364454,4.65,2.7197129,,,,4.65,0,0.62379543,1.85885993,0,0.18800476,,4.65,0,0,2.4846331,2.4157403,0.94873706,,,,,,,,,,,,,,,,,,,,,,,,,,,,,385,4.0432883,4.2921407,5.02132475,4.11878678,4.9518597,,,,,,
,,,,,,,,,,,,,,,,,,,,,,39.92,1.15224555493897,39.92,1.18321956978661,39.92,1.14022372457335,39.92,1.16083265306955,39.92,1.13994905789254,,,,395,4.58390754,6.07152392,2.08065152,3.8417121,5.21574049,8.05774003,3.67673884,4.44282754,4.07526509,5.32342681,,,,,,,,,,,,,,,,,,,,4.71,0.40238499,4.71,2.80464435,4.71,0.65034893,4.71,1.51248913,4.71,0.50906222,4.71,2.79430892,4.71,0.40239183,4.71,2.45447714,4.71,0.74221726,4.71,2.52756717,,,,4.71,0,0.405336,0.6968472,0,0.0916227,,4.71,0,0,2.04915987,1.42702159,0.86307172,,,,,,,,,,,,,,,,,,,,,,,,,,,,,390,4.03911264,4.27598345,5.0240641,4.11148535,4.93874492,,,,,,
,,,,,,,,,,,,,,,,,,,,,,40.419,1.15996860180476,40.419,1.18187754791253,40.419,1.15361671606726,40.419,1.15432912610792,40.419,1.13499468735587,,,,400,4.63048795,6.1169761,2.07484806,3.85177848,5.47008343,8.28482269,3.74933466,4.61819968,4.14980908,5.37500519,,,,,,,,,,,,,,,,,,,,4.77,0.38823917,4.77,3.19888642,4.77,0.73421071,4.77,1.89601572,4.77,0.56970779,4.77,2.3430312,4.77,0.44963957,4.77,2.78269587,4.77,0.95218791,4.77,2.58459505,,,,4.77,0,0.19760157,0.95119772,0,0.08933225,,4.77,0,0,2.1795639,1.32178054,0.54096175,,,,,,,,,,,,,,,,,,,,,,,,,,,,,395,4.02454595,4.28047636,5.02845044,4.11494916,4.95319069,,,,,,
,,,,,,,,,,,,,,,,,,,,,,40.918,1.16044303129834,40.918,1.17684081648702,40.918,1.14833554661643,40.918,1.15723664943129,40.918,1.14468017212733,,,,405,4.64389852,6.0697781,2.1352653,3.95241873,5.62040962,8.46412793,3.87453843,4.78931323,4.2123915,5.43019308,,,,,,,,,,,,,,,,,,,,4.83,0.41452595,4.83,2.41541081,4.83,0.64691587,4.83,2.15740341,4.83,0.50933819,4.83,2.81661912,4.83,0.43853793,4.83,3.58246794,4.83,0.84509726,4.83,1.99317581,,,,4.83,0,0.19272277,1.32530366,0,0.17425326,,4.83,0,0,1.86003149,1.28914566,0.644851,,,,,,,,,,,,,,,,,,,,,,,,,,,,,400,4.03126852,4.27916974,5.02205452,4.13983772,4.9131712,,,,,,
,,,,,,,,,,,,,,,,,,,,,,41.417,1.16178466168055,41.417,1.18409971892948,41.417,1.15911559297388,41.417,1.16782752976745,41.417,1.14154660842331,,,,410,4.73869676,6.14574106,2.17594718,4.03293338,5.81152753,8.64741961,4.01214243,4.98840054,4.2990306,5.5785714,,,,,,,,,,,,,,,,,,,,4.89,0.486077,4.89,2.45468887,4.89,0.694649,4.89,1.60364682,4.89,0.5420901,4.89,2.54053401,4.89,0.46978775,4.89,3.28327112,4.89,0.85619717,4.89,2.34491566,,,,4.89,0,0.56406734,0.90508656,0.29759887,0,,4.89,0,0,1.90107987,1.19150968,0.62912371,,,,,,,,,,,,,,,,,,,,,,,,,,,,,405,4.03310148,4.2961825,5.01166211,4.09777736,4.93167177,,,,,,
,,,,,,,,,,,,,,,,,,,,,,41.916,1.14997431485893,41.916,1.18286516924432,41.916,1.15409751188398,41.916,1.17655602203998,41.916,1.14295216479686,,,,415,4.91434631,6.32500808,2.22036928,4.08521863,5.88215392,8.76219423,4.16126139,5.1373879,4.42364081,5.7439754,,,,,,,,,,,,,,,,,,,,4.95,0.45159536,4.95,3.06629457,4.95,0.67791128,4.95,1.66281954,4.95,0.53704391,4.95,2.27692591,4.95,0.4257204,4.95,2.42896002,4.95,0.75598912,4.95,2.40004441,,,,4.95,0,0.55047602,1.64037401,0.09680939,0.08295357,,4.95,0,0,1.43362001,0.71060001,0.61396485,,,,,,,,,,,,,,,,,,,,,,,,,,,,,410,4.03852449,4.29773253,5.0172752,4.09148253,4.92191201,,,,,,
,,,,,,,,,,,,,,,,,,,,,,42.415,1.15670469257176,42.415,1.17959658837667,42.415,1.15013665745671,42.415,1.17673160558264,42.415,1.14552231388977,,,,420,5.08929991,6.49060361,2.30419205,4.18467088,6.11533735,8.96912866,4.19102307,5.32124024,4.61969844,5.9054138,,,,,,,,,,,,,,,,,,,,5.01,0.50752583,5.01,2.71267001,5.01,0.60882961,5.01,2.38710366,5.01,0.53990725,5.01,2.71665286,5.01,0.51948085,5.01,3.73326914,5.01,0.7466217,5.01,2.77879219,,,,5.01,0,1.07474016,1.60131936,0.09450451,0.16195715,,5.01,0,0,0.98787377,0.8828677,0.49037509,,,,,,,,,,,,,,,,,,,,,,,,,,,,,415,4.04055937,4.27320036,5.03107309,4.08795836,4.92366877,,,,,,
,,,,,,,,,,,,,,,,,,,,,,42.914,1.15252053341736,42.914,1.19121873949094,42.914,1.152275345106,42.914,1.17327154478635,42.914,1.1399388896019,,,,425,5.35237287,6.77256248,2.2935911,4.25000965,6.21995511,9.09292376,4.34784446,5.50221275,4.86207897,6.21658324,,,,,,,,,,,,,,,,,,,,5.07,0.47749758,5.07,3.65357995,5.07,0.6388158,5.07,2.19108279,5.07,0.4622587,5.07,2.17041922,5.07,0.53457226,5.07,3.30059349,5.07,0.87233743,5.07,1.80894127,,,,5.07,0,0.17490889,1.08252209,0,0.07907329,,5.07,0,0,1.04501666,0.43104766,1.11728725,,,,,,,,,,,,,,,,,,,,,,,,,,,,,420,4.06496996,4.28879787,5.03574886,4.1014154,4.9164184,,,,,,
,,,,,,,,,,,,,,,,,,,,,,43.413,1.16106231817808,43.413,1.18179694938441,43.413,1.14936790988133,43.413,1.17903048638903,43.413,1.14651466044202,,,,430,5.40931673,6.85658789,2.47313328,4.34036817,6.35402428,9.27169465,4.47994216,5.72108922,5.09758837,6.47076183,,,,,,,,,,,,,,,,,,,,5.13,0.48759319,5.13,2.45342408,5.13,0.56985969,5.13,3.05082319,5.13,0.51867562,5.13,2.26127643,5.13,0.55644214,5.13,3.801243,5.13,0.73268191,5.13,1.50704026,,,,5.13,0,0.34168285,1.76224717,0.09013501,0,,5.13,0,0,1.02071506,0.78190125,0.57163596,,,,,,,,,,,,,,,,,,,,,,,,,,,,,425,4.05913481,4.28852756,5.01952828,4.08107396,4.91240735,,,,,,
,,,,,,,,,,,,,,,,,,,,,,43.912,1.15904397700248,43.912,1.18143600364476,43.912,1.1553905854774,43.912,1.1704814245431,43.912,1.13509080657502,,,,435,5.52681945,7.00226715,2.55481174,4.50936473,6.58476482,9.59940979,4.7263951,6.03801587,5.32463133,6.75075048,,,,,,,,,,,,,,,,,,,,5.19,0.56959035,5.19,3.57374792,5.19,0.59904562,5.19,2.66927682,5.19,0.47394125,5.19,1.84107948,5.19,0.48407275,5.19,3.80788382,5.19,0.73594725,5.19,1.57394183,,,,5.19,0,0.66765685,1.60695504,0.17612607,0.07545903,,5.19,0,0,1.38080961,0.94021823,0.96467403,,,,,,,,,,,,,,,,,,,,,,,,,,,,,430,4.06978552,4.28191835,5.02513513,4.10191362,4.93213553,,,,,,
,,,,,,,,,,,,,,,,,,,,,,44.411,1.15551568916547,44.411,1.18887655384691,44.411,1.14619169537649,44.411,1.17872559512228,44.411,1.13871044562492,,,,440,5.59713048,7.0579212,2.75873312,4.72829543,6.80503439,9.90454913,5.1464864,6.31226768,5.53374905,6.93711941,,,,,,,,,,,,,,,,,,,,5.25,0.53977762,5.25,4.17399916,5.25,0.58543154,5.25,2.56513717,5.25,0.42041615,5.25,3.41855332,5.25,0.62227107,5.25,4.13482753,5.25,0.67598999,5.25,1.98473804,,,,5.25,0.31880844,0.97872523,1.79478277,0.34424675,0,,5.25,0,0,1.04955584,0.68913792,1.19084283,,,,,,,,,,,,,,,,,,,,,,,,,,,,,435,4.05873381,4.30439661,5.02332734,4.10335025,4.92526329,,,,,,
,,,,,,,,,,,,,,,,,,,,,,44.91,1.16736782514618,44.91,1.18679332488899,44.91,1.15390832769981,44.91,1.17669911419182,44.91,1.13876707501409,,,,445,5.83175613,7.31512299,2.88013306,4.88096676,7.19351817,10.23402551,5.44345192,6.61887319,5.73892931,7.25826872,,,,,,,,,,,,,,,,,,,,5.31,0.54083951,5.31,4.16347491,5.31,0.60257332,5.31,2.71999577,5.31,0.47017639,5.31,2.41836098,5.31,0.61895977,5.31,4.40119526,5.31,0.73763704,5.31,2.37667038,,,,5.31,0,1.43509851,2.19306537,0.42063899,0.21626108,,5.31,0,0,1.02597132,1.0666162,1.11557997,,,,,,,,,,,,,,,,,,,,,,,,,,,,,440,4.05883367,4.28913563,5.02499847,4.11526169,4.92299253,,,,,,
,,,,,,,,,,,,,,,,,,,,,,45.409,1.16411987176048,45.409,1.1910165593626,45.409,1.14321761405743,45.409,1.17799698052665,45.409,1.13392902064109,,,,450,6.07995044,7.62250971,3.06744595,5.01233349,7.48713571,10.51414002,5.59816974,7.00612946,5.86888861,7.53890738,,,,,,,,,,,,,,,,,,,,5.37,0.60620985,5.37,4.92585809,5.37,0.60234947,5.37,3.53222006,5.37,0.47335005,5.37,3.1384981,5.37,0.62955304,5.37,4.96207789,5.37,0.75881067,5.37,2.08672935,,,,5.37,0,0.93547251,1.3938162,0.24677511,0,,5.37,0,0,0.85986249,1.4271463,1.09079034,,,,,,,,,,,,,,,,,,,,,,,,,,,,,445,4.05551559,4.28646726,5.03604011,4.10017562,4.93426345,,,,,,
,,,,,,,,,,,,,,,,,,,,,,45.908,1.17094292429532,45.908,1.18922347764505,45.908,1.14385525929905,45.908,1.18012812106076,45.908,1.14404639192478,,,,455,6.3880181,7.85216582,3.26327214,5.2492945,7.76433759,10.76821187,5.98595801,7.17241247,6.16895021,7.73291434,,,,,,,,,,,,,,,,,,,,5.43,0.59604075,5.43,5.81297417,5.43,0.5762348,5.43,4.79578656,5.43,0.46960828,5.43,3.32181248,5.43,0.68035057,5.43,4.63829003,5.43,0.75315599,5.43,2.73661983,,,,5.43,0,0.76242792,1.15346349,0.40225284,0.0689361,,5.43,0,0,1.05120648,1.93262084,0.60298403,,,,,,,,,,,,,,,,,,,,,,,,,,,,,450,4.04449715,4.29447962,5.01928465,4.12155151,4.91669643,,,,,,
,,,,,,,,,,,,,,,,,,,,,,46.407,1.16368422394882,46.407,1.18711218980955,46.407,1.14795935936347,46.407,1.18204435224386,46.407,1.1413685731126,,,,460,6.50569213,7.9762456,3.51836217,5.49696901,8.00233856,11.03935527,6.52359323,7.75934996,6.28767131,8.00297712,,,,,,,,,,,,,,,,,,,,5.49,0.62010506,5.49,4.51812865,5.49,0.57315608,5.49,4.01563544,5.49,0.56691892,5.49,2.96166262,5.49,0.70882239,5.49,4.07531278,5.49,0.85538789,5.49,3.26700667,,,,5.49,0.58308803,0.89502488,1.53871253,0.47221027,0.13487509,,5.49,0.38949385,0,0.95979807,1.89060902,0.6352513,,,,,,,,,,,,,,,,,,,,,,,,,,,,,455,4.05313705,4.29172894,5.01223003,4.12007352,4.90646507,,,,,,
,,,,,,,,,,,,,,,,,,,,,,46.906,1.16090263663692,46.906,1.18778139645729,46.906,1.15328365856066,46.906,1.17259209712373,46.906,1.14016060414533,,,,465,6.61995678,8.31149059,3.82012517,5.87108511,8.35934496,11.30784046,6.88825701,8.20439907,6.60801626,8.2417395,,,,,,,,,,,,,,,,,,,,5.55,0.64601382,5.55,5.2213161,5.55,0.57931955,5.55,4.74626029,5.55,0.52922287,5.55,3.38096901,5.55,0.7489356,5.55,4.43988563,5.55,0.82644283,5.55,3.41874781,,,,5.55,0.2852745,0.72981482,1.50562323,0.30803707,0.32993667,,5.55,0.19055898,0,0.7379099,2.10689017,0.31079526,,,,,,,,,,,,,,,,,,,,,,,,,,,,,460,4.04818103,4.28576775,5.01691066,4.11297812,4.91312724,,,,,,
,,,,,,,,,,,,,,,,,,,,,,47.405,1.16382560886009,47.405,1.18437816316392,47.405,1.16391520066313,47.405,1.18247406606404,47.405,1.1472078255362,,,,470,6.85523912,8.59711356,4.20687754,6.24174032,8.51449145,11.59936638,7.41968867,8.71119977,6.63633096,8.28167537,,,,,,,,,,,,,,,,,,,,5.61,0.72385979,5.61,5.18483038,5.61,0.71477444,5.61,5.86371394,5.61,0.53980506,5.61,3.38782282,5.61,0.7170666,5.61,3.70165712,5.61,0.75378832,5.61,3.25910189,,,,5.61,0.27920506,0.85714492,0.78591462,0.52759585,0.2583336,,5.61,0.37300938,0,1.11614318,2.16265294,0.5214563,,,,,,,,,,,,,,,,,,,,,,,,,,,,,465,4.03595639,4.28707132,5.01461664,4.11068706,4.91933221,,,,,,
,,,,,,,,,,,,,,,,,,,,,,47.904,1.16751630717565,47.904,1.19280380739268,47.904,1.15946970210367,47.904,1.18669639329423,47.904,1.14927535422665,,,,475,7.16788613,8.8037531,4.66540825,6.65619878,8.80880412,11.83794011,8.19818434,9.38909937,7.10079744,8.89310195,,,,,,,,,,,,,,,,,,,,5.67,0.73754452,5.67,5.76947814,5.67,0.69677468,5.67,6.15029137,5.67,0.55287776,5.67,3.97209067,5.67,0.78308767,5.67,3.54495366,5.67,0.98726241,5.67,2.93525244,,,,5.67,0.81998183,0.27970015,2.21193779,0.3689207,0.2528952,,5.67,0.18257842,0,1.47828617,1.9694187,0.55301857,,,,,,,,,,,,,,,,,,,,,,,,,,,,,470,4.04950868,4.28886237,5.01740088,4.11041877,4.91634907,,,,,,
,,,,,,,,,,,,,,,,,,,,,,48.403,1.17311891384086,48.403,1.19402353832706,48.403,1.1548523405663,48.403,1.19647230883816,48.403,1.14470551206488,,,,480,7.39627524,8.89886024,4.98954196,7.22555004,9.20783203,12.32348354,9.07373781,10.09930699,7.6371243,9.44468817,,,,,,,,,,,,,,,,,,,,5.73,0.75050033,5.73,6.36438444,5.73,0.68515,5.73,5.43819746,5.73,0.62510617,5.73,4.30470841,5.73,0.94395677,5.73,4.43529848,5.73,0.94030078,5.73,3.62386973,,,,5.73,0.53526633,0.68468318,0.84750943,0.65022324,0.37144012,,5.73,0,0,1.00694934,1.59092228,0.41653675,,,,,,,,,,,,,,,,,,,,,,,,,,,,,475,4.05585681,4.29982968,5.02279504,4.10181977,4.92873019,,,,,,
,,,,,,,,,,,,,,,,,,,,,,48.902,1.17127820761018,48.902,1.19027078327971,48.902,1.14768174669063,48.902,1.18702133926737,48.902,1.14122210539238,,,,485,8.11670541,9.41429798,5.70398693,8.01444873,9.66541359,12.81939381,9.29331452,10.68196707,8.29821992,10.12899533,,,,,,,,,,,,,,,,,,,,5.79,0.76831088,5.79,6.44327139,5.79,0.77012003,5.79,6.61291029,5.79,0.58292513,5.79,4.62275736,5.79,0.86465661,5.79,3.66394498,5.79,1.0501649,5.79,3.75312778,,,,5.79,0.78634546,0.1341133,1.10671418,0.63681705,0.60630306,,5.79,0.52526669,0,0.92455147,0.9915315,0.53033327,,,,,,,,,,,,,,,,,,,,,,,,,,,,,480,4.05951331,4.28093951,5.02201211,4.10398342,4.92383737,,,,,,
,,,,,,,,,,,,,,,,,,,,,,49.401,1.16661134764893,49.401,1.19139336289828,49.401,1.15268523745562,49.401,1.18258711544464,49.401,1.14370738187122,,,,490,9.05444466,10.01004599,6.18155202,9.19612958,11.27501846,14.08830648,10.22118269,12.09842103,9.24525573,11.08681939,,,,,,,,,,,,,,,,,,,,5.85,0.83686115,5.85,6.68911538,5.85,0.79323346,5.85,5.0072862,5.85,0.63989694,5.85,4.52841868,5.85,1.12837129,5.85,3.44116608,5.85,1.11736308,5.85,3.67653602,,,,5.85,0.77029816,0.78825835,1.4455053,0.62382124,0.47514397,,5.85,0.34303156,0,1.44909398,1.20255804,0.83920931,,,,,,,,,,,,,,,,,,,,,,,,,,,,,485,4.06643501,4.29225284,5.02537668,4.08631006,4.92491605,,4.05184216142857,4.28841201095238,5.02193067190476,4.10528099,4.91963246285714
,,,,,,,,,,,,,,,,,,,,,,49.9,1.17095026505706,49.9,1.19211534216944,49.9,1.15220112673647,49.9,1.18560159057979,49.9,1.13901876547509,,,,495,10.56766366,11.12185638,6.6986471,9.98926533,13.38964819,16.00397201,12.15959562,14.15572943,9.32010107,11.98137818,,,,,,,,,,,,,,,,,,,,5.91,0.83060421,5.91,6.85647806,5.91,0.7989492,5.91,6.24416848,5.91,0.64946238,5.91,5.07585778,5.91,0.99071158,5.91,3.51666716,5.91,1.27157012,5.91,3.523955,,,,5.91,1.00631615,0.12872241,1.59334219,0.67913247,0.69831815,,5.91,1.34440746,0,1.30150199,0.99699327,1.21380672,,,,,,,,,,,,,,,,,,,,,,,,,,,,,490,4.04433617,4.2781514,5.01613281,4.10784111,4.91104582,,,,,,
,,,,,,,,,,,,,,,,,,,,,,50.399,1.16339742116537,50.399,1.19521649982244,50.399,1.1621864245314,50.399,1.19035137516781,50.399,1.14789852397153,,,,,,,,,,,,,,,,,,,,,,,,,,,,,,,,,,5.97,0.92356863,5.97,5.96177899,5.97,0.86020257,5.97,5.78306463,5.97,0.67229243,5.97,4.55691657,5.97,1.03281035,5.97,3.5529239,5.97,1.13976181,5.97,4.37440582,,,,5.97,0.98619051,0.37844416,1.47472773,0.9317704,0.68435225,,5.97,0.98814016,0,1.91320925,0.71058478,0.61395169,,,,,,,,,,,,,,,,,,,,,,,,,,,,,495,4.06768121,4.28529417,5.0212233,4.0973566,4.90600298,,1,4.05184216142857,,,
,,,,,,,,,,,,,,,,,,,,,,50.898,1.15467577352755,50.898,1.19506790857427,50.898,1.15788899386386,50.898,1.18572789944275,50.898,1.15146505280159,,,,,,,,,,,,,,,,,,,,,,,,,,,,,,,,,,6.03,0.86947868,6.03,6.3280147,6.03,0.73875215,6.03,6.03107597,6.03,0.78591485,6.03,4.22800583,6.03,1.10338893,6.03,3.13431417,6.03,1.18571418,6.03,3.94927729,,,,6.03,1.6916596,0.12365015,1.53055712,0.91332011,0.78260137,,6.03,2.26000525,0,1.47752892,1.00123925,1.12836494,,,,,,,,,,,,,,,,,,,,,,,,,,,,,500,4.05315536,4.28674622,5.0257182,4.11763434,4.91187499,,2,4.28841201095238,,,
,,,,,,,,,,,,,,,,,,,,,,51.397,1.1593262177381,51.397,1.20162340844012,51.397,1.15713050154169,51.397,1.18713074269194,51.397,1.14908892160575,,,,,,,,,,,,,,,,,,,,,,,,,,,,,,,,,,6.09,0.97778808,6.09,5.85575969,6.09,0.82663722,6.09,5.94513392,6.09,0.72019735,6.09,5.04766993,6.09,1.02496243,6.09,2.79971599,6.09,1.18583178,6.09,4.12996586,,,,6.09,1.65849088,0.24245144,1.00036478,0.76749638,0.65764863,,6.09,1.10784643,0,1.55998629,0.81089335,0.66374451,,,,,,,,,,,,,,,,,,,,,,,,,,,,,,4.05184216142857,4.28841201095238,5.02193067190476,4.10528099,4.91963246285714,,3,5.02193067190476,,,
,,,,,,,,,,,,,,,,,,,,,,51.896,1.16000067726482,51.896,1.19631574340607,51.896,1.16433606106416,51.896,1.1932276656879,51.896,1.14384906252742,,,,,,,,,,,,,,,,,,,,,,,,,,,,,,,,,,6.15,0.94896863,6.15,5.15233422,6.15,0.88336364,6.15,6.36831149,6.15,0.6854424,6.15,4.68742639,6.15,1.03423152,6.15,2.77883423,6.15,1.2630486,6.15,4.19440971,,,,6.15,1.16163442,0.1188719,0.40872535,1.00345868,0.64487916,,6.15,1.24152632,0,1.25653621,1.08809774,0.68701538,,,,,,,,,,,,,,,,,,,,,,,,,,,,,,,,,,,,4,4.10528099,,,
,,,,,,,,,,,,,,,,,,,,,,52.395,1.15800537990966,52.395,1.19964476778132,52.395,1.16896473311807,52.395,1.20038977023345,52.395,1.14301241072648,,,,,,,,,,,,,,,,,,,,,,,,,,,,,,,,,,6.21,0.94759814,6.21,5.479432,6.21,0.96236697,6.21,4.81644978,6.21,0.73082943,6.21,4.30794668,6.21,1.15218969,6.21,2.79106898,6.21,1.32864731,6.21,4.22014059,,,,6.21,0.9114368,0.34975791,1.12242337,1.2302025,0.73789103,,6.21,1.369858,0,1.0180471,1.10821857,0.56741386,,,,,,,,,,,,,,,,,,,,,,,,,,,,,,,,,,,,5,4.91963246285714,,,
,,,,,,,,,,,,,,,,,,,,,,52.894,1.15896654692364,52.894,1.19410872930962,52.894,1.15742583483383,52.894,1.1911525706079,52.894,1.13727796780146,,,,,,,,,,,,,,,,,,,,,,,,,,,,,,,,,,6.27,0.98868083,6.27,5.434788,6.27,0.81365826,6.27,4.99904872,6.27,0.73439489,6.27,4.38357563,6.27,1.04349831,6.27,3.67201697,6.27,1.41080411,6.27,3.617941,,,,6.27,2.45871072,0.45746141,1.49427472,1.20677079,0.3102156,,6.27,1.1944589,0,0.99865632,1.16763697,0.76533367,,,,,,,,,,,,,,,,,,,,,,,,,,,,,,,,,,,,,,,,
,,,,,,,,,,,,,,,,,,,,,,53.393,1.16535722217445,53.393,1.20050505112181,53.393,1.15185035314027,53.393,1.18818582795921,53.393,1.14331399835196,,,,,,,,,,,,,,,,,,,,,,,,,,,,,,,,,,6.33,0.88184276,6.33,4.86347885,6.33,0.81015099,6.33,5.20379876,6.33,0.77445667,6.33,4.36275214,6.33,1.16148644,6.33,3.72914748,6.33,1.31389527,6.33,3.54968001,,,,6.33,2.63162328,0.22441516,1.4660817,1.00640188,1.06526926,,6.33,1.17192261,0,0.92824514,0.86908098,1.09220923,,,,,,,,,,,,,,,,,,,,,,,,,,,,,,,,,,,,,,,,
,,,,,,,,,,,,,,,,,,,,,,53.892,1.16366412753127,53.892,1.18976733779528,53.892,1.1626135849484,53.892,1.18546817354311,53.892,1.14932092438231,,,,,,,,,,,,,,,,,,,,,,,,,,,,,,,,,,6.39,0.91090548,6.39,4.9450781,6.39,0.89496562,6.39,4.69566377,6.39,0.72390621,6.39,4.2508446,6.39,1.16434122,6.39,3.50438457,6.39,1.3264786,6.39,3.55031997,,,,6.39,1.72162367,0.44044122,1.36295916,0.92949758,0.64712655,,6.39,1.00626589,0,1.4169482,0.93036759,0.83733961,,,,,,,,,,,,,,,,,,,,,,,,,,,,,,,,,,,,,,,,
,,,,,,,,,,,,,,,,,,,,,,54.391,1.16801389460763,54.391,1.1896690884618,54.391,1.16347763359611,54.391,1.20074554689499,54.391,1.14728946292841,,,,,,,,,,,,,,,,,,,,,,,,,,,,,,,,,,6.45,0.86498113,6.45,4.14805388,6.45,0.84416957,6.45,4.03262085,6.45,0.70341952,6.45,4.67874301,6.45,1.20064224,6.45,2.73941716,6.45,1.20036553,6.45,3.09009499,,,,6.45,1.9009605,0.32421385,0.81749549,1.08333863,1.3191433,,6.45,0.56436107,0,1.14236825,1.29361366,0.85470712,,,,,,,,,,,,,,,,,,,,,,,,,,,,,,,,,,,,,,,,
,,,,,,,,,,,,,,,,,,,,,,54.89,1.16792929391157,54.89,1.1887324554945,54.89,1.1634925697838,54.89,1.198652822151,54.89,1.14912302895156,,,,,,,,,,,,,,,,,,,,,,,,,,,,,,,,,,6.51,0.90615654,6.51,4.2935474,6.51,0.94066453,6.51,4.24138918,6.51,0.85734849,6.51,4.03706865,6.51,1.08631173,6.51,2.62939507,6.51,1.31381198,6.51,2.64615535,,,,6.51,1.03671193,0.31826514,1.31317528,1.06346142,1.00717518,,6.51,0.27700306,0,1.41394916,1.15783022,0.83902487,,,,,,,,,,,,,,,,,,,,,,,,,,,,,,,,,,,,,,,,
,,,,,,,,,,,,,,,,,,,,,,55.389,1.16739845916582,55.389,1.19330508753757,55.389,1.16287210928298,55.389,1.1904102224877,55.389,1.14862776214974,,,,,,,,,,,,,,,,,,,,,,,,,,,,,,,,,,6.57,0.92630269,6.57,4.29707511,6.57,0.87958287,6.57,4.16427516,6.57,0.81218539,6.57,2.9871132,6.57,1.04332453,6.57,2.46424425,6.57,1.15942689,6.57,2.02774226,,,,6.57,1.22143578,0.41663821,1.14604447,1.4288044,0.84759721,,6.57,0.40795017,0,1.34037131,1.21011994,0.76040335,,,,,,,,,,,,,,,,,,,,,,,,,,,,,,,,,,,,,,,,
,,,,,,,,,,,,,,,,,,,,,,55.888,1.16717568661503,55.888,1.2027143214933,55.888,1.1668076461311,55.888,1.18994756930033,55.888,1.14930697923691,,,,,,,,,,,,,,,,,,,,,,,,,,,,,,,,,,6.63,0.9307668,6.63,3.0178527,6.63,0.95442714,6.63,3.87115214,6.63,0.82659432,6.63,2.67945017,6.63,1.00627204,6.63,1.95892187,6.63,1.15332308,6.63,1.49340552,,,,6.63,1.99904755,0.10228286,1.26607003,0.97134984,0.55488374,,6.63,0.53413322,0,1.26921324,1.83648926,0.96449107,,,,,,,,,,,,,,,,,,,,,,,,,,,,,,,,,,,,,,,,
,,,,,,,,,,,,,,,,,,,,,,56.387,1.1691616167256,56.387,1.1929116273845,56.387,1.16462012637311,56.387,1.19947121330882,56.387,1.14735225002585,,,,,,,,,,,,,,,,,,,,,,,,,,,,,,,,,,6.69,0.92868965,6.69,2.36067923,6.69,0.82286219,6.69,2.57038396,6.69,0.930318,6.69,2.16068549,6.69,0.93675921,6.69,1.52783634,6.69,1.10126389,6.69,1.19172485,,,,6.69,1.57068098,0.30136928,1.10529977,0.79500398,0.95370689,,6.69,0.13114885,0,1.84673974,1.69759594,0.85559733,,,,,,,,,,,,,,,,,,,,,,,,,,,,,,,,,,,,,,,,
,,,,,,,,,,,,,,,,,,,,,,56.886,1.16927860909882,56.886,1.19413126478252,56.886,1.15286011732639,56.886,1.20075434917246,56.886,1.1528618886948,,,,,,,,,,,,,,,,,,,,,,,,,,,,,,,,,,6.75,0.90817143,6.75,2.34466393,6.75,0.91662733,6.75,2.34078496,6.75,0.84057199,6.75,1.5782278,6.75,1.00383255,6.75,1.55638073,6.75,1.11030329,6.75,0.99053556,,,,6.75,0.77144103,0.09867848,1.5607476,0.78093348,0.66916255,,6.75,0.12882769,0,1.76870356,2.36236361,1.440779,,,,,,,,,,,,,,,,,,,,,,,,,,,,,,,,,,,,,,,,
,,,,,,,,,,,,,,,,,,,,,,57.385,1.16829339997378,57.385,1.20227063059996,57.385,1.16794706975432,57.385,1.20181503417258,57.385,1.152405990711,,,,,,,,,,,,,,,,,,,,,,,,,,,,,,,,,,6.81,0.93233964,6.81,1.74663305,6.81,0.98241443,6.81,1.93796597,6.81,0.90840805,6.81,1.33667268,6.81,1.06408153,6.81,1.31063701,6.81,1.0931606,6.81,0.73724106,,,,6.81,1.32633781,0.09694733,1.40003053,0.66493548,0.61359495,,6.81,0.37970284,0,2.49512233,2.52570674,1.26805462,,,,,,,,,,,,,,,,,,,,,,,,,,,,,,,,,,,,,,,,
,,,,,,,,,,,,,,,,,,,,,,57.884,1.15860646174073,57.884,1.20627726385468,57.884,1.17207389707366,57.884,1.20138602468833,57.884,1.14484421938315,,,,,,,,,,,,,,,,,,,,,,,,,,,,,,,,,,6.87,0.96734967,6.87,1.5421445,6.87,0.91304072,6.87,1.95504342,6.87,1.02161196,6.87,2.04894579,6.87,1.02007438,6.87,1.04637317,6.87,1.07414959,6.87,0.37669829,,,,6.87,1.48945332,0.28578399,2.16178724,0.7538904,0.64599,,6.87,0,0,2.45173,2.54885772,1.01418772,,,,,,,,,,,,,,,,,,,,,,,,,,,,,,,,,,,,,,,,
,,,,,,,,,,,,,,,,,,,,,,58.383,1.15920708275668,58.383,1.20777410813492,58.383,1.16357802438675,58.383,1.20675796276944,58.383,1.15245153524324,,,,,,,,,,,,,,,,,,,,,,,,,,,,,,,,,,6.93,0.98939554,6.93,1.05111174,6.93,0.85381758,6.93,1.44724057,6.93,0.96310234,6.93,1.23915078,6.93,0.96907108,6.93,0.79102516,6.93,1.04886338,6.93,0.42715807,,,,6.93,1.46377373,0.09361893,2.0601367,0.64210693,0.84647003,,6.93,0.24444459,0,2.28038165,2.40603486,0.99670216,,,,,,,,,,,,,,,,,,,,,,,,,,,,,,,,,,,,,,,,
,,,,,,,,,,,,,,,,,,,,,,58.882,1.16824029042465,58.882,1.1935422540683,58.882,1.16032646387564,58.882,1.20247082427518,58.882,1.14926575125588,,,,,,,,,,,,,,,,,,,,,,,,,,,,,,,,,,,,,,,,,,,,,,,,,,,,,,,,,,,,,,,,,,,,,,,,,,,,,,,,,,,,,,,,,,,,,,,,,,,,,,,,,,,,,
,,,,,,,,,,,,,,,,,,,,,,59.381,1.17055387519126,59.381,1.19663294926024,59.381,1.16469307507432,59.381,1.20540464700113,59.381,1.14761337385359,,,,,,,,,,,,,,,,,,,,,,,,,,,,,,,,,,,,,,,,,,,,,,,,,,,,,,,,,,,,,,,,,,,,,,,,,,,,,,,,,,,,,,,,,,,,,,,,,,,,,,,,,,,,,
,,,,,,,,,,,,,,,,,,,,,,59.88,1.17544780909651,59.88,1.20009985994767,59.88,1.17031147119762,59.88,1.20539485768741,59.88,1.14699374121387,,,,,,,,,,,,,,,,,,,,,,,,,,,,,,,,,,,,,,,,,,,,,,,,,,,,,,,,,,,,,,,,,,,,,,,,,,,,,,,,,,,,,,,,,,,,,,,,,,,,,,,,,,,,,
,,,,,,,,,,,,,,,,,,,,,,60.379,1.17204718347419,60.379,1.20236309521929,60.379,1.1642579049472,60.379,1.19895424440392,60.379,1.14929728352989,,,,,,,,,,,,,,,,,,,,,,,,,,,,,,,,,,,,,,,,,,,,,,,,,,,,,,,,,,,,,,,,,,,,,,,,,,,,,,,,,,,,,,,,,,,,,,,,,,,,,,,,,,,,,
,,,,,,,,,,,,,,,,,,,,,,60.878,1.16806072375807,60.878,1.19588663709065,60.878,1.16025022915535,60.878,1.20716989939063,60.878,1.14541657134173,,,,,,,,,,,,,,,,,,,,,,,,,,,,,,,,,,,,,,,,,,,,,,,,,,,,,,,,,,,,,,,,,,,,,,,,,,,,,,,,,,,,,,,,,,,,,,,,,,,,,,,,,,,,,
,,,,,,,,,,,,,,,,,,,,,,61.377,1.16970915560653,61.377,1.19757001249629,61.377,1.17425255888711,61.377,1.20407442374789,61.377,1.15978601115192,,,,,,,,,,,,,,,,,,,,,,,,,,,,,,,,,,,,,,,,,,,,,,,,,,,,,,,,,,,,,,,,,,,,,,,,,,,,,,,,,,,,,,,,,,,,,,,,,,,,,,,,,,,,,
,,,,,,,,,,,,,,,,,,,,,,61.876,1.16693530232727,61.876,1.20300491554329,61.876,1.1785908547552,61.876,1.20507240831047,61.876,1.14894627549889,,,,,,,,,,,,,,,,,,,,,,,,,,,,,,,,,,,,,,,,,,,,,,,,,,,,,,,,,,,,,,,,,,,,,,,,,,,,,,,,,,,,,,,,,,,,,,,,,,,,,,,,,,,,,
,,,,,,,,,,,,,,,,,,,,,,62.375,1.16866309792472,62.375,1.20694008143354,62.375,1.17458555161423,62.375,1.1986051223133,62.375,1.14843950651114,,,,,,,,,,,,,,,,,,,,,,,,,,,,,,,,,,,,,,,,,,,,,,,,,,,,,,,,,,,,,,,,,,,,,,,,,,,,,,,,,,,,,,,,,,,,,,,,,,,,,,,,,,,,,
,,,,,,,,,,,,,,,,,,,,,,62.874,1.1732444492405,62.874,1.2101728391309,62.874,1.1727587069957,62.874,1.21330272421543,62.874,1.15357668898857,,,,,,,,,,,,,,,,,,,,,,,,,,,,,,,,,,,,,,,,,,,,,,,,,,,,,,,,,,,,,,,,,,,,,,,,,,,,,,,,,,,,,,,,,,,,,,,,,,,,,,,,,,,,,
,,,,,,,,,,,,,,,,,,,,,,63.373,1.17060064578903,63.373,1.2034516274063,63.373,1.17878541134957,63.373,1.21363822117747,63.373,1.1504080370987,,,,,,,,,,,,,,,,,,,,,,,,,,,,,,,,,,,,,,,,,,,,,,,,,,,,,,,,,,,,,,,,,,,,,,,,,,,,,,,,,,,,,,,,,,,,,,,,,,,,,,,,,,,,,
,,,,,,,,,,,,,,,,,,,,,,63.872,1.17085527868209,63.872,1.20373640790459,63.872,1.16712472787069,63.872,1.20555638385675,63.872,1.1515512393263,,,,,,,,,,,,,,,,,,,,,,,,,,,,,,,,,,,,,,,,,,,,,,,,,,,,,,,,,,,,,,,,,,,,,,,,,,,,,,,,,,,,,,,,,,,,,,,,,,,,,,,,,,,,,
,,,,,,,,,,,,,,,,,,,,,,64.371,1.17203920699571,64.371,1.20676866186349,64.371,1.17282750409156,64.371,1.20834634634168,64.371,1.14929555567395,,,,,,,,,,,,,,,,,,,,,,,,,,,,,,,,,,,,,,,,,,,,,,,,,,,,,,,,,,,,,,,,,,,,,,,,,,,,,,,,,,,,,,,,,,,,,,,,,,,,,,,,,,,,,
,,,,,,,,,,,,,,,,,,,,,,64.87,1.16905645695742,64.87,1.21314768374125,64.87,1.16679620273716,64.87,1.20120392795458,64.87,1.1457762560931,,,,,,,,,,,,,,,,,,,,,,,,,,,,,,,,,,,,,,,,,,,,,,,,,,,,,,,,,,,,,,,,,,,,,,,,,,,,,,,,,,,,,,,,,,,,,,,,,,,,,,,,,,,,,
,,,,,,,,,,,,,,,,,,,,,,65.369,1.1788698230501,65.369,1.20078598841146,65.369,1.18064275116615,65.369,1.18587097591742,65.369,1.15770216970393,,,,,,,,,,,,,,,,,,,,,,,,,,,,,,,,,,,,,,,,,,,,,,,,,,,,,,,,,,,,,,,,,,,,,,,,,,,,,,,,,,,,,,,,,,,,,,,,,,,,,,,,,,,,,
,,,,,,,,,,,,,,,,,,,,,,65.868,1.17365639118212,65.868,1.20634723532196,65.868,1.18135313911403,65.868,1.19952815974244,65.868,1.15670707270385,,,,,,,,,,,,,,,,,,,,,,,,,,,,,,,,,,,,,,,,,,,,,,,,,,,,,,,,,,,,,,,,,,,,,,,,,,,,,,,,,,,,,,,,,,,,,,,,,,,,,,,,,,,,,
,,,,,,,,,,,,,,,,,,,,,,66.367,1.16878737996514,66.367,1.21274033077326,66.367,1.18403462234736,66.367,1.18920587611274,66.367,1.16355056149313,,,,,,,,,,,,,,,,,,,,,,,,,,,,,,,,,,,,,,,,,,,,,,,,,,,,,,,,,,,,,,,,,,,,,,,,,,,,,,,,,,,,,,,,,,,,,,,,,,,,,,,,,,,,,
,,,,,,,,,,,,,,,,,,,,,,66.866,1.17034712787527,66.866,1.20995651040246,66.866,1.18553020696236,66.866,1.19153519311585,66.866,1.15585541420825,,,,,,,,,,,,,,,,,,,,,,,,,,,,,,,,,,,,,,,,,,,,,,,,,,,,,,,,,,,,,,,,,,,,,,,,,,,,,,,,,,,,,,,,,,,,,,,,,,,,,,,,,,,,,
,,,,,,,,,,,,,,,,,,,,,,67.365,1.17083879140639,67.365,1.21356331462157,67.365,1.1888513310808,67.365,1.19480970484359,67.365,1.15577434039754,,,,,,,,,,,,,,,,,,,,,,,,,,,,,,,,,,,,,,,,,,,,,,,,,,,,,,,,,,,,,,,,,,,,,,,,,,,,,,,,,,,,,,,,,,,,,,,,,,,,,,,,,,,,,
,,,,,,,,,,,,,,,,,,,,,,67.864,1.17272407426907,67.864,1.2152874811378,67.864,1.1816328269689,67.864,1.20450872141548,67.864,1.15870522999101,,,,,,,,,,,,,,,,,,,,,,,,,,,,,,,,,,,,,,,,,,,,,,,,,,,,,,,,,,,,,,,,,,,,,,,,,,,,,,,,,,,,,,,,,,,,,,,,,,,,,,,,,,,,,
,,,,,,,,,,,,,,,,,,,,,,68.363,1.17325450551899,68.363,1.21093129673627,68.363,1.18821995457551,68.363,1.20117124870029,68.363,1.15182259600041,,,,,,,,,,,,,,,,,,,,,,,,,,,,,,,,,,,,,,,,,,,,,,,,,,,,,,,,,,,,,,,,,,,,,,,,,,,,,,,,,,,,,,,,,,,,,,,,,,,,,,,,,,,,,
,,,,,,,,,,,,,,,,,,,,,,68.862,1.17611143123376,68.862,1.21420814580184,68.862,1.18632851922072,68.862,1.19942821440669,68.862,1.14823976466399,,,,,,,,,,,,,,,,,,,,,,,,,,,,,,,,,,,,,,,,,,,,,,,,,,,,,,,,,,,,,,,,,,,,,,,,,,,,,,,,,,,,,,,,,,,,,,,,,,,,,,,,,,,,,
,,,,,,,,,,,,,,,,,,,,,,69.361,1.17492032687094,69.361,1.21365143555467,69.361,1.1887624057507,69.361,1.20046661924763,69.361,1.15632461576635,,,,,,,,,,,,,,,,,,,,,,,,,,,,,,,,,,,,,,,,,,,,,,,,,,,,,,,,,,,,,,,,,,,,,,,,,,,,,,,,,,,,,,,,,,,,,,,,,,,,,,,,,,,,,
,,,,,,,,,,,,,,,,,,,,,,69.86,1.17151373369448,69.86,1.21081159467565,69.86,1.18568857770937,69.86,1.20050855755545,69.86,1.14830220933593,,,,,,,,,,,,,,,,,,,,,,,,,,,,,,,,,,,,,,,,,,,,,,,,,,,,,,,,,,,,,,,,,,,,,,,,,,,,,,,,,,,,,,,,,,,,,,,,,,,,,,,,,,,,,
,,,,,,,,,,,,,,,,,,,,,,70.359,1.17732313195828,70.359,1.21098304404929,70.359,1.17994690180495,70.359,1.19994986831409,70.359,1.15272862880079,,,,,,,,,,,,,,,,,,,,,,,,,,,,,,,,,,,,,,,,,,,,,,,,,,,,,,,,,,,,,,,,,,,,,,,,,,,,,,,,,,,,,,,,,,,,,,,,,,,,,,,,,,,,,
,,,,,,,,,,,,,,,,,,,,,,70.858,1.16870920254624,70.858,1.21652798045594,70.858,1.1785299227209,70.858,1.20865160386825,70.858,1.16468543489268,,,,,,,,,,,,,,,,,,,,,,,,,,,,,,,,,,,,,,,,,,,,,,,,,,,,,,,,,,,,,,,,,,,,,,,,,,,,,,,,,,,,,,,,,,,,,,,,,,,,,,,,,,,,,
,,,,,,,,,,,,,,,,,,,,,,71.357,1.1717038252247,71.357,1.20882726088458,71.357,1.17870138514025,71.357,1.20754476597688,71.357,1.1569269956842,,,,,,,,,,,,,,,,,,,,,,,,,,,,,,,,,,,,,,,,,,,,,,,,,,,,,,,,,,,,,,,,,,,,,,,,,,,,,,,,,,,,,,,,,,,,,,,,,,,,,,,,,,,,,
,,,,,,,,,,,,,,,,,,,,,,71.856,1.17558429479773,71.856,1.2075433341374,71.856,1.17577023046506,71.856,1.20319418214851,71.856,1.14705011632802,,,,,,,,,,,,,,,,,,,,,,,,,,,,,,,,,,,,,,,,,,,,,,,,,,,,,,,,,,,,,,,,,,,,,,,,,,,,,,,,,,,,,,,,,,,,,,,,,,,,,,,,,,,,,
,,,,,,,,,,,,,,,,,,,,,,72.355,1.17447326825947,72.355,1.21054110806007,72.355,1.18038163192605,72.355,1.21313144441256,72.355,1.14868257202891,,,,,,,,,,,,,,,,,,,,,,,,,,,,,,,,,,,,,,,,,,,,,,,,,,,,,,,,,,,,,,,,,,,,,,,,,,,,,,,,,,,,,,,,,,,,,,,,,,,,,,,,,,,,,
,,,,,,,,,,,,,,,,,,,,,,72.854,1.18481797645278,72.854,1.20651751560153,72.854,1.18144329624127,72.854,1.2023053556889,72.854,1.15390927762753,,,,,,,,,,,,,,,,,,,,,,,,,,,,,,,,,,,,,,,,,,,,,,,,,,,,,,,,,,,,,,,,,,,,,,,,,,,,,,,,,,,,,,,,,,,,,,,,,,,,,,,,,,,,,
,,,,,,,,,,,,,,,,,,,,,,73.353,1.17227245823947,73.353,1.2061555033746,73.353,1.18108454576134,73.353,1.21342753230398,73.353,1.1490409956842,,,,,,,,,,,,,,,,,,,,,,,,,,,,,,,,,,,,,,,,,,,,,,,,,,,,,,,,,,,,,,,,,,,,,,,,,,,,,,,,,,,,,,,,,,,,,,,,,,,,,,,,,,,,,
,,,,,,,,,,,,,,,,,,,,,,73.852,1.17464890041327,73.852,1.20816008413993,73.852,1.18377471430011,73.852,1.2156713925188,73.852,1.15074238048926,,,,,,,,,,,,,,,,,,,,,,,,,,,,,,,,,,,,,,,,,,,,,,,,,,,,,,,,,,,,,,,,,,,,,,,,,,,,,,,,,,,,,,,,,,,,,,,,,,,,,,,,,,,,,
,,,,,,,,,,,,,,,,,,,,,,74.351,1.17655223780738,74.351,1.20925354188176,74.351,1.17521642888915,74.351,1.20988981329869,74.351,1.15673665176351,,,,,,,,,,,,,,,,,,,,,,,,,,,,,,,,,,,,,,,,,,,,,,,,,,,,,,,,,,,,,,,,,,,,,,,,,,,,,,,,,,,,,,,,,,,,,,,,,,,,,,,,,,,,,
,,,,,,,,,,,,,,,,,,,,,,74.85,1.18172409131685,74.85,1.21295433920876,74.85,1.18359113725611,74.85,1.21572365747405,74.85,1.15660253624905,,,,,,,,,,,,,,,,,,,,,,,,,,,,,,,,,,,,,,,,,,,,,,,,,,,,,,,,,,,,,,,,,,,,,,,,,,,,,,,,,,,,,,,,,,,,,,,,,,,,,,,,,,,,,
,,,,,,,,,,,,,,,,,,,,,,75.349,1.16613824063555,75.349,1.20376774214916,75.349,1.18662334469897,75.349,1.21307584502343,75.349,1.15237105746883,,,,,,,,,,,,,,,,,,,,,,,,,,,,,,,,,,,,,,,,,,,,,,,,,,,,,,,,,,,,,,,,,,,,,,,,,,,,,,,,,,,,,,,,,,,,,,,,,,,,,,,,,,,,,
,,,,,,,,,,,,,,,,,,,,,,75.848,1.16896266547551,75.848,1.21163824742741,75.848,1.17805239838775,75.848,1.21466756019543,75.848,1.14648611780618,,,,,,,,,,,,,,,,,,,,,,,,,,,,,,,,,,,,,,,,,,,,,,,,,,,,,,,,,,,,,,,,,,,,,,,,,,,,,,,,,,,,,,,,,,,,,,,,,,,,,,,,,,,,,
,,,,,,,,,,,,,,,,,,,,,,76.347,1.17491464765174,76.347,1.20857206819045,76.347,1.18424896086733,76.347,1.2132532284802,76.347,1.15411719863296,,,,,,,,,,,,,,,,,,,,,,,,,,,,,,,,,,,,,,,,,,,,,,,,,,,,,,,,,,,,,,,,,,,,,,,,,,,,,,,,,,,,,,,,,,,,,,,,,,,,,,,,,,,,,
,,,,,,,,,,,,,,,,,,,,,,76.846,1.17180753168909,76.846,1.21135318870325,76.846,1.19034991480101,76.846,1.21819429313928,76.846,1.15612151044976,,,,,,,,,,,,,,,,,,,,,,,,,,,,,,,,,,,,,,,,,,,,,,,,,,,,,,,,,,,,,,,,,,,,,,,,,,,,,,,,,,,,,,,,,,,,,,,,,,,,,,,,,,,,,
,,,,,,,,,,,,,,,,,,,,,,77.345,1.17823111178104,77.345,1.2067877135354,77.345,1.17874919986508,77.345,1.21648936735985,77.345,1.14322360449648,,,,,,,,,,,,,,,,,,,,,,,,,,,,,,,,,,,,,,,,,,,,,,,,,,,,,,,,,,,,,,,,,,,,,,,,,,,,,,,,,,,,,,,,,,,,,,,,,,,,,,,,,,,,,
,,,,,,,,,,,,,,,,,,,,,,77.844,1.17584795408073,77.844,1.21236163654013,77.844,1.19046373420993,77.844,1.21283744963741,77.844,1.15929876371519,,,,,,,,,,,,,,,,,,,,,,,,,,,,,,,,,,,,,,,,,,,,,,,,,,,,,,,,,,,,,,,,,,,,,,,,,,,,,,,,,,,,,,,,,,,,,,,,,,,,,,,,,,,,,
,,,,,,,,,,,,,,,,,,,,,,78.343,1.16870892456622,78.343,1.20196438738203,78.343,1.18676312035174,78.343,1.21705525341503,78.343,1.15368130971139,,,,,,,,,,,,,,,,,,,,,,,,,,,,,,,,,,,,,,,,,,,,,,,,,,,,,,,,,,,,,,,,,,,,,,,,,,,,,,,,,,,,,,,,,,,,,,,,,,,,,,,,,,,,,
,,,,,,,,,,,,,,,,,,,,,,78.842,1.17156234646511,78.842,1.20499648463966,78.842,1.18081958202253,78.842,1.20634561551904,78.842,1.15665212710904,,,,,,,,,,,,,,,,,,,,,,,,,,,,,,,,,,,,,,,,,,,,,,,,,,,,,,,,,,,,,,,,,,,,,,,,,,,,,,,,,,,,,,,,,,,,,,,,,,,,,,,,,,,,,
,,,,,,,,,,,,,,,,,,,,,,79.341,1.17775053906107,79.341,1.20727175807318,79.341,1.18454821312763,79.341,1.21768809361371,79.341,1.16185307016289,,,,,,,,,,,,,,,,,,,,,,,,,,,,,,,,,,,,,,,,,,,,,,,,,,,,,,,,,,,,,,,,,,,,,,,,,,,,,,,,,,,,,,,,,,,,,,,,,,,,,,,,,,,,,
,,,,,,,,,,,,,,,,,,,,,,79.84,1.17250683639393,79.84,1.21470975151818,79.84,1.18787686274639,79.84,1.21268657070668,79.84,1.1627891273423,,,,,,,,,,,,,,,,,,,,,,,,,,,,,,,,,,,,,,,,,,,,,,,,,,,,,,,,,,,,,,,,,,,,,,,,,,,,,,,,,,,,,,,,,,,,,,,,,,,,,,,,,,,,,
,,,,,,,,,,,,,,,,,,,,,,80.339,1.17428441783343,80.339,1.20327807288296,80.339,1.18254931311979,80.339,1.21974412651517,80.339,1.16599092404488,,,,,,,,,,,,,,,,,,,,,,,,,,,,,,,,,,,,,,,,,,,,,,,,,,,,,,,,,,,,,,,,,,,,,,,,,,,,,,,,,,,,,,,,,,,,,,,,,,,,,,,,,,,,,
,,,,,,,,,,,,,,,,,,,,,,80.838,1.17234343835975,80.838,1.20791637962964,80.838,1.18704169742381,80.838,1.21747214003113,80.838,1.15579706750327,,,,,,,,,,,,,,,,,,,,,,,,,,,,,,,,,,,,,,,,,,,,,,,,,,,,,,,,,,,,,,,,,,,,,,,,,,,,,,,,,,,,,,,,,,,,,,,,,,,,,,,,,,,,,
,,,,,,,,,,,,,,,,,,,,,,81.337,1.18199280848975,81.337,1.20459084672978,81.337,1.18270611098336,81.337,1.23104634003586,81.337,1.1528278632422,,,,,,,,,,,,,,,,,,,,,,,,,,,,,,,,,,,,,,,,,,,,,,,,,,,,,,,,,,,,,,,,,,,,,,,,,,,,,,,,,,,,,,,,,,,,,,,,,,,,,,,,,,,,,
,,,,,,,,,,,,,,,,,,,,,,81.836,1.18385258165655,81.836,1.21164659558391,81.836,1.18846142255573,81.836,1.22976009814175,81.836,1.16054554413961,,,,,,,,,,,,,,,,,,,,,,,,,,,,,,,,,,,,,,,,,,,,,,,,,,,,,,,,,,,,,,,,,,,,,,,,,,,,,,,,,,,,,,,,,,,,,,,,,,,,,,,,,,,,,
,,,,,,,,,,,,,,,,,,,,,,82.335,1.18383104607516,82.335,1.20829795311131,82.335,1.19617747785334,82.335,1.2263698572572,82.335,1.16366356526009,,,,,,,,,,,,,,,,,,,,,,,,,,,,,,,,,,,,,,,,,,,,,,,,,,,,,,,,,,,,,,,,,,,,,,,,,,,,,,,,,,,,,,,,,,,,,,,,,,,,,,,,,,,,,
,,,,,,,,,,,,,,,,,,,,,,82.834,1.18119126361307,82.834,1.21507024305203,82.834,1.19820122913264,82.834,1.21531139933479,82.834,1.16969276734027,,,,,,,,,,,,,,,,,,,,,,,,,,,,,,,,,,,,,,,,,,,,,,,,,,,,,,,,,,,,,,,,,,,,,,,,,,,,,,,,,,,,,,,,,,,,,,,,,,,,,,,,,,,,,
,,,,,,,,,,,,,,,,,,,,,,83.333,1.18765302477548,83.333,1.21334403483403,83.333,1.18647913781122,83.333,1.21992986465477,83.333,1.1586988988685,,,,,,,,,,,,,,,,,,,,,,,,,,,,,,,,,,,,,,,,,,,,,,,,,,,,,,,,,,,,,,,,,,,,,,,,,,,,,,,,,,,,,,,,,,,,,,,,,,,,,,,,,,,,,
,,,,,,,,,,,,,,,,,,,,,,83.832,1.18443498915599,83.832,1.21258838652513,83.832,1.1879983689703,83.832,1.21696982668883,83.832,1.15996366864279,,,,,,,,,,,,,,,,,,,,,,,,,,,,,,,,,,,,,,,,,,,,,,,,,,,,,,,,,,,,,,,,,,,,,,,,,,,,,,,,,,,,,,,,,,,,,,,,,,,,,,,,,,,,,
,,,,,,,,,,,,,,,,,,,,,,84.331,1.17673162001797,84.331,1.21015481362273,84.331,1.18886426809474,84.331,1.20819116970543,84.331,1.14796418742106,,,,,,,,,,,,,,,,,,,,,,,,,,,,,,,,,,,,,,,,,,,,,,,,,,,,,,,,,,,,,,,,,,,,,,,,,,,,,,,,,,,,,,,,,,,,,,,,,,,,,,,,,,,,,
,,,,,,,,,,,,,,,,,,,,,,84.83,1.18152117099694,84.83,1.20860912336148,84.83,1.19448501411545,84.83,1.21868884167624,84.83,1.1608457943614,,,,,,,,,,,,,,,,,,,,,,,,,,,,,,,,,,,,,,,,,,,,,,,,,,,,,,,,,,,,,,,,,,,,,,,,,,,,,,,,,,,,,,,,,,,,,,,,,,,,,,,,,,,,,
,,,,,,,,,,,,,,,,,,,,,,85.329,1.17909275811079,85.329,1.21087743721578,85.329,1.19916434966167,85.329,1.21259012847822,85.329,1.16121408286505,,,,,,,,,,,,,,,,,,,,,,,,,,,,,,,,,,,,,,,,,,,,,,,,,,,,,,,,,,,,,,,,,,,,,,,,,,,,,,,,,,,,,,,,,,,,,,,,,,,,,,,,,,,,,
,,,,,,,,,,,,,,,,,,,,,,85.828,1.18001861550581,85.828,1.20308732107441,85.828,1.19970864017642,85.828,1.21340652142749,85.828,1.16191916586609,,,,,,,,,,,,,,,,,,,,,,,,,,,,,,,,,,,,,,,,,,,,,,,,,,,,,,,,,,,,,,,,,,,,,,,,,,,,,,,,,,,,,,,,,,,,,,,,,,,,,,,,,,,,,
,,,,,,,,,,,,,,,,,,,,,,86.327,1.1729706814943,86.327,1.20112772269221,86.327,1.19276922519987,86.327,1.2152102534938,86.327,1.15952789795176,,,,,,,,,,,,,,,,,,,,,,,,,,,,,,,,,,,,,,,,,,,,,,,,,,,,,,,,,,,,,,,,,,,,,,,,,,,,,,,,,,,,,,,,,,,,,,,,,,,,,,,,,,,,,
,,,,,,,,,,,,,,,,,,,,,,86.826,1.18544139926108,86.826,1.20493483339952,86.826,1.19134572922981,86.826,1.20651374829973,86.826,1.15949285860846,,,,,,,,,,,,,,,,,,,,,,,,,,,,,,,,,,,,,,,,,,,,,,,,,,,,,,,,,,,,,,,,,,,,,,,,,,,,,,,,,,,,,,,,,,,,,,,,,,,,,,,,,,,,,
,,,,,,,,,,,,,,,,,,,,,,87.325,1.18205019701371,87.325,1.20726383896065,87.325,1.19331141479581,87.325,1.21562992088253,87.325,1.16695748180494,,,,,,,,,,,,,,,,,,,,,,,,,,,,,,,,,,,,,,,,,,,,,,,,,,,,,,,,,,,,,,,,,,,,,,,,,,,,,,,,,,,,,,,,,,,,,,,,,,,,,,,,,,,,,
,,,,,,,,,,,,,,,,,,,,,,87.824,1.1787366088964,87.824,1.21337191521184,87.824,1.20631370165052,87.824,1.22231792467188,87.824,1.15682548443762,,,,,,,,,,,,,,,,,,,,,,,,,,,,,,,,,,,,,,,,,,,,,,,,,,,,,,,,,,,,,,,,,,,,,,,,,,,,,,,,,,,,,,,,,,,,,,,,,,,,,,,,,,,,,
,,,,,,,,,,,,,,,,,,,,,,88.323,1.1799998396469,88.323,1.21022790598947,88.323,1.19234052085253,88.323,1.22269687588913,88.323,1.15218090992308,,,,,,,,,,,,,,,,,,,,,,,,,,,,,,,,,,,,,,,,,,,,,,,,,,,,,,,,,,,,,,,,,,,,,,,,,,,,,,,,,,,,,,,,,,,,,,,,,,,,,,,,,,,,,
,,,,,,,,,,,,,,,,,,,,,,88.822,1.1890699726063,88.822,1.20337671191955,88.822,1.19397557842424,88.822,1.22671933430335,88.822,1.16157075349504,,,,,,,,,,,,,,,,,,,,,,,,,,,,,,,,,,,,,,,,,,,,,,,,,,,,,,,,,,,,,,,,,,,,,,,,,,,,,,,,,,,,,,,,,,,,,,,,,,,,,,,,,,,,,
,,,,,,,,,,,,,,,,,,,,,,89.321,1.18801225920316,89.321,1.21125566156294,89.321,1.19388570952194,89.321,1.22546286590709,89.321,1.16062213839295,,,,,,,,,,,,,,,,,,,,,,,,,,,,,,,,,,,,,,,,,,,,,,,,,,,,,,,,,,,,,,,,,,,,,,,,,,,,,,,,,,,,,,,,,,,,,,,,,,,,,,,,,,,,,
,,,,,,,,,,,,,,,,,,,,,,89.82,1.17964005367556,89.82,1.21771080636658,89.82,1.18179261904,89.82,1.21841572867599,89.82,1.16518109138127,,,,,,,,,,,,,,,,,,,,,,,,,,,,,,,,,,,,,,,,,,,,,,,,,,,,,,,,,,,,,,,,,,,,,,,,,,,,,,,,,,,,,,,,,,,,,,,,,,,,,,,,,,,,,
,,,,,,,,,,,,,,,,,,,,,,90.319,1.18350501609764,90.319,1.19982175221263,90.319,1.19171411470568,90.319,1.22092675416281,90.319,1.15733365389935,,,,,,,,,,,,,,,,,,,,,,,,,,,,,,,,,,,,,,,,,,,,,,,,,,,,,,,,,,,,,,,,,,,,,,,,,,,,,,,,,,,,,,,,,,,,,,,,,,,,,,,,,,,,,
,,,,,,,,,,,,,,,,,,,,,,90.818,1.18286116249583,90.818,1.2150858713064,90.818,1.19344970539389,90.818,1.21072812670147,90.818,1.15686579269832,,,,,,,,,,,,,,,,,,,,,,,,,,,,,,,,,,,,,,,,,,,,,,,,,,,,,,,,,,,,,,,,,,,,,,,,,,,,,,,,,,,,,,,,,,,,,,,,,,,,,,,,,,,,,
,,,,,,,,,,,,,,,,,,,,,,91.317,1.17496666839027,91.317,1.21896537340116,91.317,1.19912509815957,91.317,1.20936841177941,91.317,1.17068794965898,,,,,,,,,,,,,,,,,,,,,,,,,,,,,,,,,,,,,,,,,,,,,,,,,,,,,,,,,,,,,,,,,,,,,,,,,,,,,,,,,,,,,,,,,,,,,,,,,,,,,,,,,,,,,
,,,,,,,,,,,,,,,,,,,,,,91.816,1.18284210250727,91.816,1.22234212371518,91.816,1.18903099277225,91.816,1.21961380096294,91.816,1.16365976066752,,,,,,,,,,,,,,,,,,,,,,,,,,,,,,,,,,,,,,,,,,,,,,,,,,,,,,,,,,,,,,,,,,,,,,,,,,,,,,,,,,,,,,,,,,,,,,,,,,,,,,,,,,,,,
,,,,,,,,,,,,,,,,,,,,,,92.315,1.17766874075984,92.315,1.20822108263716,92.315,1.20023421371997,92.315,1.22419092628784,92.315,1.15893110347762,,,,,,,,,,,,,,,,,,,,,,,,,,,,,,,,,,,,,,,,,,,,,,,,,,,,,,,,,,,,,,,,,,,,,,,,,,,,,,,,,,,,,,,,,,,,,,,,,,,,,,,,,,,,,
,,,,,,,,,,,,,,,,,,,,,,92.814,1.17419422293462,92.814,1.22172534509223,92.814,1.19389023997218,92.814,1.22153056232366,92.814,1.16255136730611,,,,,,,,,,,,,,,,,,,,,,,,,,,,,,,,,,,,,,,,,,,,,,,,,,,,,,,,,,,,,,,,,,,,,,,,,,,,,,,,,,,,,,,,,,,,,,,,,,,,,,,,,,,,,
,,,,,,,,,,,,,,,,,,,,,,93.313,1.18286336823433,93.313,1.21656470540005,93.313,1.18865937027723,93.313,1.22301908682337,93.313,1.16019874335749,,,,,,,,,,,,,,,,,,,,,,,,,,,,,,,,,,,,,,,,,,,,,,,,,,,,,,,,,,,,,,,,,,,,,,,,,,,,,,,,,,,,,,,,,,,,,,,,,,,,,,,,,,,,,
,,,,,,,,,,,,,,,,,,,,,,93.812,1.1775189645438,93.812,1.21995462023707,93.812,1.21102246707186,93.812,1.22644806373605,93.812,1.1555474112487,,,,,,,,,,,,,,,,,,,,,,,,,,,,,,,,,,,,,,,,,,,,,,,,,,,,,,,,,,,,,,,,,,,,,,,,,,,,,,,,,,,,,,,,,,,,,,,,,,,,,,,,,,,,,
,,,,,,,,,,,,,,,,,,,,,,94.311,1.18139639647533,94.311,1.21384381426639,94.311,1.22253976352543,94.311,1.21732681513282,94.311,1.16104391414164,,,,,,,,,,,,,,,,,,,,,,,,,,,,,,,,,,,,,,,,,,,,,,,,,,,,,,,,,,,,,,,,,,,,,,,,,,,,,,,,,,,,,,,,,,,,,,,,,,,,,,,,,,,,,
,,,,,,,,,,,,,,,,,,,,,,94.81,1.18482705446659,94.81,1.21547991690292,94.81,1.20392942719352,94.81,1.22060242438831,94.81,1.15384124832065,,,,,,,,,,,,,,,,,,,,,,,,,,,,,,,,,,,,,,,,,,,,,,,,,,,,,,,,,,,,,,,,,,,,,,,,,,,,,,,,,,,,,,,,,,,,,,,,,,,,,,,,,,,,,
,,,,,,,,,,,,,,,,,,,,,,95.309,1.19115139145987,95.309,1.21883551675069,95.309,1.19910163460792,95.309,1.21487231690239,95.309,1.15689450640956,,,,,,,,,,,,,,,,,,,,,,,,,,,,,,,,,,,,,,,,,,,,,,,,,,,,,,,,,,,,,,,,,,,,,,,,,,,,,,,,,,,,,,,,,,,,,,,,,,,,,,,,,,,,,
,,,,,,,,,,,,,,,,,,,,,,95.808,1.18196240929027,95.808,1.22768833125942,95.808,1.20219827734512,95.808,1.20950169909615,95.808,1.1592207579211,,,,,,,,,,,,,,,,,,,,,,,,,,,,,,,,,,,,,,,,,,,,,,,,,,,,,,,,,,,,,,,,,,,,,,,,,,,,,,,,,,,,,,,,,,,,,,,,,,,,,,,,,,,,,
,,,,,,,,,,,,,,,,,,,,,,96.307,1.18906304449841,96.307,1.22301585692531,96.307,1.19403941282038,96.307,1.21250665622178,96.307,1.16417839724235,,,,,,,,,,,,,,,,,,,,,,,,,,,,,,,,,,,,,,,,,,,,,,,,,,,,,,,,,,,,,,,,,,,,,,,,,,,,,,,,,,,,,,,,,,,,,,,,,,,,,,,,,,,,,
,,,,,,,,,,,,,,,,,,,,,,96.806,1.1894661200687,96.806,1.21974313515897,96.806,1.19535193815549,96.806,1.21907851568775,96.806,1.15867991799572,,,,,,,,,,,,,,,,,,,,,,,,,,,,,,,,,,,,,,,,,,,,,,,,,,,,,,,,,,,,,,,,,,,,,,,,,,,,,,,,,,,,,,,,,,,,,,,,,,,,,,,,,,,,,
,,,,,,,,,,,,,,,,,,,,,,97.305,1.18240145741297,97.305,1.21789071844659,97.305,1.19553448701522,97.305,1.22607589580584,97.305,1.15953377186216,,,,,,,,,,,,,,,,,,,,,,,,,,,,,,,,,,,,,,,,,,,,,,,,,,,,,,,,,,,,,,,,,,,,,,,,,,,,,,,,,,,,,,,,,,,,,,,,,,,,,,,,,,,,,
,,,,,,,,,,,,,,,,,,,,,,97.804,1.17245585976032,97.804,1.22279486578352,97.804,1.19572992484901,97.804,1.22155926235908,97.804,1.16378061466586,,,,,,,,,,,,,,,,,,,,,,,,,,,,,,,,,,,,,,,,,,,,,,,,,,,,,,,,,,,,,,,,,,,,,,,,,,,,,,,,,,,,,,,,,,,,,,,,,,,,,,,,,,,,,
,,,,,,,,,,,,,,,,,,,,,,98.303,1.17537775467747,98.303,1.22100421671578,98.303,1.19529575388503,98.303,1.22641509932015,98.303,1.17043762002797,,,,,,,,,,,,,,,,,,,,,,,,,,,,,,,,,,,,,,,,,,,,,,,,,,,,,,,,,,,,,,,,,,,,,,,,,,,,,,,,,,,,,,,,,,,,,,,,,,,,,,,,,,,,,
,,,,,,,,,,,,,,,,,,,,,,98.802,1.1842170509314,98.802,1.22286234278679,98.802,1.20633226289291,98.802,1.21731371976743,98.802,1.16599158505145,,,,,,,,,,,,,,,,,,,,,,,,,,,,,,,,,,,,,,,,,,,,,,,,,,,,,,,,,,,,,,,,,,,,,,,,,,,,,,,,,,,,,,,,,,,,,,,,,,,,,,,,,,,,,
,,,,,,,,,,,,,,,,,,,,,,99.301,1.17961465153873,99.301,1.22576671709403,99.301,1.2159905866892,99.301,1.21295450961283,99.301,1.17065338805498,,,,,,,,,,,,,,,,,,,,,,,,,,,,,,,,,,,,,,,,,,,,,,,,,,,,,,,,,,,,,,,,,,,,,,,,,,,,,,,,,,,,,,,,,,,,,,,,,,,,,,,,,,,,,
,,,,,,,,,,,,,,,,,,,,,,99.8,1.17979100418488,99.8,1.2236968324582,99.8,1.2100501076192,99.8,1.21154132316288,99.8,1.1649203515675,,,,,,,,,,,,,,,,,,,,,,,,,,,,,,,,,,,,,,,,,,,,,,,,,,,,,,,,,,,,,,,,,,,,,,,,,,,,,,,,,,,,,,,,,,,,,,,,,,,,,,,,,,,,,
,,,,,,,,,,,,,,,,,,,,,,100.299,1.18126089207517,100.299,1.22141953497531,100.299,1.21403644828045,100.299,1.2246948594027,100.299,1.16271797396292,,,,,,,,,,,,,,,,,,,,,,,,,,,,,,,,,,,,,,,,,,,,,,,,,,,,,,,,,,,,,,,,,,,,,,,,,,,,,,,,,,,,,,,,,,,,,,,,,,,,,,,,,,,,,
,,,,,,,,,,,,,,,,,,,,,,100.798,1.17651796646034,100.798,1.21670766491837,100.798,1.19954860062428,100.798,1.22194315456313,100.798,1.17207685116616,,,,,,,,,,,,,,,,,,,,,,,,,,,,,,,,,,,,,,,,,,,,,,,,,,,,,,,,,,,,,,,,,,,,,,,,,,,,,,,,,,,,,,,,,,,,,,,,,,,,,,,,,,,,,
,,,,,,,,,,,,,,,,,,,,,,101.297,1.18096562638824,101.297,1.22257521987626,101.297,1.2044681700573,101.297,1.22149368899659,101.297,1.16955162782173,,,,,,,,,,,,,,,,,,,,,,,,,,,,,,,,,,,,,,,,,,,,,,,,,,,,,,,,,,,,,,,,,,,,,,,,,,,,,,,,,,,,,,,,,,,,,,,,,,,,,,,,,,,,,
,,,,,,,,,,,,,,,,,,,,,,101.796,1.18554049389773,101.796,1.22400914550459,101.796,1.19671614415868,101.796,1.22469947376738,101.796,1.17374060111327,,,,,,,,,,,,,,,,,,,,,,,,,,,,,,,,,,,,,,,,,,,,,,,,,,,,,,,,,,,,,,,,,,,,,,,,,,,,,,,,,,,,,,,,,,,,,,,,,,,,,,,,,,,,,
,,,,,,,,,,,,,,,,,,,,,,102.295,1.17734683697183,102.295,1.21622034373271,102.295,1.1963177323512,102.295,1.2180941445654,102.295,1.16633668365323,,,,,,,,,,,,,,,,,,,,,,,,,,,,,,,,,,,,,,,,,,,,,,,,,,,,,,,,,,,,,,,,,,,,,,,,,,,,,,,,,,,,,,,,,,,,,,,,,,,,,,,,,,,,,
,,,,,,,,,,,,,,,,,,,,,,102.794,1.17523322434163,102.794,1.22306248627651,102.794,1.20136698663833,102.794,1.2247000772257,102.794,1.16223447913165,,,,,,,,,,,,,,,,,,,,,,,,,,,,,,,,,,,,,,,,,,,,,,,,,,,,,,,,,,,,,,,,,,,,,,,,,,,,,,,,,,,,,,,,,,,,,,,,,,,,,,,,,,,,,
,,,,,,,,,,,,,,,,,,,,,,103.293,1.17676518278933,103.293,1.22157786268936,103.293,1.20041044016217,103.293,1.22470724479754,103.293,1.16698312487352,,,,,,,,,,,,,,,,,,,,,,,,,,,,,,,,,,,,,,,,,,,,,,,,,,,,,,,,,,,,,,,,,,,,,,,,,,,,,,,,,,,,,,,,,,,,,,,,,,,,,,,,,,,,,
,,,,,,,,,,,,,,,,,,,,,,103.792,1.17209498809564,103.792,1.22525527813842,103.792,1.20916825402478,103.792,1.23297887375442,103.792,1.16312119837653,,,,,,,,,,,,,,,,,,,,,,,,,,,,,,,,,,,,,,,,,,,,,,,,,,,,,,,,,,,,,,,,,,,,,,,,,,,,,,,,,,,,,,,,,,,,,,,,,,,,,,,,,,,,,
,,,,,,,,,,,,,,,,,,,,,,104.291,1.1793818618518,104.291,1.21230142844744,104.291,1.20543719288735,104.291,1.22571047691682,104.291,1.16352225136109,,,,,,,,,,,,,,,,,,,,,,,,,,,,,,,,,,,,,,,,,,,,,,,,,,,,,,,,,,,,,,,,,,,,,,,,,,,,,,,,,,,,,,,,,,,,,,,,,,,,,,,,,,,,,
,,,,,,,,,,,,,,,,,,,,,,104.79,1.17015832432296,104.79,1.21658532686162,104.79,1.20226621118633,104.79,1.22566913268804,104.79,1.16634717680464,,,,,,,,,,,,,,,,,,,,,,,,,,,,,,,,,,,,,,,,,,,,,,,,,,,,,,,,,,,,,,,,,,,,,,,,,,,,,,,,,,,,,,,,,,,,,,,,,,,,,,,,,,,,,
,,,,,,,,,,,,,,,,,,,,,,105.289,1.17373428024813,105.289,1.21995021781273,105.289,1.21330135571099,105.289,1.22513925402189,105.289,1.16613955126066,,,,,,,,,,,,,,,,,,,,,,,,,,,,,,,,,,,,,,,,,,,,,,,,,,,,,,,,,,,,,,,,,,,,,,,,,,,,,,,,,,,,,,,,,,,,,,,,,,,,,,,,,,,,,
,,,,,,,,,,,,,,,,,,,,,,105.788,1.1747777046036,105.788,1.22065390693432,105.788,1.21490755487543,105.788,1.22375682295046,105.788,1.16035672629192,,,,,,,,,,,,,,,,,,,,,,,,,,,,,,,,,,,,,,,,,,,,,,,,,,,,,,,,,,,,,,,,,,,,,,,,,,,,,,,,,,,,,,,,,,,,,,,,,,,,,,,,,,,,,
,,,,,,,,,,,,,,,,,,,,,,106.287,1.18718106351274,106.287,1.2159057618616,106.287,1.22095697694435,106.287,1.24246155757274,106.287,1.16857283622913,,,,,,,,,,,,,,,,,,,,,,,,,,,,,,,,,,,,,,,,,,,,,,,,,,,,,,,,,,,,,,,,,,,,,,,,,,,,,,,,,,,,,,,,,,,,,,,,,,,,,,,,,,,,,
,,,,,,,,,,,,,,,,,,,,,,106.786,1.1751695981625,106.786,1.21178955300542,106.786,1.22680741978478,106.786,1.23927316030123,106.786,1.16419340140922,,,,,,,,,,,,,,,,,,,,,,,,,,,,,,,,,,,,,,,,,,,,,,,,,,,,,,,,,,,,,,,,,,,,,,,,,,,,,,,,,,,,,,,,,,,,,,,,,,,,,,,,,,,,,
,,,,,,,,,,,,,,,,,,,,,,107.285,1.185070192421,107.285,1.20416268975926,107.285,1.22030147703358,107.285,1.23463138108576,107.285,1.17309967642814,,,,,,,,,,,,,,,,,,,,,,,,,,,,,,,,,,,,,,,,,,,,,,,,,,,,,,,,,,,,,,,,,,,,,,,,,,,,,,,,,,,,,,,,,,,,,,,,,,,,,,,,,,,,,
,,,,,,,,,,,,,,,,,,,,,,107.784,1.17650979134212,107.784,1.21833970805477,107.784,1.2182336471783,107.784,1.22820069937273,107.784,1.17205717338037,,,,,,,,,,,,,,,,,,,,,,,,,,,,,,,,,,,,,,,,,,,,,,,,,,,,,,,,,,,,,,,,,,,,,,,,,,,,,,,,,,,,,,,,,,,,,,,,,,,,,,,,,,,,,
,,,,,,,,,,,,,,,,,,,,,,108.283,1.18146641405621,108.283,1.22297898434821,108.283,1.21844336204613,108.283,1.23341307487222,108.283,1.17303943251019,,,,,,,,,,,,,,,,,,,,,,,,,,,,,,,,,,,,,,,,,,,,,,,,,,,,,,,,,,,,,,,,,,,,,,,,,,,,,,,,,,,,,,,,,,,,,,,,,,,,,,,,,,,,,
,,,,,,,,,,,,,,,,,,,,,,108.782,1.17952427159903,108.782,1.2205986742197,108.782,1.22284822424606,108.782,1.23699631035896,108.782,1.17518863543384,,,,,,,,,,,,,,,,,,,,,,,,,,,,,,,,,,,,,,,,,,,,,,,,,,,,,,,,,,,,,,,,,,,,,,,,,,,,,,,,,,,,,,,,,,,,,,,,,,,,,,,,,,,,,
,,,,,,,,,,,,,,,,,,,,,,109.281,1.18844548978076,109.281,1.22409978928519,109.281,1.22452508781915,109.281,1.23087350627042,109.281,1.16740853040667,,,,,,,,,,,,,,,,,,,,,,,,,,,,,,,,,,,,,,,,,,,,,,,,,,,,,,,,,,,,,,,,,,,,,,,,,,,,,,,,,,,,,,,,,,,,,,,,,,,,,,,,,,,,,
,,,,,,,,,,,,,,,,,,,,,,109.78,1.18028390195925,109.78,1.22292809176255,109.78,1.23024932661996,109.78,1.23930290200397,109.78,1.17192278865738,,,,,,,,,,,,,,,,,,,,,,,,,,,,,,,,,,,,,,,,,,,,,,,,,,,,,,,,,,,,,,,,,,,,,,,,,,,,,,,,,,,,,,,,,,,,,,,,,,,,,,,,,,,,,
,,,,,,,,,,,,,,,,,,,,,,110.279,1.18359349450258,110.279,1.22059125626628,110.279,1.24330118397692,110.279,1.24442229736533,110.279,1.17587545997279,,,,,,,,,,,,,,,,,,,,,,,,,,,,,,,,,,,,,,,,,,,,,,,,,,,,,,,,,,,,,,,,,,,,,,,,,,,,,,,,,,,,,,,,,,,,,,,,,,,,,,,,,,,,,
,,,,,,,,,,,,,,,,,,,,,,110.778,1.1872140506697,110.778,1.21482291391093,110.778,1.23860876148773,110.778,1.24268546793353,110.778,1.17917440293817,,,,,,,,,,,,,,,,,,,,,,,,,,,,,,,,,,,,,,,,,,,,,,,,,,,,,,,,,,,,,,,,,,,,,,,,,,,,,,,,,,,,,,,,,,,,,,,,,,,,,,,,,,,,,
,,,,,,,,,,,,,,,,,,,,,,111.277,1.18154786739552,111.277,1.22570904115494,111.277,1.22331323984073,111.277,1.2435848291723,111.277,1.16915794094134,,,,,,,,,,,,,,,,,,,,,,,,,,,,,,,,,,,,,,,,,,,,,,,,,,,,,,,,,,,,,,,,,,,,,,,,,,,,,,,,,,,,,,,,,,,,,,,,,,,,,,,,,,,,,
,,,,,,,,,,,,,,,,,,,,,,111.776,1.18607298061443,111.776,1.21601715380393,111.776,1.23353715828273,111.776,1.23344613896804,111.776,1.17273361837371,,,,,,,,,,,,,,,,,,,,,,,,,,,,,,,,,,,,,,,,,,,,,,,,,,,,,,,,,,,,,,,,,,,,,,,,,,,,,,,,,,,,,,,,,,,,,,,,,,,,,,,,,,,,,
,,,,,,,,,,,,,,,,,,,,,,112.275,1.18547111719422,112.275,1.21725699219243,112.275,1.22264407328459,112.275,1.23798976975605,112.275,1.16847674368048,,,,,,,,,,,,,,,,,,,,,,,,,,,,,,,,,,,,,,,,,,,,,,,,,,,,,,,,,,,,,,,,,,,,,,,,,,,,,,,,,,,,,,,,,,,,,,,,,,,,,,,,,,,,,
,,,,,,,,,,,,,,,,,,,,,,112.774,1.18712894183995,112.774,1.21956088331001,112.774,1.22330018941286,112.774,1.23153921225994,112.774,1.1816855174933,,,,,,,,,,,,,,,,,,,,,,,,,,,,,,,,,,,,,,,,,,,,,,,,,,,,,,,,,,,,,,,,,,,,,,,,,,,,,,,,,,,,,,,,,,,,,,,,,,,,,,,,,,,,,
,,,,,,,,,,,,,,,,,,,,,,113.273,1.19079752996113,113.273,1.22301412959469,113.273,1.22304242854855,113.273,1.23187848926714,113.273,1.18374178870166,,,,,,,,,,,,,,,,,,,,,,,,,,,,,,,,,,,,,,,,,,,,,,,,,,,,,,,,,,,,,,,,,,,,,,,,,,,,,,,,,,,,,,,,,,,,,,,,,,,,,,,,,,,,,
,,,,,,,,,,,,,,,,,,,,,,113.772,1.18778684399642,113.772,1.22255362673327,113.772,1.21676317636667,113.772,1.23239293950098,113.772,1.17974566507386,,,,,,,,,,,,,,,,,,,,,,,,,,,,,,,,,,,,,,,,,,,,,,,,,,,,,,,,,,,,,,,,,,,,,,,,,,,,,,,,,,,,,,,,,,,,,,,,,,,,,,,,,,,,,
,,,,,,,,,,,,,,,,,,,,,,114.271,1.18950930451296,114.271,1.22192491811638,114.271,1.21879524091461,114.271,1.22650165391773,114.271,1.18645706027068,,,,,,,,,,,,,,,,,,,,,,,,,,,,,,,,,,,,,,,,,,,,,,,,,,,,,,,,,,,,,,,,,,,,,,,,,,,,,,,,,,,,,,,,,,,,,,,,,,,,,,,,,,,,,
,,,,,,,,,,,,,,,,,,,,,,114.77,1.18744593609411,114.77,1.219031513134,114.77,1.22416883385606,114.77,1.23074846024273,114.77,1.17899927192775,,,,,,,,,,,,,,,,,,,,,,,,,,,,,,,,,,,,,,,,,,,,,,,,,,,,,,,,,,,,,,,,,,,,,,,,,,,,,,,,,,,,,,,,,,,,,,,,,,,,,,,,,,,,,
,,,,,,,,,,,,,,,,,,,,,,115.269,1.18572843984942,115.269,1.21818839744924,115.269,1.21494176473973,115.269,1.23870649964755,115.269,1.17337087590542,,,,,,,,,,,,,,,,,,,,,,,,,,,,,,,,,,,,,,,,,,,,,,,,,,,,,,,,,,,,,,,,,,,,,,,,,,,,,,,,,,,,,,,,,,,,,,,,,,,,,,,,,,,,,
,,,,,,,,,,,,,,,,,,,,,,115.768,1.18479578117497,115.768,1.21998110741432,115.768,1.22552603482943,115.768,1.2393838024107,115.768,1.17078861097939,,,,,,,,,,,,,,,,,,,,,,,,,,,,,,,,,,,,,,,,,,,,,,,,,,,,,,,,,,,,,,,,,,,,,,,,,,,,,,,,,,,,,,,,,,,,,,,,,,,,,,,,,,,,,
,,,,,,,,,,,,,,,,,,,,,,116.267,1.18828755082367,116.267,1.22178391586389,116.267,1.22202301587929,116.267,1.23747181904115,116.267,1.18210644661179,,,,,,,,,,,,,,,,,,,,,,,,,,,,,,,,,,,,,,,,,,,,,,,,,,,,,,,,,,,,,,,,,,,,,,,,,,,,,,,,,,,,,,,,,,,,,,,,,,,,,,,,,,,,,
,,,,,,,,,,,,,,,,,,,,,,116.766,1.1853584631354,116.766,1.21888182495986,116.766,1.22271766729341,116.766,1.23251526499753,116.766,1.17719920967709,,,,,,,,,,,,,,,,,,,,,,,,,,,,,,,,,,,,,,,,,,,,,,,,,,,,,,,,,,,,,,,,,,,,,,,,,,,,,,,,,,,,,,,,,,,,,,,,,,,,,,,,,,,,,
,,,,,,,,,,,,,,,,,,,,,,117.265,1.20029248523709,117.265,1.22216637380983,117.265,1.22705996644988,117.265,1.22971867428102,117.265,1.17511243272796,,,,,,,,,,,,,,,,,,,,,,,,,,,,,,,,,,,,,,,,,,,,,,,,,,,,,,,,,,,,,,,,,,,,,,,,,,,,,,,,,,,,,,,,,,,,,,,,,,,,,,,,,,,,,
,,,,,,,,,,,,,,,,,,,,,,117.764,1.1855736358035,117.764,1.21678646967361,117.764,1.21983328368534,117.764,1.22749086205297,117.764,1.18232512857906,,,,,,,,,,,,,,,,,,,,,,,,,,,,,,,,,,,,,,,,,,,,,,,,,,,,,,,,,,,,,,,,,,,,,,,,,,,,,,,,,,,,,,,,,,,,,,,,,,,,,,,,,,,,,
,,,,,,,,,,,,,,,,,,,,,,118.263,1.19357742672188,118.263,1.2262089427503,118.263,1.22498580229557,118.263,1.22871138951313,118.263,1.17321173298837,,,,,,,,,,,,,,,,,,,,,,,,,,,,,,,,,,,,,,,,,,,,,,,,,,,,,,,,,,,,,,,,,,,,,,,,,,,,,,,,,,,,,,,,,,,,,,,,,,,,,,,,,,,,,
,,,,,,,,,,,,,,,,,,,,,,118.762,1.18966079447282,118.762,1.2211439492502,118.762,1.22293903559469,118.762,1.23889639534985,118.762,1.17584590844545,,,,,,,,,,,,,,,,,,,,,,,,,,,,,,,,,,,,,,,,,,,,,,,,,,,,,,,,,,,,,,,,,,,,,,,,,,,,,,,,,,,,,,,,,,,,,,,,,,,,,,,,,,,,,
,,,,,,,,,,,,,,,,,,,,,,119.261,1.18575368735402,119.261,1.21395481400317,119.261,1.22152141593614,119.261,1.23589149189265,119.261,1.17584902647808,,,,,,,,,,,,,,,,,,,,,,,,,,,,,,,,,,,,,,,,,,,,,,,,,,,,,,,,,,,,,,,,,,,,,,,,,,,,,,,,,,,,,,,,,,,,,,,,,,,,,,,,,,,,,
,,,,,,,,,,,,,,,,,,,,,,119.76,1.19009759988734,119.76,1.22503628669462,119.76,1.22624385799888,119.76,1.22669877074314,119.76,1.17779990483728,,,,,,,,,,,,,,,,,,,,,,,,,,,,,,,,,,,,,,,,,,,,,,,,,,,,,,,,,,,,,,,,,,,,,,,,,,,,,,,,,,,,,,,,,,,,,,,,,,,,,,,,,,,,,
,,,,,,,,,,,,,,,,,,,,,,120.259,1.18858834697768,120.259,1.21661902518654,120.259,1.22336839919231,120.259,1.23860889820333,120.259,1.18450853935065,,,,,,,,,,,,,,,,,,,,,,,,,,,,,,,,,,,,,,,,,,,,,,,,,,,,,,,,,,,,,,,,,,,,,,,,,,,,,,,,,,,,,,,,,,,,,,,,,,,,,,,,,,,,,
,,,,,,,,,,,,,,,,,,,,,,120.758,1.18912629827873,120.758,1.22504993344379,120.758,1.22720504842001,120.758,1.23221948384802,120.758,1.17505356704639,,,,,,,,,,,,,,,,,,,,,,,,,,,,,,,,,,,,,,,,,,,,,,,,,,,,,,,,,,,,,,,,,,,,,,,,,,,,,,,,,,,,,,,,,,,,,,,,,,,,,,,,,,,,,
,,,,,,,,,,,,,,,,,,,,,,121.257,1.19033110198307,121.257,1.22483152961316,121.257,1.2295790829755,121.257,1.24527527331662,121.257,1.17502332585783,,,,,,,,,,,,,,,,,,,,,,,,,,,,,,,,,,,,,,,,,,,,,,,,,,,,,,,,,,,,,,,,,,,,,,,,,,,,,,,,,,,,,,,,,,,,,,,,,,,,,,,,,,,,,
,,,,,,,,,,,,,,,,,,,,,,121.756,1.18904770699242,121.756,1.21924826688882,121.756,1.22284194371377,121.756,1.23108036379196,121.756,1.17543949503879,,,,,,,,,,,,,,,,,,,,,,,,,,,,,,,,,,,,,,,,,,,,,,,,,,,,,,,,,,,,,,,,,,,,,,,,,,,,,,,,,,,,,,,,,,,,,,,,,,,,,,,,,,,,,
,,,,,,,,,,,,,,,,,,,,,,122.255,1.1912024951068,122.255,1.22230164042834,122.255,1.22471551606996,122.255,1.24488081292199,122.255,1.17361886285622,,,,,,,,,,,,,,,,,,,,,,,,,,,,,,,,,,,,,,,,,,,,,,,,,,,,,,,,,,,,,,,,,,,,,,,,,,,,,,,,,,,,,,,,,,,,,,,,,,,,,,,,,,,,,
,,,,,,,,,,,,,,,,,,,,,,122.754,1.18804042212061,122.754,1.21033123005838,122.754,1.23251745350594,122.754,1.24277261965728,122.754,1.17060211189956,,,,,,,,,,,,,,,,,,,,,,,,,,,,,,,,,,,,,,,,,,,,,,,,,,,,,,,,,,,,,,,,,,,,,,,,,,,,,,,,,,,,,,,,,,,,,,,,,,,,,,,,,,,,,
,,,,,,,,,,,,,,,,,,,,,,123.253,1.18905873177427,123.253,1.21853114817942,123.253,1.2301555003229,123.253,1.24104930589618,123.253,1.17529407608499,,,,,,,,,,,,,,,,,,,,,,,,,,,,,,,,,,,,,,,,,,,,,,,,,,,,,,,,,,,,,,,,,,,,,,,,,,,,,,,,,,,,,,,,,,,,,,,,,,,,,,,,,,,,,
,,,,,,,,,,,,,,,,,,,,,,123.752,1.19667013054681,123.752,1.21728485258403,123.752,1.22626873437283,123.752,1.2381461092537,123.752,1.18240701456041,,,,,,,,,,,,,,,,,,,,,,,,,,,,,,,,,,,,,,,,,,,,,,,,,,,,,,,,,,,,,,,,,,,,,,,,,,,,,,,,,,,,,,,,,,,,,,,,,,,,,,,,,,,,,
,,,,,,,,,,,,,,,,,,,,,,124.251,1.20105120823295,124.251,1.22206988295306,124.251,1.23028811842198,124.251,1.23087642098246,124.251,1.17908157069505,,,,,,,,,,,,,,,,,,,,,,,,,,,,,,,,,,,,,,,,,,,,,,,,,,,,,,,,,,,,,,,,,,,,,,,,,,,,,,,,,,,,,,,,,,,,,,,,,,,,,,,,,,,,,
,,,,,,,,,,,,,,,,,,,,,,124.75,1.19040732980673,124.75,1.22275128188876,124.75,1.22902894780751,124.75,1.23446291127072,124.75,1.17182341731711,,,,,,,,,,,,,,,,,,,,,,,,,,,,,,,,,,,,,,,,,,,,,,,,,,,,,,,,,,,,,,,,,,,,,,,,,,,,,,,,,,,,,,,,,,,,,,,,,,,,,,,,,,,,,
,,,,,,,,,,,,,,,,,,,,,,125.249,1.18815092875498,125.249,1.21982095193865,125.249,1.2198008910778,125.249,1.2280827524639,125.249,1.17969807928419,,,,,,,,,,,,,,,,,,,,,,,,,,,,,,,,,,,,,,,,,,,,,,,,,,,,,,,,,,,,,,,,,,,,,,,,,,,,,,,,,,,,,,,,,,,,,,,,,,,,,,,,,,,,,
,,,,,,,,,,,,,,,,,,,,,,125.748,1.18401162183384,125.748,1.22402918684295,125.748,1.22497132955061,125.748,1.23103007986354,125.748,1.18281918975202,,,,,,,,,,,,,,,,,,,,,,,,,,,,,,,,,,,,,,,,,,,,,,,,,,,,,,,,,,,,,,,,,,,,,,,,,,,,,,,,,,,,,,,,,,,,,,,,,,,,,,,,,,,,,
,,,,,,,,,,,,,,,,,,,,,,126.247,1.19626132781431,126.247,1.22649537981182,126.247,1.22418800128991,126.247,1.23340701229288,126.247,1.18145907959622,,,,,,,,,,,,,,,,,,,,,,,,,,,,,,,,,,,,,,,,,,,,,,,,,,,,,,,,,,,,,,,,,,,,,,,,,,,,,,,,,,,,,,,,,,,,,,,,,,,,,,,,,,,,,
,,,,,,,,,,,,,,,,,,,,,,126.746,1.19115165292425,126.746,1.22750726397322,126.746,1.23626438195132,126.746,1.24575103882223,126.746,1.18281938855993,,,,,,,,,,,,,,,,,,,,,,,,,,,,,,,,,,,,,,,,,,,,,,,,,,,,,,,,,,,,,,,,,,,,,,,,,,,,,,,,,,,,,,,,,,,,,,,,,,,,,,,,,,,,,
,,,,,,,,,,,,,,,,,,,,,,127.245,1.19051461198566,127.245,1.22181876459238,127.245,1.23101977766849,127.245,1.23598415608088,127.245,1.18170094839407,,,,,,,,,,,,,,,,,,,,,,,,,,,,,,,,,,,,,,,,,,,,,,,,,,,,,,,,,,,,,,,,,,,,,,,,,,,,,,,,,,,,,,,,,,,,,,,,,,,,,,,,,,,,,
,,,,,,,,,,,,,,,,,,,,,,127.744,1.18915468625386,127.744,1.21864554954623,127.744,1.23544743059142,127.744,1.23178078393478,127.744,1.17975511915611,,,,,,,,,,,,,,,,,,,,,,,,,,,,,,,,,,,,,,,,,,,,,,,,,,,,,,,,,,,,,,,,,,,,,,,,,,,,,,,,,,,,,,,,,,,,,,,,,,,,,,,,,,,,,
,,,,,,,,,,,,,,,,,,,,,,128.243,1.19728986485755,128.243,1.22126837754474,128.243,1.2314337231186,128.243,1.24023243054148,128.243,1.184128771399,,,,,,,,,,,,,,,,,,,,,,,,,,,,,,,,,,,,,,,,,,,,,,,,,,,,,,,,,,,,,,,,,,,,,,,,,,,,,,,,,,,,,,,,,,,,,,,,,,,,,,,,,,,,,
,,,,,,,,,,,,,,,,,,,,,,128.742,1.19594253295001,128.742,1.21749071057418,128.742,1.23003156225302,128.742,1.24601439574225,128.742,1.18059643716743,,,,,,,,,,,,,,,,,,,,,,,,,,,,,,,,,,,,,,,,,,,,,,,,,,,,,,,,,,,,,,,,,,,,,,,,,,,,,,,,,,,,,,,,,,,,,,,,,,,,,,,,,,,,,
,,,,,,,,,,,,,,,,,,,,,,129.241,1.20181789986052,129.241,1.22608085381038,129.241,1.23167656952056,129.241,1.23663620355397,129.241,1.18381577664736,,,,,,,,,,,,,,,,,,,,,,,,,,,,,,,,,,,,,,,,,,,,,,,,,,,,,,,,,,,,,,,,,,,,,,,,,,,,,,,,,,,,,,,,,,,,,,,,,,,,,,,,,,,,,
,,,,,,,,,,,,,,,,,,,,,,129.74,1.18813070546747,129.74,1.23253379884904,129.74,1.23422838142495,129.74,1.24028994023233,129.74,1.19196350927726,,,,,,,,,,,,,,,,,,,,,,,,,,,,,,,,,,,,,,,,,,,,,,,,,,,,,,,,,,,,,,,,,,,,,,,,,,,,,,,,,,,,,,,,,,,,,,,,,,,,,,,,,,,,,
,,,,,,,,,,,,,,,,,,,,,,130.239,1.19271620377496,130.239,1.22908513965509,130.239,1.23519294366483,130.239,1.23975850975509,130.239,1.17876808107701,,,,,,,,,,,,,,,,,,,,,,,,,,,,,,,,,,,,,,,,,,,,,,,,,,,,,,,,,,,,,,,,,,,,,,,,,,,,,,,,,,,,,,,,,,,,,,,,,,,,,,,,,,,,,
,,,,,,,,,,,,,,,,,,,,,,130.738,1.20059188369826,130.738,1.22584062523184,130.738,1.23416389974455,130.738,1.24363396522445,130.738,1.18388857374239,,,,,,,,,,,,,,,,,,,,,,,,,,,,,,,,,,,,,,,,,,,,,,,,,,,,,,,,,,,,,,,,,,,,,,,,,,,,,,,,,,,,,,,,,,,,,,,,,,,,,,,,,,,,,
,,,,,,,,,,,,,,,,,,,,,,131.237,1.19533727162125,131.237,1.22300641121023,131.237,1.23415892425475,131.237,1.24683688041289,131.237,1.18479042295863,,,,,,,,,,,,,,,,,,,,,,,,,,,,,,,,,,,,,,,,,,,,,,,,,,,,,,,,,,,,,,,,,,,,,,,,,,,,,,,,,,,,,,,,,,,,,,,,,,,,,,,,,,,,,
,,,,,,,,,,,,,,,,,,,,,,131.736,1.18985126363636,131.736,1.22612947588348,131.736,1.23612951587787,131.736,1.23802449415254,131.736,1.17706272878402,,,,,,,,,,,,,,,,,,,,,,,,,,,,,,,,,,,,,,,,,,,,,,,,,,,,,,,,,,,,,,,,,,,,,,,,,,,,,,,,,,,,,,,,,,,,,,,,,,,,,,,,,,,,,
,,,,,,,,,,,,,,,,,,,,,,132.235,1.19634037793749,132.235,1.22540579514933,132.235,1.23460135286495,132.235,1.24400291534292,132.235,1.18501535674624,,,,,,,,,,,,,,,,,,,,,,,,,,,,,,,,,,,,,,,,,,,,,,,,,,,,,,,,,,,,,,,,,,,,,,,,,,,,,,,,,,,,,,,,,,,,,,,,,,,,,,,,,,,,,
,,,,,,,,,,,,,,,,,,,,,,132.734,1.20067663342304,132.734,1.23337930554374,132.734,1.23164474861615,132.734,1.2397492679659,132.734,1.18944027685681,,,,,,,,,,,,,,,,,,,,,,,,,,,,,,,,,,,,,,,,,,,,,,,,,,,,,,,,,,,,,,,,,,,,,,,,,,,,,,,,,,,,,,,,,,,,,,,,,,,,,,,,,,,,,
,,,,,,,,,,,,,,,,,,,,,,133.233,1.19933413932434,133.233,1.22253986398532,133.233,1.24038331304787,133.233,1.23249749430455,133.233,1.18765886934949,,,,,,,,,,,,,,,,,,,,,,,,,,,,,,,,,,,,,,,,,,,,,,,,,,,,,,,,,,,,,,,,,,,,,,,,,,,,,,,,,,,,,,,,,,,,,,,,,,,,,,,,,,,,,
,,,,,,,,,,,,,,,,,,,,,,133.732,1.19797644866969,133.732,1.21979306391164,133.732,1.23851039537862,133.732,1.23804920633686,133.732,1.18453182794333,,,,,,,,,,,,,,,,,,,,,,,,,,,,,,,,,,,,,,,,,,,,,,,,,,,,,,,,,,,,,,,,,,,,,,,,,,,,,,,,,,,,,,,,,,,,,,,,,,,,,,,,,,,,,
,,,,,,,,,,,,,,,,,,,,,,134.231,1.20255625914133,134.231,1.22402745087786,134.231,1.23851996695838,134.231,1.23728139338495,134.231,1.18185999030019,,,,,,,,,,,,,,,,,,,,,,,,,,,,,,,,,,,,,,,,,,,,,,,,,,,,,,,,,,,,,,,,,,,,,,,,,,,,,,,,,,,,,,,,,,,,,,,,,,,,,,,,,,,,,
,,,,,,,,,,,,,,,,,,,,,,134.73,1.20095031345959,134.73,1.21717278346177,134.73,1.2304906272987,134.73,1.24674987440217,134.73,1.17177887997633,,,,,,,,,,,,,,,,,,,,,,,,,,,,,,,,,,,,,,,,,,,,,,,,,,,,,,,,,,,,,,,,,,,,,,,,,,,,,,,,,,,,,,,,,,,,,,,,,,,,,,,,,,,,,
,,,,,,,,,,,,,,,,,,,,,,135.229,1.21324030834466,135.229,1.22488076883566,135.229,1.23503362095774,135.229,1.24650456333494,135.229,1.17570013846802,,,,,,,,,,,,,,,,,,,,,,,,,,,,,,,,,,,,,,,,,,,,,,,,,,,,,,,,,,,,,,,,,,,,,,,,,,,,,,,,,,,,,,,,,,,,,,,,,,,,,,,,,,,,,
,,,,,,,,,,,,,,,,,,,,,,135.728,1.20205748214282,135.728,1.21848468933275,135.728,1.22813161695797,135.728,1.25523387623818,135.728,1.17916742018656,,,,,,,,,,,,,,,,,,,,,,,,,,,,,,,,,,,,,,,,,,,,,,,,,,,,,,,,,,,,,,,,,,,,,,,,,,,,,,,,,,,,,,,,,,,,,,,,,,,,,,,,,,,,,
,,,,,,,,,,,,,,,,,,,,,,136.227,1.1898405886073,136.227,1.23102119499668,136.227,1.22811351592228,136.227,1.24144131035706,136.227,1.17726362116139,,,,,,,,,,,,,,,,,,,,,,,,,,,,,,,,,,,,,,,,,,,,,,,,,,,,,,,,,,,,,,,,,,,,,,,,,,,,,,,,,,,,,,,,,,,,,,,,,,,,,,,,,,,,,
,,,,,,,,,,,,,,,,,,,,,,136.726,1.19626782155324,136.726,1.22548213924749,136.726,1.2441382312071,136.726,1.23847067371954,136.726,1.18142897154723,,,,,,,,,,,,,,,,,,,,,,,,,,,,,,,,,,,,,,,,,,,,,,,,,,,,,,,,,,,,,,,,,,,,,,,,,,,,,,,,,,,,,,,,,,,,,,,,,,,,,,,,,,,,,
,,,,,,,,,,,,,,,,,,,,,,137.225,1.19654050568314,137.225,1.22236194007844,137.225,1.23681170166331,137.225,1.24019301201915,137.225,1.19017894964983,,,,,,,,,,,,,,,,,,,,,,,,,,,,,,,,,,,,,,,,,,,,,,,,,,,,,,,,,,,,,,,,,,,,,,,,,,,,,,,,,,,,,,,,,,,,,,,,,,,,,,,,,,,,,
,,,,,,,,,,,,,,,,,,,,,,137.724,1.19491824209381,137.724,1.21569032442413,137.724,1.23680861562043,137.724,1.2519036393459,137.724,1.19065172529424,,,,,,,,,,,,,,,,,,,,,,,,,,,,,,,,,,,,,,,,,,,,,,,,,,,,,,,,,,,,,,,,,,,,,,,,,,,,,,,,,,,,,,,,,,,,,,,,,,,,,,,,,,,,,
,,,,,,,,,,,,,,,,,,,,,,138.223,1.20371515004105,138.223,1.2197600133409,138.223,1.23576086880304,138.223,1.25140363724853,138.223,1.19600041766869,,,,,,,,,,,,,,,,,,,,,,,,,,,,,,,,,,,,,,,,,,,,,,,,,,,,,,,,,,,,,,,,,,,,,,,,,,,,,,,,,,,,,,,,,,,,,,,,,,,,,,,,,,,,,
,,,,,,,,,,,,,,,,,,,,,,138.722,1.19413571349848,138.722,1.22081937160695,138.722,1.24003662098428,138.722,1.25106921006251,138.722,1.18113890120243,,,,,,,,,,,,,,,,,,,,,,,,,,,,,,,,,,,,,,,,,,,,,,,,,,,,,,,,,,,,,,,,,,,,,,,,,,,,,,,,,,,,,,,,,,,,,,,,,,,,,,,,,,,,,
,,,,,,,,,,,,,,,,,,,,,,139.221,1.19375128150674,139.221,1.21564827244745,139.221,1.2453412654104,139.221,1.24880155319808,139.221,1.18724718809069,,,,,,,,,,,,,,,,,,,,,,,,,,,,,,,,,,,,,,,,,,,,,,,,,,,,,,,,,,,,,,,,,,,,,,,,,,,,,,,,,,,,,,,,,,,,,,,,,,,,,,,,,,,,,
,,,,,,,,,,,,,,,,,,,,,,139.72,1.19602968331853,139.72,1.22139375084028,139.72,1.23962510950438,139.72,1.24650092318696,139.72,1.18685594851149,,,,,,,,,,,,,,,,,,,,,,,,,,,,,,,,,,,,,,,,,,,,,,,,,,,,,,,,,,,,,,,,,,,,,,,,,,,,,,,,,,,,,,,,,,,,,,,,,,,,,,,,,,,,,
,,,,,,,,,,,,,,,,,,,,,,140.219,1.19426498703426,140.219,1.22206511291911,140.219,1.23103188726696,140.219,1.25095178119491,140.219,1.17872426334585,,,,,,,,,,,,,,,,,,,,,,,,,,,,,,,,,,,,,,,,,,,,,,,,,,,,,,,,,,,,,,,,,,,,,,,,,,,,,,,,,,,,,,,,,,,,,,,,,,,,,,,,,,,,,
,,,,,,,,,,,,,,,,,,,,,,140.718,1.20010251314176,140.718,1.21809114739234,140.718,1.23628711597004,140.718,1.26172606510883,140.718,1.18922428415861,,,,,,,,,,,,,,,,,,,,,,,,,,,,,,,,,,,,,,,,,,,,,,,,,,,,,,,,,,,,,,,,,,,,,,,,,,,,,,,,,,,,,,,,,,,,,,,,,,,,,,,,,,,,,
,,,,,,,,,,,,,,,,,,,,,,141.217,1.20031088374625,141.217,1.22648257900028,141.217,1.24794497464723,141.217,1.2619589713911,141.217,1.18531617455427,,,,,,,,,,,,,,,,,,,,,,,,,,,,,,,,,,,,,,,,,,,,,,,,,,,,,,,,,,,,,,,,,,,,,,,,,,,,,,,,,,,,,,,,,,,,,,,,,,,,,,,,,,,,,
,,,,,,,,,,,,,,,,,,,,,,141.716,1.19502455460453,141.716,1.22970321580274,141.716,1.23694771828486,141.716,1.24201409359107,141.716,1.1927384835802,,,,,,,,,,,,,,,,,,,,,,,,,,,,,,,,,,,,,,,,,,,,,,,,,,,,,,,,,,,,,,,,,,,,,,,,,,,,,,,,,,,,,,,,,,,,,,,,,,,,,,,,,,,,,
,,,,,,,,,,,,,,,,,,,,,,142.215,1.19746998764477,142.215,1.22201846591887,142.215,1.23827871154418,142.215,1.2538113975741,142.215,1.18823746465257,,,,,,,,,,,,,,,,,,,,,,,,,,,,,,,,,,,,,,,,,,,,,,,,,,,,,,,,,,,,,,,,,,,,,,,,,,,,,,,,,,,,,,,,,,,,,,,,,,,,,,,,,,,,,
,,,,,,,,,,,,,,,,,,,,,,142.714,1.18825322967606,142.714,1.22483700678528,142.714,1.23869376356608,142.714,1.25107933317304,142.714,1.18138979804225,,,,,,,,,,,,,,,,,,,,,,,,,,,,,,,,,,,,,,,,,,,,,,,,,,,,,,,,,,,,,,,,,,,,,,,,,,,,,,,,,,,,,,,,,,,,,,,,,,,,,,,,,,,,,
,,,,,,,,,,,,,,,,,,,,,,143.213,1.19184257060592,143.213,1.22086029838236,143.213,1.23627736019403,143.213,1.24866543958069,143.213,1.17957920867981,,,,,,,,,,,,,,,,,,,,,,,,,,,,,,,,,,,,,,,,,,,,,,,,,,,,,,,,,,,,,,,,,,,,,,,,,,,,,,,,,,,,,,,,,,,,,,,,,,,,,,,,,,,,,
,,,,,,,,,,,,,,,,,,,,,,143.712,1.19504322959685,143.712,1.23297388870098,143.712,1.24396981419617,143.712,1.24198812114041,143.712,1.17984053565285,,,,,,,,,,,,,,,,,,,,,,,,,,,,,,,,,,,,,,,,,,,,,,,,,,,,,,,,,,,,,,,,,,,,,,,,,,,,,,,,,,,,,,,,,,,,,,,,,,,,,,,,,,,,,
,,,,,,,,,,,,,,,,,,,,,,144.211,1.19732359964433,144.211,1.22899225354023,144.211,1.24228197883533,144.211,1.25122508116296,144.211,1.187379766401,,,,,,,,,,,,,,,,,,,,,,,,,,,,,,,,,,,,,,,,,,,,,,,,,,,,,,,,,,,,,,,,,,,,,,,,,,,,,,,,,,,,,,,,,,,,,,,,,,,,,,,,,,,,,
,,,,,,,,,,,,,,,,,,,,,,144.71,1.20434530426629,144.71,1.22600971343397,144.71,1.24341267932266,144.71,1.24482848493768,144.71,1.18088532777328,,,,,,,,,,,,,,,,,,,,,,,,,,,,,,,,,,,,,,,,,,,,,,,,,,,,,,,,,,,,,,,,,,,,,,,,,,,,,,,,,,,,,,,,,,,,,,,,,,,,,,,,,,,,,
,,,,,,,,,,,,,,,,,,,,,,145.209,1.1949650078082,145.209,1.23228663789197,145.209,1.23744094139458,145.209,1.24478985503002,145.209,1.18903414210965,,,,,,,,,,,,,,,,,,,,,,,,,,,,,,,,,,,,,,,,,,,,,,,,,,,,,,,,,,,,,,,,,,,,,,,,,,,,,,,,,,,,,,,,,,,,,,,,,,,,,,,,,,,,,
,,,,,,,,,,,,,,,,,,,,,,145.708,1.19075546792237,145.708,1.22831498006463,145.708,1.24134178739194,145.708,1.23627711942526,145.708,1.19125102723583,,,,,,,,,,,,,,,,,,,,,,,,,,,,,,,,,,,,,,,,,,,,,,,,,,,,,,,,,,,,,,,,,,,,,,,,,,,,,,,,,,,,,,,,,,,,,,,,,,,,,,,,,,,,,
,,,,,,,,,,,,,,,,,,,,,,146.207,1.19696159579672,146.207,1.23224750716636,146.207,1.24549793207561,146.207,1.24681206888789,146.207,1.18706298871582,,,,,,,,,,,,,,,,,,,,,,,,,,,,,,,,,,,,,,,,,,,,,,,,,,,,,,,,,,,,,,,,,,,,,,,,,,,,,,,,,,,,,,,,,,,,,,,,,,,,,,,,,,,,,
,,,,,,,,,,,,,,,,,,,,,,146.706,1.1939031549275,146.706,1.23112102372046,146.706,1.23853108302632,146.706,1.24210687220306,146.706,1.17992484541759,,,,,,,,,,,,,,,,,,,,,,,,,,,,,,,,,,,,,,,,,,,,,,,,,,,,,,,,,,,,,,,,,,,,,,,,,,,,,,,,,,,,,,,,,,,,,,,,,,,,,,,,,,,,,
,,,,,,,,,,,,,,,,,,,,,,147.205,1.194134817493,147.205,1.231400106467,147.205,1.24037520707808,147.205,1.24000514375898,147.205,1.18249449283118,,,,,,,,,,,,,,,,,,,,,,,,,,,,,,,,,,,,,,,,,,,,,,,,,,,,,,,,,,,,,,,,,,,,,,,,,,,,,,,,,,,,,,,,,,,,,,,,,,,,,,,,,,,,,
,,,,,,,,,,,,,,,,,,,,,,147.704,1.18641175558944,147.704,1.22536197793941,147.704,1.23938844322739,147.704,1.24958979589252,147.704,1.18243859318897,,,,,,,,,,,,,,,,,,,,,,,,,,,,,,,,,,,,,,,,,,,,,,,,,,,,,,,,,,,,,,,,,,,,,,,,,,,,,,,,,,,,,,,,,,,,,,,,,,,,,,,,,,,,,
,,,,,,,,,,,,,,,,,,,,,,148.203,1.18734180406789,148.203,1.22118594261004,148.203,1.23860000789034,148.203,1.24610265770136,148.203,1.18283586198941,,,,,,,,,,,,,,,,,,,,,,,,,,,,,,,,,,,,,,,,,,,,,,,,,,,,,,,,,,,,,,,,,,,,,,,,,,,,,,,,,,,,,,,,,,,,,,,,,,,,,,,,,,,,,
,,,,,,,,,,,,,,,,,,,,,,148.702,1.18752359383793,148.702,1.21505722055935,148.702,1.23517540155861,148.702,1.24476946512338,148.702,1.17971787479432,,,,,,,,,,,,,,,,,,,,,,,,,,,,,,,,,,,,,,,,,,,,,,,,,,,,,,,,,,,,,,,,,,,,,,,,,,,,,,,,,,,,,,,,,,,,,,,,,,,,,,,,,,,,,
,,,,,,,,,,,,,,,,,,,,,,149.201,1.19243153679097,149.201,1.23387958010042,149.201,1.23468786141861,149.201,1.25530841858209,149.201,1.19032664099908,,,,,,,,,,,,,,,,,,,,,,,,,,,,,,,,,,,,,,,,,,,,,,,,,,,,,,,,,,,,,,,,,,,,,,,,,,,,,,,,,,,,,,,,,,,,,,,,,,,,,,,,,,,,,
,,,,,,,,,,,,,,,,,,,,,,149.7,1.19129825235009,149.7,1.24180004112917,149.7,1.23309485309106,149.7,1.25279380761836,149.7,1.18843906887311,,,,,,,,,,,,,,,,,,,,,,,,,,,,,,,,,,,,,,,,,,,,,,,,,,,,,,,,,,,,,,,,,,,,,,,,,,,,,,,,,,,,,,,,,,,,,,,,,,,,,,,,,,,,,
,,,,,,,,,,,,,,,,,,,,,,150.199,1.18084013089463,150.199,1.23121213712459,150.199,1.24063719213621,150.199,1.26189030015324,150.199,1.18402505592463,,,,,,,,,,,,,,,,,,,,,,,,,,,,,,,,,,,,,,,,,,,,,,,,,,,,,,,,,,,,,,,,,,,,,,,,,,,,,,,,,,,,,,,,,,,,,,,,,,,,,,,,,,,,,
,,,,,,,,,,,,,,,,,,,,,,150.698,1.18313581996886,150.698,1.22578214872433,150.698,1.24500184540217,150.698,1.25635113178353,150.698,1.18506517282179,,,,,,,,,,,,,,,,,,,,,,,,,,,,,,,,,,,,,,,,,,,,,,,,,,,,,,,,,,,,,,,,,,,,,,,,,,,,,,,,,,,,,,,,,,,,,,,,,,,,,,,,,,,,,
,,,,,,,,,,,,,,,,,,,,,,151.197,1.18782952722307,151.197,1.22760680802322,151.197,1.24643003328241,151.197,1.26218113567596,151.197,1.1823571317477,,,,,,,,,,,,,,,,,,,,,,,,,,,,,,,,,,,,,,,,,,,,,,,,,,,,,,,,,,,,,,,,,,,,,,,,,,,,,,,,,,,,,,,,,,,,,,,,,,,,,,,,,,,,,
,,,,,,,,,,,,,,,,,,,,,,151.696,1.18364724049072,151.696,1.226135363391,151.696,1.24547908828926,151.696,1.25295602232767,151.696,1.18157259198243,,,,,,,,,,,,,,,,,,,,,,,,,,,,,,,,,,,,,,,,,,,,,,,,,,,,,,,,,,,,,,,,,,,,,,,,,,,,,,,,,,,,,,,,,,,,,,,,,,,,,,,,,,,,,
,,,,,,,,,,,,,,,,,,,,,,152.195,1.19374561839033,152.195,1.23172319416206,152.195,1.24743182991914,152.195,1.25367480110048,152.195,1.18430455261019,,,,,,,,,,,,,,,,,,,,,,,,,,,,,,,,,,,,,,,,,,,,,,,,,,,,,,,,,,,,,,,,,,,,,,,,,,,,,,,,,,,,,,,,,,,,,,,,,,,,,,,,,,,,,
,,,,,,,,,,,,,,,,,,,,,,152.694,1.18191465092464,152.694,1.22962859193568,152.694,1.24029594304282,152.694,1.25314561038255,152.694,1.18773649606969,,,,,,,,,,,,,,,,,,,,,,,,,,,,,,,,,,,,,,,,,,,,,,,,,,,,,,,,,,,,,,,,,,,,,,,,,,,,,,,,,,,,,,,,,,,,,,,,,,,,,,,,,,,,,
,,,,,,,,,,,,,,,,,,,,,,153.193,1.18907470662261,153.193,1.22824766378309,153.193,1.25060317837174,153.193,1.24587467888462,153.193,1.17812599873209,,,,,,,,,,,,,,,,,,,,,,,,,,,,,,,,,,,,,,,,,,,,,,,,,,,,,,,,,,,,,,,,,,,,,,,,,,,,,,,,,,,,,,,,,,,,,,,,,,,,,,,,,,,,,
,,,,,,,,,,,,,,,,,,,,,,153.692,1.19672463592994,153.692,1.22942917681296,153.692,1.24726863205832,153.692,1.24548516220266,153.692,1.19171340624693,,,,,,,,,,,,,,,,,,,,,,,,,,,,,,,,,,,,,,,,,,,,,,,,,,,,,,,,,,,,,,,,,,,,,,,,,,,,,,,,,,,,,,,,,,,,,,,,,,,,,,,,,,,,,
,,,,,,,,,,,,,,,,,,,,,,154.191,1.18889068668386,154.191,1.22639416440948,154.191,1.24917616850062,154.191,1.24663792365083,154.191,1.18870567482535,,,,,,,,,,,,,,,,,,,,,,,,,,,,,,,,,,,,,,,,,,,,,,,,,,,,,,,,,,,,,,,,,,,,,,,,,,,,,,,,,,,,,,,,,,,,,,,,,,,,,,,,,,,,,
,,,,,,,,,,,,,,,,,,,,,,154.69,1.19681925031757,154.69,1.23231676947693,154.69,1.24882463161518,154.69,1.25793413478169,154.69,1.19383514902467,,,,,,,,,,,,,,,,,,,,,,,,,,,,,,,,,,,,,,,,,,,,,,,,,,,,,,,,,,,,,,,,,,,,,,,,,,,,,,,,,,,,,,,,,,,,,,,,,,,,,,,,,,,,,
,,,,,,,,,,,,,,,,,,,,,,155.189,1.1956231596033,155.189,1.22909093640584,155.189,1.24568875547266,155.189,1.25217167886263,155.189,1.18680578605121,,,,,,,,,,,,,,,,,,,,,,,,,,,,,,,,,,,,,,,,,,,,,,,,,,,,,,,,,,,,,,,,,,,,,,,,,,,,,,,,,,,,,,,,,,,,,,,,,,,,,,,,,,,,,
,,,,,,,,,,,,,,,,,,,,,,155.688,1.1946819591639,155.688,1.23010553049468,155.688,1.25182730007477,155.688,1.25253526560602,155.688,1.18682309261901,,,,,,,,,,,,,,,,,,,,,,,,,,,,,,,,,,,,,,,,,,,,,,,,,,,,,,,,,,,,,,,,,,,,,,,,,,,,,,,,,,,,,,,,,,,,,,,,,,,,,,,,,,,,,
,,,,,,,,,,,,,,,,,,,,,,156.187,1.19449456314988,156.187,1.22656169606456,156.187,1.24597503096527,156.187,1.25015568106459,156.187,1.19578531279726,,,,,,,,,,,,,,,,,,,,,,,,,,,,,,,,,,,,,,,,,,,,,,,,,,,,,,,,,,,,,,,,,,,,,,,,,,,,,,,,,,,,,,,,,,,,,,,,,,,,,,,,,,,,,
,,,,,,,,,,,,,,,,,,,,,,156.686,1.2003625476086,156.686,1.22759345539208,156.686,1.25386245270922,156.686,1.2559706069379,156.686,1.18955511052172,,,,,,,,,,,,,,,,,,,,,,,,,,,,,,,,,,,,,,,,,,,,,,,,,,,,,,,,,,,,,,,,,,,,,,,,,,,,,,,,,,,,,,,,,,,,,,,,,,,,,,,,,,,,,
,,,,,,,,,,,,,,,,,,,,,,157.185,1.19867067210601,157.185,1.23589012798445,157.185,1.24956244605077,157.185,1.26547669555993,157.185,1.19105299253504,,,,,,,,,,,,,,,,,,,,,,,,,,,,,,,,,,,,,,,,,,,,,,,,,,,,,,,,,,,,,,,,,,,,,,,,,,,,,,,,,,,,,,,,,,,,,,,,,,,,,,,,,,,,,
,,,,,,,,,,,,,,,,,,,,,,157.684,1.20337573148281,157.684,1.2192384746981,157.684,1.24744614994503,157.684,1.26868208474306,157.684,1.18310557842436,,,,,,,,,,,,,,,,,,,,,,,,,,,,,,,,,,,,,,,,,,,,,,,,,,,,,,,,,,,,,,,,,,,,,,,,,,,,,,,,,,,,,,,,,,,,,,,,,,,,,,,,,,,,,
,,,,,,,,,,,,,,,,,,,,,,158.183,1.20294561535604,158.183,1.22229504354255,158.183,1.24377831997077,158.183,1.25085112343363,158.183,1.18950360274028,,,,,,,,,,,,,,,,,,,,,,,,,,,,,,,,,,,,,,,,,,,,,,,,,,,,,,,,,,,,,,,,,,,,,,,,,,,,,,,,,,,,,,,,,,,,,,,,,,,,,,,,,,,,,
,,,,,,,,,,,,,,,,,,,,,,158.682,1.20779771495559,158.682,1.23093223524252,158.682,1.25036144985239,158.682,1.250401982816,158.682,1.18968897308045,,,,,,,,,,,,,,,,,,,,,,,,,,,,,,,,,,,,,,,,,,,,,,,,,,,,,,,,,,,,,,,,,,,,,,,,,,,,,,,,,,,,,,,,,,,,,,,,,,,,,,,,,,,,,
,,,,,,,,,,,,,,,,,,,,,,159.181,1.20334951992375,159.181,1.23332859437168,159.181,1.25630608868704,159.181,1.25502599993641,159.181,1.19461947605258,,,,,,,,,,,,,,,,,,,,,,,,,,,,,,,,,,,,,,,,,,,,,,,,,,,,,,,,,,,,,,,,,,,,,,,,,,,,,,,,,,,,,,,,,,,,,,,,,,,,,,,,,,,,,
,,,,,,,,,,,,,,,,,,,,,,159.68,1.19199390113319,159.68,1.23599774743419,159.68,1.23983958674475,159.68,1.24454418501167,159.68,1.19041982697738,,,,,,,,,,,,,,,,,,,,,,,,,,,,,,,,,,,,,,,,,,,,,,,,,,,,,,,,,,,,,,,,,,,,,,,,,,,,,,,,,,,,,,,,,,,,,,,,,,,,,,,,,,,,,
,,,,,,,,,,,,,,,,,,,,,,160.179,1.20566444795831,160.179,1.23628640132753,160.179,1.24140016421439,160.179,1.25983053262866,160.179,1.18979178977528,,,,,,,,,,,,,,,,,,,,,,,,,,,,,,,,,,,,,,,,,,,,,,,,,,,,,,,,,,,,,,,,,,,,,,,,,,,,,,,,,,,,,,,,,,,,,,,,,,,,,,,,,,,,,
,,,,,,,,,,,,,,,,,,,,,,160.678,1.19945631616474,160.678,1.22564959623941,160.678,1.24346646080856,160.678,1.25166649805764,160.678,1.19787809225339,,,,,,,,,,,,,,,,,,,,,,,,,,,,,,,,,,,,,,,,,,,,,,,,,,,,,,,,,,,,,,,,,,,,,,,,,,,,,,,,,,,,,,,,,,,,,,,,,,,,,,,,,,,,,
,,,,,,,,,,,,,,,,,,,,,,161.177,1.19794924401206,161.177,1.21624084878343,161.177,1.23851440287166,161.177,1.26129824048517,161.177,1.19232656059458,,,,,,,,,,,,,,,,,,,,,,,,,,,,,,,,,,,,,,,,,,,,,,,,,,,,,,,,,,,,,,,,,,,,,,,,,,,,,,,,,,,,,,,,,,,,,,,,,,,,,,,,,,,,,
,,,,,,,,,,,,,,,,,,,,,,161.676,1.19569498530947,161.676,1.22553775017337,161.676,1.24265694203239,161.676,1.25703826924407,161.676,1.19057878189783,,,,,,,,,,,,,,,,,,,,,,,,,,,,,,,,,,,,,,,,,,,,,,,,,,,,,,,,,,,,,,,,,,,,,,,,,,,,,,,,,,,,,,,,,,,,,,,,,,,,,,,,,,,,,
,,,,,,,,,,,,,,,,,,,,,,162.175,1.1958107716005,162.175,1.23385702328273,162.175,1.24343662572009,162.175,1.2565432168291,162.175,1.18743252002967,,,,,,,,,,,,,,,,,,,,,,,,,,,,,,,,,,,,,,,,,,,,,,,,,,,,,,,,,,,,,,,,,,,,,,,,,,,,,,,,,,,,,,,,,,,,,,,,,,,,,,,,,,,,,
,,,,,,,,,,,,,,,,,,,,,,162.674,1.20650604700787,162.674,1.22016448512054,162.674,1.24069803875068,162.674,1.25271483578334,162.674,1.18532462928764,,,,,,,,,,,,,,,,,,,,,,,,,,,,,,,,,,,,,,,,,,,,,,,,,,,,,,,,,,,,,,,,,,,,,,,,,,,,,,,,,,,,,,,,,,,,,,,,,,,,,,,,,,,,,
,,,,,,,,,,,,,,,,,,,,,,163.173,1.20298319946642,163.173,1.22508318642557,163.173,1.24416842289331,163.173,1.25813555669279,163.173,1.19496060318541,,,,,,,,,,,,,,,,,,,,,,,,,,,,,,,,,,,,,,,,,,,,,,,,,,,,,,,,,,,,,,,,,,,,,,,,,,,,,,,,,,,,,,,,,,,,,,,,,,,,,,,,,,,,,
,,,,,,,,,,,,,,,,,,,,,,163.672,1.21085795208966,163.672,1.22657057818914,163.672,1.2413745523293,163.672,1.25314730478146,163.672,1.18568583372247,,,,,,,,,,,,,,,,,,,,,,,,,,,,,,,,,,,,,,,,,,,,,,,,,,,,,,,,,,,,,,,,,,,,,,,,,,,,,,,,,,,,,,,,,,,,,,,,,,,,,,,,,,,,,
,,,,,,,,,,,,,,,,,,,,,,164.171,1.2094764162885,164.171,1.23413261571496,164.171,1.24020889996536,164.171,1.25489192901377,164.171,1.18834173638805,,,,,,,,,,,,,,,,,,,,,,,,,,,,,,,,,,,,,,,,,,,,,,,,,,,,,,,,,,,,,,,,,,,,,,,,,,,,,,,,,,,,,,,,,,,,,,,,,,,,,,,,,,,,,
,,,,,,,,,,,,,,,,,,,,,,164.67,1.21037214372809,164.67,1.22903783193835,164.67,1.24361622765531,164.67,1.25656422859044,164.67,1.186762272419,,,,,,,,,,,,,,,,,,,,,,,,,,,,,,,,,,,,,,,,,,,,,,,,,,,,,,,,,,,,,,,,,,,,,,,,,,,,,,,,,,,,,,,,,,,,,,,,,,,,,,,,,,,,,
,,,,,,,,,,,,,,,,,,,,,,165.169,1.21243897622564,165.169,1.22968702098498,165.169,1.23580614173266,165.169,1.26220019902819,165.169,1.18169073843217,,,,,,,,,,,,,,,,,,,,,,,,,,,,,,,,,,,,,,,,,,,,,,,,,,,,,,,,,,,,,,,,,,,,,,,,,,,,,,,,,,,,,,,,,,,,,,,,,,,,,,,,,,,,,
,,,,,,,,,,,,,,,,,,,,,,165.668,1.21233563898565,165.668,1.21953054074974,165.668,1.24459221183953,165.668,1.26566451842099,165.668,1.17984417939533,,,,,,,,,,,,,,,,,,,,,,,,,,,,,,,,,,,,,,,,,,,,,,,,,,,,,,,,,,,,,,,,,,,,,,,,,,,,,,,,,,,,,,,,,,,,,,,,,,,,,,,,,,,,,
,,,,,,,,,,,,,,,,,,,,,,166.167,1.20537523811559,166.167,1.22469318228109,166.167,1.24341690572121,166.167,1.26036277825101,166.167,1.19145462229167,,,,,,,,,,,,,,,,,,,,,,,,,,,,,,,,,,,,,,,,,,,,,,,,,,,,,,,,,,,,,,,,,,,,,,,,,,,,,,,,,,,,,,,,,,,,,,,,,,,,,,,,,,,,,
,,,,,,,,,,,,,,,,,,,,,,166.666,1.21029139316569,166.666,1.22217342486818,166.666,1.23699997963501,166.666,1.25728283481569,166.666,1.18638705318182,,,,,,,,,,,,,,,,,,,,,,,,,,,,,,,,,,,,,,,,,,,,,,,,,,,,,,,,,,,,,,,,,,,,,,,,,,,,,,,,,,,,,,,,,,,,,,,,,,,,,,,,,,,,,
,,,,,,,,,,,,,,,,,,,,,,167.165,1.20820257219575,167.165,1.22102096257992,167.165,1.24169987212623,167.165,1.2570915375994,167.165,1.18952675402247,,,,,,,,,,,,,,,,,,,,,,,,,,,,,,,,,,,,,,,,,,,,,,,,,,,,,,,,,,,,,,,,,,,,,,,,,,,,,,,,,,,,,,,,,,,,,,,,,,,,,,,,,,,,,
,,,,,,,,,,,,,,,,,,,,,,167.664,1.20042005848699,167.664,1.22316649803313,167.664,1.23295461107639,167.664,1.25498694384428,167.664,1.18892404968643,,,,,,,,,,,,,,,,,,,,,,,,,,,,,,,,,,,,,,,,,,,,,,,,,,,,,,,,,,,,,,,,,,,,,,,,,,,,,,,,,,,,,,,,,,,,,,,,,,,,,,,,,,,,,
,,,,,,,,,,,,,,,,,,,,,,168.163,1.20798054968646,168.163,1.22264964156305,168.163,1.23151791596709,168.163,1.25697686458939,168.163,1.1930794427504,,,,,,,,,,,,,,,,,,,,,,,,,,,,,,,,,,,,,,,,,,,,,,,,,,,,,,,,,,,,,,,,,,,,,,,,,,,,,,,,,,,,,,,,,,,,,,,,,,,,,,,,,,,,,
,,,,,,,,,,,,,,,,,,,,,,168.662,1.21058079886973,168.662,1.22076262420201,168.662,1.23713586246651,168.662,1.25874139069288,168.662,1.18938305443441,,,,,,,,,,,,,,,,,,,,,,,,,,,,,,,,,,,,,,,,,,,,,,,,,,,,,,,,,,,,,,,,,,,,,,,,,,,,,,,,,,,,,,,,,,,,,,,,,,,,,,,,,,,,,
,,,,,,,,,,,,,,,,,,,,,,169.161,1.20668745756819,169.161,1.22483436748977,169.161,1.23836326777883,169.161,1.25649739082238,169.161,1.18812780651211,,,,,,,,,,,,,,,,,,,,,,,,,,,,,,,,,,,,,,,,,,,,,,,,,,,,,,,,,,,,,,,,,,,,,,,,,,,,,,,,,,,,,,,,,,,,,,,,,,,,,,,,,,,,,
,,,,,,,,,,,,,,,,,,,,,,169.66,1.21201051249497,169.66,1.22379580488803,169.66,1.24364160493318,169.66,1.25904232158006,169.66,1.18966377871922,,,,,,,,,,,,,,,,,,,,,,,,,,,,,,,,,,,,,,,,,,,,,,,,,,,,,,,,,,,,,,,,,,,,,,,,,,,,,,,,,,,,,,,,,,,,,,,,,,,,,,,,,,,,,
,,,,,,,,,,,,,,,,,,,,,,170.159,1.20509749959893,170.159,1.22690651126864,170.159,1.2412356668695,170.159,1.25841920165177,170.159,1.18980337242214,,,,,,,,,,,,,,,,,,,,,,,,,,,,,,,,,,,,,,,,,,,,,,,,,,,,,,,,,,,,,,,,,,,,,,,,,,,,,,,,,,,,,,,,,,,,,,,,,,,,,,,,,,,,,
,,,,,,,,,,,,,,,,,,,,,,170.658,1.20865588911095,170.658,1.2210195423982,170.658,1.23870320686624,170.658,1.26036051600346,170.658,1.18779654372114,,,,,,,,,,,,,,,,,,,,,,,,,,,,,,,,,,,,,,,,,,,,,,,,,,,,,,,,,,,,,,,,,,,,,,,,,,,,,,,,,,,,,,,,,,,,,,,,,,,,,,,,,,,,,
,,,,,,,,,,,,,,,,,,,,,,171.157,1.20192113332694,171.157,1.23181172514892,171.157,1.24548352860456,171.157,1.2563829026326,171.157,1.18546726309484,,,,,,,,,,,,,,,,,,,,,,,,,,,,,,,,,,,,,,,,,,,,,,,,,,,,,,,,,,,,,,,,,,,,,,,,,,,,,,,,,,,,,,,,,,,,,,,,,,,,,,,,,,,,,
,,,,,,,,,,,,,,,,,,,,,,171.656,1.21472546661168,171.656,1.2307072542408,171.656,1.24514445221106,171.656,1.26540065022015,171.656,1.18372783413223,,,,,,,,,,,,,,,,,,,,,,,,,,,,,,,,,,,,,,,,,,,,,,,,,,,,,,,,,,,,,,,,,,,,,,,,,,,,,,,,,,,,,,,,,,,,,,,,,,,,,,,,,,,,,
,,,,,,,,,,,,,,,,,,,,,,172.155,1.21217440999718,172.155,1.23026897704224,172.155,1.24602450193277,172.155,1.26033086031144,172.155,1.17922640963611,,,,,,,,,,,,,,,,,,,,,,,,,,,,,,,,,,,,,,,,,,,,,,,,,,,,,,,,,,,,,,,,,,,,,,,,,,,,,,,,,,,,,,,,,,,,,,,,,,,,,,,,,,,,,
,,,,,,,,,,,,,,,,,,,,,,172.654,1.21108748504807,172.654,1.23143231161285,172.654,1.24572870970331,172.654,1.25801981143539,172.654,1.18737844987455,,,,,,,,,,,,,,,,,,,,,,,,,,,,,,,,,,,,,,,,,,,,,,,,,,,,,,,,,,,,,,,,,,,,,,,,,,,,,,,,,,,,,,,,,,,,,,,,,,,,,,,,,,,,,
,,,,,,,,,,,,,,,,,,,,,,173.153,1.20962612015786,173.153,1.22303485123687,173.153,1.24566225519291,173.153,1.25937272847365,173.153,1.18754101227003,,,,,,,,,,,,,,,,,,,,,,,,,,,,,,,,,,,,,,,,,,,,,,,,,,,,,,,,,,,,,,,,,,,,,,,,,,,,,,,,,,,,,,,,,,,,,,,,,,,,,,,,,,,,,
,,,,,,,,,,,,,,,,,,,,,,173.652,1.20317290732632,173.652,1.22840740860357,173.652,1.24397284228131,173.652,1.25053615716193,173.652,1.18813399218323,,,,,,,,,,,,,,,,,,,,,,,,,,,,,,,,,,,,,,,,,,,,,,,,,,,,,,,,,,,,,,,,,,,,,,,,,,,,,,,,,,,,,,,,,,,,,,,,,,,,,,,,,,,,,
,,,,,,,,,,,,,,,,,,,,,,174.151,1.21903568096833,174.151,1.23601520498979,174.151,1.24286079301549,174.151,1.25463694849392,174.151,1.17527379041482,,,,,,,,,,,,,,,,,,,,,,,,,,,,,,,,,,,,,,,,,,,,,,,,,,,,,,,,,,,,,,,,,,,,,,,,,,,,,,,,,,,,,,,,,,,,,,,,,,,,,,,,,,,,,
,,,,,,,,,,,,,,,,,,,,,,174.65,1.21774937466482,174.65,1.22485053542401,174.65,1.24313068211085,174.65,1.26274529343717,174.65,1.17692356319691,,,,,,,,,,,,,,,,,,,,,,,,,,,,,,,,,,,,,,,,,,,,,,,,,,,,,,,,,,,,,,,,,,,,,,,,,,,,,,,,,,,,,,,,,,,,,,,,,,,,,,,,,,,,,
,,,,,,,,,,,,,,,,,,,,,,175.149,1.21248300318657,175.149,1.23699222962401,175.149,1.24128287678729,175.149,1.25853800195728,175.149,1.17990167051628,,,,,,,,,,,,,,,,,,,,,,,,,,,,,,,,,,,,,,,,,,,,,,,,,,,,,,,,,,,,,,,,,,,,,,,,,,,,,,,,,,,,,,,,,,,,,,,,,,,,,,,,,,,,,
,,,,,,,,,,,,,,,,,,,,,,175.648,1.21560844549738,175.648,1.23442563206703,175.648,1.24113794525425,175.648,1.25611002149514,175.648,1.18948916384237,,,,,,,,,,,,,,,,,,,,,,,,,,,,,,,,,,,,,,,,,,,,,,,,,,,,,,,,,,,,,,,,,,,,,,,,,,,,,,,,,,,,,,,,,,,,,,,,,,,,,,,,,,,,,
,,,,,,,,,,,,,,,,,,,,,,176.147,1.22007837829624,176.147,1.2384182662139,176.147,1.24836606132168,176.147,1.24789508436877,176.147,1.18819244470618,,,,,,,,,,,,,,,,,,,,,,,,,,,,,,,,,,,,,,,,,,,,,,,,,,,,,,,,,,,,,,,,,,,,,,,,,,,,,,,,,,,,,,,,,,,,,,,,,,,,,,,,,,,,,
,,,,,,,,,,,,,,,,,,,,,,176.646,1.21053012025548,176.646,1.23207049777475,176.646,1.25139192192201,176.646,1.26098323459638,176.646,1.18333218983861,,,,,,,,,,,,,,,,,,,,,,,,,,,,,,,,,,,,,,,,,,,,,,,,,,,,,,,,,,,,,,,,,,,,,,,,,,,,,,,,,,,,,,,,,,,,,,,,,,,,,,,,,,,,,
,,,,,,,,,,,,,,,,,,,,,,177.145,1.21920822872051,177.145,1.23189227013357,177.145,1.24527015135003,177.145,1.257810763482,177.145,1.18836414857045,,,,,,,,,,,,,,,,,,,,,,,,,,,,,,,,,,,,,,,,,,,,,,,,,,,,,,,,,,,,,,,,,,,,,,,,,,,,,,,,,,,,,,,,,,,,,,,,,,,,,,,,,,,,,
,,,,,,,,,,,,,,,,,,,,,,177.644,1.22133600292869,177.644,1.23709720457601,177.644,1.25213403851372,177.644,1.25869773459846,177.644,1.19601577926023,,,,,,,,,,,,,,,,,,,,,,,,,,,,,,,,,,,,,,,,,,,,,,,,,,,,,,,,,,,,,,,,,,,,,,,,,,,,,,,,,,,,,,,,,,,,,,,,,,,,,,,,,,,,,
,,,,,,,,,,,,,,,,,,,,,,178.143,1.2170994307124,178.143,1.23293398369469,178.143,1.24650153500639,178.143,1.24728054487633,178.143,1.20615132829614,,,,,,,,,,,,,,,,,,,,,,,,,,,,,,,,,,,,,,,,,,,,,,,,,,,,,,,,,,,,,,,,,,,,,,,,,,,,,,,,,,,,,,,,,,,,,,,,,,,,,,,,,,,,,
,,,,,,,,,,,,,,,,,,,,,,178.642,1.22292643357198,178.642,1.22795025962248,178.642,1.23239110113249,178.642,1.25924935932852,178.642,1.19938759951668,,,,,,,,,,,,,,,,,,,,,,,,,,,,,,,,,,,,,,,,,,,,,,,,,,,,,,,,,,,,,,,,,,,,,,,,,,,,,,,,,,,,,,,,,,,,,,,,,,,,,,,,,,,,,
,,,,,,,,,,,,,,,,,,,,,,179.141,1.21495080434595,179.141,1.23157855350606,179.141,1.23521578301528,179.141,1.25054129906387,179.141,1.19177068138408,,,,,,,,,,,,,,,,,,,,,,,,,,,,,,,,,,,,,,,,,,,,,,,,,,,,,,,,,,,,,,,,,,,,,,,,,,,,,,,,,,,,,,,,,,,,,,,,,,,,,,,,,,,,,
,,,,,,,,,,,,,,,,,,,,,,179.64,1.22443070077868,179.64,1.23259518962506,179.64,1.23720638039866,179.64,1.25361993651189,179.64,1.19575388615562,,,,,,,,,,,,,,,,,,,,,,,,,,,,,,,,,,,,,,,,,,,,,,,,,,,,,,,,,,,,,,,,,,,,,,,,,,,,,,,,,,,,,,,,,,,,,,,,,,,,,,,,,,,,,
,,,,,,,,,,,,,,,,,,,,,,180.139,1.21842358909757,180.139,1.22431757405426,180.139,1.23570558646758,180.139,1.25691372800415,180.139,1.19934756026198,,,,,,,,,,,,,,,,,,,,,,,,,,,,,,,,,,,,,,,,,,,,,,,,,,,,,,,,,,,,,,,,,,,,,,,,,,,,,,,,,,,,,,,,,,,,,,,,,,,,,,,,,,,,,
,,,,,,,,,,,,,,,,,,,,,,180.638,1.22084388646386,180.638,1.22593513559744,180.638,1.23555563178318,180.638,1.26051847484632,180.638,1.19782300792837,,,,,,,,,,,,,,,,,,,,,,,,,,,,,,,,,,,,,,,,,,,,,,,,,,,,,,,,,,,,,,,,,,,,,,,,,,,,,,,,,,,,,,,,,,,,,,,,,,,,,,,,,,,,,
,,,,,,,,,,,,,,,,,,,,,,181.137,1.21510718542564,181.137,1.22310853602206,181.137,1.23386912169117,181.137,1.26063153836698,181.137,1.20382561163527,,,,,,,,,,,,,,,,,,,,,,,,,,,,,,,,,,,,,,,,,,,,,,,,,,,,,,,,,,,,,,,,,,,,,,,,,,,,,,,,,,,,,,,,,,,,,,,,,,,,,,,,,,,,,
,,,,,,,,,,,,,,,,,,,,,,181.636,1.21837501338922,181.636,1.22915469526112,181.636,1.23349632120719,181.636,1.25625014601934,181.636,1.19521102227165,,,,,,,,,,,,,,,,,,,,,,,,,,,,,,,,,,,,,,,,,,,,,,,,,,,,,,,,,,,,,,,,,,,,,,,,,,,,,,,,,,,,,,,,,,,,,,,,,,,,,,,,,,,,,
,,,,,,,,,,,,,,,,,,,,,,182.135,1.21728116423428,182.135,1.23167536286999,182.135,1.23676616213763,182.135,1.25349909531284,182.135,1.18949029132408,,,,,,,,,,,,,,,,,,,,,,,,,,,,,,,,,,,,,,,,,,,,,,,,,,,,,,,,,,,,,,,,,,,,,,,,,,,,,,,,,,,,,,,,,,,,,,,,,,,,,,,,,,,,,
,,,,,,,,,,,,,,,,,,,,,,182.634,1.21896579020386,182.634,1.22428229484844,182.634,1.23215617749402,182.634,1.26472488617593,182.634,1.2021188265779,,,,,,,,,,,,,,,,,,,,,,,,,,,,,,,,,,,,,,,,,,,,,,,,,,,,,,,,,,,,,,,,,,,,,,,,,,,,,,,,,,,,,,,,,,,,,,,,,,,,,,,,,,,,,
,,,,,,,,,,,,,,,,,,,,,,183.133,1.22347242023339,183.133,1.22801256591363,183.133,1.23996096480808,183.133,1.26157002143756,183.133,1.19497948053153,,,,,,,,,,,,,,,,,,,,,,,,,,,,,,,,,,,,,,,,,,,,,,,,,,,,,,,,,,,,,,,,,,,,,,,,,,,,,,,,,,,,,,,,,,,,,,,,,,,,,,,,,,,,,
,,,,,,,,,,,,,,,,,,,,,,183.632,1.21399551610884,183.632,1.2273321420989,183.632,1.23668214724777,183.632,1.25735247640841,183.632,1.1928864939332,,,,,,,,,,,,,,,,,,,,,,,,,,,,,,,,,,,,,,,,,,,,,,,,,,,,,,,,,,,,,,,,,,,,,,,,,,,,,,,,,,,,,,,,,,,,,,,,,,,,,,,,,,,,,
,,,,,,,,,,,,,,,,,,,,,,184.131,1.20907764411772,184.131,1.22550006839989,184.131,1.24453121461474,184.131,1.26683764485443,184.131,1.1925882802962,,,,,,,,,,,,,,,,,,,,,,,,,,,,,,,,,,,,,,,,,,,,,,,,,,,,,,,,,,,,,,,,,,,,,,,,,,,,,,,,,,,,,,,,,,,,,,,,,,,,,,,,,,,,,
,,,,,,,,,,,,,,,,,,,,,,184.63,1.21152548356368,184.63,1.22303414595754,184.63,1.2502640410938,184.63,1.25902980098704,184.63,1.19174834256324,,,,,,,,,,,,,,,,,,,,,,,,,,,,,,,,,,,,,,,,,,,,,,,,,,,,,,,,,,,,,,,,,,,,,,,,,,,,,,,,,,,,,,,,,,,,,,,,,,,,,,,,,,,,,
,,,,,,,,,,,,,,,,,,,,,,185.129,1.2143522128304,185.129,1.22886978161365,185.129,1.24261279849972,185.129,1.25913345688996,185.129,1.19261478207195,,,,,,,,,,,,,,,,,,,,,,,,,,,,,,,,,,,,,,,,,,,,,,,,,,,,,,,,,,,,,,,,,,,,,,,,,,,,,,,,,,,,,,,,,,,,,,,,,,,,,,,,,,,,,
,,,,,,,,,,,,,,,,,,,,,,185.628,1.21739965150788,185.628,1.22764478150547,185.628,1.24630374103888,185.628,1.25832416209281,185.628,1.19889251796281,,,,,,,,,,,,,,,,,,,,,,,,,,,,,,,,,,,,,,,,,,,,,,,,,,,,,,,,,,,,,,,,,,,,,,,,,,,,,,,,,,,,,,,,,,,,,,,,,,,,,,,,,,,,,
,,,,,,,,,,,,,,,,,,,,,,186.127,1.2125473207906,186.127,1.23072236103336,186.127,1.25116568426711,186.127,1.26818056377391,186.127,1.19298638237087,,,,,,,,,,,,,,,,,,,,,,,,,,,,,,,,,,,,,,,,,,,,,,,,,,,,,,,,,,,,,,,,,,,,,,,,,,,,,,,,,,,,,,,,,,,,,,,,,,,,,,,,,,,,,
,,,,,,,,,,,,,,,,,,,,,,186.626,1.21642616029778,186.626,1.23263145233901,186.626,1.24252447759353,186.626,1.2562881230745,186.626,1.19079679826459,,,,,,,,,,,,,,,,,,,,,,,,,,,,,,,,,,,,,,,,,,,,,,,,,,,,,,,,,,,,,,,,,,,,,,,,,,,,,,,,,,,,,,,,,,,,,,,,,,,,,,,,,,,,,
,,,,,,,,,,,,,,,,,,,,,,187.125,1.21058383727442,187.125,1.2239176687807,187.125,1.24076477880702,187.125,1.26036310121249,187.125,1.19378082701703,,,,,,,,,,,,,,,,,,,,,,,,,,,,,,,,,,,,,,,,,,,,,,,,,,,,,,,,,,,,,,,,,,,,,,,,,,,,,,,,,,,,,,,,,,,,,,,,,,,,,,,,,,,,,
,,,,,,,,,,,,,,,,,,,,,,187.624,1.21600023465579,187.624,1.23361605661563,187.624,1.24043486715633,187.624,1.2537447631726,187.624,1.19639304923516,,,,,,,,,,,,,,,,,,,,,,,,,,,,,,,,,,,,,,,,,,,,,,,,,,,,,,,,,,,,,,,,,,,,,,,,,,,,,,,,,,,,,,,,,,,,,,,,,,,,,,,,,,,,,
,,,,,,,,,,,,,,,,,,,,,,188.123,1.22503553880372,188.123,1.2335784304013,188.123,1.24603797127677,188.123,1.26168695390794,188.123,1.19634331629483,,,,,,,,,,,,,,,,,,,,,,,,,,,,,,,,,,,,,,,,,,,,,,,,,,,,,,,,,,,,,,,,,,,,,,,,,,,,,,,,,,,,,,,,,,,,,,,,,,,,,,,,,,,,,
,,,,,,,,,,,,,,,,,,,,,,188.622,1.22163316187822,188.622,1.23101430590444,188.622,1.24288833673424,188.622,1.26013262178077,188.622,1.1951592797793,,,,,,,,,,,,,,,,,,,,,,,,,,,,,,,,,,,,,,,,,,,,,,,,,,,,,,,,,,,,,,,,,,,,,,,,,,,,,,,,,,,,,,,,,,,,,,,,,,,,,,,,,,,,,
,,,,,,,,,,,,,,,,,,,,,,189.121,1.21757906756647,189.121,1.2330272744703,189.121,1.23778316983367,189.121,1.26306968700232,189.121,1.18791229417354,,,,,,,,,,,,,,,,,,,,,,,,,,,,,,,,,,,,,,,,,,,,,,,,,,,,,,,,,,,,,,,,,,,,,,,,,,,,,,,,,,,,,,,,,,,,,,,,,,,,,,,,,,,,,
,,,,,,,,,,,,,,,,,,,,,,189.62,1.21277497252428,189.62,1.24052672515426,189.62,1.23677524732124,189.62,1.25736243602142,189.62,1.18481148458187,,,,,,,,,,,,,,,,,,,,,,,,,,,,,,,,,,,,,,,,,,,,,,,,,,,,,,,,,,,,,,,,,,,,,,,,,,,,,,,,,,,,,,,,,,,,,,,,,,,,,,,,,,,,,
,,,,,,,,,,,,,,,,,,,,,,190.119,1.21737020214532,190.119,1.23568362521972,190.119,1.23064660934616,190.119,1.25067994890912,190.119,1.18117900135488,,,,,,,,,,,,,,,,,,,,,,,,,,,,,,,,,,,,,,,,,,,,,,,,,,,,,,,,,,,,,,,,,,,,,,,,,,,,,,,,,,,,,,,,,,,,,,,,,,,,,,,,,,,,,
,,,,,,,,,,,,,,,,,,,,,,190.618,1.21597187359476,190.618,1.23422420874705,190.618,1.24477505174019,190.618,1.26008397854614,190.618,1.18717508727427,,,,,,,,,,,,,,,,,,,,,,,,,,,,,,,,,,,,,,,,,,,,,,,,,,,,,,,,,,,,,,,,,,,,,,,,,,,,,,,,,,,,,,,,,,,,,,,,,,,,,,,,,,,,,
,,,,,,,,,,,,,,,,,,,,,,191.117,1.21356189887955,191.117,1.21722922162865,191.117,1.24489264522698,191.117,1.25920892753111,191.117,1.1888154691991,,,,,,,,,,,,,,,,,,,,,,,,,,,,,,,,,,,,,,,,,,,,,,,,,,,,,,,,,,,,,,,,,,,,,,,,,,,,,,,,,,,,,,,,,,,,,,,,,,,,,,,,,,,,,
,,,,,,,,,,,,,,,,,,,,,,191.616,1.2180983478766,191.616,1.22853394095947,191.616,1.24546965530165,191.616,1.25811572808849,191.616,1.19148608934948,,,,,,,,,,,,,,,,,,,,,,,,,,,,,,,,,,,,,,,,,,,,,,,,,,,,,,,,,,,,,,,,,,,,,,,,,,,,,,,,,,,,,,,,,,,,,,,,,,,,,,,,,,,,,
,,,,,,,,,,,,,,,,,,,,,,192.115,1.21497778825457,192.115,1.22694832936,192.115,1.24058857242589,192.115,1.24355909735101,192.115,1.19022176870929,,,,,,,,,,,,,,,,,,,,,,,,,,,,,,,,,,,,,,,,,,,,,,,,,,,,,,,,,,,,,,,,,,,,,,,,,,,,,,,,,,,,,,,,,,,,,,,,,,,,,,,,,,,,,
,,,,,,,,,,,,,,,,,,,,,,192.614,1.21926439308823,192.614,1.22525503611371,192.614,1.24730988893369,192.614,1.2490955396378,192.614,1.20372551849311,,,,,,,,,,,,,,,,,,,,,,,,,,,,,,,,,,,,,,,,,,,,,,,,,,,,,,,,,,,,,,,,,,,,,,,,,,,,,,,,,,,,,,,,,,,,,,,,,,,,,,,,,,,,,
,,,,,,,,,,,,,,,,,,,,,,193.113,1.21076894264529,193.113,1.23086054547541,193.113,1.24955081365159,193.113,1.25577484328176,193.113,1.19293966774111,,,,,,,,,,,,,,,,,,,,,,,,,,,,,,,,,,,,,,,,,,,,,,,,,,,,,,,,,,,,,,,,,,,,,,,,,,,,,,,,,,,,,,,,,,,,,,,,,,,,,,,,,,,,,
,,,,,,,,,,,,,,,,,,,,,,193.612,1.21727094395751,193.612,1.22397972878914,193.612,1.25075166238845,193.612,1.25902634881004,193.612,1.1859328504492,,,,,,,,,,,,,,,,,,,,,,,,,,,,,,,,,,,,,,,,,,,,,,,,,,,,,,,,,,,,,,,,,,,,,,,,,,,,,,,,,,,,,,,,,,,,,,,,,,,,,,,,,,,,,
,,,,,,,,,,,,,,,,,,,,,,194.111,1.21961647822731,194.111,1.22570651529822,194.111,1.2473986201158,194.111,1.25423174120546,194.111,1.19655816324062,,,,,,,,,,,,,,,,,,,,,,,,,,,,,,,,,,,,,,,,,,,,,,,,,,,,,,,,,,,,,,,,,,,,,,,,,,,,,,,,,,,,,,,,,,,,,,,,,,,,,,,,,,,,,
,,,,,,,,,,,,,,,,,,,,,,194.61,1.2183354256214,194.61,1.22582209247565,194.61,1.24678216585805,194.61,1.25224776160282,194.61,1.19373934750455,,,,,,,,,,,,,,,,,,,,,,,,,,,,,,,,,,,,,,,,,,,,,,,,,,,,,,,,,,,,,,,,,,,,,,,,,,,,,,,,,,,,,,,,,,,,,,,,,,,,,,,,,,,,,
,,,,,,,,,,,,,,,,,,,,,,195.109,1.22161568287142,195.109,1.22232119829082,195.109,1.25297393870954,195.109,1.2567839194655,195.109,1.19026851759332,,,,,,,,,,,,,,,,,,,,,,,,,,,,,,,,,,,,,,,,,,,,,,,,,,,,,,,,,,,,,,,,,,,,,,,,,,,,,,,,,,,,,,,,,,,,,,,,,,,,,,,,,,,,,
,,,,,,,,,,,,,,,,,,,,,,195.608,1.22429241333948,195.608,1.22904043764686,195.608,1.24075002369289,195.608,1.25234527229007,195.608,1.18716399985657,,,,,,,,,,,,,,,,,,,,,,,,,,,,,,,,,,,,,,,,,,,,,,,,,,,,,,,,,,,,,,,,,,,,,,,,,,,,,,,,,,,,,,,,,,,,,,,,,,,,,,,,,,,,,
,,,,,,,,,,,,,,,,,,,,,,196.107,1.21764227997717,196.107,1.23438684979492,196.107,1.2394027245535,196.107,1.26831291103016,196.107,1.20061279611178,,,,,,,,,,,,,,,,,,,,,,,,,,,,,,,,,,,,,,,,,,,,,,,,,,,,,,,,,,,,,,,,,,,,,,,,,,,,,,,,,,,,,,,,,,,,,,,,,,,,,,,,,,,,,
,,,,,,,,,,,,,,,,,,,,,,196.606,1.21646424047214,196.606,1.22870154317159,196.606,1.23791737231403,196.606,1.25689833940214,196.606,1.20099287028707,,,,,,,,,,,,,,,,,,,,,,,,,,,,,,,,,,,,,,,,,,,,,,,,,,,,,,,,,,,,,,,,,,,,,,,,,,,,,,,,,,,,,,,,,,,,,,,,,,,,,,,,,,,,,
,,,,,,,,,,,,,,,,,,,,,,197.105,1.21212087299991,197.105,1.23867854485693,197.105,1.24692037271443,197.105,1.24921535168011,197.105,1.19293135087338,,,,,,,,,,,,,,,,,,,,,,,,,,,,,,,,,,,,,,,,,,,,,,,,,,,,,,,,,,,,,,,,,,,,,,,,,,,,,,,,,,,,,,,,,,,,,,,,,,,,,,,,,,,,,
,,,,,,,,,,,,,,,,,,,,,,197.604,1.21799281158932,197.604,1.22026077402929,197.604,1.2414612029526,197.604,1.25379746884258,197.604,1.19233847018038,,,,,,,,,,,,,,,,,,,,,,,,,,,,,,,,,,,,,,,,,,,,,,,,,,,,,,,,,,,,,,,,,,,,,,,,,,,,,,,,,,,,,,,,,,,,,,,,,,,,,,,,,,,,,
,,,,,,,,,,,,,,,,,,,,,,198.103,1.2222922485229,198.103,1.22247673201917,198.103,1.23977153773434,198.103,1.25899510687638,198.103,1.19732082575378,,,,,,,,,,,,,,,,,,,,,,,,,,,,,,,,,,,,,,,,,,,,,,,,,,,,,,,,,,,,,,,,,,,,,,,,,,,,,,,,,,,,,,,,,,,,,,,,,,,,,,,,,,,,,
,,,,,,,,,,,,,,,,,,,,,,198.602,1.22513986171675,198.602,1.22071116522331,198.602,1.24017059171295,198.602,1.25006403052169,198.602,1.1986506639445,,,,,,,,,,,,,,,,,,,,,,,,,,,,,,,,,,,,,,,,,,,,,,,,,,,,,,,,,,,,,,,,,,,,,,,,,,,,,,,,,,,,,,,,,,,,,,,,,,,,,,,,,,,,,
,,,,,,,,,,,,,,,,,,,,,,199.101,1.22479533095047,199.101,1.22536151944844,199.101,1.25082796758672,199.101,1.25853037565289,199.101,1.19317237846604,,,,,,,,,,,,,,,,,,,,,,,,,,,,,,,,,,,,,,,,,,,,,,,,,,,,,,,,,,,,,,,,,,,,,,,,,,,,,,,,,,,,,,,,,,,,,,,,,,,,,,,,,,,,,
,,,,,,,,,,,,,,,,,,,,,,199.6,1.21552793558546,199.6,1.23553133407698,199.6,1.24732924473224,199.6,1.26822143460336,199.6,1.19715035225554,,,,,,,,,,,,,,,,,,,,,,,,,,,,,,,,,,,,,,,,,,,,,,,,,,,,,,,,,,,,,,,,,,,,,,,,,,,,,,,,,,,,,,,,,,,,,,,,,,,,,,,,,,,,,
,,,,,,,,,,,,,,,,,,,,,,200.099,1.21263692426365,200.099,1.22894687505137,200.099,1.24474524872046,200.099,1.26480154069368,200.099,1.19568486439426,,,,,,,,,,,,,,,,,,,,,,,,,,,,,,,,,,,,,,,,,,,,,,,,,,,,,,,,,,,,,,,,,,,,,,,,,,,,,,,,,,,,,,,,,,,,,,,,,,,,,,,,,,,,,
,,,,,,,,,,,,,,,,,,,,,,200.598,1.2169690154141,200.598,1.23222001083976,200.598,1.23685598500423,200.598,1.25587341118298,200.598,1.19260634087701,,,,,,,,,,,,,,,,,,,,,,,,,,,,,,,,,,,,,,,,,,,,,,,,,,,,,,,,,,,,,,,,,,,,,,,,,,,,,,,,,,,,,,,,,,,,,,,,,,,,,,,,,,,,,
,,,,,,,,,,,,,,,,,,,,,,201.097,1.21383588252888,201.097,1.2292998258846,201.097,1.25365388513472,201.097,1.25853896676729,201.097,1.18943497740632,,,,,,,,,,,,,,,,,,,,,,,,,,,,,,,,,,,,,,,,,,,,,,,,,,,,,,,,,,,,,,,,,,,,,,,,,,,,,,,,,,,,,,,,,,,,,,,,,,,,,,,,,,,,,
,,,,,,,,,,,,,,,,,,,,,,201.596,1.21487481746904,201.596,1.23450669987267,201.596,1.23985424390314,201.596,1.25628986767192,201.596,1.19548319294543,,,,,,,,,,,,,,,,,,,,,,,,,,,,,,,,,,,,,,,,,,,,,,,,,,,,,,,,,,,,,,,,,,,,,,,,,,,,,,,,,,,,,,,,,,,,,,,,,,,,,,,,,,,,,
,,,,,,,,,,,,,,,,,,,,,,202.095,1.21882916110213,202.095,1.2335341723028,202.095,1.24077111019829,202.095,1.26501441108025,202.095,1.19113255358189,,,,,,,,,,,,,,,,,,,,,,,,,,,,,,,,,,,,,,,,,,,,,,,,,,,,,,,,,,,,,,,,,,,,,,,,,,,,,,,,,,,,,,,,,,,,,,,,,,,,,,,,,,,,,
,,,,,,,,,,,,,,,,,,,,,,202.594,1.21996429529917,202.594,1.23723776931232,202.594,1.24360871757162,202.594,1.25659917131779,202.594,1.19658570864051,,,,,,,,,,,,,,,,,,,,,,,,,,,,,,,,,,,,,,,,,,,,,,,,,,,,,,,,,,,,,,,,,,,,,,,,,,,,,,,,,,,,,,,,,,,,,,,,,,,,,,,,,,,,,
,,,,,,,,,,,,,,,,,,,,,,203.093,1.2218918774625,203.093,1.23657124548634,203.093,1.2451350693879,203.093,1.25291486734407,203.093,1.19797736533285,,,,,,,,,,,,,,,,,,,,,,,,,,,,,,,,,,,,,,,,,,,,,,,,,,,,,,,,,,,,,,,,,,,,,,,,,,,,,,,,,,,,,,,,,,,,,,,,,,,,,,,,,,,,,
,,,,,,,,,,,,,,,,,,,,,,203.592,1.23041119832621,203.592,1.23668218449229,203.592,1.24997813870675,203.592,1.25641375504625,203.592,1.19087370326514,,,,,,,,,,,,,,,,,,,,,,,,,,,,,,,,,,,,,,,,,,,,,,,,,,,,,,,,,,,,,,,,,,,,,,,,,,,,,,,,,,,,,,,,,,,,,,,,,,,,,,,,,,,,,
,,,,,,,,,,,,,,,,,,,,,,204.091,1.2171487695873,204.091,1.23504730162178,204.091,1.24688248583941,204.091,1.26382017674798,204.091,1.19383635843597,,,,,,,,,,,,,,,,,,,,,,,,,,,,,,,,,,,,,,,,,,,,,,,,,,,,,,,,,,,,,,,,,,,,,,,,,,,,,,,,,,,,,,,,,,,,,,,,,,,,,,,,,,,,,
,,,,,,,,,,,,,,,,,,,,,,204.59,1.22060591160023,204.59,1.23666980441937,204.59,1.24809039188203,204.59,1.25592520404513,204.59,1.20019878738434,,,,,,,,,,,,,,,,,,,,,,,,,,,,,,,,,,,,,,,,,,,,,,,,,,,,,,,,,,,,,,,,,,,,,,,,,,,,,,,,,,,,,,,,,,,,,,,,,,,,,,,,,,,,,
,,,,,,,,,,,,,,,,,,,,,,205.089,1.21785011509737,205.089,1.2383314726351,205.089,1.2514707272592,205.089,1.2566574726089,205.089,1.20440867801287,,,,,,,,,,,,,,,,,,,,,,,,,,,,,,,,,,,,,,,,,,,,,,,,,,,,,,,,,,,,,,,,,,,,,,,,,,,,,,,,,,,,,,,,,,,,,,,,,,,,,,,,,,,,,
,,,,,,,,,,,,,,,,,,,,,,205.588,1.21571712594375,205.588,1.24675588441212,205.588,1.24668842103624,205.588,1.25217688623538,205.588,1.19906807799566,,,,,,,,,,,,,,,,,,,,,,,,,,,,,,,,,,,,,,,,,,,,,,,,,,,,,,,,,,,,,,,,,,,,,,,,,,,,,,,,,,,,,,,,,,,,,,,,,,,,,,,,,,,,,
,,,,,,,,,,,,,,,,,,,,,,206.087,1.21776379776448,206.087,1.23238723615857,206.087,1.24234918313995,206.087,1.25862116718885,206.087,1.1969570696988,,,,,,,,,,,,,,,,,,,,,,,,,,,,,,,,,,,,,,,,,,,,,,,,,,,,,,,,,,,,,,,,,,,,,,,,,,,,,,,,,,,,,,,,,,,,,,,,,,,,,,,,,,,,,
,,,,,,,,,,,,,,,,,,,,,,206.586,1.21268099427274,206.586,1.23650618003648,206.586,1.25006677947575,206.586,1.24757230333251,206.586,1.18139781015064,,,,,,,,,,,,,,,,,,,,,,,,,,,,,,,,,,,,,,,,,,,,,,,,,,,,,,,,,,,,,,,,,,,,,,,,,,,,,,,,,,,,,,,,,,,,,,,,,,,,,,,,,,,,,
,,,,,,,,,,,,,,,,,,,,,,207.085,1.21861647282266,207.085,1.24353535096068,207.085,1.25559432241477,207.085,1.25772880434987,207.085,1.19200449622585,,,,,,,,,,,,,,,,,,,,,,,,,,,,,,,,,,,,,,,,,,,,,,,,,,,,,,,,,,,,,,,,,,,,,,,,,,,,,,,,,,,,,,,,,,,,,,,,,,,,,,,,,,,,,
,,,,,,,,,,,,,,,,,,,,,,207.584,1.21880510092296,207.584,1.2359693664831,207.584,1.25448887696945,207.584,1.25919959896556,207.584,1.19831378221554,,,,,,,,,,,,,,,,,,,,,,,,,,,,,,,,,,,,,,,,,,,,,,,,,,,,,,,,,,,,,,,,,,,,,,,,,,,,,,,,,,,,,,,,,,,,,,,,,,,,,,,,,,,,,
,,,,,,,,,,,,,,,,,,,,,,208.083,1.22419094373124,208.083,1.23291256076432,208.083,1.25818372723739,208.083,1.25518064764064,208.083,1.19448634799608,,,,,,,,,,,,,,,,,,,,,,,,,,,,,,,,,,,,,,,,,,,,,,,,,,,,,,,,,,,,,,,,,,,,,,,,,,,,,,,,,,,,,,,,,,,,,,,,,,,,,,,,,,,,,
,,,,,,,,,,,,,,,,,,,,,,208.582,1.21745871640239,208.582,1.23693836574658,208.582,1.24527891301988,208.582,1.26001833746564,208.582,1.20290271473322,,,,,,,,,,,,,,,,,,,,,,,,,,,,,,,,,,,,,,,,,,,,,,,,,,,,,,,,,,,,,,,,,,,,,,,,,,,,,,,,,,,,,,,,,,,,,,,,,,,,,,,,,,,,,
,,,,,,,,,,,,,,,,,,,,,,209.081,1.21939929351494,209.081,1.23175022952358,209.081,1.2521188706715,209.081,1.25233076244023,209.081,1.19812816274142,,,,,,,,,,,,,,,,,,,,,,,,,,,,,,,,,,,,,,,,,,,,,,,,,,,,,,,,,,,,,,,,,,,,,,,,,,,,,,,,,,,,,,,,,,,,,,,,,,,,,,,,,,,,,
,,,,,,,,,,,,,,,,,,,,,,209.58,1.22010513300828,209.58,1.23409386641076,209.58,1.25481508790505,209.58,1.26672477266117,209.58,1.19458737649495,,,,,,,,,,,,,,,,,,,,,,,,,,,,,,,,,,,,,,,,,,,,,,,,,,,,,,,,,,,,,,,,,,,,,,,,,,,,,,,,,,,,,,,,,,,,,,,,,,,,,,,,,,,,,
,,,,,,,,,,,,,,,,,,,,,,210.079,1.21976900877105,210.079,1.22999642325785,210.079,1.25537146896484,210.079,1.26320022937069,210.079,1.19078142606982,,,,,,,,,,,,,,,,,,,,,,,,,,,,,,,,,,,,,,,,,,,,,,,,,,,,,,,,,,,,,,,,,,,,,,,,,,,,,,,,,,,,,,,,,,,,,,,,,,,,,,,,,,,,,
,,,,,,,,,,,,,,,,,,,,,,210.578,1.22151543868628,210.578,1.23986827959977,210.578,1.25722847350968,210.578,1.26353530341154,210.578,1.20130856684947,,,,,,,,,,,,,,,,,,,,,,,,,,,,,,,,,,,,,,,,,,,,,,,,,,,,,,,,,,,,,,,,,,,,,,,,,,,,,,,,,,,,,,,,,,,,,,,,,,,,,,,,,,,,,
,,,,,,,,,,,,,,,,,,,,,,211.077,1.21946369598536,211.077,1.23293274948802,211.077,1.2549328917136,211.077,1.25496678656781,211.077,1.19381767264483,,,,,,,,,,,,,,,,,,,,,,,,,,,,,,,,,,,,,,,,,,,,,,,,,,,,,,,,,,,,,,,,,,,,,,,,,,,,,,,,,,,,,,,,,,,,,,,,,,,,,,,,,,,,,
,,,,,,,,,,,,,,,,,,,,,,211.576,1.21282119449267,211.576,1.23898390827332,211.576,1.24694647476338,211.576,1.26396281043468,211.576,1.19061325116286,,,,,,,,,,,,,,,,,,,,,,,,,,,,,,,,,,,,,,,,,,,,,,,,,,,,,,,,,,,,,,,,,,,,,,,,,,,,,,,,,,,,,,,,,,,,,,,,,,,,,,,,,,,,,
,,,,,,,,,,,,,,,,,,,,,,212.075,1.21224713621581,212.075,1.22880761332443,212.075,1.24637809636304,212.075,1.26408908447926,212.075,1.1819662955956,,,,,,,,,,,,,,,,,,,,,,,,,,,,,,,,,,,,,,,,,,,,,,,,,,,,,,,,,,,,,,,,,,,,,,,,,,,,,,,,,,,,,,,,,,,,,,,,,,,,,,,,,,,,,
,,,,,,,,,,,,,,,,,,,,,,212.574,1.21315998754603,212.574,1.24066037455213,212.574,1.24935432783876,212.574,1.26363421634451,212.574,1.19156613010054,,,,,,,,,,,,,,,,,,,,,,,,,,,,,,,,,,,,,,,,,,,,,,,,,,,,,,,,,,,,,,,,,,,,,,,,,,,,,,,,,,,,,,,,,,,,,,,,,,,,,,,,,,,,,
,,,,,,,,,,,,,,,,,,,,,,213.073,1.2154375392972,213.073,1.23601193839871,213.073,1.25129139989627,213.073,1.26269733365665,213.073,1.19510646677562,,,,,,,,,,,,,,,,,,,,,,,,,,,,,,,,,,,,,,,,,,,,,,,,,,,,,,,,,,,,,,,,,,,,,,,,,,,,,,,,,,,,,,,,,,,,,,,,,,,,,,,,,,,,,
,,,,,,,,,,,,,,,,,,,,,,213.572,1.21787467655529,213.572,1.22912181792437,213.572,1.25071064881134,213.572,1.26519060200627,213.572,1.19145963599016,,,,,,,,,,,,,,,,,,,,,,,,,,,,,,,,,,,,,,,,,,,,,,,,,,,,,,,,,,,,,,,,,,,,,,,,,,,,,,,,,,,,,,,,,,,,,,,,,,,,,,,,,,,,,
,,,,,,,,,,,,,,,,,,,,,,214.071,1.22052761059585,214.071,1.23813004503516,214.071,1.25686460924529,214.071,1.26243147588763,214.071,1.19150275022772,,,,,,,,,,,,,,,,,,,,,,,,,,,,,,,,,,,,,,,,,,,,,,,,,,,,,,,,,,,,,,,,,,,,,,,,,,,,,,,,,,,,,,,,,,,,,,,,,,,,,,,,,,,,,
,,,,,,,,,,,,,,,,,,,,,,214.57,1.20604262033278,214.57,1.232959597637,214.57,1.25444751828306,214.57,1.25900689682813,214.57,1.1943333577498,,,,,,,,,,,,,,,,,,,,,,,,,,,,,,,,,,,,,,,,,,,,,,,,,,,,,,,,,,,,,,,,,,,,,,,,,,,,,,,,,,,,,,,,,,,,,,,,,,,,,,,,,,,,,
,,,,,,,,,,,,,,,,,,,,,,215.069,1.2167827756601,215.069,1.23320951001321,215.069,1.24447258377659,215.069,1.26312239428929,215.069,1.19094227123137,,,,,,,,,,,,,,,,,,,,,,,,,,,,,,,,,,,,,,,,,,,,,,,,,,,,,,,,,,,,,,,,,,,,,,,,,,,,,,,,,,,,,,,,,,,,,,,,,,,,,,,,,,,,,
,,,,,,,,,,,,,,,,,,,,,,215.568,1.21780436162188,215.568,1.22338123413107,215.568,1.24612766372632,215.568,1.26031418792556,215.568,1.18757470301113,,,,,,,,,,,,,,,,,,,,,,,,,,,,,,,,,,,,,,,,,,,,,,,,,,,,,,,,,,,,,,,,,,,,,,,,,,,,,,,,,,,,,,,,,,,,,,,,,,,,,,,,,,,,,
,,,,,,,,,,,,,,,,,,,,,,216.067,1.21216245369885,216.067,1.22878058485399,216.067,1.24078917282977,216.067,1.26221220039481,216.067,1.18710422122091,,,,,,,,,,,,,,,,,,,,,,,,,,,,,,,,,,,,,,,,,,,,,,,,,,,,,,,,,,,,,,,,,,,,,,,,,,,,,,,,,,,,,,,,,,,,,,,,,,,,,,,,,,,,,
,,,,,,,,,,,,,,,,,,,,,,216.566,1.22008380249568,216.566,1.23917057424611,216.566,1.24682214269365,216.566,1.2641522705673,216.566,1.18957143449319,,,,,,,,,,,,,,,,,,,,,,,,,,,,,,,,,,,,,,,,,,,,,,,,,,,,,,,,,,,,,,,,,,,,,,,,,,,,,,,,,,,,,,,,,,,,,,,,,,,,,,,,,,,,,
,,,,,,,,,,,,,,,,,,,,,,217.065,1.21210368987355,217.065,1.2418676427611,217.065,1.24458225685406,217.065,1.26280965751071,217.065,1.18001210299094,,,,,,,,,,,,,,,,,,,,,,,,,,,,,,,,,,,,,,,,,,,,,,,,,,,,,,,,,,,,,,,,,,,,,,,,,,,,,,,,,,,,,,,,,,,,,,,,,,,,,,,,,,,,,
,,,,,,,,,,,,,,,,,,,,,,217.564,1.21491519569372,217.564,1.24230203403734,217.564,1.24684283813547,217.564,1.25605266471013,217.564,1.19093180271973,,,,,,,,,,,,,,,,,,,,,,,,,,,,,,,,,,,,,,,,,,,,,,,,,,,,,,,,,,,,,,,,,,,,,,,,,,,,,,,,,,,,,,,,,,,,,,,,,,,,,,,,,,,,,
,,,,,,,,,,,,,,,,,,,,,,218.063,1.20930883286463,218.063,1.23445518671176,218.063,1.23990289395528,218.063,1.25308811826426,218.063,1.19338418320022,,,,,,,,,,,,,,,,,,,,,,,,,,,,,,,,,,,,,,,,,,,,,,,,,,,,,,,,,,,,,,,,,,,,,,,,,,,,,,,,,,,,,,,,,,,,,,,,,,,,,,,,,,,,,
,,,,,,,,,,,,,,,,,,,,,,218.562,1.21125613001577,218.562,1.24062593083028,218.562,1.24211401478591,218.562,1.25840650692952,218.562,1.19885314876596,,,,,,,,,,,,,,,,,,,,,,,,,,,,,,,,,,,,,,,,,,,,,,,,,,,,,,,,,,,,,,,,,,,,,,,,,,,,,,,,,,,,,,,,,,,,,,,,,,,,,,,,,,,,,
,,,,,,,,,,,,,,,,,,,,,,219.061,1.21901795426512,219.061,1.23916735813658,219.061,1.2398200141358,219.061,1.2632596627544,219.061,1.19709492640201,,,,,,,,,,,,,,,,,,,,,,,,,,,,,,,,,,,,,,,,,,,,,,,,,,,,,,,,,,,,,,,,,,,,,,,,,,,,,,,,,,,,,,,,,,,,,,,,,,,,,,,,,,,,,
,,,,,,,,,,,,,,,,,,,,,,219.56,1.21630465295728,219.56,1.23715668067012,219.56,1.25189034652219,219.56,1.26132151598534,219.56,1.1951731036164,,,,,,,,,,,,,,,,,,,,,,,,,,,,,,,,,,,,,,,,,,,,,,,,,,,,,,,,,,,,,,,,,,,,,,,,,,,,,,,,,,,,,,,,,,,,,,,,,,,,,,,,,,,,,
,,,,,,,,,,,,,,,,,,,,,,220.059,1.20932643143477,220.059,1.23377051042885,220.059,1.2485367992889,220.059,1.26893183364888,220.059,1.19509855091834,,,,,,,,,,,,,,,,,,,,,,,,,,,,,,,,,,,,,,,,,,,,,,,,,,,,,,,,,,,,,,,,,,,,,,,,,,,,,,,,,,,,,,,,,,,,,,,,,,,,,,,,,,,,,
,,,,,,,,,,,,,,,,,,,,,,220.558,1.22570690837519,220.558,1.22876959273336,220.558,1.24509927238041,220.558,1.26560792674806,220.558,1.18905351750001,,,,,,,,,,,,,,,,,,,,,,,,,,,,,,,,,,,,,,,,,,,,,,,,,,,,,,,,,,,,,,,,,,,,,,,,,,,,,,,,,,,,,,,,,,,,,,,,,,,,,,,,,,,,,
,,,,,,,,,,,,,,,,,,,,,,221.057,1.22215271895804,221.057,1.23661408948964,221.057,1.24769859455938,221.057,1.26312409565562,221.057,1.1966102312547,,,,,,,,,,,,,,,,,,,,,,,,,,,,,,,,,,,,,,,,,,,,,,,,,,,,,,,,,,,,,,,,,,,,,,,,,,,,,,,,,,,,,,,,,,,,,,,,,,,,,,,,,,,,,
,,,,,,,,,,,,,,,,,,,,,,221.556,1.22586902375122,221.556,1.23179076452531,221.556,1.25367205085643,221.556,1.25550498739802,221.556,1.20024440721255,,,,,,,,,,,,,,,,,,,,,,,,,,,,,,,,,,,,,,,,,,,,,,,,,,,,,,,,,,,,,,,,,,,,,,,,,,,,,,,,,,,,,,,,,,,,,,,,,,,,,,,,,,,,,
,,,,,,,,,,,,,,,,,,,,,,222.055,1.21770547241748,222.055,1.23259852171021,222.055,1.24544085933237,222.055,1.2598499874905,222.055,1.19365002982849,,,,,,,,,,,,,,,,,,,,,,,,,,,,,,,,,,,,,,,,,,,,,,,,,,,,,,,,,,,,,,,,,,,,,,,,,,,,,,,,,,,,,,,,,,,,,,,,,,,,,,,,,,,,,
,,,,,,,,,,,,,,,,,,,,,,222.554,1.2264626774665,222.554,1.23577720675009,222.554,1.24850165694191,222.554,1.26585991408998,222.554,1.19772130376328,,,,,,,,,,,,,,,,,,,,,,,,,,,,,,,,,,,,,,,,,,,,,,,,,,,,,,,,,,,,,,,,,,,,,,,,,,,,,,,,,,,,,,,,,,,,,,,,,,,,,,,,,,,,,
,,,,,,,,,,,,,,,,,,,,,,223.053,1.2276562721121,223.053,1.22400559756242,223.053,1.25451103541803,223.053,1.26769541072936,223.053,1.20108320385233,,,,,,,,,,,,,,,,,,,,,,,,,,,,,,,,,,,,,,,,,,,,,,,,,,,,,,,,,,,,,,,,,,,,,,,,,,,,,,,,,,,,,,,,,,,,,,,,,,,,,,,,,,,,,
,,,,,,,,,,,,,,,,,,,,,,223.552,1.2240514694108,223.552,1.22842697675456,223.552,1.25170220038075,223.552,1.2679564155273,223.552,1.20587277949118,,,,,,,,,,,,,,,,,,,,,,,,,,,,,,,,,,,,,,,,,,,,,,,,,,,,,,,,,,,,,,,,,,,,,,,,,,,,,,,,,,,,,,,,,,,,,,,,,,,,,,,,,,,,,
,,,,,,,,,,,,,,,,,,,,,,224.051,1.22384734806708,224.051,1.23101765422115,224.051,1.24712224304957,224.051,1.26344799127858,224.051,1.20253747902482,,,,,,,,,,,,,,,,,,,,,,,,,,,,,,,,,,,,,,,,,,,,,,,,,,,,,,,,,,,,,,,,,,,,,,,,,,,,,,,,,,,,,,,,,,,,,,,,,,,,,,,,,,,,,
,,,,,,,,,,,,,,,,,,,,,,224.55,1.22483751997723,224.55,1.23332641302394,224.55,1.25035082190186,224.55,1.26510526694043,224.55,1.20471611031057,,,,,,,,,,,,,,,,,,,,,,,,,,,,,,,,,,,,,,,,,,,,,,,,,,,,,,,,,,,,,,,,,,,,,,,,,,,,,,,,,,,,,,,,,,,,,,,,,,,,,,,,,,,,,
,,,,,,,,,,,,,,,,,,,,,,225.049,1.21260426067401,225.049,1.24111337830147,225.049,1.25364198553037,225.049,1.26978658226703,225.049,1.20477468930734,,,,,,,,,,,,,,,,,,,,,,,,,,,,,,,,,,,,,,,,,,,,,,,,,,,,,,,,,,,,,,,,,,,,,,,,,,,,,,,,,,,,,,,,,,,,,,,,,,,,,,,,,,,,,
,,,,,,,,,,,,,,,,,,,,,,225.548,1.21571991834099,225.548,1.22965562980498,225.548,1.25161340873462,225.548,1.26021392473867,225.548,1.19918780991223,,,,,,,,,,,,,,,,,,,,,,,,,,,,,,,,,,,,,,,,,,,,,,,,,,,,,,,,,,,,,,,,,,,,,,,,,,,,,,,,,,,,,,,,,,,,,,,,,,,,,,,,,,,,,
,,,,,,,,,,,,,,,,,,,,,,226.047,1.22064486393325,226.047,1.23361488404814,226.047,1.25326690749352,226.047,1.26182627897242,226.047,1.200174512066,,,,,,,,,,,,,,,,,,,,,,,,,,,,,,,,,,,,,,,,,,,,,,,,,,,,,,,,,,,,,,,,,,,,,,,,,,,,,,,,,,,,,,,,,,,,,,,,,,,,,,,,,,,,,
,,,,,,,,,,,,,,,,,,,,,,226.546,1.22579579308588,226.546,1.23560327363779,226.546,1.24593327031786,226.546,1.25247844745675,226.546,1.20151457993831,,,,,,,,,,,,,,,,,,,,,,,,,,,,,,,,,,,,,,,,,,,,,,,,,,,,,,,,,,,,,,,,,,,,,,,,,,,,,,,,,,,,,,,,,,,,,,,,,,,,,,,,,,,,,
,,,,,,,,,,,,,,,,,,,,,,227.045,1.21230946330429,227.045,1.23150606411534,227.045,1.24294788365899,227.045,1.25959852040432,227.045,1.19414115834023,,,,,,,,,,,,,,,,,,,,,,,,,,,,,,,,,,,,,,,,,,,,,,,,,,,,,,,,,,,,,,,,,,,,,,,,,,,,,,,,,,,,,,,,,,,,,,,,,,,,,,,,,,,,,
,,,,,,,,,,,,,,,,,,,,,,227.544,1.21466719972118,227.544,1.22991307250546,227.544,1.24116926646347,227.544,1.26501344892015,227.544,1.19714399622281,,,,,,,,,,,,,,,,,,,,,,,,,,,,,,,,,,,,,,,,,,,,,,,,,,,,,,,,,,,,,,,,,,,,,,,,,,,,,,,,,,,,,,,,,,,,,,,,,,,,,,,,,,,,,
,,,,,,,,,,,,,,,,,,,,,,228.043,1.21907722346141,228.043,1.23404080958702,228.043,1.24536369455236,228.043,1.27055337304164,228.043,1.1995813177103,,,,,,,,,,,,,,,,,,,,,,,,,,,,,,,,,,,,,,,,,,,,,,,,,,,,,,,,,,,,,,,,,,,,,,,,,,,,,,,,,,,,,,,,,,,,,,,,,,,,,,,,,,,,,
,,,,,,,,,,,,,,,,,,,,,,228.542,1.2227760370969,228.542,1.23409989421274,228.542,1.25084394056637,228.542,1.26636194319539,228.542,1.19744587516057,,,,,,,,,,,,,,,,,,,,,,,,,,,,,,,,,,,,,,,,,,,,,,,,,,,,,,,,,,,,,,,,,,,,,,,,,,,,,,,,,,,,,,,,,,,,,,,,,,,,,,,,,,,,,
,,,,,,,,,,,,,,,,,,,,,,229.041,1.22130800383451,229.041,1.23795408238405,229.041,1.24841105528443,229.041,1.25662551727931,229.041,1.19830015128892,,,,,,,,,,,,,,,,,,,,,,,,,,,,,,,,,,,,,,,,,,,,,,,,,,,,,,,,,,,,,,,,,,,,,,,,,,,,,,,,,,,,,,,,,,,,,,,,,,,,,,,,,,,,,
,,,,,,,,,,,,,,,,,,,,,,229.54,1.22149057890475,229.54,1.23767276446062,229.54,1.25844046253439,229.54,1.26471668507332,229.54,1.19553135235174,,,,,,,,,,,,,,,,,,,,,,,,,,,,,,,,,,,,,,,,,,,,,,,,,,,,,,,,,,,,,,,,,,,,,,,,,,,,,,,,,,,,,,,,,,,,,,,,,,,,,,,,,,,,,
,,,,,,,,,,,,,,,,,,,,,,230.039,1.22529173974073,230.039,1.2457968476829,230.039,1.2546295213326,230.039,1.26570345278658,230.039,1.19488685937931,,,,,,,,,,,,,,,,,,,,,,,,,,,,,,,,,,,,,,,,,,,,,,,,,,,,,,,,,,,,,,,,,,,,,,,,,,,,,,,,,,,,,,,,,,,,,,,,,,,,,,,,,,,,,
,,,,,,,,,,,,,,,,,,,,,,230.538,1.22440950383893,230.538,1.23069861449932,230.538,1.25225304976679,230.538,1.26746717353316,230.538,1.19331036780426,,,,,,,,,,,,,,,,,,,,,,,,,,,,,,,,,,,,,,,,,,,,,,,,,,,,,,,,,,,,,,,,,,,,,,,,,,,,,,,,,,,,,,,,,,,,,,,,,,,,,,,,,,,,,
,,,,,,,,,,,,,,,,,,,,,,231.037,1.22440074806199,231.037,1.22900513002211,231.037,1.26328039876922,231.037,1.26723819447487,231.037,1.20199784449305,,,,,,,,,,,,,,,,,,,,,,,,,,,,,,,,,,,,,,,,,,,,,,,,,,,,,,,,,,,,,,,,,,,,,,,,,,,,,,,,,,,,,,,,,,,,,,,,,,,,,,,,,,,,,
,,,,,,,,,,,,,,,,,,,,,,231.536,1.21457278865923,231.536,1.23255899336293,231.536,1.25510496727295,231.536,1.26695533523112,231.536,1.19237069891463,,,,,,,,,,,,,,,,,,,,,,,,,,,,,,,,,,,,,,,,,,,,,,,,,,,,,,,,,,,,,,,,,,,,,,,,,,,,,,,,,,,,,,,,,,,,,,,,,,,,,,,,,,,,,
,,,,,,,,,,,,,,,,,,,,,,232.035,1.22446960737319,232.035,1.23589732320221,232.035,1.24973646602139,232.035,1.25665729166023,232.035,1.19206221512031,,,,,,,,,,,,,,,,,,,,,,,,,,,,,,,,,,,,,,,,,,,,,,,,,,,,,,,,,,,,,,,,,,,,,,,,,,,,,,,,,,,,,,,,,,,,,,,,,,,,,,,,,,,,,
,,,,,,,,,,,,,,,,,,,,,,232.534,1.2216923525445,232.534,1.23720586404661,232.534,1.24593007520308,232.534,1.2609838923455,232.534,1.19692977999804,,,,,,,,,,,,,,,,,,,,,,,,,,,,,,,,,,,,,,,,,,,,,,,,,,,,,,,,,,,,,,,,,,,,,,,,,,,,,,,,,,,,,,,,,,,,,,,,,,,,,,,,,,,,,
,,,,,,,,,,,,,,,,,,,,,,233.033,1.22617158111476,233.033,1.22906268333016,233.033,1.24430548579882,233.033,1.25593487980326,233.033,1.19996207796095,,,,,,,,,,,,,,,,,,,,,,,,,,,,,,,,,,,,,,,,,,,,,,,,,,,,,,,,,,,,,,,,,,,,,,,,,,,,,,,,,,,,,,,,,,,,,,,,,,,,,,,,,,,,,
,,,,,,,,,,,,,,,,,,,,,,233.532,1.22107930670633,233.532,1.24236538005037,233.532,1.24662833446805,233.532,1.25950202479608,233.532,1.18410546036489,,,,,,,,,,,,,,,,,,,,,,,,,,,,,,,,,,,,,,,,,,,,,,,,,,,,,,,,,,,,,,,,,,,,,,,,,,,,,,,,,,,,,,,,,,,,,,,,,,,,,,,,,,,,,
,,,,,,,,,,,,,,,,,,,,,,234.031,1.21951786898907,234.031,1.23938618604701,234.031,1.2437100477314,234.031,1.25404733925359,234.031,1.19214309139985,,,,,,,,,,,,,,,,,,,,,,,,,,,,,,,,,,,,,,,,,,,,,,,,,,,,,,,,,,,,,,,,,,,,,,,,,,,,,,,,,,,,,,,,,,,,,,,,,,,,,,,,,,,,,
,,,,,,,,,,,,,,,,,,,,,,234.53,1.22172161996086,234.53,1.23587332454333,234.53,1.24292324377711,234.53,1.25682255650205,234.53,1.19461613019983,,,,,,,,,,,,,,,,,,,,,,,,,,,,,,,,,,,,,,,,,,,,,,,,,,,,,,,,,,,,,,,,,,,,,,,,,,,,,,,,,,,,,,,,,,,,,,,,,,,,,,,,,,,,,
,,,,,,,,,,,,,,,,,,,,,,235.029,1.22204723160641,235.029,1.23619751186204,235.029,1.24824682831072,235.029,1.26070983572667,235.029,1.1944723032565,,,,,,,,,,,,,,,,,,,,,,,,,,,,,,,,,,,,,,,,,,,,,,,,,,,,,,,,,,,,,,,,,,,,,,,,,,,,,,,,,,,,,,,,,,,,,,,,,,,,,,,,,,,,,
,,,,,,,,,,,,,,,,,,,,,,235.528,1.22196876347763,235.528,1.23494472826697,235.528,1.24650188021334,235.528,1.26949819160095,235.528,1.20055394242302,,,,,,,,,,,,,,,,,,,,,,,,,,,,,,,,,,,,,,,,,,,,,,,,,,,,,,,,,,,,,,,,,,,,,,,,,,,,,,,,,,,,,,,,,,,,,,,,,,,,,,,,,,,,,
,,,,,,,,,,,,,,,,,,,,,,236.027,1.223580202287,236.027,1.23814831627473,236.027,1.25245177595091,236.027,1.26122522154343,236.027,1.20059619996735,,,,,,,,,,,,,,,,,,,,,,,,,,,,,,,,,,,,,,,,,,,,,,,,,,,,,,,,,,,,,,,,,,,,,,,,,,,,,,,,,,,,,,,,,,,,,,,,,,,,,,,,,,,,,
,,,,,,,,,,,,,,,,,,,,,,236.526,1.21344903625409,236.526,1.24273403406921,236.526,1.24903127424754,236.526,1.25523164227742,236.526,1.19438967330141,,,,,,,,,,,,,,,,,,,,,,,,,,,,,,,,,,,,,,,,,,,,,,,,,,,,,,,,,,,,,,,,,,,,,,,,,,,,,,,,,,,,,,,,,,,,,,,,,,,,,,,,,,,,,
,,,,,,,,,,,,,,,,,,,,,,237.025,1.22638990874742,237.025,1.24095956708343,237.025,1.24921632129572,237.025,1.26150269624516,237.025,1.19477277450299,,,,,,,,,,,,,,,,,,,,,,,,,,,,,,,,,,,,,,,,,,,,,,,,,,,,,,,,,,,,,,,,,,,,,,,,,,,,,,,,,,,,,,,,,,,,,,,,,,,,,,,,,,,,,
,,,,,,,,,,,,,,,,,,,,,,237.524,1.22100297612702,237.524,1.22560471530286,237.524,1.24301805324348,237.524,1.26677363863282,237.524,1.20047467050564,,,,,,,,,,,,,,,,,,,,,,,,,,,,,,,,,,,,,,,,,,,,,,,,,,,,,,,,,,,,,,,,,,,,,,,,,,,,,,,,,,,,,,,,,,,,,,,,,,,,,,,,,,,,,
,,,,,,,,,,,,,,,,,,,,,,238.023,1.2088299320762,238.023,1.23614434610739,238.023,1.24124783777515,238.023,1.26396864499335,238.023,1.19755127991735,,,,,,,,,,,,,,,,,,,,,,,,,,,,,,,,,,,,,,,,,,,,,,,,,,,,,,,,,,,,,,,,,,,,,,,,,,,,,,,,,,,,,,,,,,,,,,,,,,,,,,,,,,,,,
,,,,,,,,,,,,,,,,,,,,,,238.522,1.21658652969378,238.522,1.23494636055378,238.522,1.24679603783636,238.522,1.26273356963224,238.522,1.18728101733369,,,,,,,,,,,,,,,,,,,,,,,,,,,,,,,,,,,,,,,,,,,,,,,,,,,,,,,,,,,,,,,,,,,,,,,,,,,,,,,,,,,,,,,,,,,,,,,,,,,,,,,,,,,,,
,,,,,,,,,,,,,,,,,,,,,,239.021,1.21493085695321,239.021,1.23099904456992,239.021,1.2540025218865,239.021,1.26699463804941,239.021,1.19726805009897,,,,,,,,,,,,,,,,,,,,,,,,,,,,,,,,,,,,,,,,,,,,,,,,,,,,,,,,,,,,,,,,,,,,,,,,,,,,,,,,,,,,,,,,,,,,,,,,,,,,,,,,,,,,,
,,,,,,,,,,,,,,,,,,,,,,239.52,1.21746983521741,239.52,1.2382890803814,239.52,1.25008122865086,239.52,1.26500236711585,239.52,1.19655766816115,,,,,,,,,,,,,,,,,,,,,,,,,,,,,,,,,,,,,,,,,,,,,,,,,,,,,,,,,,,,,,,,,,,,,,,,,,,,,,,,,,,,,,,,,,,,,,,,,,,,,,,,,,,,,
,,,,,,,,,,,,,,,,,,,,,,240.019,1.21667585410147,240.019,1.22664955050993,240.019,1.25228735866029,240.019,1.26022329058313,240.019,1.19373578554546,,,,,,,,,,,,,,,,,,,,,,,,,,,,,,,,,,,,,,,,,,,,,,,,,,,,,,,,,,,,,,,,,,,,,,,,,,,,,,,,,,,,,,,,,,,,,,,,,,,,,,,,,,,,,
,,,,,,,,,,,,,,,,,,,,,,240.518,1.2256656971087,240.518,1.23953008548236,240.518,1.25638375328494,240.518,1.27239100983557,240.518,1.19597064517916,,,,,,,,,,,,,,,,,,,,,,,,,,,,,,,,,,,,,,,,,,,,,,,,,,,,,,,,,,,,,,,,,,,,,,,,,,,,,,,,,,,,,,,,,,,,,,,,,,,,,,,,,,,,,
,,,,,,,,,,,,,,,,,,,,,,241.017,1.21793240626261,241.017,1.23324209661135,241.017,1.25035680602814,241.017,1.27870417459856,241.017,1.20343772201167,,,,,,,,,,,,,,,,,,,,,,,,,,,,,,,,,,,,,,,,,,,,,,,,,,,,,,,,,,,,,,,,,,,,,,,,,,,,,,,,,,,,,,,,,,,,,,,,,,,,,,,,,,,,,
,,,,,,,,,,,,,,,,,,,,,,241.516,1.22705677955641,241.516,1.23653017065329,241.516,1.25675278180498,241.516,1.27361432150121,241.516,1.20365626554582,,,,,,,,,,,,,,,,,,,,,,,,,,,,,,,,,,,,,,,,,,,,,,,,,,,,,,,,,,,,,,,,,,,,,,,,,,,,,,,,,,,,,,,,,,,,,,,,,,,,,,,,,,,,,
,,,,,,,,,,,,,,,,,,,,,,242.015,1.21802009831227,242.015,1.23976787499342,242.015,1.25427568288905,242.015,1.26384014442015,242.015,1.20357875701662,,,,,,,,,,,,,,,,,,,,,,,,,,,,,,,,,,,,,,,,,,,,,,,,,,,,,,,,,,,,,,,,,,,,,,,,,,,,,,,,,,,,,,,,,,,,,,,,,,,,,,,,,,,,,
,,,,,,,,,,,,,,,,,,,,,,242.514,1.21980071189803,242.514,1.2300506426325,242.514,1.24997010072978,242.514,1.27019442080865,242.514,1.19056964789407,,,,,,,,,,,,,,,,,,,,,,,,,,,,,,,,,,,,,,,,,,,,,,,,,,,,,,,,,,,,,,,,,,,,,,,,,,,,,,,,,,,,,,,,,,,,,,,,,,,,,,,,,,,,,
,,,,,,,,,,,,,,,,,,,,,,243.013,1.21915988801994,243.013,1.23727709001004,243.013,1.25278889729542,243.013,1.25846702403235,243.013,1.18914619770592,,,,,,,,,,,,,,,,,,,,,,,,,,,,,,,,,,,,,,,,,,,,,,,,,,,,,,,,,,,,,,,,,,,,,,,,,,,,,,,,,,,,,,,,,,,,,,,,,,,,,,,,,,,,,
,,,,,,,,,,,,,,,,,,,,,,243.512,1.22853747821064,243.512,1.22995246138958,243.512,1.25670947360597,243.512,1.27265548847959,243.512,1.19308736136773,,,,,,,,,,,,,,,,,,,,,,,,,,,,,,,,,,,,,,,,,,,,,,,,,,,,,,,,,,,,,,,,,,,,,,,,,,,,,,,,,,,,,,,,,,,,,,,,,,,,,,,,,,,,,
,,,,,,,,,,,,,,,,,,,,,,244.011,1.22184231007987,244.011,1.23192618043619,244.011,1.25162714638227,244.011,1.26969178777582,244.011,1.19143420217123,,,,,,,,,,,,,,,,,,,,,,,,,,,,,,,,,,,,,,,,,,,,,,,,,,,,,,,,,,,,,,,,,,,,,,,,,,,,,,,,,,,,,,,,,,,,,,,,,,,,,,,,,,,,,
,,,,,,,,,,,,,,,,,,,,,,244.51,1.22113836881524,244.51,1.23277484659382,244.51,1.25602992761244,244.51,1.26603223281008,244.51,1.19493022697584,,,,,,,,,,,,,,,,,,,,,,,,,,,,,,,,,,,,,,,,,,,,,,,,,,,,,,,,,,,,,,,,,,,,,,,,,,,,,,,,,,,,,,,,,,,,,,,,,,,,,,,,,,,,,
,,,,,,,,,,,,,,,,,,,,,,245.009,1.21406158813384,245.009,1.24073957452829,245.009,1.25215615965181,245.009,1.2638231451793,245.009,1.18718237393069,,,,,,,,,,,,,,,,,,,,,,,,,,,,,,,,,,,,,,,,,,,,,,,,,,,,,,,,,,,,,,,,,,,,,,,,,,,,,,,,,,,,,,,,,,,,,,,,,,,,,,,,,,,,,
,,,,,,,,,,,,,,,,,,,,,,245.508,1.21698966709735,245.508,1.23187023378114,245.508,1.2501741031443,245.508,1.25665321294251,245.508,1.19574965428348,,,,,,,,,,,,,,,,,,,,,,,,,,,,,,,,,,,,,,,,,,,,,,,,,,,,,,,,,,,,,,,,,,,,,,,,,,,,,,,,,,,,,,,,,,,,,,,,,,,,,,,,,,,,,
,,,,,,,,,,,,,,,,,,,,,,246.007,1.22063644738796,246.007,1.23264630871953,246.007,1.25266475380056,246.007,1.25973001889034,246.007,1.19268288517463,,,,,,,,,,,,,,,,,,,,,,,,,,,,,,,,,,,,,,,,,,,,,,,,,,,,,,,,,,,,,,,,,,,,,,,,,,,,,,,,,,,,,,,,,,,,,,,,,,,,,,,,,,,,,
,,,,,,,,,,,,,,,,,,,,,,246.506,1.21509106702163,246.506,1.23176208662348,246.506,1.25456627894443,246.506,1.25853050095166,246.506,1.18759533621827,,,,,,,,,,,,,,,,,,,,,,,,,,,,,,,,,,,,,,,,,,,,,,,,,,,,,,,,,,,,,,,,,,,,,,,,,,,,,,,,,,,,,,,,,,,,,,,,,,,,,,,,,,,,,
,,,,,,,,,,,,,,,,,,,,,,247.005,1.22713589582543,247.005,1.22447501154832,247.005,1.24555022806673,247.005,1.26438751482341,247.005,1.19330668737495,,,,,,,,,,,,,,,,,,,,,,,,,,,,,,,,,,,,,,,,,,,,,,,,,,,,,,,,,,,,,,,,,,,,,,,,,,,,,,,,,,,,,,,,,,,,,,,,,,,,,,,,,,,,,
,,,,,,,,,,,,,,,,,,,,,,247.504,1.21668161343882,247.504,1.22546159124939,247.504,1.25144265271157,247.504,1.27299018100434,247.504,1.19541870699058,,,,,,,,,,,,,,,,,,,,,,,,,,,,,,,,,,,,,,,,,,,,,,,,,,,,,,,,,,,,,,,,,,,,,,,,,,,,,,,,,,,,,,,,,,,,,,,,,,,,,,,,,,,,,
,,,,,,,,,,,,,,,,,,,,,,248.003,1.21285197243042,248.003,1.22578053550196,248.003,1.25043186637705,248.003,1.26209364808198,248.003,1.20766489503134,,,,,,,,,,,,,,,,,,,,,,,,,,,,,,,,,,,,,,,,,,,,,,,,,,,,,,,,,,,,,,,,,,,,,,,,,,,,,,,,,,,,,,,,,,,,,,,,,,,,,,,,,,,,,
,,,,,,,,,,,,,,,,,,,,,,248.502,1.20965799363519,248.502,1.2257735148345,248.502,1.25385453554525,248.502,1.26967807987785,248.502,1.19790139641584,,,,,,,,,,,,,,,,,,,,,,,,,,,,,,,,,,,,,,,,,,,,,,,,,,,,,,,,,,,,,,,,,,,,,,,,,,,,,,,,,,,,,,,,,,,,,,,,,,,,,,,,,,,,,
,,,,,,,,,,,,,,,,,,,,,,249.001,1.2234038331529,249.001,1.23577584148789,249.001,1.26077457320791,249.001,1.26498945850122,249.001,1.19794929416644,,,,,,,,,,,,,,,,,,,,,,,,,,,,,,,,,,,,,,,,,,,,,,,,,,,,,,,,,,,,,,,,,,,,,,,,,,,,,,,,,,,,,,,,,,,,,,,,,,,,,,,,,,,,,
,,,,,,,,,,,,,,,,,,,,,,249.5,1.22365371813047,249.5,1.23392894775165,249.5,1.2584095366777,249.5,1.26694199161501,249.5,1.19741409686768,,,,,,,,,,,,,,,,,,,,,,,,,,,,,,,,,,,,,,,,,,,,,,,,,,,,,,,,,,,,,,,,,,,,,,,,,,,,,,,,,,,,,,,,,,,,,,,,,,,,,,,,,,,,,
,,,,,,,,,,,,,,,,,,,,,,249.999,1.21231426254705,249.999,1.22755032973924,249.999,1.24932369801183,249.999,1.26602659453827,249.999,1.2072649775716,,,,,,,,,,,,,,,,,,,,,,,,,,,,,,,,,,,,,,,,,,,,,,,,,,,,,,,,,,,,,,,,,,,,,,,,,,,,,,,,,,,,,,,,,,,,,,,,,,,,,,,,,,,,,
,,,,,,,,,,,,,,,,,,,,,,250.498,1.22254284621752,250.498,1.23131404076479,250.498,1.25645660527472,250.498,1.26618230739084,250.498,1.19896753328747,,,,,,,,,,,,,,,,,,,,,,,,,,,,,,,,,,,,,,,,,,,,,,,,,,,,,,,,,,,,,,,,,,,,,,,,,,,,,,,,,,,,,,,,,,,,,,,,,,,,,,,,,,,,,
,,,,,,,,,,,,,,,,,,,,,,250.997,1.21588875083662,250.997,1.23260632680252,250.997,1.25180339157699,250.997,1.27157785131947,250.997,1.18774322322212,,,,,,,,,,,,,,,,,,,,,,,,,,,,,,,,,,,,,,,,,,,,,,,,,,,,,,,,,,,,,,,,,,,,,,,,,,,,,,,,,,,,,,,,,,,,,,,,,,,,,,,,,,,,,
,,,,,,,,,,,,,,,,,,,,,,251.496,1.22451994499208,251.496,1.23403954530329,251.496,1.25995789917081,251.496,1.26605586244535,251.496,1.19053229426865,,,,,,,,,,,,,,,,,,,,,,,,,,,,,,,,,,,,,,,,,,,,,,,,,,,,,,,,,,,,,,,,,,,,,,,,,,,,,,,,,,,,,,,,,,,,,,,,,,,,,,,,,,,,,
,,,,,,,,,,,,,,,,,,,,,,251.995,1.22648247821086,251.995,1.22722746153056,251.995,1.25573463539175,251.995,1.26241718600331,251.995,1.18390678379809,,,,,,,,,,,,,,,,,,,,,,,,,,,,,,,,,,,,,,,,,,,,,,,,,,,,,,,,,,,,,,,,,,,,,,,,,,,,,,,,,,,,,,,,,,,,,,,,,,,,,,,,,,,,,
,,,,,,,,,,,,,,,,,,,,,,252.494,1.23073653612634,252.494,1.23628070772262,252.494,1.26142690470326,252.494,1.25724289111683,252.494,1.19451634820102,,,,,,,,,,,,,,,,,,,,,,,,,,,,,,,,,,,,,,,,,,,,,,,,,,,,,,,,,,,,,,,,,,,,,,,,,,,,,,,,,,,,,,,,,,,,,,,,,,,,,,,,,,,,,
,,,,,,,,,,,,,,,,,,,,,,252.993,1.22040693650059,252.993,1.23689536611699,252.993,1.25462434953522,252.993,1.2593636303766,252.993,1.19188282473269,,,,,,,,,,,,,,,,,,,,,,,,,,,,,,,,,,,,,,,,,,,,,,,,,,,,,,,,,,,,,,,,,,,,,,,,,,,,,,,,,,,,,,,,,,,,,,,,,,,,,,,,,,,,,
,,,,,,,,,,,,,,,,,,,,,,253.492,1.21939163641002,253.492,1.23194957354685,253.492,1.25246103217916,253.492,1.2679233909901,253.492,1.20079322116924,,,,,,,,,,,,,,,,,,,,,,,,,,,,,,,,,,,,,,,,,,,,,,,,,,,,,,,,,,,,,,,,,,,,,,,,,,,,,,,,,,,,,,,,,,,,,,,,,,,,,,,,,,,,,
,,,,,,,,,,,,,,,,,,,,,,253.991,1.22001528291715,253.991,1.22988758237924,253.991,1.25348599076549,253.991,1.26526297595634,253.991,1.19658644232989,,,,,,,,,,,,,,,,,,,,,,,,,,,,,,,,,,,,,,,,,,,,,,,,,,,,,,,,,,,,,,,,,,,,,,,,,,,,,,,,,,,,,,,,,,,,,,,,,,,,,,,,,,,,,
,,,,,,,,,,,,,,,,,,,,,,254.49,1.22553145092871,254.49,1.22680421064372,254.49,1.25922314623707,254.49,1.26637163276038,254.49,1.19691370114158,,,,,,,,,,,,,,,,,,,,,,,,,,,,,,,,,,,,,,,,,,,,,,,,,,,,,,,,,,,,,,,,,,,,,,,,,,,,,,,,,,,,,,,,,,,,,,,,,,,,,,,,,,,,,
,,,,,,,,,,,,,,,,,,,,,,254.989,1.22916352110979,254.989,1.22681877831238,254.989,1.26146501763633,254.989,1.26198563974065,254.989,1.19542711419957,,,,,,,,,,,,,,,,,,,,,,,,,,,,,,,,,,,,,,,,,,,,,,,,,,,,,,,,,,,,,,,,,,,,,,,,,,,,,,,,,,,,,,,,,,,,,,,,,,,,,,,,,,,,,
,,,,,,,,,,,,,,,,,,,,,,255.488,1.22410706552097,255.488,1.22928952339453,255.488,1.25677708590185,255.488,1.26086181276753,255.488,1.19823929647888,,,,,,,,,,,,,,,,,,,,,,,,,,,,,,,,,,,,,,,,,,,,,,,,,,,,,,,,,,,,,,,,,,,,,,,,,,,,,,,,,,,,,,,,,,,,,,,,,,,,,,,,,,,,,
,,,,,,,,,,,,,,,,,,,,,,255.987,1.22402337523804,255.987,1.22968682191215,255.987,1.24548005664435,255.987,1.25709190058256,255.987,1.20403518301819,,,,,,,,,,,,,,,,,,,,,,,,,,,,,,,,,,,,,,,,,,,,,,,,,,,,,,,,,,,,,,,,,,,,,,,,,,,,,,,,,,,,,,,,,,,,,,,,,,,,,,,,,,,,,
,,,,,,,,,,,,,,,,,,,,,,256.486,1.22080396683895,256.486,1.23049810305256,256.486,1.25204945256136,256.486,1.25777951193847,256.486,1.20545464737553,,,,,,,,,,,,,,,,,,,,,,,,,,,,,,,,,,,,,,,,,,,,,,,,,,,,,,,,,,,,,,,,,,,,,,,,,,,,,,,,,,,,,,,,,,,,,,,,,,,,,,,,,,,,,
,,,,,,,,,,,,,,,,,,,,,,256.985,1.22899635419663,256.985,1.24038777519942,256.985,1.25047411324558,256.985,1.26336732592354,256.985,1.20332009395045,,,,,,,,,,,,,,,,,,,,,,,,,,,,,,,,,,,,,,,,,,,,,,,,,,,,,,,,,,,,,,,,,,,,,,,,,,,,,,,,,,,,,,,,,,,,,,,,,,,,,,,,,,,,,
,,,,,,,,,,,,,,,,,,,,,,257.484,1.21983726444555,257.484,1.23524754520167,257.484,1.25841379592402,257.484,1.25988886237613,257.484,1.20716024960644,,,,,,,,,,,,,,,,,,,,,,,,,,,,,,,,,,,,,,,,,,,,,,,,,,,,,,,,,,,,,,,,,,,,,,,,,,,,,,,,,,,,,,,,,,,,,,,,,,,,,,,,,,,,,
,,,,,,,,,,,,,,,,,,,,,,257.983,1.22395694684577,257.983,1.23474084056983,257.983,1.26324764386968,257.983,1.26336392311542,257.983,1.20314328459676,,,,,,,,,,,,,,,,,,,,,,,,,,,,,,,,,,,,,,,,,,,,,,,,,,,,,,,,,,,,,,,,,,,,,,,,,,,,,,,,,,,,,,,,,,,,,,,,,,,,,,,,,,,,,
,,,,,,,,,,,,,,,,,,,,,,258.482,1.22179526318364,258.482,1.23757495218667,258.482,1.26043665055676,258.482,1.26588893002517,258.482,1.19391075981078,,,,,,,,,,,,,,,,,,,,,,,,,,,,,,,,,,,,,,,,,,,,,,,,,,,,,,,,,,,,,,,,,,,,,,,,,,,,,,,,,,,,,,,,,,,,,,,,,,,,,,,,,,,,,
,,,,,,,,,,,,,,,,,,,,,,258.981,1.21466385678789,258.981,1.2350176503831,258.981,1.25337103417517,258.981,1.262082866161,258.981,1.20049492302422,,,,,,,,,,,,,,,,,,,,,,,,,,,,,,,,,,,,,,,,,,,,,,,,,,,,,,,,,,,,,,,,,,,,,,,,,,,,,,,,,,,,,,,,,,,,,,,,,,,,,,,,,,,,,
,,,,,,,,,,,,,,,,,,,,,,259.48,1.22495152326464,259.48,1.23729673298735,259.48,1.25450069655337,259.48,1.26267470684701,259.48,1.20134165071522,,,,,,,,,,,,,,,,,,,,,,,,,,,,,,,,,,,,,,,,,,,,,,,,,,,,,,,,,,,,,,,,,,,,,,,,,,,,,,,,,,,,,,,,,,,,,,,,,,,,,,,,,,,,,
,,,,,,,,,,,,,,,,,,,,,,259.979,1.22448376608424,259.979,1.23658287318955,259.979,1.25250765982235,259.979,1.26959715038179,259.979,1.20671509698777,,,,,,,,,,,,,,,,,,,,,,,,,,,,,,,,,,,,,,,,,,,,,,,,,,,,,,,,,,,,,,,,,,,,,,,,,,,,,,,,,,,,,,,,,,,,,,,,,,,,,,,,,,,,,
,,,,,,,,,,,,,,,,,,,,,,260.478,1.22384995292028,260.478,1.23516142426222,260.478,1.25310884219156,260.478,1.26016689976327,260.478,1.20319941744077,,,,,,,,,,,,,,,,,,,,,,,,,,,,,,,,,,,,,,,,,,,,,,,,,,,,,,,,,,,,,,,,,,,,,,,,,,,,,,,,,,,,,,,,,,,,,,,,,,,,,,,,,,,,,
,,,,,,,,,,,,,,,,,,,,,,260.977,1.22121844447666,260.977,1.23831308420382,260.977,1.25796500735202,260.977,1.26960099852569,260.977,1.21038358231635,,,,,,,,,,,,,,,,,,,,,,,,,,,,,,,,,,,,,,,,,,,,,,,,,,,,,,,,,,,,,,,,,,,,,,,,,,,,,,,,,,,,,,,,,,,,,,,,,,,,,,,,,,,,,
,,,,,,,,,,,,,,,,,,,,,,261.476,1.22293490261455,261.476,1.24037245502603,261.476,1.25259663874284,261.476,1.26209954624555,261.476,1.1994443141339,,,,,,,,,,,,,,,,,,,,,,,,,,,,,,,,,,,,,,,,,,,,,,,,,,,,,,,,,,,,,,,,,,,,,,,,,,,,,,,,,,,,,,,,,,,,,,,,,,,,,,,,,,,,,
,,,,,,,,,,,,,,,,,,,,,,261.975,1.2253755043137,261.975,1.24006482647871,261.975,1.25596916497113,261.975,1.26505562139875,261.975,1.20458052888962,,,,,,,,,,,,,,,,,,,,,,,,,,,,,,,,,,,,,,,,,,,,,,,,,,,,,,,,,,,,,,,,,,,,,,,,,,,,,,,,,,,,,,,,,,,,,,,,,,,,,,,,,,,,,
,,,,,,,,,,,,,,,,,,,,,,262.474,1.22246941881587,262.474,1.2305724753921,262.474,1.25208300294891,262.474,1.26638728486681,262.474,1.19322839600076,,,,,,,,,,,,,,,,,,,,,,,,,,,,,,,,,,,,,,,,,,,,,,,,,,,,,,,,,,,,,,,,,,,,,,,,,,,,,,,,,,,,,,,,,,,,,,,,,,,,,,,,,,,,,
,,,,,,,,,,,,,,,,,,,,,,262.973,1.22694250957695,262.973,1.22914753140993,262.973,1.25999776163688,262.973,1.26910185679809,262.973,1.20053029709407,,,,,,,,,,,,,,,,,,,,,,,,,,,,,,,,,,,,,,,,,,,,,,,,,,,,,,,,,,,,,,,,,,,,,,,,,,,,,,,,,,,,,,,,,,,,,,,,,,,,,,,,,,,,,
,,,,,,,,,,,,,,,,,,,,,,263.472,1.21517445929143,263.472,1.23465897998329,263.472,1.25599589634842,263.472,1.27408769752954,263.472,1.20114352612707,,,,,,,,,,,,,,,,,,,,,,,,,,,,,,,,,,,,,,,,,,,,,,,,,,,,,,,,,,,,,,,,,,,,,,,,,,,,,,,,,,,,,,,,,,,,,,,,,,,,,,,,,,,,,
,,,,,,,,,,,,,,,,,,,,,,263.971,1.22558799751295,263.971,1.2327008687189,263.971,1.25802146413613,263.971,1.27373792483047,263.971,1.19996892483801,,,,,,,,,,,,,,,,,,,,,,,,,,,,,,,,,,,,,,,,,,,,,,,,,,,,,,,,,,,,,,,,,,,,,,,,,,,,,,,,,,,,,,,,,,,,,,,,,,,,,,,,,,,,,
,,,,,,,,,,,,,,,,,,,,,,264.47,1.21825159351924,264.47,1.23597950857338,264.47,1.25584527179248,264.47,1.26729167245123,264.47,1.20201505502756,,,,,,,,,,,,,,,,,,,,,,,,,,,,,,,,,,,,,,,,,,,,,,,,,,,,,,,,,,,,,,,,,,,,,,,,,,,,,,,,,,,,,,,,,,,,,,,,,,,,,,,,,,,,,
,,,,,,,,,,,,,,,,,,,,,,264.969,1.2205013887225,264.969,1.23881774196139,264.969,1.25513771849953,264.969,1.27209309199834,264.969,1.20491946582384,,,,,,,,,,,,,,,,,,,,,,,,,,,,,,,,,,,,,,,,,,,,,,,,,,,,,,,,,,,,,,,,,,,,,,,,,,,,,,,,,,,,,,,,,,,,,,,,,,,,,,,,,,,,,
,,,,,,,,,,,,,,,,,,,,,,265.468,1.21695878980302,265.468,1.23148869737533,265.468,1.2596359338644,265.468,1.26881423604078,265.468,1.20233924800206,,,,,,,,,,,,,,,,,,,,,,,,,,,,,,,,,,,,,,,,,,,,,,,,,,,,,,,,,,,,,,,,,,,,,,,,,,,,,,,,,,,,,,,,,,,,,,,,,,,,,,,,,,,,,
,,,,,,,,,,,,,,,,,,,,,,265.967,1.22494855599331,265.967,1.23404419934068,265.967,1.25621040352023,265.967,1.26216230655202,265.967,1.20863316122201,,,,,,,,,,,,,,,,,,,,,,,,,,,,,,,,,,,,,,,,,,,,,,,,,,,,,,,,,,,,,,,,,,,,,,,,,,,,,,,,,,,,,,,,,,,,,,,,,,,,,,,,,,,,,
,,,,,,,,,,,,,,,,,,,,,,266.466,1.22402679883854,266.466,1.24462569251482,266.466,1.25109989614991,266.466,1.27594568131823,266.466,1.20022090526417,,,,,,,,,,,,,,,,,,,,,,,,,,,,,,,,,,,,,,,,,,,,,,,,,,,,,,,,,,,,,,,,,,,,,,,,,,,,,,,,,,,,,,,,,,,,,,,,,,,,,,,,,,,,,
,,,,,,,,,,,,,,,,,,,,,,266.965,1.2256594875744,266.965,1.24156087514731,266.965,1.26284646970259,266.965,1.26817001164771,266.965,1.20579512161815,,,,,,,,,,,,,,,,,,,,,,,,,,,,,,,,,,,,,,,,,,,,,,,,,,,,,,,,,,,,,,,,,,,,,,,,,,,,,,,,,,,,,,,,,,,,,,,,,,,,,,,,,,,,,
,,,,,,,,,,,,,,,,,,,,,,267.464,1.22410496696187,267.464,1.23486163407485,267.464,1.26178317918995,267.464,1.27337499385683,267.464,1.20610660500456,,,,,,,,,,,,,,,,,,,,,,,,,,,,,,,,,,,,,,,,,,,,,,,,,,,,,,,,,,,,,,,,,,,,,,,,,,,,,,,,,,,,,,,,,,,,,,,,,,,,,,,,,,,,,
,,,,,,,,,,,,,,,,,,,,,,267.963,1.21535544373433,267.963,1.24127795121211,267.963,1.24662266112561,267.963,1.26848267871035,267.963,1.20991455919141,,,,,,,,,,,,,,,,,,,,,,,,,,,,,,,,,,,,,,,,,,,,,,,,,,,,,,,,,,,,,,,,,,,,,,,,,,,,,,,,,,,,,,,,,,,,,,,,,,,,,,,,,,,,,
,,,,,,,,,,,,,,,,,,,,,,268.462,1.22398973445226,268.462,1.23015510621286,268.462,1.25177724095997,268.462,1.27587628462684,268.462,1.20511737368094,,,,,,,,,,,,,,,,,,,,,,,,,,,,,,,,,,,,,,,,,,,,,,,,,,,,,,,,,,,,,,,,,,,,,,,,,,,,,,,,,,,,,,,,,,,,,,,,,,,,,,,,,,,,,
,,,,,,,,,,,,,,,,,,,,,,268.961,1.2293693404694,268.961,1.23408953714995,268.961,1.2600931247848,268.961,1.26920036384489,268.961,1.20596359699153,,,,,,,,,,,,,,,,,,,,,,,,,,,,,,,,,,,,,,,,,,,,,,,,,,,,,,,,,,,,,,,,,,,,,,,,,,,,,,,,,,,,,,,,,,,,,,,,,,,,,,,,,,,,,
,,,,,,,,,,,,,,,,,,,,,,269.46,1.23224010323056,269.46,1.23603735897719,269.46,1.25176274509129,269.46,1.26758765301679,269.46,1.21108758333457,,,,,,,,,,,,,,,,,,,,,,,,,,,,,,,,,,,,,,,,,,,,,,,,,,,,,,,,,,,,,,,,,,,,,,,,,,,,,,,,,,,,,,,,,,,,,,,,,,,,,,,,,,,,,
,,,,,,,,,,,,,,,,,,,,,,269.959,1.22399972643615,269.959,1.22856066059783,269.959,1.25047194231474,269.959,1.26732239265958,269.959,1.20604291861868,,,,,,,,,,,,,,,,,,,,,,,,,,,,,,,,,,,,,,,,,,,,,,,,,,,,,,,,,,,,,,,,,,,,,,,,,,,,,,,,,,,,,,,,,,,,,,,,,,,,,,,,,,,,,
,,,,,,,,,,,,,,,,,,,,,,270.458,1.2220921411018,270.458,1.24357387538487,270.458,1.25078566183618,270.458,1.2635980982217,270.458,1.20454548332623,,,,,,,,,,,,,,,,,,,,,,,,,,,,,,,,,,,,,,,,,,,,,,,,,,,,,,,,,,,,,,,,,,,,,,,,,,,,,,,,,,,,,,,,,,,,,,,,,,,,,,,,,,,,,
,,,,,,,,,,,,,,,,,,,,,,270.957,1.2308923212799,270.957,1.23583083152803,270.957,1.25787119469646,270.957,1.26036216787849,270.957,1.20678029854721,,,,,,,,,,,,,,,,,,,,,,,,,,,,,,,,,,,,,,,,,,,,,,,,,,,,,,,,,,,,,,,,,,,,,,,,,,,,,,,,,,,,,,,,,,,,,,,,,,,,,,,,,,,,,
,,,,,,,,,,,,,,,,,,,,,,271.456,1.22913169731806,271.456,1.23577123019919,271.456,1.25676302770151,271.456,1.26323540526245,271.456,1.20397579981565,,,,,,,,,,,,,,,,,,,,,,,,,,,,,,,,,,,,,,,,,,,,,,,,,,,,,,,,,,,,,,,,,,,,,,,,,,,,,,,,,,,,,,,,,,,,,,,,,,,,,,,,,,,,,
,,,,,,,,,,,,,,,,,,,,,,271.955,1.22900663022235,271.955,1.23798068529243,271.955,1.25940111398327,271.955,1.25333306115473,271.955,1.21270920133555,,,,,,,,,,,,,,,,,,,,,,,,,,,,,,,,,,,,,,,,,,,,,,,,,,,,,,,,,,,,,,,,,,,,,,,,,,,,,,,,,,,,,,,,,,,,,,,,,,,,,,,,,,,,,
,,,,,,,,,,,,,,,,,,,,,,272.454,1.2352762131244,272.454,1.24153842087879,272.454,1.25811633410511,272.454,1.2704276131196,272.454,1.20726134601086,,,,,,,,,,,,,,,,,,,,,,,,,,,,,,,,,,,,,,,,,,,,,,,,,,,,,,,,,,,,,,,,,,,,,,,,,,,,,,,,,,,,,,,,,,,,,,,,,,,,,,,,,,,,,
,,,,,,,,,,,,,,,,,,,,,,272.953,1.2252344672344,272.953,1.23691856643257,272.953,1.25776643495585,272.953,1.25356612713129,272.953,1.20861066778318,,,,,,,,,,,,,,,,,,,,,,,,,,,,,,,,,,,,,,,,,,,,,,,,,,,,,,,,,,,,,,,,,,,,,,,,,,,,,,,,,,,,,,,,,,,,,,,,,,,,,,,,,,,,,
,,,,,,,,,,,,,,,,,,,,,,273.452,1.22415792801129,273.452,1.23038433210022,273.452,1.25859820356851,273.452,1.26067164521135,273.452,1.20851157170631,,,,,,,,,,,,,,,,,,,,,,,,,,,,,,,,,,,,,,,,,,,,,,,,,,,,,,,,,,,,,,,,,,,,,,,,,,,,,,,,,,,,,,,,,,,,,,,,,,,,,,,,,,,,,
,,,,,,,,,,,,,,,,,,,,,,273.951,1.22236776061466,273.951,1.2331174499305,273.951,1.25469596534141,273.951,1.26747539049741,273.951,1.21565662617497,,,,,,,,,,,,,,,,,,,,,,,,,,,,,,,,,,,,,,,,,,,,,,,,,,,,,,,,,,,,,,,,,,,,,,,,,,,,,,,,,,,,,,,,,,,,,,,,,,,,,,,,,,,,,
,,,,,,,,,,,,,,,,,,,,,,274.45,1.22271032428318,274.45,1.22958549386594,274.45,1.25029702212675,274.45,1.26823843736361,274.45,1.21095754489058,,,,,,,,,,,,,,,,,,,,,,,,,,,,,,,,,,,,,,,,,,,,,,,,,,,,,,,,,,,,,,,,,,,,,,,,,,,,,,,,,,,,,,,,,,,,,,,,,,,,,,,,,,,,,
,,,,,,,,,,,,,,,,,,,,,,274.949,1.2278234875728,274.949,1.23566036079812,274.949,1.25078540291665,274.949,1.26586873014001,274.949,1.21052364880305,,,,,,,,,,,,,,,,,,,,,,,,,,,,,,,,,,,,,,,,,,,,,,,,,,,,,,,,,,,,,,,,,,,,,,,,,,,,,,,,,,,,,,,,,,,,,,,,,,,,,,,,,,,,,
,,,,,,,,,,,,,,,,,,,,,,275.448,1.2241325290425,275.448,1.23861725846735,275.448,1.25431459525666,275.448,1.26595294654367,275.448,1.22518543015903,,,,,,,,,,,,,,,,,,,,,,,,,,,,,,,,,,,,,,,,,,,,,,,,,,,,,,,,,,,,,,,,,,,,,,,,,,,,,,,,,,,,,,,,,,,,,,,,,,,,,,,,,,,,,
,,,,,,,,,,,,,,,,,,,,,,275.947,1.22664953044745,275.947,1.23618543295215,275.947,1.25224203555043,275.947,1.26776716727873,275.947,1.21786044946434,,,,,,,,,,,,,,,,,,,,,,,,,,,,,,,,,,,,,,,,,,,,,,,,,,,,,,,,,,,,,,,,,,,,,,,,,,,,,,,,,,,,,,,,,,,,,,,,,,,,,,,,,,,,,
,,,,,,,,,,,,,,,,,,,,,,276.446,1.22677726988636,276.446,1.23264329253747,276.446,1.25845756827706,276.446,1.26887164421606,276.446,1.20930354623182,,,,,,,,,,,,,,,,,,,,,,,,,,,,,,,,,,,,,,,,,,,,,,,,,,,,,,,,,,,,,,,,,,,,,,,,,,,,,,,,,,,,,,,,,,,,,,,,,,,,,,,,,,,,,
,,,,,,,,,,,,,,,,,,,,,,276.945,1.21244175071731,276.945,1.23580188746912,276.945,1.2576678870357,276.945,1.26591350573349,276.945,1.20883470696171,,,,,,,,,,,,,,,,,,,,,,,,,,,,,,,,,,,,,,,,,,,,,,,,,,,,,,,,,,,,,,,,,,,,,,,,,,,,,,,,,,,,,,,,,,,,,,,,,,,,,,,,,,,,,
,,,,,,,,,,,,,,,,,,,,,,277.444,1.22892370300232,277.444,1.23423125485498,277.444,1.25803037630032,277.444,1.26524718963472,277.444,1.21516698967597,,,,,,,,,,,,,,,,,,,,,,,,,,,,,,,,,,,,,,,,,,,,,,,,,,,,,,,,,,,,,,,,,,,,,,,,,,,,,,,,,,,,,,,,,,,,,,,,,,,,,,,,,,,,,
,,,,,,,,,,,,,,,,,,,,,,277.943,1.22503043619776,277.943,1.24581349516552,277.943,1.2529042806427,277.943,1.26099709434746,277.943,1.21403556877541,,,,,,,,,,,,,,,,,,,,,,,,,,,,,,,,,,,,,,,,,,,,,,,,,,,,,,,,,,,,,,,,,,,,,,,,,,,,,,,,,,,,,,,,,,,,,,,,,,,,,,,,,,,,,
,,,,,,,,,,,,,,,,,,,,,,278.442,1.22287759144201,278.442,1.23441184457049,278.442,1.2463157763888,278.442,1.25779376492885,278.442,1.21283142326089,,,,,,,,,,,,,,,,,,,,,,,,,,,,,,,,,,,,,,,,,,,,,,,,,,,,,,,,,,,,,,,,,,,,,,,,,,,,,,,,,,,,,,,,,,,,,,,,,,,,,,,,,,,,,
,,,,,,,,,,,,,,,,,,,,,,278.941,1.22358398159341,278.941,1.23450917233391,278.941,1.25489443458683,278.941,1.26207300133206,278.941,1.21573619602805,,,,,,,,,,,,,,,,,,,,,,,,,,,,,,,,,,,,,,,,,,,,,,,,,,,,,,,,,,,,,,,,,,,,,,,,,,,,,,,,,,,,,,,,,,,,,,,,,,,,,,,,,,,,,
,,,,,,,,,,,,,,,,,,,,,,279.44,1.21263421433031,279.44,1.23567515736685,279.44,1.25267770509183,279.44,1.26271606051029,279.44,1.21209582723497,,,,,,,,,,,,,,,,,,,,,,,,,,,,,,,,,,,,,,,,,,,,,,,,,,,,,,,,,,,,,,,,,,,,,,,,,,,,,,,,,,,,,,,,,,,,,,,,,,,,,,,,,,,,,
,,,,,,,,,,,,,,,,,,,,,,279.939,1.2196717873757,279.939,1.23897153927884,279.939,1.25475554584392,279.939,1.26871831707112,279.939,1.21277084562639,,,,,,,,,,,,,,,,,,,,,,,,,,,,,,,,,,,,,,,,,,,,,,,,,,,,,,,,,,,,,,,,,,,,,,,,,,,,,,,,,,,,,,,,,,,,,,,,,,,,,,,,,,,,,
,,,,,,,,,,,,,,,,,,,,,,280.438,1.21966178766779,280.438,1.23621723608384,280.438,1.25709797523945,280.438,1.27057078513002,280.438,1.20474609100697,,,,,,,,,,,,,,,,,,,,,,,,,,,,,,,,,,,,,,,,,,,,,,,,,,,,,,,,,,,,,,,,,,,,,,,,,,,,,,,,,,,,,,,,,,,,,,,,,,,,,,,,,,,,,
,,,,,,,,,,,,,,,,,,,,,,280.937,1.21750200762429,280.937,1.23450537628526,280.937,1.24619824136921,280.937,1.26083154656132,280.937,1.21245255319544,,,,,,,,,,,,,,,,,,,,,,,,,,,,,,,,,,,,,,,,,,,,,,,,,,,,,,,,,,,,,,,,,,,,,,,,,,,,,,,,,,,,,,,,,,,,,,,,,,,,,,,,,,,,,
,,,,,,,,,,,,,,,,,,,,,,281.436,1.22033311511968,281.436,1.23926361788334,281.436,1.24950563848773,281.436,1.26253727531153,281.436,1.21162915023835,,,,,,,,,,,,,,,,,,,,,,,,,,,,,,,,,,,,,,,,,,,,,,,,,,,,,,,,,,,,,,,,,,,,,,,,,,,,,,,,,,,,,,,,,,,,,,,,,,,,,,,,,,,,,
,,,,,,,,,,,,,,,,,,,,,,281.935,1.22273734053247,281.935,1.23668332088346,281.935,1.25160193014458,281.935,1.25985533927712,281.935,1.20945040820617,,,,,,,,,,,,,,,,,,,,,,,,,,,,,,,,,,,,,,,,,,,,,,,,,,,,,,,,,,,,,,,,,,,,,,,,,,,,,,,,,,,,,,,,,,,,,,,,,,,,,,,,,,,,,
,,,,,,,,,,,,,,,,,,,,,,282.434,1.22360116414814,282.434,1.24525088894799,282.434,1.25128194713492,282.434,1.26146893278453,282.434,1.21186485077284,,,,,,,,,,,,,,,,,,,,,,,,,,,,,,,,,,,,,,,,,,,,,,,,,,,,,,,,,,,,,,,,,,,,,,,,,,,,,,,,,,,,,,,,,,,,,,,,,,,,,,,,,,,,,
,,,,,,,,,,,,,,,,,,,,,,282.933,1.21800575535534,282.933,1.24159524235379,282.933,1.24798816525619,282.933,1.26176375920006,282.933,1.21896171281778,,,,,,,,,,,,,,,,,,,,,,,,,,,,,,,,,,,,,,,,,,,,,,,,,,,,,,,,,,,,,,,,,,,,,,,,,,,,,,,,,,,,,,,,,,,,,,,,,,,,,,,,,,,,,
,,,,,,,,,,,,,,,,,,,,,,283.432,1.22504510217203,283.432,1.23282146593108,283.432,1.25281939640062,283.432,1.26547178217575,283.432,1.20999869982468,,,,,,,,,,,,,,,,,,,,,,,,,,,,,,,,,,,,,,,,,,,,,,,,,,,,,,,,,,,,,,,,,,,,,,,,,,,,,,,,,,,,,,,,,,,,,,,,,,,,,,,,,,,,,
,,,,,,,,,,,,,,,,,,,,,,283.931,1.22200420082346,283.931,1.23541867747266,283.931,1.25864401413047,283.931,1.26339324098213,283.931,1.20438067825313,,,,,,,,,,,,,,,,,,,,,,,,,,,,,,,,,,,,,,,,,,,,,,,,,,,,,,,,,,,,,,,,,,,,,,,,,,,,,,,,,,,,,,,,,,,,,,,,,,,,,,,,,,,,,
,,,,,,,,,,,,,,,,,,,,,,284.43,1.22919877926519,284.43,1.2366294428557,284.43,1.25466596360751,284.43,1.26546163730855,284.43,1.20665236918116,,,,,,,,,,,,,,,,,,,,,,,,,,,,,,,,,,,,,,,,,,,,,,,,,,,,,,,,,,,,,,,,,,,,,,,,,,,,,,,,,,,,,,,,,,,,,,,,,,,,,,,,,,,,,
,,,,,,,,,,,,,,,,,,,,,,284.929,1.22714620554625,284.929,1.23021642616349,284.929,1.25668340304633,284.929,1.27009152984859,284.929,1.21610531684199,,,,,,,,,,,,,,,,,,,,,,,,,,,,,,,,,,,,,,,,,,,,,,,,,,,,,,,,,,,,,,,,,,,,,,,,,,,,,,,,,,,,,,,,,,,,,,,,,,,,,,,,,,,,,
,,,,,,,,,,,,,,,,,,,,,,285.428,1.22512338484222,285.428,1.23774866502378,285.428,1.24882178481877,285.428,1.26127736667508,285.428,1.20970765085524,,,,,,,,,,,,,,,,,,,,,,,,,,,,,,,,,,,,,,,,,,,,,,,,,,,,,,,,,,,,,,,,,,,,,,,,,,,,,,,,,,,,,,,,,,,,,,,,,,,,,,,,,,,,,
,,,,,,,,,,,,,,,,,,,,,,285.927,1.22167983225867,285.927,1.23548024222204,285.927,1.25636837599109,285.927,1.26325022777731,285.927,1.2086605397042,,,,,,,,,,,,,,,,,,,,,,,,,,,,,,,,,,,,,,,,,,,,,,,,,,,,,,,,,,,,,,,,,,,,,,,,,,,,,,,,,,,,,,,,,,,,,,,,,,,,,,,,,,,,,
,,,,,,,,,,,,,,,,,,,,,,286.426,1.23362147322273,286.426,1.23781571509428,286.426,1.25538633237557,286.426,1.26616818032542,286.426,1.21297572872374,,,,,,,,,,,,,,,,,,,,,,,,,,,,,,,,,,,,,,,,,,,,,,,,,,,,,,,,,,,,,,,,,,,,,,,,,,,,,,,,,,,,,,,,,,,,,,,,,,,,,,,,,,,,,
,,,,,,,,,,,,,,,,,,,,,,286.925,1.22273603380585,286.925,1.24247276299512,286.925,1.25653883238004,286.925,1.27200636833775,286.925,1.2158756033565,,,,,,,,,,,,,,,,,,,,,,,,,,,,,,,,,,,,,,,,,,,,,,,,,,,,,,,,,,,,,,,,,,,,,,,,,,,,,,,,,,,,,,,,,,,,,,,,,,,,,,,,,,,,,
,,,,,,,,,,,,,,,,,,,,,,287.424,1.22355689085693,287.424,1.2360944821923,287.424,1.24291729273566,287.424,1.26638608608809,287.424,1.21201432402379,,,,,,,,,,,,,,,,,,,,,,,,,,,,,,,,,,,,,,,,,,,,,,,,,,,,,,,,,,,,,,,,,,,,,,,,,,,,,,,,,,,,,,,,,,,,,,,,,,,,,,,,,,,,,
,,,,,,,,,,,,,,,,,,,,,,287.923,1.22541487648223,287.923,1.24970774567397,287.923,1.24942156225092,287.923,1.26934601939659,287.923,1.21089094460292,,,,,,,,,,,,,,,,,,,,,,,,,,,,,,,,,,,,,,,,,,,,,,,,,,,,,,,,,,,,,,,,,,,,,,,,,,,,,,,,,,,,,,,,,,,,,,,,,,,,,,,,,,,,,
,,,,,,,,,,,,,,,,,,,,,,288.422,1.21978769272229,288.422,1.24012823796023,288.422,1.24982063098743,288.422,1.26669819322568,288.422,1.21514791067536,,,,,,,,,,,,,,,,,,,,,,,,,,,,,,,,,,,,,,,,,,,,,,,,,,,,,,,,,,,,,,,,,,,,,,,,,,,,,,,,,,,,,,,,,,,,,,,,,,,,,,,,,,,,,
,,,,,,,,,,,,,,,,,,,,,,288.921,1.22433871113443,288.921,1.24204396645021,288.921,1.26140031417462,288.921,1.26641377087604,288.921,1.21068199831971,,,,,,,,,,,,,,,,,,,,,,,,,,,,,,,,,,,,,,,,,,,,,,,,,,,,,,,,,,,,,,,,,,,,,,,,,,,,,,,,,,,,,,,,,,,,,,,,,,,,,,,,,,,,,
,,,,,,,,,,,,,,,,,,,,,,289.42,1.22291691574836,289.42,1.24099915512847,289.42,1.24703320020739,289.42,1.27106230571032,289.42,1.20078190626678,,,,,,,,,,,,,,,,,,,,,,,,,,,,,,,,,,,,,,,,,,,,,,,,,,,,,,,,,,,,,,,,,,,,,,,,,,,,,,,,,,,,,,,,,,,,,,,,,,,,,,,,,,,,,
,,,,,,,,,,,,,,,,,,,,,,289.919,1.22075182035949,289.919,1.24726770847455,289.919,1.25427764907021,289.919,1.26898608169339,289.919,1.20420177673854,,,,,,,,,,,,,,,,,,,,,,,,,,,,,,,,,,,,,,,,,,,,,,,,,,,,,,,,,,,,,,,,,,,,,,,,,,,,,,,,,,,,,,,,,,,,,,,,,,,,,,,,,,,,,
,,,,,,,,,,,,,,,,,,,,,,290.418,1.22367701125874,290.418,1.23903156057908,290.418,1.24926534073948,290.418,1.27250181691094,290.418,1.20364534443303,,,,,,,,,,,,,,,,,,,,,,,,,,,,,,,,,,,,,,,,,,,,,,,,,,,,,,,,,,,,,,,,,,,,,,,,,,,,,,,,,,,,,,,,,,,,,,,,,,,,,,,,,,,,,
,,,,,,,,,,,,,,,,,,,,,,290.917,1.22185061745385,290.917,1.2379611772281,290.917,1.25782801954012,290.917,1.26773258193446,290.917,1.20277645413338,,,,,,,,,,,,,,,,,,,,,,,,,,,,,,,,,,,,,,,,,,,,,,,,,,,,,,,,,,,,,,,,,,,,,,,,,,,,,,,,,,,,,,,,,,,,,,,,,,,,,,,,,,,,,
,,,,,,,,,,,,,,,,,,,,,,291.416,1.22055850569607,291.416,1.23253705903495,291.416,1.25921534842401,291.416,1.27144009010581,291.416,1.21014973350069,,,,,,,,,,,,,,,,,,,,,,,,,,,,,,,,,,,,,,,,,,,,,,,,,,,,,,,,,,,,,,,,,,,,,,,,,,,,,,,,,,,,,,,,,,,,,,,,,,,,,,,,,,,,,
,,,,,,,,,,,,,,,,,,,,,,291.915,1.22314944536129,291.915,1.23395860694619,291.915,1.26046278578524,291.915,1.26826993081336,291.915,1.19756619287785,,,,,,,,,,,,,,,,,,,,,,,,,,,,,,,,,,,,,,,,,,,,,,,,,,,,,,,,,,,,,,,,,,,,,,,,,,,,,,,,,,,,,,,,,,,,,,,,,,,,,,,,,,,,,
,,,,,,,,,,,,,,,,,,,,,,292.414,1.23435261100255,292.414,1.24193932764877,292.414,1.25088782842232,292.414,1.2683972648598,292.414,1.20644058501826,,,,,,,,,,,,,,,,,,,,,,,,,,,,,,,,,,,,,,,,,,,,,,,,,,,,,,,,,,,,,,,,,,,,,,,,,,,,,,,,,,,,,,,,,,,,,,,,,,,,,,,,,,,,,
,,,,,,,,,,,,,,,,,,,,,,292.913,1.22839272162119,292.913,1.24810457148326,292.913,1.2575201133923,292.913,1.26966899874137,292.913,1.20640037509953,,,,,,,,,,,,,,,,,,,,,,,,,,,,,,,,,,,,,,,,,,,,,,,,,,,,,,,,,,,,,,,,,,,,,,,,,,,,,,,,,,,,,,,,,,,,,,,,,,,,,,,,,,,,,
,,,,,,,,,,,,,,,,,,,,,,293.412,1.22416570758595,293.412,1.24357632013816,293.412,1.25409322086452,293.412,1.27152751869067,293.412,1.21455175357183,,,,,,,,,,,,,,,,,,,,,,,,,,,,,,,,,,,,,,,,,,,,,,,,,,,,,,,,,,,,,,,,,,,,,,,,,,,,,,,,,,,,,,,,,,,,,,,,,,,,,,,,,,,,,
,,,,,,,,,,,,,,,,,,,,,,293.911,1.21947411716414,293.911,1.2398205907195,293.911,1.24786911514875,293.911,1.27642253138431,293.911,1.20725879355033,,,,,,,,,,,,,,,,,,,,,,,,,,,,,,,,,,,,,,,,,,,,,,,,,,,,,,,,,,,,,,,,,,,,,,,,,,,,,,,,,,,,,,,,,,,,,,,,,,,,,,,,,,,,,
,,,,,,,,,,,,,,,,,,,,,,294.41,1.22922683075877,294.41,1.2437088588387,294.41,1.2526324699288,294.41,1.26881528786292,294.41,1.21241063887303,,,,,,,,,,,,,,,,,,,,,,,,,,,,,,,,,,,,,,,,,,,,,,,,,,,,,,,,,,,,,,,,,,,,,,,,,,,,,,,,,,,,,,,,,,,,,,,,,,,,,,,,,,,,,
,,,,,,,,,,,,,,,,,,,,,,294.909,1.22300642960888,294.909,1.23423851503224,294.909,1.24590458466087,294.909,1.27339553553774,294.909,1.20865213827596,,,,,,,,,,,,,,,,,,,,,,,,,,,,,,,,,,,,,,,,,,,,,,,,,,,,,,,,,,,,,,,,,,,,,,,,,,,,,,,,,,,,,,,,,,,,,,,,,,,,,,,,,,,,,
,,,,,,,,,,,,,,,,,,,,,,295.408,1.22621964258618,295.408,1.23503142576789,295.408,1.24796107844374,295.408,1.27498920968929,295.408,1.22191490139709,,,,,,,,,,,,,,,,,,,,,,,,,,,,,,,,,,,,,,,,,,,,,,,,,,,,,,,,,,,,,,,,,,,,,,,,,,,,,,,,,,,,,,,,,,,,,,,,,,,,,,,,,,,,,
,,,,,,,,,,,,,,,,,,,,,,295.907,1.224427547455,295.907,1.24082265850006,295.907,1.24917168411389,295.907,1.27575319727416,295.907,1.22027238443501,,,,,,,,,,,,,,,,,,,,,,,,,,,,,,,,,,,,,,,,,,,,,,,,,,,,,,,,,,,,,,,,,,,,,,,,,,,,,,,,,,,,,,,,,,,,,,,,,,,,,,,,,,,,,
,,,,,,,,,,,,,,,,,,,,,,296.406,1.2210590750511,296.406,1.24230868469452,296.406,1.25445740448256,296.406,1.27552629707032,296.406,1.21202834453336,,,,,,,,,,,,,,,,,,,,,,,,,,,,,,,,,,,,,,,,,,,,,,,,,,,,,,,,,,,,,,,,,,,,,,,,,,,,,,,,,,,,,,,,,,,,,,,,,,,,,,,,,,,,,
,,,,,,,,,,,,,,,,,,,,,,296.905,1.22898669453253,296.905,1.24747121812149,296.905,1.24834527295568,296.905,1.27104846455197,296.905,1.21119122393372,,,,,,,,,,,,,,,,,,,,,,,,,,,,,,,,,,,,,,,,,,,,,,,,,,,,,,,,,,,,,,,,,,,,,,,,,,,,,,,,,,,,,,,,,,,,,,,,,,,,,,,,,,,,,
,,,,,,,,,,,,,,,,,,,,,,297.404,1.2268986898113,297.404,1.24248734069437,297.404,1.2540023329783,297.404,1.27123157688938,297.404,1.20416717784398,,,,,,,,,,,,,,,,,,,,,,,,,,,,,,,,,,,,,,,,,,,,,,,,,,,,,,,,,,,,,,,,,,,,,,,,,,,,,,,,,,,,,,,,,,,,,,,,,,,,,,,,,,,,,
,,,,,,,,,,,,,,,,,,,,,,297.903,1.23112976169811,297.903,1.24151566821503,297.903,1.25792866410749,297.903,1.27581006165955,297.903,1.21779337300662,,,,,,,,,,,,,,,,,,,,,,,,,,,,,,,,,,,,,,,,,,,,,,,,,,,,,,,,,,,,,,,,,,,,,,,,,,,,,,,,,,,,,,,,,,,,,,,,,,,,,,,,,,,,,
,,,,,,,,,,,,,,,,,,,,,,298.402,1.23056936192408,298.402,1.2415025628155,298.402,1.24298718148134,298.402,1.27131848533714,298.402,1.2148096627456,,,,,,,,,,,,,,,,,,,,,,,,,,,,,,,,,,,,,,,,,,,,,,,,,,,,,,,,,,,,,,,,,,,,,,,,,,,,,,,,,,,,,,,,,,,,,,,,,,,,,,,,,,,,,
,,,,,,,,,,,,,,,,,,,,,,298.901,1.22308029515472,298.901,1.24495655487561,298.901,1.25571899560736,298.901,1.27544405882678,298.901,1.21242751536772,,,,,,,,,,,,,,,,,,,,,,,,,,,,,,,,,,,,,,,,,,,,,,,,,,,,,,,,,,,,,,,,,,,,,,,,,,,,,,,,,,,,,,,,,,,,,,,,,,,,,,,,,,,,,
,,,,,,,,,,,,,,,,,,,,,,299.4,1.23046152773431,299.4,1.24143190735628,299.4,1.24797128970797,299.4,1.26995862577401,299.4,1.21322953394709,,,,,,,,,,,,,,,,,,,,,,,,,,,,,,,,,,,,,,,,,,,,,,,,,,,,,,,,,,,,,,,,,,,,,,,,,,,,,,,,,,,,,,,,,,,,,,,,,,,,,,,,,,,,,
,,,,,,,,,,,,,,,,,,,,,,299.899,1.23290614983342,299.899,1.23227567917011,299.899,1.25232905097922,299.899,1.26732130676277,299.899,1.20763582904061,,,,,,,,,,,,,,,,,,,,,,,,,,,,,,,,,,,,,,,,,,,,,,,,,,,,,,,,,,,,,,,,,,,,,,,,,,,,,,,,,,,,,,,,,,,,,,,,,,,,,,,,,,,,,
,,,,,,,,,,,,,,,,,,,,,,300.398,1.22983973366125,300.398,1.24623200159242,300.398,1.25617949507395,300.398,1.2748478763815,300.398,1.21101110040137,,,,,,,,,,,,,,,,,,,,,,,,,,,,,,,,,,,,,,,,,,,,,,,,,,,,,,,,,,,,,,,,,,,,,,,,,,,,,,,,,,,,,,,,,,,,,,,,,,,,,,,,,,,,,
,,,,,,,,,,,,,,,,,,,,,,300.897,1.24070691957952,300.897,1.24882818796438,300.897,1.24172358537842,300.897,1.27440301843081,300.897,1.20752855123353,,,,,,,,,,,,,,,,,,,,,,,,,,,,,,,,,,,,,,,,,,,,,,,,,,,,,,,,,,,,,,,,,,,,,,,,,,,,,,,,,,,,,,,,,,,,,,,,,,,,,,,,,,,,,
,,,,,,,,,,,,,,,,,,,,,,301.396,1.2281218556121,301.396,1.24255940004918,301.396,1.25583756558991,301.396,1.26447571904096,301.396,1.20870517897016,,,,,,,,,,,,,,,,,,,,,,,,,,,,,,,,,,,,,,,,,,,,,,,,,,,,,,,,,,,,,,,,,,,,,,,,,,,,,,,,,,,,,,,,,,,,,,,,,,,,,,,,,,,,,
,,,,,,,,,,,,,,,,,,,,,,301.895,1.22980291621462,301.895,1.2474948505535,301.895,1.25507289586007,301.895,1.26660228732831,301.895,1.20853142829351,,,,,,,,,,,,,,,,,,,,,,,,,,,,,,,,,,,,,,,,,,,,,,,,,,,,,,,,,,,,,,,,,,,,,,,,,,,,,,,,,,,,,,,,,,,,,,,,,,,,,,,,,,,,,
,,,,,,,,,,,,,,,,,,,,,,302.394,1.22013627873887,302.394,1.24295822673159,302.394,1.25260798589346,302.394,1.26725725221237,302.394,1.21237047299332,,,,,,,,,,,,,,,,,,,,,,,,,,,,,,,,,,,,,,,,,,,,,,,,,,,,,,,,,,,,,,,,,,,,,,,,,,,,,,,,,,,,,,,,,,,,,,,,,,,,,,,,,,,,,
,,,,,,,,,,,,,,,,,,,,,,302.893,1.23516494617365,302.893,1.23835801165481,302.893,1.25197965217796,302.893,1.26502204966725,302.893,1.21095224233349,,,,,,,,,,,,,,,,,,,,,,,,,,,,,,,,,,,,,,,,,,,,,,,,,,,,,,,,,,,,,,,,,,,,,,,,,,,,,,,,,,,,,,,,,,,,,,,,,,,,,,,,,,,,,
,,,,,,,,,,,,,,,,,,,,,,303.392,1.22759381022506,303.392,1.24038227823415,303.392,1.25152662923517,303.392,1.27077567509176,303.392,1.21270816228795,,,,,,,,,,,,,,,,,,,,,,,,,,,,,,,,,,,,,,,,,,,,,,,,,,,,,,,,,,,,,,,,,,,,,,,,,,,,,,,,,,,,,,,,,,,,,,,,,,,,,,,,,,,,,
,,,,,,,,,,,,,,,,,,,,,,303.891,1.22642345454949,303.891,1.24701356548313,303.891,1.25432470299674,303.891,1.2756427358841,303.891,1.21755213309338,,,,,,,,,,,,,,,,,,,,,,,,,,,,,,,,,,,,,,,,,,,,,,,,,,,,,,,,,,,,,,,,,,,,,,,,,,,,,,,,,,,,,,,,,,,,,,,,,,,,,,,,,,,,,
,,,,,,,,,,,,,,,,,,,,,,304.39,1.23370504722953,304.39,1.24681552296557,304.39,1.26017082081357,304.39,1.27358052406789,304.39,1.2134320232806,,,,,,,,,,,,,,,,,,,,,,,,,,,,,,,,,,,,,,,,,,,,,,,,,,,,,,,,,,,,,,,,,,,,,,,,,,,,,,,,,,,,,,,,,,,,,,,,,,,,,,,,,,,,,
,,,,,,,,,,,,,,,,,,,,,,304.889,1.22805218682777,304.889,1.24326083831355,304.889,1.25331133184189,304.889,1.26293450396556,304.889,1.21002290432972,,,,,,,,,,,,,,,,,,,,,,,,,,,,,,,,,,,,,,,,,,,,,,,,,,,,,,,,,,,,,,,,,,,,,,,,,,,,,,,,,,,,,,,,,,,,,,,,,,,,,,,,,,,,,
,,,,,,,,,,,,,,,,,,,,,,305.388,1.22523660145217,305.388,1.24225968142719,305.388,1.24946138020487,305.388,1.27005949120536,305.388,1.21574638622345,,,,,,,,,,,,,,,,,,,,,,,,,,,,,,,,,,,,,,,,,,,,,,,,,,,,,,,,,,,,,,,,,,,,,,,,,,,,,,,,,,,,,,,,,,,,,,,,,,,,,,,,,,,,,
,,,,,,,,,,,,,,,,,,,,,,305.887,1.22641037299746,305.887,1.23320654912127,305.887,1.25528308600421,305.887,1.27569938429296,305.887,1.21495482826678,,,,,,,,,,,,,,,,,,,,,,,,,,,,,,,,,,,,,,,,,,,,,,,,,,,,,,,,,,,,,,,,,,,,,,,,,,,,,,,,,,,,,,,,,,,,,,,,,,,,,,,,,,,,,
,,,,,,,,,,,,,,,,,,,,,,306.386,1.23297293705926,306.386,1.23561837923917,306.386,1.2511880226988,306.386,1.27240299309617,306.386,1.20748385952282,,,,,,,,,,,,,,,,,,,,,,,,,,,,,,,,,,,,,,,,,,,,,,,,,,,,,,,,,,,,,,,,,,,,,,,,,,,,,,,,,,,,,,,,,,,,,,,,,,,,,,,,,,,,,
,,,,,,,,,,,,,,,,,,,,,,306.885,1.22629384030682,306.885,1.23470922495259,306.885,1.24950822785254,306.885,1.27040248130866,306.885,1.20689326352865,,,,,,,,,,,,,,,,,,,,,,,,,,,,,,,,,,,,,,,,,,,,,,,,,,,,,,,,,,,,,,,,,,,,,,,,,,,,,,,,,,,,,,,,,,,,,,,,,,,,,,,,,,,,,
,,,,,,,,,,,,,,,,,,,,,,307.384,1.23152100953985,307.384,1.24603643881563,307.384,1.25451077179606,307.384,1.27013922217609,307.384,1.2137760946718,,,,,,,,,,,,,,,,,,,,,,,,,,,,,,,,,,,,,,,,,,,,,,,,,,,,,,,,,,,,,,,,,,,,,,,,,,,,,,,,,,,,,,,,,,,,,,,,,,,,,,,,,,,,,
,,,,,,,,,,,,,,,,,,,,,,307.883,1.23112687904446,307.883,1.24870576734098,307.883,1.25063334614331,307.883,1.2700658545865,307.883,1.21140272036009,,,,,,,,,,,,,,,,,,,,,,,,,,,,,,,,,,,,,,,,,,,,,,,,,,,,,,,,,,,,,,,,,,,,,,,,,,,,,,,,,,,,,,,,,,,,,,,,,,,,,,,,,,,,,
,,,,,,,,,,,,,,,,,,,,,,308.382,1.23047223349845,308.382,1.24104256700968,308.382,1.25267902536784,308.382,1.26533428495232,308.382,1.20580807273934,,,,,,,,,,,,,,,,,,,,,,,,,,,,,,,,,,,,,,,,,,,,,,,,,,,,,,,,,,,,,,,,,,,,,,,,,,,,,,,,,,,,,,,,,,,,,,,,,,,,,,,,,,,,,
,,,,,,,,,,,,,,,,,,,,,,308.881,1.2291385799828,308.881,1.24855261444293,308.881,1.25209583443736,308.881,1.27063234427779,308.881,1.20777645218226,,,,,,,,,,,,,,,,,,,,,,,,,,,,,,,,,,,,,,,,,,,,,,,,,,,,,,,,,,,,,,,,,,,,,,,,,,,,,,,,,,,,,,,,,,,,,,,,,,,,,,,,,,,,,
,,,,,,,,,,,,,,,,,,,,,,309.38,1.22789847661017,309.38,1.24294426654819,309.38,1.24923725353174,309.38,1.26298990836817,309.38,1.20789323578517,,,,,,,,,,,,,,,,,,,,,,,,,,,,,,,,,,,,,,,,,,,,,,,,,,,,,,,,,,,,,,,,,,,,,,,,,,,,,,,,,,,,,,,,,,,,,,,,,,,,,,,,,,,,,
,,,,,,,,,,,,,,,,,,,,,,309.879,1.2198143178367,309.879,1.24471828151623,309.879,1.24915612311713,309.879,1.25939640207554,309.879,1.20607474360365,,,,,,,,,,,,,,,,,,,,,,,,,,,,,,,,,,,,,,,,,,,,,,,,,,,,,,,,,,,,,,,,,,,,,,,,,,,,,,,,,,,,,,,,,,,,,,,,,,,,,,,,,,,,,
,,,,,,,,,,,,,,,,,,,,,,310.378,1.23260208291711,310.378,1.24626453824511,310.378,1.25144687013547,310.378,1.2647685654563,310.378,1.20917314513478,,,,,,,,,,,,,,,,,,,,,,,,,,,,,,,,,,,,,,,,,,,,,,,,,,,,,,,,,,,,,,,,,,,,,,,,,,,,,,,,,,,,,,,,,,,,,,,,,,,,,,,,,,,,,
,,,,,,,,,,,,,,,,,,,,,,310.877,1.22437568514193,310.877,1.24047631197912,310.877,1.25996489095124,310.877,1.26356665587645,310.877,1.20483061800762,,,,,,,,,,,,,,,,,,,,,,,,,,,,,,,,,,,,,,,,,,,,,,,,,,,,,,,,,,,,,,,,,,,,,,,,,,,,,,,,,,,,,,,,,,,,,,,,,,,,,,,,,,,,,
,,,,,,,,,,,,,,,,,,,,,,311.376,1.22282256072848,311.376,1.24015592578861,311.376,1.24958960082289,311.376,1.26845757831421,311.376,1.19875692563231,,,,,,,,,,,,,,,,,,,,,,,,,,,,,,,,,,,,,,,,,,,,,,,,,,,,,,,,,,,,,,,,,,,,,,,,,,,,,,,,,,,,,,,,,,,,,,,,,,,,,,,,,,,,,
,,,,,,,,,,,,,,,,,,,,,,311.875,1.22342201750793,311.875,1.23857756399182,311.875,1.25982168650366,311.875,1.2597164257083,311.875,1.20112743635057,,,,,,,,,,,,,,,,,,,,,,,,,,,,,,,,,,,,,,,,,,,,,,,,,,,,,,,,,,,,,,,,,,,,,,,,,,,,,,,,,,,,,,,,,,,,,,,,,,,,,,,,,,,,,
,,,,,,,,,,,,,,,,,,,,,,312.374,1.22821544397051,312.374,1.24688970585792,312.374,1.25200685670587,312.374,1.25887728926807,312.374,1.21317730553966,,,,,,,,,,,,,,,,,,,,,,,,,,,,,,,,,,,,,,,,,,,,,,,,,,,,,,,,,,,,,,,,,,,,,,,,,,,,,,,,,,,,,,,,,,,,,,,,,,,,,,,,,,,,,
,,,,,,,,,,,,,,,,,,,,,,312.873,1.22490335328123,312.873,1.23991700591333,312.873,1.2528505681797,312.873,1.26187662305052,312.873,1.21083498733631,,,,,,,,,,,,,,,,,,,,,,,,,,,,,,,,,,,,,,,,,,,,,,,,,,,,,,,,,,,,,,,,,,,,,,,,,,,,,,,,,,,,,,,,,,,,,,,,,,,,,,,,,,,,,
,,,,,,,,,,,,,,,,,,,,,,313.372,1.22869511241365,313.372,1.24824615399464,313.372,1.24964432782733,313.372,1.26856569627477,313.372,1.21074010670497,,,,,,,,,,,,,,,,,,,,,,,,,,,,,,,,,,,,,,,,,,,,,,,,,,,,,,,,,,,,,,,,,,,,,,,,,,,,,,,,,,,,,,,,,,,,,,,,,,,,,,,,,,,,,
,,,,,,,,,,,,,,,,,,,,,,313.871,1.22255639668823,313.871,1.25345253471588,313.871,1.26021828190299,313.871,1.26603995704659,313.871,1.20355270310774,,,,,,,,,,,,,,,,,,,,,,,,,,,,,,,,,,,,,,,,,,,,,,,,,,,,,,,,,,,,,,,,,,,,,,,,,,,,,,,,,,,,,,,,,,,,,,,,,,,,,,,,,,,,,
,,,,,,,,,,,,,,,,,,,,,,314.37,1.23138606647163,314.37,1.24235891578187,314.37,1.25768630990542,314.37,1.27039615620187,314.37,1.208980750887,,,,,,,,,,,,,,,,,,,,,,,,,,,,,,,,,,,,,,,,,,,,,,,,,,,,,,,,,,,,,,,,,,,,,,,,,,,,,,,,,,,,,,,,,,,,,,,,,,,,,,,,,,,,,
,,,,,,,,,,,,,,,,,,,,,,314.869,1.22197606363316,314.869,1.24505972566448,314.869,1.25106927205043,314.869,1.26241510855455,314.869,1.21807325056531,,,,,,,,,,,,,,,,,,,,,,,,,,,,,,,,,,,,,,,,,,,,,,,,,,,,,,,,,,,,,,,,,,,,,,,,,,,,,,,,,,,,,,,,,,,,,,,,,,,,,,,,,,,,,
,,,,,,,,,,,,,,,,,,,,,,315.368,1.22688043338965,315.368,1.24566684675106,315.368,1.25825168484119,315.368,1.2693892247156,315.368,1.2140559337378,,,,,,,,,,,,,,,,,,,,,,,,,,,,,,,,,,,,,,,,,,,,,,,,,,,,,,,,,,,,,,,,,,,,,,,,,,,,,,,,,,,,,,,,,,,,,,,,,,,,,,,,,,,,,
,,,,,,,,,,,,,,,,,,,,,,315.867,1.2228582469095,315.867,1.24585480634098,315.867,1.24590970392291,315.867,1.2640889561185,315.867,1.20982185662334,,,,,,,,,,,,,,,,,,,,,,,,,,,,,,,,,,,,,,,,,,,,,,,,,,,,,,,,,,,,,,,,,,,,,,,,,,,,,,,,,,,,,,,,,,,,,,,,,,,,,,,,,,,,,
,,,,,,,,,,,,,,,,,,,,,,316.366,1.23100915054112,316.366,1.2421167692969,316.366,1.24882238410525,316.366,1.26761025741732,316.366,1.20806743229838,,,,,,,,,,,,,,,,,,,,,,,,,,,,,,,,,,,,,,,,,,,,,,,,,,,,,,,,,,,,,,,,,,,,,,,,,,,,,,,,,,,,,,,,,,,,,,,,,,,,,,,,,,,,,
,,,,,,,,,,,,,,,,,,,,,,316.865,1.23165441098158,316.865,1.24494191636158,316.865,1.24620021240923,316.865,1.27295733501401,316.865,1.20569646434861,,,,,,,,,,,,,,,,,,,,,,,,,,,,,,,,,,,,,,,,,,,,,,,,,,,,,,,,,,,,,,,,,,,,,,,,,,,,,,,,,,,,,,,,,,,,,,,,,,,,,,,,,,,,,
,,,,,,,,,,,,,,,,,,,,,,317.364,1.2272972452347,317.364,1.23622350345147,317.364,1.24582902398053,317.364,1.27037218724331,317.364,1.21052804439656,,,,,,,,,,,,,,,,,,,,,,,,,,,,,,,,,,,,,,,,,,,,,,,,,,,,,,,,,,,,,,,,,,,,,,,,,,,,,,,,,,,,,,,,,,,,,,,,,,,,,,,,,,,,,
,,,,,,,,,,,,,,,,,,,,,,317.863,1.22374642839292,317.863,1.24436277522418,317.863,1.25131353462749,317.863,1.2693972772487,317.863,1.20475022349897,,,,,,,,,,,,,,,,,,,,,,,,,,,,,,,,,,,,,,,,,,,,,,,,,,,,,,,,,,,,,,,,,,,,,,,,,,,,,,,,,,,,,,,,,,,,,,,,,,,,,,,,,,,,,
,,,,,,,,,,,,,,,,,,,,,,318.362,1.22530650739815,318.362,1.24902941520352,318.362,1.23960755078565,318.362,1.26380922100784,318.362,1.21419482107774,,,,,,,,,,,,,,,,,,,,,,,,,,,,,,,,,,,,,,,,,,,,,,,,,,,,,,,,,,,,,,,,,,,,,,,,,,,,,,,,,,,,,,,,,,,,,,,,,,,,,,,,,,,,,
,,,,,,,,,,,,,,,,,,,,,,318.861,1.22289222082889,318.861,1.25645033119807,318.861,1.25131634931353,318.861,1.26273344818919,318.861,1.21115729420741,,,,,,,,,,,,,,,,,,,,,,,,,,,,,,,,,,,,,,,,,,,,,,,,,,,,,,,,,,,,,,,,,,,,,,,,,,,,,,,,,,,,,,,,,,,,,,,,,,,,,,,,,,,,,
,,,,,,,,,,,,,,,,,,,,,,319.36,1.21943304318635,319.36,1.24247268996839,319.36,1.24579073313638,319.36,1.26729280356478,319.36,1.21552378169071,,,,,,,,,,,,,,,,,,,,,,,,,,,,,,,,,,,,,,,,,,,,,,,,,,,,,,,,,,,,,,,,,,,,,,,,,,,,,,,,,,,,,,,,,,,,,,,,,,,,,,,,,,,,,
,,,,,,,,,,,,,,,,,,,,,,319.859,1.22099190314123,319.859,1.24909352749292,319.859,1.25392185366387,319.859,1.26260707819457,319.859,1.21333291906801,,,,,,,,,,,,,,,,,,,,,,,,,,,,,,,,,,,,,,,,,,,,,,,,,,,,,,,,,,,,,,,,,,,,,,,,,,,,,,,,,,,,,,,,,,,,,,,,,,,,,,,,,,,,,
,,,,,,,,,,,,,,,,,,,,,,320.358,1.22539470577558,320.358,1.24367013523983,320.358,1.24950906682932,320.358,1.26229666198681,320.358,1.21069767321493,,,,,,,,,,,,,,,,,,,,,,,,,,,,,,,,,,,,,,,,,,,,,,,,,,,,,,,,,,,,,,,,,,,,,,,,,,,,,,,,,,,,,,,,,,,,,,,,,,,,,,,,,,,,,
,,,,,,,,,,,,,,,,,,,,,,320.857,1.21564821208901,320.857,1.25204262036261,320.857,1.24204443233901,320.857,1.26806253439532,320.857,1.21651981856895,,,,,,,,,,,,,,,,,,,,,,,,,,,,,,,,,,,,,,,,,,,,,,,,,,,,,,,,,,,,,,,,,,,,,,,,,,,,,,,,,,,,,,,,,,,,,,,,,,,,,,,,,,,,,
,,,,,,,,,,,,,,,,,,,,,,321.356,1.21692272524844,321.356,1.25316766158979,321.356,1.24810967932057,321.356,1.27152533435607,321.356,1.21223745578481,,,,,,,,,,,,,,,,,,,,,,,,,,,,,,,,,,,,,,,,,,,,,,,,,,,,,,,,,,,,,,,,,,,,,,,,,,,,,,,,,,,,,,,,,,,,,,,,,,,,,,,,,,,,,
,,,,,,,,,,,,,,,,,,,,,,321.855,1.22053321521581,321.855,1.24605479088062,321.855,1.24582914685822,321.855,1.27197227985103,321.855,1.20800067173206,,,,,,,,,,,,,,,,,,,,,,,,,,,,,,,,,,,,,,,,,,,,,,,,,,,,,,,,,,,,,,,,,,,,,,,,,,,,,,,,,,,,,,,,,,,,,,,,,,,,,,,,,,,,,
,,,,,,,,,,,,,,,,,,,,,,322.354,1.21922168567385,322.354,1.24907090539852,322.354,1.24487379751524,322.354,1.26314851399279,322.354,1.2125927734437,,,,,,,,,,,,,,,,,,,,,,,,,,,,,,,,,,,,,,,,,,,,,,,,,,,,,,,,,,,,,,,,,,,,,,,,,,,,,,,,,,,,,,,,,,,,,,,,,,,,,,,,,,,,,
,,,,,,,,,,,,,,,,,,,,,,322.853,1.22369507966699,322.853,1.24673884600835,322.853,1.24280476685058,322.853,1.26507109074828,322.853,1.21978289569637,,,,,,,,,,,,,,,,,,,,,,,,,,,,,,,,,,,,,,,,,,,,,,,,,,,,,,,,,,,,,,,,,,,,,,,,,,,,,,,,,,,,,,,,,,,,,,,,,,,,,,,,,,,,,
,,,,,,,,,,,,,,,,,,,,,,323.352,1.21911102813832,323.352,1.25487471552609,323.352,1.2472489902041,323.352,1.26329121049703,323.352,1.21388061277428,,,,,,,,,,,,,,,,,,,,,,,,,,,,,,,,,,,,,,,,,,,,,,,,,,,,,,,,,,,,,,,,,,,,,,,,,,,,,,,,,,,,,,,,,,,,,,,,,,,,,,,,,,,,,
,,,,,,,,,,,,,,,,,,,,,,323.851,1.21714101521476,323.851,1.24929536985208,323.851,1.24472292394119,323.851,1.26599749816379,323.851,1.2108919619132,,,,,,,,,,,,,,,,,,,,,,,,,,,,,,,,,,,,,,,,,,,,,,,,,,,,,,,,,,,,,,,,,,,,,,,,,,,,,,,,,,,,,,,,,,,,,,,,,,,,,,,,,,,,,
,,,,,,,,,,,,,,,,,,,,,,324.35,1.22051623115572,324.35,1.2489825469522,324.35,1.24223283681924,324.35,1.26244715019698,324.35,1.21191901656072,,,,,,,,,,,,,,,,,,,,,,,,,,,,,,,,,,,,,,,,,,,,,,,,,,,,,,,,,,,,,,,,,,,,,,,,,,,,,,,,,,,,,,,,,,,,,,,,,,,,,,,,,,,,,
,,,,,,,,,,,,,,,,,,,,,,324.849,1.22339044647445,324.849,1.25055136551003,324.849,1.24216312470269,324.849,1.27507070514468,324.849,1.21308624065528,,,,,,,,,,,,,,,,,,,,,,,,,,,,,,,,,,,,,,,,,,,,,,,,,,,,,,,,,,,,,,,,,,,,,,,,,,,,,,,,,,,,,,,,,,,,,,,,,,,,,,,,,,,,,
,,,,,,,,,,,,,,,,,,,,,,325.348,1.21848240047776,325.348,1.24346435130283,325.348,1.24314873107433,325.348,1.26461797111401,325.348,1.20982395428793,,,,,,,,,,,,,,,,,,,,,,,,,,,,,,,,,,,,,,,,,,,,,,,,,,,,,,,,,,,,,,,,,,,,,,,,,,,,,,,,,,,,,,,,,,,,,,,,,,,,,,,,,,,,,
,,,,,,,,,,,,,,,,,,,,,,325.847,1.21948401519461,325.847,1.24874249116707,325.847,1.23903540902142,325.847,1.25662255650262,325.847,1.2123991293312,,,,,,,,,,,,,,,,,,,,,,,,,,,,,,,,,,,,,,,,,,,,,,,,,,,,,,,,,,,,,,,,,,,,,,,,,,,,,,,,,,,,,,,,,,,,,,,,,,,,,,,,,,,,,
,,,,,,,,,,,,,,,,,,,,,,326.346,1.21601555918818,326.346,1.2446586860466,326.346,1.24694965309993,326.346,1.26377107797628,326.346,1.20409594807363,,,,,,,,,,,,,,,,,,,,,,,,,,,,,,,,,,,,,,,,,,,,,,,,,,,,,,,,,,,,,,,,,,,,,,,,,,,,,,,,,,,,,,,,,,,,,,,,,,,,,,,,,,,,,
,,,,,,,,,,,,,,,,,,,,,,326.845,1.2173245694468,326.845,1.24570319998577,326.845,1.24171055985076,326.845,1.26800825257975,326.845,1.20374051918839,,,,,,,,,,,,,,,,,,,,,,,,,,,,,,,,,,,,,,,,,,,,,,,,,,,,,,,,,,,,,,,,,,,,,,,,,,,,,,,,,,,,,,,,,,,,,,,,,,,,,,,,,,,,,
,,,,,,,,,,,,,,,,,,,,,,327.344,1.22705240153254,327.344,1.24872198422797,327.344,1.24471844678814,327.344,1.26541535562916,327.344,1.20564952364852,,,,,,,,,,,,,,,,,,,,,,,,,,,,,,,,,,,,,,,,,,,,,,,,,,,,,,,,,,,,,,,,,,,,,,,,,,,,,,,,,,,,,,,,,,,,,,,,,,,,,,,,,,,,,
,,,,,,,,,,,,,,,,,,,,,,327.843,1.22826357156928,327.843,1.25505086050067,327.843,1.23893067969874,327.843,1.26637670065177,327.843,1.21346737594936,,,,,,,,,,,,,,,,,,,,,,,,,,,,,,,,,,,,,,,,,,,,,,,,,,,,,,,,,,,,,,,,,,,,,,,,,,,,,,,,,,,,,,,,,,,,,,,,,,,,,,,,,,,,,
,,,,,,,,,,,,,,,,,,,,,,328.342,1.21722523181552,328.342,1.25061065677093,328.342,1.23322493965894,328.342,1.26859707819395,328.342,1.21454930171271,,,,,,,,,,,,,,,,,,,,,,,,,,,,,,,,,,,,,,,,,,,,,,,,,,,,,,,,,,,,,,,,,,,,,,,,,,,,,,,,,,,,,,,,,,,,,,,,,,,,,,,,,,,,,
,,,,,,,,,,,,,,,,,,,,,,328.841,1.22464734319558,328.841,1.24242775876971,328.841,1.24688630481975,328.841,1.27029393138699,328.841,1.21781282593738,,,,,,,,,,,,,,,,,,,,,,,,,,,,,,,,,,,,,,,,,,,,,,,,,,,,,,,,,,,,,,,,,,,,,,,,,,,,,,,,,,,,,,,,,,,,,,,,,,,,,,,,,,,,,
,,,,,,,,,,,,,,,,,,,,,,329.34,1.22776093726774,329.34,1.24128992179291,329.34,1.24529875497319,329.34,1.27252002846447,329.34,1.20958261965754,,,,,,,,,,,,,,,,,,,,,,,,,,,,,,,,,,,,,,,,,,,,,,,,,,,,,,,,,,,,,,,,,,,,,,,,,,,,,,,,,,,,,,,,,,,,,,,,,,,,,,,,,,,,,
,,,,,,,,,,,,,,,,,,,,,,329.839,1.21849909270743,329.839,1.24301578929691,329.839,1.25511544866472,329.839,1.26320415980467,329.839,1.19890404522989,,,,,,,,,,,,,,,,,,,,,,,,,,,,,,,,,,,,,,,,,,,,,,,,,,,,,,,,,,,,,,,,,,,,,,,,,,,,,,,,,,,,,,,,,,,,,,,,,,,,,,,,,,,,,
,,,,,,,,,,,,,,,,,,,,,,330.338,1.21340740975781,330.338,1.25397700416513,330.338,1.24336296830746,330.338,1.27485584163128,330.338,1.21154057035984,,,,,,,,,,,,,,,,,,,,,,,,,,,,,,,,,,,,,,,,,,,,,,,,,,,,,,,,,,,,,,,,,,,,,,,,,,,,,,,,,,,,,,,,,,,,,,,,,,,,,,,,,,,,,
,,,,,,,,,,,,,,,,,,,,,,330.837,1.21436781597967,330.837,1.24682047910662,330.837,1.24980504013282,330.837,1.27379173790602,330.837,1.20858093879458,,,,,,,,,,,,,,,,,,,,,,,,,,,,,,,,,,,,,,,,,,,,,,,,,,,,,,,,,,,,,,,,,,,,,,,,,,,,,,,,,,,,,,,,,,,,,,,,,,,,,,,,,,,,,
,,,,,,,,,,,,,,,,,,,,,,331.336,1.21636101813226,331.336,1.24783510976401,331.336,1.24535713639414,331.336,1.27260195645901,331.336,1.20459589030743,,,,,,,,,,,,,,,,,,,,,,,,,,,,,,,,,,,,,,,,,,,,,,,,,,,,,,,,,,,,,,,,,,,,,,,,,,,,,,,,,,,,,,,,,,,,,,,,,,,,,,,,,,,,,
,,,,,,,,,,,,,,,,,,,,,,331.835,1.21854350353338,331.835,1.24464444136307,331.835,1.24956431758821,331.835,1.27407334965627,331.835,1.2025073114783,,,,,,,,,,,,,,,,,,,,,,,,,,,,,,,,,,,,,,,,,,,,,,,,,,,,,,,,,,,,,,,,,,,,,,,,,,,,,,,,,,,,,,,,,,,,,,,,,,,,,,,,,,,,,
,,,,,,,,,,,,,,,,,,,,,,332.334,1.21734336610119,332.334,1.24338444450194,332.334,1.24861024942773,332.334,1.26831150266061,332.334,1.2114664567019,,,,,,,,,,,,,,,,,,,,,,,,,,,,,,,,,,,,,,,,,,,,,,,,,,,,,,,,,,,,,,,,,,,,,,,,,,,,,,,,,,,,,,,,,,,,,,,,,,,,,,,,,,,,,
,,,,,,,,,,,,,,,,,,,,,,332.833,1.217773433248,332.833,1.24970863410237,332.833,1.24195512152176,332.833,1.26869573183643,332.833,1.20826515499299,,,,,,,,,,,,,,,,,,,,,,,,,,,,,,,,,,,,,,,,,,,,,,,,,,,,,,,,,,,,,,,,,,,,,,,,,,,,,,,,,,,,,,,,,,,,,,,,,,,,,,,,,,,,,
,,,,,,,,,,,,,,,,,,,,,,333.332,1.21557206173613,333.332,1.25479774721377,333.332,1.24441536473252,333.332,1.26435895258059,333.332,1.20415976251473,,,,,,,,,,,,,,,,,,,,,,,,,,,,,,,,,,,,,,,,,,,,,,,,,,,,,,,,,,,,,,,,,,,,,,,,,,,,,,,,,,,,,,,,,,,,,,,,,,,,,,,,,,,,,
,,,,,,,,,,,,,,,,,,,,,,333.831,1.22034636530655,333.831,1.24824217107717,333.831,1.25610845056813,333.831,1.27130220014782,333.831,1.21447998237673,,,,,,,,,,,,,,,,,,,,,,,,,,,,,,,,,,,,,,,,,,,,,,,,,,,,,,,,,,,,,,,,,,,,,,,,,,,,,,,,,,,,,,,,,,,,,,,,,,,,,,,,,,,,,
,,,,,,,,,,,,,,,,,,,,,,334.33,1.22800436181567,334.33,1.24996958098403,334.33,1.24648007171365,334.33,1.26682868626363,334.33,1.21684526051127,,,,,,,,,,,,,,,,,,,,,,,,,,,,,,,,,,,,,,,,,,,,,,,,,,,,,,,,,,,,,,,,,,,,,,,,,,,,,,,,,,,,,,,,,,,,,,,,,,,,,,,,,,,,,
,,,,,,,,,,,,,,,,,,,,,,334.829,1.23389064345615,334.829,1.25405248906755,334.829,1.2442113144997,334.829,1.26836362722388,334.829,1.20369808124387,,,,,,,,,,,,,,,,,,,,,,,,,,,,,,,,,,,,,,,,,,,,,,,,,,,,,,,,,,,,,,,,,,,,,,,,,,,,,,,,,,,,,,,,,,,,,,,,,,,,,,,,,,,,,
,,,,,,,,,,,,,,,,,,,,,,335.328,1.22252049160882,335.328,1.25143391678995,335.328,1.25262153639605,335.328,1.26607016988953,335.328,1.20721972946226,,,,,,,,,,,,,,,,,,,,,,,,,,,,,,,,,,,,,,,,,,,,,,,,,,,,,,,,,,,,,,,,,,,,,,,,,,,,,,,,,,,,,,,,,,,,,,,,,,,,,,,,,,,,,
,,,,,,,,,,,,,,,,,,,,,,335.827,1.23064550386875,335.827,1.24620063273951,335.827,1.24029527393464,335.827,1.27111116043461,335.827,1.20512994908669,,,,,,,,,,,,,,,,,,,,,,,,,,,,,,,,,,,,,,,,,,,,,,,,,,,,,,,,,,,,,,,,,,,,,,,,,,,,,,,,,,,,,,,,,,,,,,,,,,,,,,,,,,,,,
,,,,,,,,,,,,,,,,,,,,,,336.326,1.22680974152594,336.326,1.24565752500579,336.326,1.24620264422476,336.326,1.27231105306902,336.326,1.20990486935827,,,,,,,,,,,,,,,,,,,,,,,,,,,,,,,,,,,,,,,,,,,,,,,,,,,,,,,,,,,,,,,,,,,,,,,,,,,,,,,,,,,,,,,,,,,,,,,,,,,,,,,,,,,,,
,,,,,,,,,,,,,,,,,,,,,,336.825,1.22848975388817,336.825,1.2427525660797,336.825,1.25045415263765,336.825,1.26363732681725,336.825,1.20858252914187,,,,,,,,,,,,,,,,,,,,,,,,,,,,,,,,,,,,,,,,,,,,,,,,,,,,,,,,,,,,,,,,,,,,,,,,,,,,,,,,,,,,,,,,,,,,,,,,,,,,,,,,,,,,,
,,,,,,,,,,,,,,,,,,,,,,337.324,1.22516874549578,337.324,1.25173893375485,337.324,1.24231175792221,337.324,1.26701731238992,337.324,1.21574099434201,,,,,,,,,,,,,,,,,,,,,,,,,,,,,,,,,,,,,,,,,,,,,,,,,,,,,,,,,,,,,,,,,,,,,,,,,,,,,,,,,,,,,,,,,,,,,,,,,,,,,,,,,,,,,
,,,,,,,,,,,,,,,,,,,,,,337.823,1.22739500904241,337.823,1.24625736623268,337.823,1.2420752642487,337.823,1.26592393599287,337.823,1.2092662898131,,,,,,,,,,,,,,,,,,,,,,,,,,,,,,,,,,,,,,,,,,,,,,,,,,,,,,,,,,,,,,,,,,,,,,,,,,,,,,,,,,,,,,,,,,,,,,,,,,,,,,,,,,,,,
,,,,,,,,,,,,,,,,,,,,,,338.322,1.23136676810578,338.322,1.24576137542439,338.322,1.24012147562396,338.322,1.27141262690163,338.322,1.20400059686196,,,,,,,,,,,,,,,,,,,,,,,,,,,,,,,,,,,,,,,,,,,,,,,,,,,,,,,,,,,,,,,,,,,,,,,,,,,,,,,,,,,,,,,,,,,,,,,,,,,,,,,,,,,,,
,,,,,,,,,,,,,,,,,,,,,,338.821,1.2301495597352,338.821,1.25024797852305,338.821,1.24470881841632,338.821,1.26618566482403,338.821,1.20959482519854,,,,,,,,,,,,,,,,,,,,,,,,,,,,,,,,,,,,,,,,,,,,,,,,,,,,,,,,,,,,,,,,,,,,,,,,,,,,,,,,,,,,,,,,,,,,,,,,,,,,,,,,,,,,,
,,,,,,,,,,,,,,,,,,,,,,339.32,1.22786887746234,339.32,1.24051464748676,339.32,1.24281798785807,339.32,1.2637779439583,339.32,1.21091262635785,,,,,,,,,,,,,,,,,,,,,,,,,,,,,,,,,,,,,,,,,,,,,,,,,,,,,,,,,,,,,,,,,,,,,,,,,,,,,,,,,,,,,,,,,,,,,,,,,,,,,,,,,,,,,
,,,,,,,,,,,,,,,,,,,,,,339.819,1.22916623935866,339.819,1.24624844066936,339.819,1.24796234699523,339.819,1.25555737115376,339.819,1.21467833838597,,,,,,,,,,,,,,,,,,,,,,,,,,,,,,,,,,,,,,,,,,,,,,,,,,,,,,,,,,,,,,,,,,,,,,,,,,,,,,,,,,,,,,,,,,,,,,,,,,,,,,,,,,,,,
,,,,,,,,,,,,,,,,,,,,,,340.318,1.22887854947431,340.318,1.2500538723421,340.318,1.23766664233526,340.318,1.26922801430456,340.318,1.21612643118889,,,,,,,,,,,,,,,,,,,,,,,,,,,,,,,,,,,,,,,,,,,,,,,,,,,,,,,,,,,,,,,,,,,,,,,,,,,,,,,,,,,,,,,,,,,,,,,,,,,,,,,,,,,,,
,,,,,,,,,,,,,,,,,,,,,,340.817,1.22979368313616,340.817,1.2562245845323,340.817,1.25117895049783,340.817,1.26926596849386,340.817,1.21426754833663,,,,,,,,,,,,,,,,,,,,,,,,,,,,,,,,,,,,,,,,,,,,,,,,,,,,,,,,,,,,,,,,,,,,,,,,,,,,,,,,,,,,,,,,,,,,,,,,,,,,,,,,,,,,,
,,,,,,,,,,,,,,,,,,,,,,341.316,1.22588766494245,341.316,1.25043877057074,341.316,1.23927997883196,341.316,1.27048041886383,341.316,1.21444943623807,,,,,,,,,,,,,,,,,,,,,,,,,,,,,,,,,,,,,,,,,,,,,,,,,,,,,,,,,,,,,,,,,,,,,,,,,,,,,,,,,,,,,,,,,,,,,,,,,,,,,,,,,,,,,
,,,,,,,,,,,,,,,,,,,,,,341.815,1.22865867363884,341.815,1.2489783249589,341.815,1.24672200395949,341.815,1.26310132108766,341.815,1.2130256934468,,,,,,,,,,,,,,,,,,,,,,,,,,,,,,,,,,,,,,,,,,,,,,,,,,,,,,,,,,,,,,,,,,,,,,,,,,,,,,,,,,,,,,,,,,,,,,,,,,,,,,,,,,,,,
,,,,,,,,,,,,,,,,,,,,,,342.314,1.22799239591028,342.314,1.24843716626391,342.314,1.2477470308738,342.314,1.25704826410964,342.314,1.20310098768543,,,,,,,,,,,,,,,,,,,,,,,,,,,,,,,,,,,,,,,,,,,,,,,,,,,,,,,,,,,,,,,,,,,,,,,,,,,,,,,,,,,,,,,,,,,,,,,,,,,,,,,,,,,,,
,,,,,,,,,,,,,,,,,,,,,,342.813,1.22495869808146,342.813,1.25155195198135,342.813,1.24234133263815,342.813,1.26460014050189,342.813,1.20409354405691,,,,,,,,,,,,,,,,,,,,,,,,,,,,,,,,,,,,,,,,,,,,,,,,,,,,,,,,,,,,,,,,,,,,,,,,,,,,,,,,,,,,,,,,,,,,,,,,,,,,,,,,,,,,,
,,,,,,,,,,,,,,,,,,,,,,343.312,1.22418514467239,343.312,1.24910205262524,343.312,1.24626230252885,343.312,1.26303177204091,343.312,1.20666529130113,,,,,,,,,,,,,,,,,,,,,,,,,,,,,,,,,,,,,,,,,,,,,,,,,,,,,,,,,,,,,,,,,,,,,,,,,,,,,,,,,,,,,,,,,,,,,,,,,,,,,,,,,,,,,
,,,,,,,,,,,,,,,,,,,,,,343.811,1.22540641188001,343.811,1.25151819608169,343.811,1.24836111537505,343.811,1.26635680809528,343.811,1.20874236426704,,,,,,,,,,,,,,,,,,,,,,,,,,,,,,,,,,,,,,,,,,,,,,,,,,,,,,,,,,,,,,,,,,,,,,,,,,,,,,,,,,,,,,,,,,,,,,,,,,,,,,,,,,,,,
,,,,,,,,,,,,,,,,,,,,,,344.31,1.23265859568842,344.31,1.253242210025,344.31,1.24258981750776,344.31,1.26496369683768,344.31,1.20964276690136,,,,,,,,,,,,,,,,,,,,,,,,,,,,,,,,,,,,,,,,,,,,,,,,,,,,,,,,,,,,,,,,,,,,,,,,,,,,,,,,,,,,,,,,,,,,,,,,,,,,,,,,,,,,,
,,,,,,,,,,,,,,,,,,,,,,344.809,1.22686093967089,344.809,1.25065383295002,344.809,1.24683294567446,344.809,1.27156693551215,344.809,1.21127405824951,,,,,,,,,,,,,,,,,,,,,,,,,,,,,,,,,,,,,,,,,,,,,,,,,,,,,,,,,,,,,,,,,,,,,,,,,,,,,,,,,,,,,,,,,,,,,,,,,,,,,,,,,,,,,
,,,,,,,,,,,,,,,,,,,,,,345.308,1.23212313136599,345.308,1.24888182490382,345.308,1.25598637251549,345.308,1.27372776744556,345.308,1.2131056765903,,,,,,,,,,,,,,,,,,,,,,,,,,,,,,,,,,,,,,,,,,,,,,,,,,,,,,,,,,,,,,,,,,,,,,,,,,,,,,,,,,,,,,,,,,,,,,,,,,,,,,,,,,,,,
,,,,,,,,,,,,,,,,,,,,,,345.807,1.22377286318783,345.807,1.25083243255703,345.807,1.24009851463226,345.807,1.26563563202025,345.807,1.21419866814083,,,,,,,,,,,,,,,,,,,,,,,,,,,,,,,,,,,,,,,,,,,,,,,,,,,,,,,,,,,,,,,,,,,,,,,,,,,,,,,,,,,,,,,,,,,,,,,,,,,,,,,,,,,,,
,,,,,,,,,,,,,,,,,,,,,,346.306,1.23106942911295,346.306,1.25079622548103,346.306,1.2431822956138,346.306,1.26598671572666,346.306,1.21425764287882,,,,,,,,,,,,,,,,,,,,,,,,,,,,,,,,,,,,,,,,,,,,,,,,,,,,,,,,,,,,,,,,,,,,,,,,,,,,,,,,,,,,,,,,,,,,,,,,,,,,,,,,,,,,,
,,,,,,,,,,,,,,,,,,,,,,346.805,1.22294268459528,346.805,1.25789633877329,346.805,1.24943198962633,346.805,1.26733111607414,346.805,1.2094812537344,,,,,,,,,,,,,,,,,,,,,,,,,,,,,,,,,,,,,,,,,,,,,,,,,,,,,,,,,,,,,,,,,,,,,,,,,,,,,,,,,,,,,,,,,,,,,,,,,,,,,,,,,,,,,
,,,,,,,,,,,,,,,,,,,,,,347.304,1.23275666762165,347.304,1.25121684084556,347.304,1.24831810079055,347.304,1.26444374816823,347.304,1.21760466564729,,,,,,,,,,,,,,,,,,,,,,,,,,,,,,,,,,,,,,,,,,,,,,,,,,,,,,,,,,,,,,,,,,,,,,,,,,,,,,,,,,,,,,,,,,,,,,,,,,,,,,,,,,,,,
,,,,,,,,,,,,,,,,,,,,,,347.803,1.22740862117814,347.803,1.25040874326813,347.803,1.2449129974948,347.803,1.26652466811585,347.803,1.20772325544628,,,,,,,,,,,,,,,,,,,,,,,,,,,,,,,,,,,,,,,,,,,,,,,,,,,,,,,,,,,,,,,,,,,,,,,,,,,,,,,,,,,,,,,,,,,,,,,,,,,,,,,,,,,,,
,,,,,,,,,,,,,,,,,,,,,,348.302,1.21841747856105,348.302,1.25018767680826,348.302,1.25424644830995,348.302,1.26701087942057,348.302,1.20816775500941,,,,,,,,,,,,,,,,,,,,,,,,,,,,,,,,,,,,,,,,,,,,,,,,,,,,,,,,,,,,,,,,,,,,,,,,,,,,,,,,,,,,,,,,,,,,,,,,,,,,,,,,,,,,,
,,,,,,,,,,,,,,,,,,,,,,348.801,1.22860030803662,348.801,1.25357236665963,348.801,1.2556787079493,348.801,1.27200922032772,348.801,1.2132017327376,,,,,,,,,,,,,,,,,,,,,,,,,,,,,,,,,,,,,,,,,,,,,,,,,,,,,,,,,,,,,,,,,,,,,,,,,,,,,,,,,,,,,,,,,,,,,,,,,,,,,,,,,,,,,
,,,,,,,,,,,,,,,,,,,,,,349.3,1.22961461976606,349.3,1.25523892947289,349.3,1.25022337024193,349.3,1.27335694190578,349.3,1.21005994318011,,,,,,,,,,,,,,,,,,,,,,,,,,,,,,,,,,,,,,,,,,,,,,,,,,,,,,,,,,,,,,,,,,,,,,,,,,,,,,,,,,,,,,,,,,,,,,,,,,,,,,,,,,,,,
,,,,,,,,,,,,,,,,,,,,,,349.799,1.22891391035494,349.799,1.24715422128182,349.799,1.24637161836983,349.799,1.27045891501228,349.799,1.20675490063474,,,,,,,,,,,,,,,,,,,,,,,,,,,,,,,,,,,,,,,,,,,,,,,,,,,,,,,,,,,,,,,,,,,,,,,,,,,,,,,,,,,,,,,,,,,,,,,,,,,,,,,,,,,,,
,,,,,,,,,,,,,,,,,,,,,,350.298,1.22902212283333,350.298,1.24714716731656,350.298,1.24779808508521,350.298,1.26372077442338,350.298,1.20251087822337,,,,,,,,,,,,,,,,,,,,,,,,,,,,,,,,,,,,,,,,,,,,,,,,,,,,,,,,,,,,,,,,,,,,,,,,,,,,,,,,,,,,,,,,,,,,,,,,,,,,,,,,,,,,,
,,,,,,,,,,,,,,,,,,,,,,350.797,1.22794792400707,350.797,1.25044929503598,350.797,1.24569310985898,350.797,1.26460062793146,350.797,1.20501190212398,,,,,,,,,,,,,,,,,,,,,,,,,,,,,,,,,,,,,,,,,,,,,,,,,,,,,,,,,,,,,,,,,,,,,,,,,,,,,,,,,,,,,,,,,,,,,,,,,,,,,,,,,,,,,
,,,,,,,,,,,,,,,,,,,,,,351.296,1.2229207684322,351.296,1.25069990679888,351.296,1.25612439667217,351.296,1.25904878848715,351.296,1.20541265818572,,,,,,,,,,,,,,,,,,,,,,,,,,,,,,,,,,,,,,,,,,,,,,,,,,,,,,,,,,,,,,,,,,,,,,,,,,,,,,,,,,,,,,,,,,,,,,,,,,,,,,,,,,,,,
,,,,,,,,,,,,,,,,,,,,,,351.795,1.22057119030351,351.795,1.25906587554442,351.795,1.24914662732515,351.795,1.27310505427504,351.795,1.20776599797595,,,,,,,,,,,,,,,,,,,,,,,,,,,,,,,,,,,,,,,,,,,,,,,,,,,,,,,,,,,,,,,,,,,,,,,,,,,,,,,,,,,,,,,,,,,,,,,,,,,,,,,,,,,,,
,,,,,,,,,,,,,,,,,,,,,,352.294,1.2274866752848,352.294,1.25038420984348,352.294,1.25514650864446,352.294,1.26425208191958,352.294,1.20754139774917,,,,,,,,,,,,,,,,,,,,,,,,,,,,,,,,,,,,,,,,,,,,,,,,,,,,,,,,,,,,,,,,,,,,,,,,,,,,,,,,,,,,,,,,,,,,,,,,,,,,,,,,,,,,,
,,,,,,,,,,,,,,,,,,,,,,352.793,1.2284911081788,352.793,1.25532574170078,352.793,1.25191277551816,352.793,1.2690879508156,352.793,1.20850754060576,,,,,,,,,,,,,,,,,,,,,,,,,,,,,,,,,,,,,,,,,,,,,,,,,,,,,,,,,,,,,,,,,,,,,,,,,,,,,,,,,,,,,,,,,,,,,,,,,,,,,,,,,,,,,
,,,,,,,,,,,,,,,,,,,,,,353.292,1.22616846972749,353.292,1.25746253937956,353.292,1.24408458135907,353.292,1.26252546829335,353.292,1.20987647755552,,,,,,,,,,,,,,,,,,,,,,,,,,,,,,,,,,,,,,,,,,,,,,,,,,,,,,,,,,,,,,,,,,,,,,,,,,,,,,,,,,,,,,,,,,,,,,,,,,,,,,,,,,,,,
,,,,,,,,,,,,,,,,,,,,,,353.791,1.22668064612204,353.791,1.252400457449,353.791,1.25187544133462,353.791,1.26279686583242,353.791,1.21468293532093,,,,,,,,,,,,,,,,,,,,,,,,,,,,,,,,,,,,,,,,,,,,,,,,,,,,,,,,,,,,,,,,,,,,,,,,,,,,,,,,,,,,,,,,,,,,,,,,,,,,,,,,,,,,,
,,,,,,,,,,,,,,,,,,,,,,354.29,1.23387518604625,354.29,1.25723226561711,354.29,1.24948369760632,354.29,1.26737510407131,354.29,1.21795503316905,,,,,,,,,,,,,,,,,,,,,,,,,,,,,,,,,,,,,,,,,,,,,,,,,,,,,,,,,,,,,,,,,,,,,,,,,,,,,,,,,,,,,,,,,,,,,,,,,,,,,,,,,,,,,
,,,,,,,,,,,,,,,,,,,,,,354.789,1.23633587605691,354.789,1.24230652894704,354.789,1.24895122622737,354.789,1.2649174443948,354.789,1.21800492533557,,,,,,,,,,,,,,,,,,,,,,,,,,,,,,,,,,,,,,,,,,,,,,,,,,,,,,,,,,,,,,,,,,,,,,,,,,,,,,,,,,,,,,,,,,,,,,,,,,,,,,,,,,,,,
,,,,,,,,,,,,,,,,,,,,,,355.288,1.22809174432768,355.288,1.2516432626161,355.288,1.25575518543949,355.288,1.26166329792562,355.288,1.21110172297442,,,,,,,,,,,,,,,,,,,,,,,,,,,,,,,,,,,,,,,,,,,,,,,,,,,,,,,,,,,,,,,,,,,,,,,,,,,,,,,,,,,,,,,,,,,,,,,,,,,,,,,,,,,,,
,,,,,,,,,,,,,,,,,,,,,,355.787,1.2330790677012,355.787,1.25027018022603,355.787,1.24941788538088,355.787,1.26522288030206,355.787,1.21411684208231,,,,,,,,,,,,,,,,,,,,,,,,,,,,,,,,,,,,,,,,,,,,,,,,,,,,,,,,,,,,,,,,,,,,,,,,,,,,,,,,,,,,,,,,,,,,,,,,,,,,,,,,,,,,,
,,,,,,,,,,,,,,,,,,,,,,356.286,1.23131311654738,356.286,1.24857529054574,356.286,1.24667061800308,356.286,1.26390603678581,356.286,1.21420607766064,,,,,,,,,,,,,,,,,,,,,,,,,,,,,,,,,,,,,,,,,,,,,,,,,,,,,,,,,,,,,,,,,,,,,,,,,,,,,,,,,,,,,,,,,,,,,,,,,,,,,,,,,,,,,
,,,,,,,,,,,,,,,,,,,,,,356.785,1.23544512412842,356.785,1.24422986983136,356.785,1.25095697492176,356.785,1.26192350522003,356.785,1.20915505276775,,,,,,,,,,,,,,,,,,,,,,,,,,,,,,,,,,,,,,,,,,,,,,,,,,,,,,,,,,,,,,,,,,,,,,,,,,,,,,,,,,,,,,,,,,,,,,,,,,,,,,,,,,,,,
,,,,,,,,,,,,,,,,,,,,,,357.284,1.2262099329331,357.284,1.24489431054342,357.284,1.25557570150337,357.284,1.26718521030969,357.284,1.21415319921885,,,,,,,,,,,,,,,,,,,,,,,,,,,,,,,,,,,,,,,,,,,,,,,,,,,,,,,,,,,,,,,,,,,,,,,,,,,,,,,,,,,,,,,,,,,,,,,,,,,,,,,,,,,,,
,,,,,,,,,,,,,,,,,,,,,,357.783,1.23126811152375,357.783,1.25424832751927,357.783,1.24824453986966,357.783,1.26962063938317,357.783,1.2140029347644,,,,,,,,,,,,,,,,,,,,,,,,,,,,,,,,,,,,,,,,,,,,,,,,,,,,,,,,,,,,,,,,,,,,,,,,,,,,,,,,,,,,,,,,,,,,,,,,,,,,,,,,,,,,,
,,,,,,,,,,,,,,,,,,,,,,358.282,1.23627354951273,358.282,1.24895241754701,358.282,1.24906459158524,358.282,1.26678880650521,358.282,1.21167080735989,,,,,,,,,,,,,,,,,,,,,,,,,,,,,,,,,,,,,,,,,,,,,,,,,,,,,,,,,,,,,,,,,,,,,,,,,,,,,,,,,,,,,,,,,,,,,,,,,,,,,,,,,,,,,
,,,,,,,,,,,,,,,,,,,,,,358.781,1.22824326776526,358.781,1.25138989652878,358.781,1.25124290360819,358.781,1.26419522137398,358.781,1.21075734866022,,,,,,,,,,,,,,,,,,,,,,,,,,,,,,,,,,,,,,,,,,,,,,,,,,,,,,,,,,,,,,,,,,,,,,,,,,,,,,,,,,,,,,,,,,,,,,,,,,,,,,,,,,,,,
,,,,,,,,,,,,,,,,,,,,,,359.28,1.23877460986133,359.28,1.25324409438854,359.28,1.24599796851537,359.28,1.26826663890642,359.28,1.20346633270819,,,,,,,,,,,,,,,,,,,,,,,,,,,,,,,,,,,,,,,,,,,,,,,,,,,,,,,,,,,,,,,,,,,,,,,,,,,,,,,,,,,,,,,,,,,,,,,,,,,,,,,,,,,,,
,,,,,,,,,,,,,,,,,,,,,,359.779,1.22279826422525,359.779,1.24859073889853,359.779,1.24626672534433,359.779,1.26222782192029,359.779,1.20058722316896,,,,,,,,,,,,,,,,,,,,,,,,,,,,,,,,,,,,,,,,,,,,,,,,,,,,,,,,,,,,,,,,,,,,,,,,,,,,,,,,,,,,,,,,,,,,,,,,,,,,,,,,,,,,,
,,,,,,,,,,,,,,,,,,,,,,360.278,1.23169679931876,360.278,1.25370047697902,360.278,1.24665564592916,360.278,1.26212501890921,360.278,1.20285888223573,,,,,,,,,,,,,,,,,,,,,,,,,,,,,,,,,,,,,,,,,,,,,,,,,,,,,,,,,,,,,,,,,,,,,,,,,,,,,,,,,,,,,,,,,,,,,,,,,,,,,,,,,,,,,
,,,,,,,,,,,,,,,,,,,,,,360.777,1.22596889943898,360.777,1.24116788661645,360.777,1.25639836415667,360.777,1.26662672546678,360.777,1.21320507816092,,,,,,,,,,,,,,,,,,,,,,,,,,,,,,,,,,,,,,,,,,,,,,,,,,,,,,,,,,,,,,,,,,,,,,,,,,,,,,,,,,,,,,,,,,,,,,,,,,,,,,,,,,,,,
,,,,,,,,,,,,,,,,,,,,,,361.276,1.22934711731795,361.276,1.25261217616601,361.276,1.25387772271172,361.276,1.26396753276497,361.276,1.21777132204661,,,,,,,,,,,,,,,,,,,,,,,,,,,,,,,,,,,,,,,,,,,,,,,,,,,,,,,,,,,,,,,,,,,,,,,,,,,,,,,,,,,,,,,,,,,,,,,,,,,,,,,,,,,,,
,,,,,,,,,,,,,,,,,,,,,,361.775,1.23396807707244,361.775,1.24986907025859,361.775,1.24631278907788,361.775,1.25973171414852,361.775,1.20902222361608,,,,,,,,,,,,,,,,,,,,,,,,,,,,,,,,,,,,,,,,,,,,,,,,,,,,,,,,,,,,,,,,,,,,,,,,,,,,,,,,,,,,,,,,,,,,,,,,,,,,,,,,,,,,,
,,,,,,,,,,,,,,,,,,,,,,362.274,1.22309827220285,362.274,1.25027947967614,362.274,1.25032396987237,362.274,1.26257275785186,362.274,1.2014867484401,,,,,,,,,,,,,,,,,,,,,,,,,,,,,,,,,,,,,,,,,,,,,,,,,,,,,,,,,,,,,,,,,,,,,,,,,,,,,,,,,,,,,,,,,,,,,,,,,,,,,,,,,,,,,
,,,,,,,,,,,,,,,,,,,,,,362.773,1.22112937136243,362.773,1.2501998691976,362.773,1.24955015319523,362.773,1.26293086551348,362.773,1.21570978749932,,,,,,,,,,,,,,,,,,,,,,,,,,,,,,,,,,,,,,,,,,,,,,,,,,,,,,,,,,,,,,,,,,,,,,,,,,,,,,,,,,,,,,,,,,,,,,,,,,,,,,,,,,,,,
,,,,,,,,,,,,,,,,,,,,,,363.272,1.23099905826635,363.272,1.24670005760967,363.272,1.24581309221741,363.272,1.26590154585052,363.272,1.21326582492996,,,,,,,,,,,,,,,,,,,,,,,,,,,,,,,,,,,,,,,,,,,,,,,,,,,,,,,,,,,,,,,,,,,,,,,,,,,,,,,,,,,,,,,,,,,,,,,,,,,,,,,,,,,,,
,,,,,,,,,,,,,,,,,,,,,,363.771,1.22375202944078,363.771,1.23786789927884,363.771,1.24945170517743,363.771,1.26096865635749,363.771,1.20709346642257,,,,,,,,,,,,,,,,,,,,,,,,,,,,,,,,,,,,,,,,,,,,,,,,,,,,,,,,,,,,,,,,,,,,,,,,,,,,,,,,,,,,,,,,,,,,,,,,,,,,,,,,,,,,,
,,,,,,,,,,,,,,,,,,,,,,364.27,1.23133600390067,364.27,1.25001643138904,364.27,1.25554819379971,364.27,1.26184107416444,364.27,1.21540051272876,,,,,,,,,,,,,,,,,,,,,,,,,,,,,,,,,,,,,,,,,,,,,,,,,,,,,,,,,,,,,,,,,,,,,,,,,,,,,,,,,,,,,,,,,,,,,,,,,,,,,,,,,,,,,
,,,,,,,,,,,,,,,,,,,,,,364.769,1.23189281527896,364.769,1.25599024154412,364.769,1.24999762744043,364.769,1.25864556257762,364.769,1.20443017220604,,,,,,,,,,,,,,,,,,,,,,,,,,,,,,,,,,,,,,,,,,,,,,,,,,,,,,,,,,,,,,,,,,,,,,,,,,,,,,,,,,,,,,,,,,,,,,,,,,,,,,,,,,,,,
,,,,,,,,,,,,,,,,,,,,,,365.268,1.23342637643872,365.268,1.24183020733412,365.268,1.25149356456449,365.268,1.26626893043123,365.268,1.20481106472312,,,,,,,,,,,,,,,,,,,,,,,,,,,,,,,,,,,,,,,,,,,,,,,,,,,,,,,,,,,,,,,,,,,,,,,,,,,,,,,,,,,,,,,,,,,,,,,,,,,,,,,,,,,,,
,,,,,,,,,,,,,,,,,,,,,,365.767,1.23189412453313,365.767,1.25026364877394,365.767,1.245135534889,365.767,1.26513905400269,365.767,1.21193562880539,,,,,,,,,,,,,,,,,,,,,,,,,,,,,,,,,,,,,,,,,,,,,,,,,,,,,,,,,,,,,,,,,,,,,,,,,,,,,,,,,,,,,,,,,,,,,,,,,,,,,,,,,,,,,
,,,,,,,,,,,,,,,,,,,,,,366.266,1.23280876089515,366.266,1.24841678658899,366.266,1.24986157568396,366.266,1.26516267849777,366.266,1.2120186151214,,,,,,,,,,,,,,,,,,,,,,,,,,,,,,,,,,,,,,,,,,,,,,,,,,,,,,,,,,,,,,,,,,,,,,,,,,,,,,,,,,,,,,,,,,,,,,,,,,,,,,,,,,,,,
,,,,,,,,,,,,,,,,,,,,,,366.765,1.23237748416318,366.765,1.24445009757759,366.765,1.25046264132827,366.765,1.27204905311904,366.765,1.20162503505424,,,,,,,,,,,,,,,,,,,,,,,,,,,,,,,,,,,,,,,,,,,,,,,,,,,,,,,,,,,,,,,,,,,,,,,,,,,,,,,,,,,,,,,,,,,,,,,,,,,,,,,,,,,,,
,,,,,,,,,,,,,,,,,,,,,,367.264,1.23134286022988,367.264,1.25270412867316,367.264,1.25457386486428,367.264,1.26538391474369,367.264,1.21492583238928,,,,,,,,,,,,,,,,,,,,,,,,,,,,,,,,,,,,,,,,,,,,,,,,,,,,,,,,,,,,,,,,,,,,,,,,,,,,,,,,,,,,,,,,,,,,,,,,,,,,,,,,,,,,,
,,,,,,,,,,,,,,,,,,,,,,367.763,1.23674706453414,367.763,1.24553121866278,367.763,1.25131863502283,367.763,1.26872160859274,367.763,1.21249179914701,,,,,,,,,,,,,,,,,,,,,,,,,,,,,,,,,,,,,,,,,,,,,,,,,,,,,,,,,,,,,,,,,,,,,,,,,,,,,,,,,,,,,,,,,,,,,,,,,,,,,,,,,,,,,
,,,,,,,,,,,,,,,,,,,,,,368.262,1.23285704960888,368.262,1.25136365021453,368.262,1.24449886209129,368.262,1.27271894705743,368.262,1.21205364661997,,,,,,,,,,,,,,,,,,,,,,,,,,,,,,,,,,,,,,,,,,,,,,,,,,,,,,,,,,,,,,,,,,,,,,,,,,,,,,,,,,,,,,,,,,,,,,,,,,,,,,,,,,,,,
,,,,,,,,,,,,,,,,,,,,,,368.761,1.2317041072545,368.761,1.247270245251,368.761,1.2492333137066,368.761,1.27099181830756,368.761,1.21727143120584,,,,,,,,,,,,,,,,,,,,,,,,,,,,,,,,,,,,,,,,,,,,,,,,,,,,,,,,,,,,,,,,,,,,,,,,,,,,,,,,,,,,,,,,,,,,,,,,,,,,,,,,,,,,,
,,,,,,,,,,,,,,,,,,,,,,369.26,1.24007375640436,369.26,1.24057356511634,369.26,1.25218326325582,369.26,1.26961429403442,369.26,1.21316126026398,,,,,,,,,,,,,,,,,,,,,,,,,,,,,,,,,,,,,,,,,,,,,,,,,,,,,,,,,,,,,,,,,,,,,,,,,,,,,,,,,,,,,,,,,,,,,,,,,,,,,,,,,,,,,
,,,,,,,,,,,,,,,,,,,,,,369.759,1.23072169342793,369.759,1.24432875146903,369.759,1.24414130747071,369.759,1.27657677968105,369.759,1.2191245918342,,,,,,,,,,,,,,,,,,,,,,,,,,,,,,,,,,,,,,,,,,,,,,,,,,,,,,,,,,,,,,,,,,,,,,,,,,,,,,,,,,,,,,,,,,,,,,,,,,,,,,,,,,,,,
,,,,,,,,,,,,,,,,,,,,,,370.258,1.2415634319868,370.258,1.25553245028614,370.258,1.24811540344479,370.258,1.27407079007822,370.258,1.2104528088062,,,,,,,,,,,,,,,,,,,,,,,,,,,,,,,,,,,,,,,,,,,,,,,,,,,,,,,,,,,,,,,,,,,,,,,,,,,,,,,,,,,,,,,,,,,,,,,,,,,,,,,,,,,,,
,,,,,,,,,,,,,,,,,,,,,,370.757,1.23060258443897,370.757,1.24819865760902,370.757,1.24855009085319,370.757,1.27152826409441,370.757,1.2136888889257,,,,,,,,,,,,,,,,,,,,,,,,,,,,,,,,,,,,,,,,,,,,,,,,,,,,,,,,,,,,,,,,,,,,,,,,,,,,,,,,,,,,,,,,,,,,,,,,,,,,,,,,,,,,,
,,,,,,,,,,,,,,,,,,,,,,371.256,1.23304824215593,371.256,1.25073546817178,371.256,1.25333481331632,371.256,1.26748619356274,371.256,1.20521857207317,,,,,,,,,,,,,,,,,,,,,,,,,,,,,,,,,,,,,,,,,,,,,,,,,,,,,,,,,,,,,,,,,,,,,,,,,,,,,,,,,,,,,,,,,,,,,,,,,,,,,,,,,,,,,
,,,,,,,,,,,,,,,,,,,,,,371.755,1.2422924949638,371.755,1.24519612829594,371.755,1.24719580537051,371.755,1.26105584383902,371.755,1.2225071079267,,,,,,,,,,,,,,,,,,,,,,,,,,,,,,,,,,,,,,,,,,,,,,,,,,,,,,,,,,,,,,,,,,,,,,,,,,,,,,,,,,,,,,,,,,,,,,,,,,,,,,,,,,,,,
,,,,,,,,,,,,,,,,,,,,,,372.254,1.23526973065204,372.254,1.25084953978716,372.254,1.25043710467588,372.254,1.25809908862505,372.254,1.22188817286812,,,,,,,,,,,,,,,,,,,,,,,,,,,,,,,,,,,,,,,,,,,,,,,,,,,,,,,,,,,,,,,,,,,,,,,,,,,,,,,,,,,,,,,,,,,,,,,,,,,,,,,,,,,,,
,,,,,,,,,,,,,,,,,,,,,,372.753,1.23750036749598,372.753,1.2467746900614,372.753,1.251906350478,372.753,1.26976237582776,372.753,1.21634468311029,,,,,,,,,,,,,,,,,,,,,,,,,,,,,,,,,,,,,,,,,,,,,,,,,,,,,,,,,,,,,,,,,,,,,,,,,,,,,,,,,,,,,,,,,,,,,,,,,,,,,,,,,,,,,
,,,,,,,,,,,,,,,,,,,,,,373.252,1.23565311379022,373.252,1.2457759134555,373.252,1.24537543819795,373.252,1.26516061812132,373.252,1.20581751200115,,,,,,,,,,,,,,,,,,,,,,,,,,,,,,,,,,,,,,,,,,,,,,,,,,,,,,,,,,,,,,,,,,,,,,,,,,,,,,,,,,,,,,,,,,,,,,,,,,,,,,,,,,,,,
,,,,,,,,,,,,,,,,,,,,,,373.751,1.23709777176049,373.751,1.24396905422175,373.751,1.24542661507096,373.751,1.25527516754319,373.751,1.21217055589607,,,,,,,,,,,,,,,,,,,,,,,,,,,,,,,,,,,,,,,,,,,,,,,,,,,,,,,,,,,,,,,,,,,,,,,,,,,,,,,,,,,,,,,,,,,,,,,,,,,,,,,,,,,,,
,,,,,,,,,,,,,,,,,,,,,,374.25,1.23682680313938,374.25,1.24948863352238,374.25,1.24879943311764,374.25,1.26060297876739,374.25,1.20518871988207,,,,,,,,,,,,,,,,,,,,,,,,,,,,,,,,,,,,,,,,,,,,,,,,,,,,,,,,,,,,,,,,,,,,,,,,,,,,,,,,,,,,,,,,,,,,,,,,,,,,,,,,,,,,,
,,,,,,,,,,,,,,,,,,,,,,374.749,1.23493123553403,374.749,1.24454708430398,374.749,1.2438999613868,374.749,1.25658575280791,374.749,1.2139278027256,,,,,,,,,,,,,,,,,,,,,,,,,,,,,,,,,,,,,,,,,,,,,,,,,,,,,,,,,,,,,,,,,,,,,,,,,,,,,,,,,,,,,,,,,,,,,,,,,,,,,,,,,,,,,
,,,,,,,,,,,,,,,,,,,,,,375.248,1.23012930199628,375.248,1.24590436012022,375.248,1.24997316925168,375.248,1.26138729768056,375.248,1.20863798214599,,,,,,,,,,,,,,,,,,,,,,,,,,,,,,,,,,,,,,,,,,,,,,,,,,,,,,,,,,,,,,,,,,,,,,,,,,,,,,,,,,,,,,,,,,,,,,,,,,,,,,,,,,,,,
,,,,,,,,,,,,,,,,,,,,,,375.747,1.23472215199682,375.747,1.25600280308176,375.747,1.24793801773858,375.747,1.26659851673042,375.747,1.20162540123845,,,,,,,,,,,,,,,,,,,,,,,,,,,,,,,,,,,,,,,,,,,,,,,,,,,,,,,,,,,,,,,,,,,,,,,,,,,,,,,,,,,,,,,,,,,,,,,,,,,,,,,,,,,,,
,,,,,,,,,,,,,,,,,,,,,,376.246,1.23210773557401,376.246,1.2516175614186,376.246,1.25019537587591,376.246,1.26144006766211,376.246,1.20749021830771,,,,,,,,,,,,,,,,,,,,,,,,,,,,,,,,,,,,,,,,,,,,,,,,,,,,,,,,,,,,,,,,,,,,,,,,,,,,,,,,,,,,,,,,,,,,,,,,,,,,,,,,,,,,,
,,,,,,,,,,,,,,,,,,,,,,376.745,1.235527977144,376.745,1.24379738655493,376.745,1.26168460513473,376.745,1.26259249759287,376.745,1.20459112575475,,,,,,,,,,,,,,,,,,,,,,,,,,,,,,,,,,,,,,,,,,,,,,,,,,,,,,,,,,,,,,,,,,,,,,,,,,,,,,,,,,,,,,,,,,,,,,,,,,,,,,,,,,,,,
,,,,,,,,,,,,,,,,,,,,,,377.244,1.23879431240159,377.244,1.24315222697838,377.244,1.2474975429927,377.244,1.25476600435352,377.244,1.20852418450804,,,,,,,,,,,,,,,,,,,,,,,,,,,,,,,,,,,,,,,,,,,,,,,,,,,,,,,,,,,,,,,,,,,,,,,,,,,,,,,,,,,,,,,,,,,,,,,,,,,,,,,,,,,,,
,,,,,,,,,,,,,,,,,,,,,,377.743,1.22924709271655,377.743,1.24531950897432,377.743,1.25461896920779,377.743,1.26614246801937,377.743,1.20625475666298,,,,,,,,,,,,,,,,,,,,,,,,,,,,,,,,,,,,,,,,,,,,,,,,,,,,,,,,,,,,,,,,,,,,,,,,,,,,,,,,,,,,,,,,,,,,,,,,,,,,,,,,,,,,,
,,,,,,,,,,,,,,,,,,,,,,378.242,1.23641222200089,378.242,1.24476515869247,378.242,1.2526721876476,378.242,1.26743825490807,378.242,1.20559233333753,,,,,,,,,,,,,,,,,,,,,,,,,,,,,,,,,,,,,,,,,,,,,,,,,,,,,,,,,,,,,,,,,,,,,,,,,,,,,,,,,,,,,,,,,,,,,,,,,,,,,,,,,,,,,
,,,,,,,,,,,,,,,,,,,,,,378.741,1.22760512819677,378.741,1.25108364587024,378.741,1.25631814881707,378.741,1.26625428969959,378.741,1.2027973137598,,,,,,,,,,,,,,,,,,,,,,,,,,,,,,,,,,,,,,,,,,,,,,,,,,,,,,,,,,,,,,,,,,,,,,,,,,,,,,,,,,,,,,,,,,,,,,,,,,,,,,,,,,,,,
,,,,,,,,,,,,,,,,,,,,,,379.24,1.22499949373186,379.24,1.24266475323514,379.24,1.24694533602866,379.24,1.26063119421283,379.24,1.20324108105369,,,,,,,,,,,,,,,,,,,,,,,,,,,,,,,,,,,,,,,,,,,,,,,,,,,,,,,,,,,,,,,,,,,,,,,,,,,,,,,,,,,,,,,,,,,,,,,,,,,,,,,,,,,,,
,,,,,,,,,,,,,,,,,,,,,,379.739,1.23353486104701,379.739,1.24837812151865,379.739,1.24839737761894,379.739,1.26570592325778,379.739,1.21033754320378,,,,,,,,,,,,,,,,,,,,,,,,,,,,,,,,,,,,,,,,,,,,,,,,,,,,,,,,,,,,,,,,,,,,,,,,,,,,,,,,,,,,,,,,,,,,,,,,,,,,,,,,,,,,,
,,,,,,,,,,,,,,,,,,,,,,380.238,1.22621340577658,380.238,1.24724261250371,380.238,1.25817370450845,380.238,1.26553074513072,380.238,1.2060590016897,,,,,,,,,,,,,,,,,,,,,,,,,,,,,,,,,,,,,,,,,,,,,,,,,,,,,,,,,,,,,,,,,,,,,,,,,,,,,,,,,,,,,,,,,,,,,,,,,,,,,,,,,,,,,
,,,,,,,,,,,,,,,,,,,,,,380.737,1.22651862263687,380.737,1.24895910295983,380.737,1.25640773060791,380.737,1.26875051603649,380.737,1.208364760306,,,,,,,,,,,,,,,,,,,,,,,,,,,,,,,,,,,,,,,,,,,,,,,,,,,,,,,,,,,,,,,,,,,,,,,,,,,,,,,,,,,,,,,,,,,,,,,,,,,,,,,,,,,,,
,,,,,,,,,,,,,,,,,,,,,,381.236,1.22799629778914,381.236,1.24159921284505,381.236,1.26018515077092,381.236,1.26699625432587,381.236,1.20483416092094,,,,,,,,,,,,,,,,,,,,,,,,,,,,,,,,,,,,,,,,,,,,,,,,,,,,,,,,,,,,,,,,,,,,,,,,,,,,,,,,,,,,,,,,,,,,,,,,,,,,,,,,,,,,,
,,,,,,,,,,,,,,,,,,,,,,381.735,1.23431538194515,381.735,1.25034027585171,381.735,1.25835408101298,381.735,1.2576878761245,381.735,1.21403874324209,,,,,,,,,,,,,,,,,,,,,,,,,,,,,,,,,,,,,,,,,,,,,,,,,,,,,,,,,,,,,,,,,,,,,,,,,,,,,,,,,,,,,,,,,,,,,,,,,,,,,,,,,,,,,
,,,,,,,,,,,,,,,,,,,,,,382.234,1.24042782134463,382.234,1.24418956374616,382.234,1.25633929260365,382.234,1.27319886222212,382.234,1.21127377213407,,,,,,,,,,,,,,,,,,,,,,,,,,,,,,,,,,,,,,,,,,,,,,,,,,,,,,,,,,,,,,,,,,,,,,,,,,,,,,,,,,,,,,,,,,,,,,,,,,,,,,,,,,,,,
,,,,,,,,,,,,,,,,,,,,,,382.733,1.23449396693944,382.733,1.24805970991752,382.733,1.25690406579325,382.733,1.26650008261137,382.733,1.20596546151779,,,,,,,,,,,,,,,,,,,,,,,,,,,,,,,,,,,,,,,,,,,,,,,,,,,,,,,,,,,,,,,,,,,,,,,,,,,,,,,,,,,,,,,,,,,,,,,,,,,,,,,,,,,,,
,,,,,,,,,,,,,,,,,,,,,,383.232,1.23497253721435,383.232,1.2415613026838,383.232,1.25388412268747,383.232,1.26623095820371,383.232,1.21050479602163,,,,,,,,,,,,,,,,,,,,,,,,,,,,,,,,,,,,,,,,,,,,,,,,,,,,,,,,,,,,,,,,,,,,,,,,,,,,,,,,,,,,,,,,,,,,,,,,,,,,,,,,,,,,,
,,,,,,,,,,,,,,,,,,,,,,383.731,1.23435432726134,383.731,1.24614784314107,383.731,1.25390082519933,383.731,1.26962496821229,383.731,1.21162638231419,,,,,,,,,,,,,,,,,,,,,,,,,,,,,,,,,,,,,,,,,,,,,,,,,,,,,,,,,,,,,,,,,,,,,,,,,,,,,,,,,,,,,,,,,,,,,,,,,,,,,,,,,,,,,
,,,,,,,,,,,,,,,,,,,,,,384.23,1.2337764590597,384.23,1.24018659095105,384.23,1.25750106640332,384.23,1.2703492084815,384.23,1.21043780700794,,,,,,,,,,,,,,,,,,,,,,,,,,,,,,,,,,,,,,,,,,,,,,,,,,,,,,,,,,,,,,,,,,,,,,,,,,,,,,,,,,,,,,,,,,,,,,,,,,,,,,,,,,,,,
,,,,,,,,,,,,,,,,,,,,,,384.729,1.2328641371138,384.729,1.24565889915877,384.729,1.25586138605497,384.729,1.26173709459364,384.729,1.19677546430238,,,,,,,,,,,,,,,,,,,,,,,,,,,,,,,,,,,,,,,,,,,,,,,,,,,,,,,,,,,,,,,,,,,,,,,,,,,,,,,,,,,,,,,,,,,,,,,,,,,,,,,,,,,,,
,,,,,,,,,,,,,,,,,,,,,,385.228,1.23483041658229,385.228,1.24442448191774,385.228,1.25437778660957,385.228,1.26684413400143,385.228,1.20890680135536,,,,,,,,,,,,,,,,,,,,,,,,,,,,,,,,,,,,,,,,,,,,,,,,,,,,,,,,,,,,,,,,,,,,,,,,,,,,,,,,,,,,,,,,,,,,,,,,,,,,,,,,,,,,,
,,,,,,,,,,,,,,,,,,,,,,385.727,1.22970743796121,385.727,1.24575133525772,385.727,1.25084346286079,385.727,1.25860543664557,385.727,1.21602415651442,,,,,,,,,,,,,,,,,,,,,,,,,,,,,,,,,,,,,,,,,,,,,,,,,,,,,,,,,,,,,,,,,,,,,,,,,,,,,,,,,,,,,,,,,,,,,,,,,,,,,,,,,,,,,
,,,,,,,,,,,,,,,,,,,,,,386.226,1.22942044921427,386.226,1.24651264928124,386.226,1.2500348462265,386.226,1.26360178996898,386.226,1.21683713909513,,,,,,,,,,,,,,,,,,,,,,,,,,,,,,,,,,,,,,,,,,,,,,,,,,,,,,,,,,,,,,,,,,,,,,,,,,,,,,,,,,,,,,,,,,,,,,,,,,,,,,,,,,,,,
,,,,,,,,,,,,,,,,,,,,,,386.725,1.23343265449766,386.725,1.24962043786552,386.725,1.26210892771119,386.725,1.26216249097265,386.725,1.20897912316187,,,,,,,,,,,,,,,,,,,,,,,,,,,,,,,,,,,,,,,,,,,,,,,,,,,,,,,,,,,,,,,,,,,,,,,,,,,,,,,,,,,,,,,,,,,,,,,,,,,,,,,,,,,,,
,,,,,,,,,,,,,,,,,,,,,,387.224,1.22445048768318,387.224,1.24645424697346,387.224,1.25349122911626,387.224,1.26408452488515,387.224,1.21412174442216,,,,,,,,,,,,,,,,,,,,,,,,,,,,,,,,,,,,,,,,,,,,,,,,,,,,,,,,,,,,,,,,,,,,,,,,,,,,,,,,,,,,,,,,,,,,,,,,,,,,,,,,,,,,,
,,,,,,,,,,,,,,,,,,,,,,387.723,1.22733303259221,387.723,1.249263676448,387.723,1.24537585602009,387.723,1.26852620342102,387.723,1.21830044081576,,,,,,,,,,,,,,,,,,,,,,,,,,,,,,,,,,,,,,,,,,,,,,,,,,,,,,,,,,,,,,,,,,,,,,,,,,,,,,,,,,,,,,,,,,,,,,,,,,,,,,,,,,,,,
,,,,,,,,,,,,,,,,,,,,,,388.222,1.22465091715465,388.222,1.25273165789467,388.222,1.25169453467539,388.222,1.26151182421365,388.222,1.22274014419734,,,,,,,,,,,,,,,,,,,,,,,,,,,,,,,,,,,,,,,,,,,,,,,,,,,,,,,,,,,,,,,,,,,,,,,,,,,,,,,,,,,,,,,,,,,,,,,,,,,,,,,,,,,,,
,,,,,,,,,,,,,,,,,,,,,,388.721,1.22541368324903,388.721,1.25416369036322,388.721,1.25785138231059,388.721,1.26327727191004,388.721,1.21592272335227,,,,,,,,,,,,,,,,,,,,,,,,,,,,,,,,,,,,,,,,,,,,,,,,,,,,,,,,,,,,,,,,,,,,,,,,,,,,,,,,,,,,,,,,,,,,,,,,,,,,,,,,,,,,,
,,,,,,,,,,,,,,,,,,,,,,389.22,1.22436440909365,389.22,1.25472340121371,389.22,1.25135864477427,389.22,1.26287915451291,389.22,1.22456065296099,,,,,,,,,,,,,,,,,,,,,,,,,,,,,,,,,,,,,,,,,,,,,,,,,,,,,,,,,,,,,,,,,,,,,,,,,,,,,,,,,,,,,,,,,,,,,,,,,,,,,,,,,,,,,
,,,,,,,,,,,,,,,,,,,,,,389.719,1.23973162190462,389.719,1.24035920877442,389.719,1.25296053988948,389.719,1.26680212472973,389.719,1.22473394526485,,,,,,,,,,,,,,,,,,,,,,,,,,,,,,,,,,,,,,,,,,,,,,,,,,,,,,,,,,,,,,,,,,,,,,,,,,,,,,,,,,,,,,,,,,,,,,,,,,,,,,,,,,,,,
,,,,,,,,,,,,,,,,,,,,,,390.218,1.22729591345808,390.218,1.24854733144144,390.218,1.25585234764564,390.218,1.27079656140579,390.218,1.22322699181274,,,,,,,,,,,,,,,,,,,,,,,,,,,,,,,,,,,,,,,,,,,,,,,,,,,,,,,,,,,,,,,,,,,,,,,,,,,,,,,,,,,,,,,,,,,,,,,,,,,,,,,,,,,,,
,,,,,,,,,,,,,,,,,,,,,,390.717,1.23226831337082,390.717,1.25256618621164,390.717,1.24929782144099,390.717,1.26929687801704,390.717,1.21914374912026,,,,,,,,,,,,,,,,,,,,,,,,,,,,,,,,,,,,,,,,,,,,,,,,,,,,,,,,,,,,,,,,,,,,,,,,,,,,,,,,,,,,,,,,,,,,,,,,,,,,,,,,,,,,,
,,,,,,,,,,,,,,,,,,,,,,391.216,1.23403664955119,391.216,1.25570239670445,391.216,1.25039324840514,391.216,1.26166775249785,391.216,1.23002467353853,,,,,,,,,,,,,,,,,,,,,,,,,,,,,,,,,,,,,,,,,,,,,,,,,,,,,,,,,,,,,,,,,,,,,,,,,,,,,,,,,,,,,,,,,,,,,,,,,,,,,,,,,,,,,
,,,,,,,,,,,,,,,,,,,,,,391.715,1.23222384355926,391.715,1.25764956955064,391.715,1.25634838271289,391.715,1.26526893728346,391.715,1.22379676532848,,,,,,,,,,,,,,,,,,,,,,,,,,,,,,,,,,,,,,,,,,,,,,,,,,,,,,,,,,,,,,,,,,,,,,,,,,,,,,,,,,,,,,,,,,,,,,,,,,,,,,,,,,,,,
,,,,,,,,,,,,,,,,,,,,,,392.214,1.23821275951745,392.214,1.25687748778627,392.214,1.25039480545194,392.214,1.25940542623819,392.214,1.21797411408303,,,,,,,,,,,,,,,,,,,,,,,,,,,,,,,,,,,,,,,,,,,,,,,,,,,,,,,,,,,,,,,,,,,,,,,,,,,,,,,,,,,,,,,,,,,,,,,,,,,,,,,,,,,,,
,,,,,,,,,,,,,,,,,,,,,,392.713,1.22875406018664,392.713,1.25521675877374,392.713,1.25444934922071,392.713,1.26280808999643,392.713,1.22507545856923,,,,,,,,,,,,,,,,,,,,,,,,,,,,,,,,,,,,,,,,,,,,,,,,,,,,,,,,,,,,,,,,,,,,,,,,,,,,,,,,,,,,,,,,,,,,,,,,,,,,,,,,,,,,,
,,,,,,,,,,,,,,,,,,,,,,393.212,1.23849537361088,393.212,1.25997963746767,393.212,1.25119143425516,393.212,1.26286316546871,393.212,1.21572540436131,,,,,,,,,,,,,,,,,,,,,,,,,,,,,,,,,,,,,,,,,,,,,,,,,,,,,,,,,,,,,,,,,,,,,,,,,,,,,,,,,,,,,,,,,,,,,,,,,,,,,,,,,,,,,
,,,,,,,,,,,,,,,,,,,,,,393.711,1.23879168531131,393.711,1.25670690946921,393.711,1.25576196740927,393.711,1.26776504855222,393.711,1.21982884100916,,,,,,,,,,,,,,,,,,,,,,,,,,,,,,,,,,,,,,,,,,,,,,,,,,,,,,,,,,,,,,,,,,,,,,,,,,,,,,,,,,,,,,,,,,,,,,,,,,,,,,,,,,,,,
,,,,,,,,,,,,,,,,,,,,,,394.21,1.23979699392735,394.21,1.2478737883369,394.21,1.25727943495743,394.21,1.25866297413812,394.21,1.21376678486248,,,,,,,,,,,,,,,,,,,,,,,,,,,,,,,,,,,,,,,,,,,,,,,,,,,,,,,,,,,,,,,,,,,,,,,,,,,,,,,,,,,,,,,,,,,,,,,,,,,,,,,,,,,,,
,,,,,,,,,,,,,,,,,,,,,,394.709,1.23641013341297,394.709,1.24885675571025,394.709,1.23596438009954,394.709,1.25257988894266,394.709,1.2171550507941,,,,,,,,,,,,,,,,,,,,,,,,,,,,,,,,,,,,,,,,,,,,,,,,,,,,,,,,,,,,,,,,,,,,,,,,,,,,,,,,,,,,,,,,,,,,,,,,,,,,,,,,,,,,,
,,,,,,,,,,,,,,,,,,,,,,395.208,1.23513017604365,395.208,1.25283263010301,395.208,1.24278193696793,395.208,1.25896091580194,395.208,1.21663618305499,,,,,,,,,,,,,,,,,,,,,,,,,,,,,,,,,,,,,,,,,,,,,,,,,,,,,,,,,,,,,,,,,,,,,,,,,,,,,,,,,,,,,,,,,,,,,,,,,,,,,,,,,,,,,
,,,,,,,,,,,,,,,,,,,,,,395.707,1.23560579421715,395.707,1.25732629407696,395.707,1.23904715040849,395.707,1.25808525829997,395.707,1.22260540826183,,,,,,,,,,,,,,,,,,,,,,,,,,,,,,,,,,,,,,,,,,,,,,,,,,,,,,,,,,,,,,,,,,,,,,,,,,,,,,,,,,,,,,,,,,,,,,,,,,,,,,,,,,,,,
,,,,,,,,,,,,,,,,,,,,,,396.206,1.23459564634012,396.206,1.24685253979327,396.206,1.24825892796056,396.206,1.2615216222418,396.206,1.21705932322848,,,,,,,,,,,,,,,,,,,,,,,,,,,,,,,,,,,,,,,,,,,,,,,,,,,,,,,,,,,,,,,,,,,,,,,,,,,,,,,,,,,,,,,,,,,,,,,,,,,,,,,,,,,,,
,,,,,,,,,,,,,,,,,,,,,,396.705,1.24347401630364,396.705,1.25319749389784,396.705,1.25595917487126,396.705,1.26690900032999,396.705,1.22220735088966,,,,,,,,,,,,,,,,,,,,,,,,,,,,,,,,,,,,,,,,,,,,,,,,,,,,,,,,,,,,,,,,,,,,,,,,,,,,,,,,,,,,,,,,,,,,,,,,,,,,,,,,,,,,,
,,,,,,,,,,,,,,,,,,,,,,397.204,1.24504095974001,397.204,1.26218034135248,397.204,1.25409514374045,397.204,1.26793724146503,397.204,1.21865766788556,,,,,,,,,,,,,,,,,,,,,,,,,,,,,,,,,,,,,,,,,,,,,,,,,,,,,,,,,,,,,,,,,,,,,,,,,,,,,,,,,,,,,,,,,,,,,,,,,,,,,,,,,,,,,
,,,,,,,,,,,,,,,,,,,,,,397.703,1.23685798429898,397.703,1.25355432891908,397.703,1.2427238951339,397.703,1.26577111428535,397.703,1.2261974984078,,,,,,,,,,,,,,,,,,,,,,,,,,,,,,,,,,,,,,,,,,,,,,,,,,,,,,,,,,,,,,,,,,,,,,,,,,,,,,,,,,,,,,,,,,,,,,,,,,,,,,,,,,,,,
,,,,,,,,,,,,,,,,,,,,,,398.202,1.23270414288893,398.202,1.25585710807828,398.202,1.25569046877127,398.202,1.26325790760422,398.202,1.21752749064541,,,,,,,,,,,,,,,,,,,,,,,,,,,,,,,,,,,,,,,,,,,,,,,,,,,,,,,,,,,,,,,,,,,,,,,,,,,,,,,,,,,,,,,,,,,,,,,,,,,,,,,,,,,,,
,,,,,,,,,,,,,,,,,,,,,,398.701,1.22981523373717,398.701,1.25091902130827,398.701,1.25054567500407,398.701,1.2514629776071,398.701,1.22063881936345,,,,,,,,,,,,,,,,,,,,,,,,,,,,,,,,,,,,,,,,,,,,,,,,,,,,,,,,,,,,,,,,,,,,,,,,,,,,,,,,,,,,,,,,,,,,,,,,,,,,,,,,,,,,,
,,,,,,,,,,,,,,,,,,,,,,399.2,1.23378318173006,399.2,1.24180059288217,399.2,1.24524668019544,399.2,1.26525442073934,399.2,1.22509576491911,,,,,,,,,,,,,,,,,,,,,,,,,,,,,,,,,,,,,,,,,,,,,,,,,,,,,,,,,,,,,,,,,,,,,,,,,,,,,,,,,,,,,,,,,,,,,,,,,,,,,,,,,,,,,
,,,,,,,,,,,,,,,,,,,,,,399.699,1.24251335532674,399.699,1.25386111631736,399.699,1.24551040073342,399.699,1.25074784209808,399.699,1.22846478718762,,,,,,,,,,,,,,,,,,,,,,,,,,,,,,,,,,,,,,,,,,,,,,,,,,,,,,,,,,,,,,,,,,,,,,,,,,,,,,,,,,,,,,,,,,,,,,,,,,,,,,,,,,,,,
,,,,,,,,,,,,,,,,,,,,,,400.198,1.23889295576642,400.198,1.25155774731237,400.198,1.25190353807291,400.198,1.26469089106075,400.198,1.22410175215594,,,,,,,,,,,,,,,,,,,,,,,,,,,,,,,,,,,,,,,,,,,,,,,,,,,,,,,,,,,,,,,,,,,,,,,,,,,,,,,,,,,,,,,,,,,,,,,,,,,,,,,,,,,,,
,,,,,,,,,,,,,,,,,,,,,,400.697,1.23646225506047,400.697,1.24634562140931,400.697,1.25461787893332,400.697,1.26226458729813,400.697,1.21977839830835,,,,,,,,,,,,,,,,,,,,,,,,,,,,,,,,,,,,,,,,,,,,,,,,,,,,,,,,,,,,,,,,,,,,,,,,,,,,,,,,,,,,,,,,,,,,,,,,,,,,,,,,,,,,,
,,,,,,,,,,,,,,,,,,,,,,401.196,1.23087975329274,401.196,1.25770605041834,401.196,1.24929200676099,401.196,1.26250759281664,401.196,1.22536145590178,,,,,,,,,,,,,,,,,,,,,,,,,,,,,,,,,,,,,,,,,,,,,,,,,,,,,,,,,,,,,,,,,,,,,,,,,,,,,,,,,,,,,,,,,,,,,,,,,,,,,,,,,,,,,
,,,,,,,,,,,,,,,,,,,,,,401.695,1.23717519130214,401.695,1.25325110350732,401.695,1.24880442901512,401.695,1.26335154666403,401.695,1.22300975491598,,,,,,,,,,,,,,,,,,,,,,,,,,,,,,,,,,,,,,,,,,,,,,,,,,,,,,,,,,,,,,,,,,,,,,,,,,,,,,,,,,,,,,,,,,,,,,,,,,,,,,,,,,,,,
,,,,,,,,,,,,,,,,,,,,,,402.194,1.24007860797824,402.194,1.25042203113976,402.194,1.25047976622616,402.194,1.25664145103402,402.194,1.22577599482903,,,,,,,,,,,,,,,,,,,,,,,,,,,,,,,,,,,,,,,,,,,,,,,,,,,,,,,,,,,,,,,,,,,,,,,,,,,,,,,,,,,,,,,,,,,,,,,,,,,,,,,,,,,,,
,,,,,,,,,,,,,,,,,,,,,,402.693,1.22721480301421,402.693,1.25737676152166,402.693,1.24330653972319,402.693,1.25601231910473,402.693,1.2184374063469,,,,,,,,,,,,,,,,,,,,,,,,,,,,,,,,,,,,,,,,,,,,,,,,,,,,,,,,,,,,,,,,,,,,,,,,,,,,,,,,,,,,,,,,,,,,,,,,,,,,,,,,,,,,,
,,,,,,,,,,,,,,,,,,,,,,403.192,1.2361666586467,403.192,1.24981718908078,403.192,1.2523883001111,403.192,1.26777204486979,403.192,1.22369920607066,,,,,,,,,,,,,,,,,,,,,,,,,,,,,,,,,,,,,,,,,,,,,,,,,,,,,,,,,,,,,,,,,,,,,,,,,,,,,,,,,,,,,,,,,,,,,,,,,,,,,,,,,,,,,
,,,,,,,,,,,,,,,,,,,,,,403.691,1.23416000448318,403.691,1.24785647107484,403.691,1.25048233681962,403.691,1.26207435239569,403.691,1.22375535506918,,,,,,,,,,,,,,,,,,,,,,,,,,,,,,,,,,,,,,,,,,,,,,,,,,,,,,,,,,,,,,,,,,,,,,,,,,,,,,,,,,,,,,,,,,,,,,,,,,,,,,,,,,,,,
,,,,,,,,,,,,,,,,,,,,,,404.19,1.23619346787614,404.19,1.25200866062321,404.19,1.24779429380463,404.19,1.26816232507132,404.19,1.22689966792337,,,,,,,,,,,,,,,,,,,,,,,,,,,,,,,,,,,,,,,,,,,,,,,,,,,,,,,,,,,,,,,,,,,,,,,,,,,,,,,,,,,,,,,,,,,,,,,,,,,,,,,,,,,,,
,,,,,,,,,,,,,,,,,,,,,,404.689,1.23430124975082,404.689,1.24719656816451,404.689,1.25992124778227,404.689,1.26373357403774,404.689,1.22261453631417,,,,,,,,,,,,,,,,,,,,,,,,,,,,,,,,,,,,,,,,,,,,,,,,,,,,,,,,,,,,,,,,,,,,,,,,,,,,,,,,,,,,,,,,,,,,,,,,,,,,,,,,,,,,,
,,,,,,,,,,,,,,,,,,,,,,405.188,1.23901510256602,405.188,1.25078291105608,405.188,1.25477058156685,405.188,1.26649861483182,405.188,1.21797954769668,,,,,,,,,,,,,,,,,,,,,,,,,,,,,,,,,,,,,,,,,,,,,,,,,,,,,,,,,,,,,,,,,,,,,,,,,,,,,,,,,,,,,,,,,,,,,,,,,,,,,,,,,,,,,
,,,,,,,,,,,,,,,,,,,,,,405.687,1.24272365700649,405.687,1.24739652971935,405.687,1.24660591480473,405.687,1.26534375309378,405.687,1.21775899870032,,,,,,,,,,,,,,,,,,,,,,,,,,,,,,,,,,,,,,,,,,,,,,,,,,,,,,,,,,,,,,,,,,,,,,,,,,,,,,,,,,,,,,,,,,,,,,,,,,,,,,,,,,,,,
,,,,,,,,,,,,,,,,,,,,,,406.186,1.23903189520134,406.186,1.25471349820615,406.186,1.25082211493773,406.186,1.2644846103307,406.186,1.21639492463239,,,,,,,,,,,,,,,,,,,,,,,,,,,,,,,,,,,,,,,,,,,,,,,,,,,,,,,,,,,,,,,,,,,,,,,,,,,,,,,,,,,,,,,,,,,,,,,,,,,,,,,,,,,,,
,,,,,,,,,,,,,,,,,,,,,,406.685,1.23975106077394,406.685,1.25001064495421,406.685,1.25105023115851,406.685,1.26150133753357,406.685,1.21863805841484,,,,,,,,,,,,,,,,,,,,,,,,,,,,,,,,,,,,,,,,,,,,,,,,,,,,,,,,,,,,,,,,,,,,,,,,,,,,,,,,,,,,,,,,,,,,,,,,,,,,,,,,,,,,,
,,,,,,,,,,,,,,,,,,,,,,407.184,1.23599350858973,407.184,1.25235935125522,407.184,1.25321755622233,407.184,1.26914698560667,407.184,1.22365402078625,,,,,,,,,,,,,,,,,,,,,,,,,,,,,,,,,,,,,,,,,,,,,,,,,,,,,,,,,,,,,,,,,,,,,,,,,,,,,,,,,,,,,,,,,,,,,,,,,,,,,,,,,,,,,
,,,,,,,,,,,,,,,,,,,,,,407.683,1.23616676621864,407.683,1.25935672542076,407.683,1.25035459063235,407.683,1.26268702617438,407.683,1.2211894062568,,,,,,,,,,,,,,,,,,,,,,,,,,,,,,,,,,,,,,,,,,,,,,,,,,,,,,,,,,,,,,,,,,,,,,,,,,,,,,,,,,,,,,,,,,,,,,,,,,,,,,,,,,,,,
,,,,,,,,,,,,,,,,,,,,,,408.182,1.23162042683665,408.182,1.25497563502664,408.182,1.25174201535705,408.182,1.26936829595388,408.182,1.21570917305552,,,,,,,,,,,,,,,,,,,,,,,,,,,,,,,,,,,,,,,,,,,,,,,,,,,,,,,,,,,,,,,,,,,,,,,,,,,,,,,,,,,,,,,,,,,,,,,,,,,,,,,,,,,,,
,,,,,,,,,,,,,,,,,,,,,,408.681,1.23444051593853,408.681,1.24710592003305,408.681,1.24889940297197,408.681,1.26927268526466,408.681,1.21314804547509,,,,,,,,,,,,,,,,,,,,,,,,,,,,,,,,,,,,,,,,,,,,,,,,,,,,,,,,,,,,,,,,,,,,,,,,,,,,,,,,,,,,,,,,,,,,,,,,,,,,,,,,,,,,,
,,,,,,,,,,,,,,,,,,,,,,409.18,1.23756386194215,409.18,1.24417310197133,409.18,1.24804896112966,409.18,1.26590717558261,409.18,1.21980620136118,,,,,,,,,,,,,,,,,,,,,,,,,,,,,,,,,,,,,,,,,,,,,,,,,,,,,,,,,,,,,,,,,,,,,,,,,,,,,,,,,,,,,,,,,,,,,,,,,,,,,,,,,,,,,
,,,,,,,,,,,,,,,,,,,,,,409.679,1.23496442592656,409.679,1.25182343936811,409.679,1.24883769502811,409.679,1.26083257292497,409.679,1.21115512352859,,,,,,,,,,,,,,,,,,,,,,,,,,,,,,,,,,,,,,,,,,,,,,,,,,,,,,,,,,,,,,,,,,,,,,,,,,,,,,,,,,,,,,,,,,,,,,,,,,,,,,,,,,,,,
,,,,,,,,,,,,,,,,,,,,,,410.178,1.23362427599884,410.178,1.25168468197562,410.178,1.25134149923393,410.178,1.26071823611997,410.178,1.21648681351037,,,,,,,,,,,,,,,,,,,,,,,,,,,,,,,,,,,,,,,,,,,,,,,,,,,,,,,,,,,,,,,,,,,,,,,,,,,,,,,,,,,,,,,,,,,,,,,,,,,,,,,,,,,,,
,,,,,,,,,,,,,,,,,,,,,,410.677,1.23354115453145,410.677,1.25050098651566,410.677,1.24694351061228,410.677,1.26922092721812,410.677,1.21338151361386,,,,,,,,,,,,,,,,,,,,,,,,,,,,,,,,,,,,,,,,,,,,,,,,,,,,,,,,,,,,,,,,,,,,,,,,,,,,,,,,,,,,,,,,,,,,,,,,,,,,,,,,,,,,,
,,,,,,,,,,,,,,,,,,,,,,411.176,1.22659001063711,411.176,1.2535083286469,411.176,1.24551168405461,411.176,1.26998247514553,411.176,1.21986652743815,,,,,,,,,,,,,,,,,,,,,,,,,,,,,,,,,,,,,,,,,,,,,,,,,,,,,,,,,,,,,,,,,,,,,,,,,,,,,,,,,,,,,,,,,,,,,,,,,,,,,,,,,,,,,
,,,,,,,,,,,,,,,,,,,,,,411.675,1.22959866382877,411.675,1.25757423273352,411.675,1.24534818265593,411.675,1.26445822027149,411.675,1.21779607800033,,,,,,,,,,,,,,,,,,,,,,,,,,,,,,,,,,,,,,,,,,,,,,,,,,,,,,,,,,,,,,,,,,,,,,,,,,,,,,,,,,,,,,,,,,,,,,,,,,,,,,,,,,,,,
,,,,,,,,,,,,,,,,,,,,,,412.174,1.24260462325982,412.174,1.24550917968187,412.174,1.24186599303906,412.174,1.25998814510559,412.174,1.21858089316634,,,,,,,,,,,,,,,,,,,,,,,,,,,,,,,,,,,,,,,,,,,,,,,,,,,,,,,,,,,,,,,,,,,,,,,,,,,,,,,,,,,,,,,,,,,,,,,,,,,,,,,,,,,,,
,,,,,,,,,,,,,,,,,,,,,,412.673,1.23597678882727,412.673,1.24975705789759,412.673,1.24143583571479,412.673,1.26523530291423,412.673,1.22061745170905,,,,,,,,,,,,,,,,,,,,,,,,,,,,,,,,,,,,,,,,,,,,,,,,,,,,,,,,,,,,,,,,,,,,,,,,,,,,,,,,,,,,,,,,,,,,,,,,,,,,,,,,,,,,,
,,,,,,,,,,,,,,,,,,,,,,413.172,1.22919383212563,413.172,1.25089154659823,413.172,1.25622237182485,413.172,1.26886906304047,413.172,1.22002783097472,,,,,,,,,,,,,,,,,,,,,,,,,,,,,,,,,,,,,,,,,,,,,,,,,,,,,,,,,,,,,,,,,,,,,,,,,,,,,,,,,,,,,,,,,,,,,,,,,,,,,,,,,,,,,
,,,,,,,,,,,,,,,,,,,,,,413.671,1.23458689152853,413.671,1.25251394872673,413.671,1.24948449925177,413.671,1.27115261152528,413.671,1.22398839565481,,,,,,,,,,,,,,,,,,,,,,,,,,,,,,,,,,,,,,,,,,,,,,,,,,,,,,,,,,,,,,,,,,,,,,,,,,,,,,,,,,,,,,,,,,,,,,,,,,,,,,,,,,,,,
,,,,,,,,,,,,,,,,,,,,,,414.17,1.23965119926954,414.17,1.25504536526348,414.17,1.25274654371644,414.17,1.26445163895629,414.17,1.22591402607424,,,,,,,,,,,,,,,,,,,,,,,,,,,,,,,,,,,,,,,,,,,,,,,,,,,,,,,,,,,,,,,,,,,,,,,,,,,,,,,,,,,,,,,,,,,,,,,,,,,,,,,,,,,,,
,,,,,,,,,,,,,,,,,,,,,,414.669,1.24507150844973,414.669,1.25799491542879,414.669,1.24710761726235,414.669,1.27063938690283,414.669,1.22499306995116,,,,,,,,,,,,,,,,,,,,,,,,,,,,,,,,,,,,,,,,,,,,,,,,,,,,,,,,,,,,,,,,,,,,,,,,,,,,,,,,,,,,,,,,,,,,,,,,,,,,,,,,,,,,,
,,,,,,,,,,,,,,,,,,,,,,415.168,1.24074130473501,415.168,1.2517044295428,415.168,1.24732558882404,415.168,1.2671236743682,415.168,1.21498756706611,,,,,,,,,,,,,,,,,,,,,,,,,,,,,,,,,,,,,,,,,,,,,,,,,,,,,,,,,,,,,,,,,,,,,,,,,,,,,,,,,,,,,,,,,,,,,,,,,,,,,,,,,,,,,
,,,,,,,,,,,,,,,,,,,,,,415.667,1.23880908268388,415.667,1.25960051695584,415.667,1.24817856410874,415.667,1.26515198633056,415.667,1.21631433025846,,,,,,,,,,,,,,,,,,,,,,,,,,,,,,,,,,,,,,,,,,,,,,,,,,,,,,,,,,,,,,,,,,,,,,,,,,,,,,,,,,,,,,,,,,,,,,,,,,,,,,,,,,,,,
,,,,,,,,,,,,,,,,,,,,,,416.166,1.24045679468391,416.166,1.25183653666134,416.166,1.24791539099446,416.166,1.26949058666021,416.166,1.22159448899111,,,,,,,,,,,,,,,,,,,,,,,,,,,,,,,,,,,,,,,,,,,,,,,,,,,,,,,,,,,,,,,,,,,,,,,,,,,,,,,,,,,,,,,,,,,,,,,,,,,,,,,,,,,,,
,,,,,,,,,,,,,,,,,,,,,,416.665,1.23054434579519,416.665,1.24900145290217,416.665,1.24992621063423,416.665,1.27086873598203,416.665,1.22097951235258,,,,,,,,,,,,,,,,,,,,,,,,,,,,,,,,,,,,,,,,,,,,,,,,,,,,,,,,,,,,,,,,,,,,,,,,,,,,,,,,,,,,,,,,,,,,,,,,,,,,,,,,,,,,,
,,,,,,,,,,,,,,,,,,,,,,417.164,1.23927602830518,417.164,1.26092042177925,417.164,1.24920807996498,417.164,1.26837871831076,417.164,1.21937818483762,,,,,,,,,,,,,,,,,,,,,,,,,,,,,,,,,,,,,,,,,,,,,,,,,,,,,,,,,,,,,,,,,,,,,,,,,,,,,,,,,,,,,,,,,,,,,,,,,,,,,,,,,,,,,
,,,,,,,,,,,,,,,,,,,,,,417.663,1.23938539050687,417.663,1.25020468397113,417.663,1.24479571385097,417.663,1.27024015431974,417.663,1.22656468469709,,,,,,,,,,,,,,,,,,,,,,,,,,,,,,,,,,,,,,,,,,,,,,,,,,,,,,,,,,,,,,,,,,,,,,,,,,,,,,,,,,,,,,,,,,,,,,,,,,,,,,,,,,,,,
,,,,,,,,,,,,,,,,,,,,,,418.162,1.23114776401369,418.162,1.24445562994319,418.162,1.24289155105572,418.162,1.2701738004675,418.162,1.21270137806324,,,,,,,,,,,,,,,,,,,,,,,,,,,,,,,,,,,,,,,,,,,,,,,,,,,,,,,,,,,,,,,,,,,,,,,,,,,,,,,,,,,,,,,,,,,,,,,,,,,,,,,,,,,,,
,,,,,,,,,,,,,,,,,,,,,,418.661,1.23280026239555,418.661,1.25006726934669,418.661,1.24238002427941,418.661,1.26360165845824,418.661,1.22670313559919,,,,,,,,,,,,,,,,,,,,,,,,,,,,,,,,,,,,,,,,,,,,,,,,,,,,,,,,,,,,,,,,,,,,,,,,,,,,,,,,,,,,,,,,,,,,,,,,,,,,,,,,,,,,,
,,,,,,,,,,,,,,,,,,,,,,419.16,1.23645210726743,419.16,1.24917302479984,419.16,1.23485743685308,419.16,1.27093160096783,419.16,1.22922591080127,,,,,,,,,,,,,,,,,,,,,,,,,,,,,,,,,,,,,,,,,,,,,,,,,,,,,,,,,,,,,,,,,,,,,,,,,,,,,,,,,,,,,,,,,,,,,,,,,,,,,,,,,,,,,
,,,,,,,,,,,,,,,,,,,,,,419.659,1.23191086208027,419.659,1.250349290723,419.659,1.24788219468167,419.659,1.26177356731205,419.659,1.22131480982599,,,,,,,,,,,,,,,,,,,,,,,,,,,,,,,,,,,,,,,,,,,,,,,,,,,,,,,,,,,,,,,,,,,,,,,,,,,,,,,,,,,,,,,,,,,,,,,,,,,,,,,,,,,,,
,,,,,,,,,,,,,,,,,,,,,,420.158,1.23644932961919,420.158,1.24809538431612,420.158,1.25032471447575,420.158,1.27709597267138,420.158,1.216630839358,,,,,,,,,,,,,,,,,,,,,,,,,,,,,,,,,,,,,,,,,,,,,,,,,,,,,,,,,,,,,,,,,,,,,,,,,,,,,,,,,,,,,,,,,,,,,,,,,,,,,,,,,,,,,
,,,,,,,,,,,,,,,,,,,,,,420.657,1.23616956004396,420.657,1.2488483844011,420.657,1.24963224472116,420.657,1.27054433469393,420.657,1.22800879263797,,,,,,,,,,,,,,,,,,,,,,,,,,,,,,,,,,,,,,,,,,,,,,,,,,,,,,,,,,,,,,,,,,,,,,,,,,,,,,,,,,,,,,,,,,,,,,,,,,,,,,,,,,,,,
,,,,,,,,,,,,,,,,,,,,,,421.156,1.23784052663984,421.156,1.25091983421067,421.156,1.24894930370196,421.156,1.26520378463465,421.156,1.2225600423531,,,,,,,,,,,,,,,,,,,,,,,,,,,,,,,,,,,,,,,,,,,,,,,,,,,,,,,,,,,,,,,,,,,,,,,,,,,,,,,,,,,,,,,,,,,,,,,,,,,,,,,,,,,,,
,,,,,,,,,,,,,,,,,,,,,,421.655,1.24443161552943,421.655,1.25806360636233,421.655,1.23600155822262,421.655,1.25518139953085,421.655,1.21835548046757,,,,,,,,,,,,,,,,,,,,,,,,,,,,,,,,,,,,,,,,,,,,,,,,,,,,,,,,,,,,,,,,,,,,,,,,,,,,,,,,,,,,,,,,,,,,,,,,,,,,,,,,,,,,,
,,,,,,,,,,,,,,,,,,,,,,422.154,1.23337139571054,422.154,1.24963558343283,422.154,1.24053210097274,422.154,1.26498935324299,422.154,1.21753346583433,,,,,,,,,,,,,,,,,,,,,,,,,,,,,,,,,,,,,,,,,,,,,,,,,,,,,,,,,,,,,,,,,,,,,,,,,,,,,,,,,,,,,,,,,,,,,,,,,,,,,,,,,,,,,
,,,,,,,,,,,,,,,,,,,,,,422.653,1.23857188793063,422.653,1.24768475849823,422.653,1.24632560345134,422.653,1.26782746784172,422.653,1.21900001345897,,,,,,,,,,,,,,,,,,,,,,,,,,,,,,,,,,,,,,,,,,,,,,,,,,,,,,,,,,,,,,,,,,,,,,,,,,,,,,,,,,,,,,,,,,,,,,,,,,,,,,,,,,,,,
,,,,,,,,,,,,,,,,,,,,,,423.152,1.23433291037863,423.152,1.25697004953371,423.152,1.25017216650919,423.152,1.26756680802586,423.152,1.21261057003855,,,,,,,,,,,,,,,,,,,,,,,,,,,,,,,,,,,,,,,,,,,,,,,,,,,,,,,,,,,,,,,,,,,,,,,,,,,,,,,,,,,,,,,,,,,,,,,,,,,,,,,,,,,,,
,,,,,,,,,,,,,,,,,,,,,,423.651,1.23831587228317,423.651,1.25304285814738,423.651,1.24557579312038,423.651,1.27441243384398,423.651,1.22760507377433,,,,,,,,,,,,,,,,,,,,,,,,,,,,,,,,,,,,,,,,,,,,,,,,,,,,,,,,,,,,,,,,,,,,,,,,,,,,,,,,,,,,,,,,,,,,,,,,,,,,,,,,,,,,,
,,,,,,,,,,,,,,,,,,,,,,424.15,1.2371527167829,424.15,1.24846692250093,424.15,1.2529208487557,424.15,1.27080750398673,424.15,1.21849016464136,,,,,,,,,,,,,,,,,,,,,,,,,,,,,,,,,,,,,,,,,,,,,,,,,,,,,,,,,,,,,,,,,,,,,,,,,,,,,,,,,,,,,,,,,,,,,,,,,,,,,,,,,,,,,
,,,,,,,,,,,,,,,,,,,,,,424.649,1.22967314488978,424.649,1.23992482421598,424.649,1.25421174875034,424.649,1.26737628778497,424.649,1.22378883038201,,,,,,,,,,,,,,,,,,,,,,,,,,,,,,,,,,,,,,,,,,,,,,,,,,,,,,,,,,,,,,,,,,,,,,,,,,,,,,,,,,,,,,,,,,,,,,,,,,,,,,,,,,,,,
,,,,,,,,,,,,,,,,,,,,,,425.148,1.24322772606646,425.148,1.24906599452108,425.148,1.25163743296025,425.148,1.2693478595034,425.148,1.22148094822595,,,,,,,,,,,,,,,,,,,,,,,,,,,,,,,,,,,,,,,,,,,,,,,,,,,,,,,,,,,,,,,,,,,,,,,,,,,,,,,,,,,,,,,,,,,,,,,,,,,,,,,,,,,,,
,,,,,,,,,,,,,,,,,,,,,,425.647,1.23163271570417,425.647,1.23937946684352,425.647,1.25712775184199,425.647,1.2724250496099,425.647,1.22458917385235,,,,,,,,,,,,,,,,,,,,,,,,,,,,,,,,,,,,,,,,,,,,,,,,,,,,,,,,,,,,,,,,,,,,,,,,,,,,,,,,,,,,,,,,,,,,,,,,,,,,,,,,,,,,,
,,,,,,,,,,,,,,,,,,,,,,426.146,1.23857585443376,426.146,1.24191803691432,426.146,1.25665482709427,426.146,1.27193889263515,426.146,1.21053177867197,,,,,,,,,,,,,,,,,,,,,,,,,,,,,,,,,,,,,,,,,,,,,,,,,,,,,,,,,,,,,,,,,,,,,,,,,,,,,,,,,,,,,,,,,,,,,,,,,,,,,,,,,,,,,
,,,,,,,,,,,,,,,,,,,,,,426.645,1.2353007706837,426.645,1.25006291271625,426.645,1.24692977108382,426.645,1.27448229714257,426.645,1.21147670297958,,,,,,,,,,,,,,,,,,,,,,,,,,,,,,,,,,,,,,,,,,,,,,,,,,,,,,,,,,,,,,,,,,,,,,,,,,,,,,,,,,,,,,,,,,,,,,,,,,,,,,,,,,,,,
,,,,,,,,,,,,,,,,,,,,,,427.144,1.23308851806357,427.144,1.24443972945152,427.144,1.2506282752399,427.144,1.27955994771764,427.144,1.21532510027347,,,,,,,,,,,,,,,,,,,,,,,,,,,,,,,,,,,,,,,,,,,,,,,,,,,,,,,,,,,,,,,,,,,,,,,,,,,,,,,,,,,,,,,,,,,,,,,,,,,,,,,,,,,,,
,,,,,,,,,,,,,,,,,,,,,,427.643,1.23074930343472,427.643,1.24871678021925,427.643,1.25015855061649,427.643,1.27086857608506,427.643,1.2153541814318,,,,,,,,,,,,,,,,,,,,,,,,,,,,,,,,,,,,,,,,,,,,,,,,,,,,,,,,,,,,,,,,,,,,,,,,,,,,,,,,,,,,,,,,,,,,,,,,,,,,,,,,,,,,,
,,,,,,,,,,,,,,,,,,,,,,428.142,1.22541121562052,428.142,1.24407635855672,428.142,1.25113466659841,428.142,1.26392182212221,428.142,1.21831081593943,,,,,,,,,,,,,,,,,,,,,,,,,,,,,,,,,,,,,,,,,,,,,,,,,,,,,,,,,,,,,,,,,,,,,,,,,,,,,,,,,,,,,,,,,,,,,,,,,,,,,,,,,,,,,
,,,,,,,,,,,,,,,,,,,,,,428.641,1.22801283044043,428.641,1.24585062072669,428.641,1.25479929125289,428.641,1.26432664110008,428.641,1.21988780884929,,,,,,,,,,,,,,,,,,,,,,,,,,,,,,,,,,,,,,,,,,,,,,,,,,,,,,,,,,,,,,,,,,,,,,,,,,,,,,,,,,,,,,,,,,,,,,,,,,,,,,,,,,,,,
,,,,,,,,,,,,,,,,,,,,,,429.14,1.23522342310546,429.14,1.23850308921017,429.14,1.25842961829744,429.14,1.26810276739921,429.14,1.22321187707352,,,,,,,,,,,,,,,,,,,,,,,,,,,,,,,,,,,,,,,,,,,,,,,,,,,,,,,,,,,,,,,,,,,,,,,,,,,,,,,,,,,,,,,,,,,,,,,,,,,,,,,,,,,,,
,,,,,,,,,,,,,,,,,,,,,,429.639,1.23436406214661,429.639,1.23592936161864,429.639,1.24565722433659,429.639,1.25869259740787,429.639,1.21894872677834,,,,,,,,,,,,,,,,,,,,,,,,,,,,,,,,,,,,,,,,,,,,,,,,,,,,,,,,,,,,,,,,,,,,,,,,,,,,,,,,,,,,,,,,,,,,,,,,,,,,,,,,,,,,,
,,,,,,,,,,,,,,,,,,,,,,430.138,1.22674298631096,430.138,1.25146578534277,430.138,1.24873973876218,430.138,1.26472028039071,430.138,1.21770532499622,,,,,,,,,,,,,,,,,,,,,,,,,,,,,,,,,,,,,,,,,,,,,,,,,,,,,,,,,,,,,,,,,,,,,,,,,,,,,,,,,,,,,,,,,,,,,,,,,,,,,,,,,,,,,
,,,,,,,,,,,,,,,,,,,,,,430.637,1.23590498017952,430.637,1.24149156820708,430.637,1.2559099382015,430.637,1.25929865141665,430.637,1.21590520142376,,,,,,,,,,,,,,,,,,,,,,,,,,,,,,,,,,,,,,,,,,,,,,,,,,,,,,,,,,,,,,,,,,,,,,,,,,,,,,,,,,,,,,,,,,,,,,,,,,,,,,,,,,,,,
,,,,,,,,,,,,,,,,,,,,,,431.136,1.23240296639625,431.136,1.24344336328529,431.136,1.25480394008926,431.136,1.26642016775793,431.136,1.2164664725778,,,,,,,,,,,,,,,,,,,,,,,,,,,,,,,,,,,,,,,,,,,,,,,,,,,,,,,,,,,,,,,,,,,,,,,,,,,,,,,,,,,,,,,,,,,,,,,,,,,,,,,,,,,,,
,,,,,,,,,,,,,,,,,,,,,,431.635,1.22148275248848,431.635,1.25003197284352,431.635,1.25300963565652,431.635,1.27309082309076,431.635,1.22311463183859,,,,,,,,,,,,,,,,,,,,,,,,,,,,,,,,,,,,,,,,,,,,,,,,,,,,,,,,,,,,,,,,,,,,,,,,,,,,,,,,,,,,,,,,,,,,,,,,,,,,,,,,,,,,,
,,,,,,,,,,,,,,,,,,,,,,432.134,1.22771486517608,432.134,1.23964389313908,432.134,1.25456595624896,432.134,1.26450075260391,432.134,1.2173146564513,,,,,,,,,,,,,,,,,,,,,,,,,,,,,,,,,,,,,,,,,,,,,,,,,,,,,,,,,,,,,,,,,,,,,,,,,,,,,,,,,,,,,,,,,,,,,,,,,,,,,,,,,,,,,
,,,,,,,,,,,,,,,,,,,,,,432.633,1.22719641069157,432.633,1.24579638555355,432.633,1.25369607571405,432.633,1.26461233271952,432.633,1.21575069172894,,,,,,,,,,,,,,,,,,,,,,,,,,,,,,,,,,,,,,,,,,,,,,,,,,,,,,,,,,,,,,,,,,,,,,,,,,,,,,,,,,,,,,,,,,,,,,,,,,,,,,,,,,,,,
,,,,,,,,,,,,,,,,,,,,,,433.132,1.22498578915215,433.132,1.24157882558574,433.132,1.25774059407724,433.132,1.26002613056448,433.132,1.21853141493372,,,,,,,,,,,,,,,,,,,,,,,,,,,,,,,,,,,,,,,,,,,,,,,,,,,,,,,,,,,,,,,,,,,,,,,,,,,,,,,,,,,,,,,,,,,,,,,,,,,,,,,,,,,,,
,,,,,,,,,,,,,,,,,,,,,,433.631,1.22227968017961,433.631,1.2414501385199,433.631,1.24911818799901,433.631,1.26710008028708,433.631,1.22751997278361,,,,,,,,,,,,,,,,,,,,,,,,,,,,,,,,,,,,,,,,,,,,,,,,,,,,,,,,,,,,,,,,,,,,,,,,,,,,,,,,,,,,,,,,,,,,,,,,,,,,,,,,,,,,,
,,,,,,,,,,,,,,,,,,,,,,434.13,1.22743005769864,434.13,1.24940301943591,434.13,1.24711482033377,434.13,1.26695318837634,434.13,1.22839650821133,,,,,,,,,,,,,,,,,,,,,,,,,,,,,,,,,,,,,,,,,,,,,,,,,,,,,,,,,,,,,,,,,,,,,,,,,,,,,,,,,,,,,,,,,,,,,,,,,,,,,,,,,,,,,
,,,,,,,,,,,,,,,,,,,,,,434.629,1.22042761003642,434.629,1.24805065895115,434.629,1.25568446232364,434.629,1.26788958471687,434.629,1.22251723058762,,,,,,,,,,,,,,,,,,,,,,,,,,,,,,,,,,,,,,,,,,,,,,,,,,,,,,,,,,,,,,,,,,,,,,,,,,,,,,,,,,,,,,,,,,,,,,,,,,,,,,,,,,,,,
,,,,,,,,,,,,,,,,,,,,,,435.128,1.22125693388198,435.128,1.23909131838582,435.128,1.25012222839081,435.128,1.25836389468169,435.128,1.2247164829794,,,,,,,,,,,,,,,,,,,,,,,,,,,,,,,,,,,,,,,,,,,,,,,,,,,,,,,,,,,,,,,,,,,,,,,,,,,,,,,,,,,,,,,,,,,,,,,,,,,,,,,,,,,,,
,,,,,,,,,,,,,,,,,,,,,,435.627,1.22565624248886,435.627,1.23879248513726,435.627,1.25143838388302,435.627,1.26714502638238,435.627,1.22208405398344,,,,,,,,,,,,,,,,,,,,,,,,,,,,,,,,,,,,,,,,,,,,,,,,,,,,,,,,,,,,,,,,,,,,,,,,,,,,,,,,,,,,,,,,,,,,,,,,,,,,,,,,,,,,,
,,,,,,,,,,,,,,,,,,,,,,436.126,1.22913600416021,436.126,1.24270180642572,436.126,1.25536720366204,436.126,1.27021198823607,436.126,1.22415054373503,,,,,,,,,,,,,,,,,,,,,,,,,,,,,,,,,,,,,,,,,,,,,,,,,,,,,,,,,,,,,,,,,,,,,,,,,,,,,,,,,,,,,,,,,,,,,,,,,,,,,,,,,,,,,
,,,,,,,,,,,,,,,,,,,,,,436.625,1.22484017848572,436.625,1.23864092463248,436.625,1.26009084028151,436.625,1.27561924775885,436.625,1.21952532438198,,,,,,,,,,,,,,,,,,,,,,,,,,,,,,,,,,,,,,,,,,,,,,,,,,,,,,,,,,,,,,,,,,,,,,,,,,,,,,,,,,,,,,,,,,,,,,,,,,,,,,,,,,,,,
,,,,,,,,,,,,,,,,,,,,,,437.124,1.23231547386773,437.124,1.2460361118648,437.124,1.25550300646867,437.124,1.26529914188047,437.124,1.22203105340679,,,,,,,,,,,,,,,,,,,,,,,,,,,,,,,,,,,,,,,,,,,,,,,,,,,,,,,,,,,,,,,,,,,,,,,,,,,,,,,,,,,,,,,,,,,,,,,,,,,,,,,,,,,,,
,,,,,,,,,,,,,,,,,,,,,,437.623,1.22123968278913,437.623,1.24801093971235,437.623,1.25406710386495,437.623,1.27156395488257,437.623,1.22609674550519,,,,,,,,,,,,,,,,,,,,,,,,,,,,,,,,,,,,,,,,,,,,,,,,,,,,,,,,,,,,,,,,,,,,,,,,,,,,,,,,,,,,,,,,,,,,,,,,,,,,,,,,,,,,,
,,,,,,,,,,,,,,,,,,,,,,438.122,1.23288042814459,438.122,1.2499078007576,438.122,1.24708777025156,438.122,1.27222901715847,438.122,1.22766537979991,,,,,,,,,,,,,,,,,,,,,,,,,,,,,,,,,,,,,,,,,,,,,,,,,,,,,,,,,,,,,,,,,,,,,,,,,,,,,,,,,,,,,,,,,,,,,,,,,,,,,,,,,,,,,
,,,,,,,,,,,,,,,,,,,,,,438.621,1.2211241961283,438.621,1.24387693923896,438.621,1.26196823696628,438.621,1.26846353678286,438.621,1.21921895204184,,,,,,,,,,,,,,,,,,,,,,,,,,,,,,,,,,,,,,,,,,,,,,,,,,,,,,,,,,,,,,,,,,,,,,,,,,,,,,,,,,,,,,,,,,,,,,,,,,,,,,,,,,,,,
,,,,,,,,,,,,,,,,,,,,,,439.12,1.22587148164057,439.12,1.24737051716917,439.12,1.25773075918554,439.12,1.26980401374904,439.12,1.2251041752693,,,,,,,,,,,,,,,,,,,,,,,,,,,,,,,,,,,,,,,,,,,,,,,,,,,,,,,,,,,,,,,,,,,,,,,,,,,,,,,,,,,,,,,,,,,,,,,,,,,,,,,,,,,,,
,,,,,,,,,,,,,,,,,,,,,,439.619,1.21979254825998,439.619,1.24101521460836,439.619,1.25808481541291,439.619,1.27302208636681,439.619,1.22390023157276,,,,,,,,,,,,,,,,,,,,,,,,,,,,,,,,,,,,,,,,,,,,,,,,,,,,,,,,,,,,,,,,,,,,,,,,,,,,,,,,,,,,,,,,,,,,,,,,,,,,,,,,,,,,,
,,,,,,,,,,,,,,,,,,,,,,440.118,1.23070454128829,440.118,1.24819840158165,440.118,1.25027659150555,440.118,1.26919723366543,440.118,1.22520823409448,,,,,,,,,,,,,,,,,,,,,,,,,,,,,,,,,,,,,,,,,,,,,,,,,,,,,,,,,,,,,,,,,,,,,,,,,,,,,,,,,,,,,,,,,,,,,,,,,,,,,,,,,,,,,
,,,,,,,,,,,,,,,,,,,,,,440.617,1.23124764805533,440.617,1.25069901515338,440.617,1.26436985879256,440.617,1.27091103958943,440.617,1.21549466815611,,,,,,,,,,,,,,,,,,,,,,,,,,,,,,,,,,,,,,,,,,,,,,,,,,,,,,,,,,,,,,,,,,,,,,,,,,,,,,,,,,,,,,,,,,,,,,,,,,,,,,,,,,,,,
,,,,,,,,,,,,,,,,,,,,,,441.116,1.22727572426624,441.116,1.25366535330859,441.116,1.25822017572797,441.116,1.26440027109511,441.116,1.2252930702908,,,,,,,,,,,,,,,,,,,,,,,,,,,,,,,,,,,,,,,,,,,,,,,,,,,,,,,,,,,,,,,,,,,,,,,,,,,,,,,,,,,,,,,,,,,,,,,,,,,,,,,,,,,,,
,,,,,,,,,,,,,,,,,,,,,,441.615,1.21534655618094,441.615,1.25712630238936,441.615,1.25365698746074,441.615,1.2685907088801,441.615,1.22126583331032,,,,,,,,,,,,,,,,,,,,,,,,,,,,,,,,,,,,,,,,,,,,,,,,,,,,,,,,,,,,,,,,,,,,,,,,,,,,,,,,,,,,,,,,,,,,,,,,,,,,,,,,,,,,,
,,,,,,,,,,,,,,,,,,,,,,442.114,1.22270367096847,442.114,1.25203940017125,442.114,1.25191359006591,442.114,1.26309777396723,442.114,1.21627251383618,,,,,,,,,,,,,,,,,,,,,,,,,,,,,,,,,,,,,,,,,,,,,,,,,,,,,,,,,,,,,,,,,,,,,,,,,,,,,,,,,,,,,,,,,,,,,,,,,,,,,,,,,,,,,
,,,,,,,,,,,,,,,,,,,,,,442.613,1.22577492677618,442.613,1.24772382126428,442.613,1.25470840515203,442.613,1.26735050223,442.613,1.21678344686783,,,,,,,,,,,,,,,,,,,,,,,,,,,,,,,,,,,,,,,,,,,,,,,,,,,,,,,,,,,,,,,,,,,,,,,,,,,,,,,,,,,,,,,,,,,,,,,,,,,,,,,,,,,,,
,,,,,,,,,,,,,,,,,,,,,,443.112,1.22798699215454,443.112,1.25933668966687,443.112,1.25644953297206,443.112,1.27659639123271,443.112,1.20590572967335,,,,,,,,,,,,,,,,,,,,,,,,,,,,,,,,,,,,,,,,,,,,,,,,,,,,,,,,,,,,,,,,,,,,,,,,,,,,,,,,,,,,,,,,,,,,,,,,,,,,,,,,,,,,,
,,,,,,,,,,,,,,,,,,,,,,443.611,1.2275525751995,443.611,1.25005770480016,443.611,1.25547145926486,443.611,1.27001145320812,443.611,1.23082765300273,,,,,,,,,,,,,,,,,,,,,,,,,,,,,,,,,,,,,,,,,,,,,,,,,,,,,,,,,,,,,,,,,,,,,,,,,,,,,,,,,,,,,,,,,,,,,,,,,,,,,,,,,,,,,
,,,,,,,,,,,,,,,,,,,,,,444.11,1.22946707834684,444.11,1.25667141084871,444.11,1.25063437752975,444.11,1.27298136348571,444.11,1.22601295083113,,,,,,,,,,,,,,,,,,,,,,,,,,,,,,,,,,,,,,,,,,,,,,,,,,,,,,,,,,,,,,,,,,,,,,,,,,,,,,,,,,,,,,,,,,,,,,,,,,,,,,,,,,,,,
,,,,,,,,,,,,,,,,,,,,,,444.609,1.23010253273159,444.609,1.25047252393951,444.609,1.24587588257576,444.609,1.27670340837146,444.609,1.21845234033528,,,,,,,,,,,,,,,,,,,,,,,,,,,,,,,,,,,,,,,,,,,,,,,,,,,,,,,,,,,,,,,,,,,,,,,,,,,,,,,,,,,,,,,,,,,,,,,,,,,,,,,,,,,,,
,,,,,,,,,,,,,,,,,,,,,,445.108,1.23036064751726,445.108,1.2558186203088,445.108,1.25217829437104,445.108,1.26498702948008,445.108,1.21566202836716,,,,,,,,,,,,,,,,,,,,,,,,,,,,,,,,,,,,,,,,,,,,,,,,,,,,,,,,,,,,,,,,,,,,,,,,,,,,,,,,,,,,,,,,,,,,,,,,,,,,,,,,,,,,,
,,,,,,,,,,,,,,,,,,,,,,445.607,1.22703674651788,445.607,1.25806632626432,445.607,1.25730806405373,445.607,1.27152535093566,445.607,1.22102363469583,,,,,,,,,,,,,,,,,,,,,,,,,,,,,,,,,,,,,,,,,,,,,,,,,,,,,,,,,,,,,,,,,,,,,,,,,,,,,,,,,,,,,,,,,,,,,,,,,,,,,,,,,,,,,
,,,,,,,,,,,,,,,,,,,,,,446.106,1.2319212269829,446.106,1.25045045111864,446.106,1.26072466271262,446.106,1.2699628662545,446.106,1.23335744854176,,,,,,,,,,,,,,,,,,,,,,,,,,,,,,,,,,,,,,,,,,,,,,,,,,,,,,,,,,,,,,,,,,,,,,,,,,,,,,,,,,,,,,,,,,,,,,,,,,,,,,,,,,,,,
,,,,,,,,,,,,,,,,,,,,,,446.605,1.24130795630874,446.605,1.24933102506228,446.605,1.25516452346602,446.605,1.27411476781294,446.605,1.22110138938877,,,,,,,,,,,,,,,,,,,,,,,,,,,,,,,,,,,,,,,,,,,,,,,,,,,,,,,,,,,,,,,,,,,,,,,,,,,,,,,,,,,,,,,,,,,,,,,,,,,,,,,,,,,,,
,,,,,,,,,,,,,,,,,,,,,,447.104,1.23375412044804,447.104,1.24812872895919,447.104,1.26142557067704,447.104,1.26022193092905,447.104,1.22803677892454,,,,,,,,,,,,,,,,,,,,,,,,,,,,,,,,,,,,,,,,,,,,,,,,,,,,,,,,,,,,,,,,,,,,,,,,,,,,,,,,,,,,,,,,,,,,,,,,,,,,,,,,,,,,,
,,,,,,,,,,,,,,,,,,,,,,447.603,1.23287141213628,447.603,1.25029432101176,447.603,1.25666944157055,447.603,1.26892216674026,447.603,1.23347026478416,,,,,,,,,,,,,,,,,,,,,,,,,,,,,,,,,,,,,,,,,,,,,,,,,,,,,,,,,,,,,,,,,,,,,,,,,,,,,,,,,,,,,,,,,,,,,,,,,,,,,,,,,,,,,
,,,,,,,,,,,,,,,,,,,,,,448.102,1.23509303639055,448.102,1.24806861971825,448.102,1.2472325101901,448.102,1.27632228872127,448.102,1.22904686915743,,,,,,,,,,,,,,,,,,,,,,,,,,,,,,,,,,,,,,,,,,,,,,,,,,,,,,,,,,,,,,,,,,,,,,,,,,,,,,,,,,,,,,,,,,,,,,,,,,,,,,,,,,,,,
,,,,,,,,,,,,,,,,,,,,,,448.601,1.23065460379721,448.601,1.24878038979255,448.601,1.24716831327952,448.601,1.27400469992957,448.601,1.21590525795224,,,,,,,,,,,,,,,,,,,,,,,,,,,,,,,,,,,,,,,,,,,,,,,,,,,,,,,,,,,,,,,,,,,,,,,,,,,,,,,,,,,,,,,,,,,,,,,,,,,,,,,,,,,,,
,,,,,,,,,,,,,,,,,,,,,,449.1,1.22443259276157,449.1,1.25136609860491,449.1,1.2563348673751,449.1,1.26711798331855,449.1,1.22271032997842,,,,,,,,,,,,,,,,,,,,,,,,,,,,,,,,,,,,,,,,,,,,,,,,,,,,,,,,,,,,,,,,,,,,,,,,,,,,,,,,,,,,,,,,,,,,,,,,,,,,,,,,,,,,,
,,,,,,,,,,,,,,,,,,,,,,449.599,1.23537039602615,449.599,1.25015760919677,449.599,1.25315601259503,449.599,1.26499717582568,449.599,1.22002225481767,,,,,,,,,,,,,,,,,,,,,,,,,,,,,,,,,,,,,,,,,,,,,,,,,,,,,,,,,,,,,,,,,,,,,,,,,,,,,,,,,,,,,,,,,,,,,,,,,,,,,,,,,,,,,
,,,,,,,,,,,,,,,,,,,,,,450.098,1.2198252511232,450.098,1.25310874733358,450.098,1.25545313016873,450.098,1.26033774767036,450.098,1.22795469504417,,,,,,,,,,,,,,,,,,,,,,,,,,,,,,,,,,,,,,,,,,,,,,,,,,,,,,,,,,,,,,,,,,,,,,,,,,,,,,,,,,,,,,,,,,,,,,,,,,,,,,,,,,,,,
,,,,,,,,,,,,,,,,,,,,,,450.597,1.23292034215171,450.597,1.24538235604974,450.597,1.25551691324382,450.597,1.26248657799336,450.597,1.23138312639747,,,,,,,,,,,,,,,,,,,,,,,,,,,,,,,,,,,,,,,,,,,,,,,,,,,,,,,,,,,,,,,,,,,,,,,,,,,,,,,,,,,,,,,,,,,,,,,,,,,,,,,,,,,,,
,,,,,,,,,,,,,,,,,,,,,,451.096,1.22348328837173,451.096,1.24988428344952,451.096,1.26135704353815,451.096,1.26585962100538,451.096,1.21489661516469,,,,,,,,,,,,,,,,,,,,,,,,,,,,,,,,,,,,,,,,,,,,,,,,,,,,,,,,,,,,,,,,,,,,,,,,,,,,,,,,,,,,,,,,,,,,,,,,,,,,,,,,,,,,,
,,,,,,,,,,,,,,,,,,,,,,451.595,1.22636261585532,451.595,1.24992140549411,451.595,1.26032005337195,451.595,1.26649566321621,451.595,1.22079710329482,,,,,,,,,,,,,,,,,,,,,,,,,,,,,,,,,,,,,,,,,,,,,,,,,,,,,,,,,,,,,,,,,,,,,,,,,,,,,,,,,,,,,,,,,,,,,,,,,,,,,,,,,,,,,
,,,,,,,,,,,,,,,,,,,,,,452.094,1.22326609053123,452.094,1.25070552699293,452.094,1.25954969011091,452.094,1.26672489094366,452.094,1.21933478748538,,,,,,,,,,,,,,,,,,,,,,,,,,,,,,,,,,,,,,,,,,,,,,,,,,,,,,,,,,,,,,,,,,,,,,,,,,,,,,,,,,,,,,,,,,,,,,,,,,,,,,,,,,,,,
,,,,,,,,,,,,,,,,,,,,,,452.593,1.23113480420865,452.593,1.250576568925,452.593,1.2584755266252,452.593,1.26217869200496,452.593,1.22003243176859,,,,,,,,,,,,,,,,,,,,,,,,,,,,,,,,,,,,,,,,,,,,,,,,,,,,,,,,,,,,,,,,,,,,,,,,,,,,,,,,,,,,,,,,,,,,,,,,,,,,,,,,,,,,,
,,,,,,,,,,,,,,,,,,,,,,453.092,1.23376033189289,453.092,1.24841636424704,453.092,1.24840544784279,453.092,1.26108820639096,453.092,1.2254504258827,,,,,,,,,,,,,,,,,,,,,,,,,,,,,,,,,,,,,,,,,,,,,,,,,,,,,,,,,,,,,,,,,,,,,,,,,,,,,,,,,,,,,,,,,,,,,,,,,,,,,,,,,,,,,
,,,,,,,,,,,,,,,,,,,,,,453.591,1.22901142223966,453.591,1.25606183494268,453.591,1.25565504528547,453.591,1.26797958049507,453.591,1.22464272575182,,,,,,,,,,,,,,,,,,,,,,,,,,,,,,,,,,,,,,,,,,,,,,,,,,,,,,,,,,,,,,,,,,,,,,,,,,,,,,,,,,,,,,,,,,,,,,,,,,,,,,,,,,,,,
,,,,,,,,,,,,,,,,,,,,,,454.09,1.22725894301187,454.09,1.25208066030591,454.09,1.24732094654617,454.09,1.27131720883823,454.09,1.22140815394767,,,,,,,,,,,,,,,,,,,,,,,,,,,,,,,,,,,,,,,,,,,,,,,,,,,,,,,,,,,,,,,,,,,,,,,,,,,,,,,,,,,,,,,,,,,,,,,,,,,,,,,,,,,,,
,,,,,,,,,,,,,,,,,,,,,,454.589,1.22651487389336,454.589,1.24120900188292,454.589,1.24543480228329,454.589,1.26380366380867,454.589,1.22172889011916,,,,,,,,,,,,,,,,,,,,,,,,,,,,,,,,,,,,,,,,,,,,,,,,,,,,,,,,,,,,,,,,,,,,,,,,,,,,,,,,,,,,,,,,,,,,,,,,,,,,,,,,,,,,,
,,,,,,,,,,,,,,,,,,,,,,455.088,1.22555394058539,455.088,1.25065654640895,455.088,1.25547082674745,455.088,1.26716516841699,455.088,1.22431344777721,,,,,,,,,,,,,,,,,,,,,,,,,,,,,,,,,,,,,,,,,,,,,,,,,,,,,,,,,,,,,,,,,,,,,,,,,,,,,,,,,,,,,,,,,,,,,,,,,,,,,,,,,,,,,
,,,,,,,,,,,,,,,,,,,,,,455.587,1.22191192184467,455.587,1.2428558369494,455.587,1.26054580906766,455.587,1.26385357942728,455.587,1.21911878963653,,,,,,,,,,,,,,,,,,,,,,,,,,,,,,,,,,,,,,,,,,,,,,,,,,,,,,,,,,,,,,,,,,,,,,,,,,,,,,,,,,,,,,,,,,,,,,,,,,,,,,,,,,,,,
,,,,,,,,,,,,,,,,,,,,,,456.086,1.22738957993138,456.086,1.24942825251211,456.086,1.26434018400028,456.086,1.27013628312912,456.086,1.22622448164513,,,,,,,,,,,,,,,,,,,,,,,,,,,,,,,,,,,,,,,,,,,,,,,,,,,,,,,,,,,,,,,,,,,,,,,,,,,,,,,,,,,,,,,,,,,,,,,,,,,,,,,,,,,,,
,,,,,,,,,,,,,,,,,,,,,,456.585,1.22133726049696,456.585,1.25948152405694,456.585,1.24835812167837,456.585,1.26353525541214,456.585,1.22660229252292,,,,,,,,,,,,,,,,,,,,,,,,,,,,,,,,,,,,,,,,,,,,,,,,,,,,,,,,,,,,,,,,,,,,,,,,,,,,,,,,,,,,,,,,,,,,,,,,,,,,,,,,,,,,,
,,,,,,,,,,,,,,,,,,,,,,457.084,1.22381543208553,457.084,1.25445842690295,457.084,1.2495893436411,457.084,1.2672216073607,457.084,1.23710382952763,,,,,,,,,,,,,,,,,,,,,,,,,,,,,,,,,,,,,,,,,,,,,,,,,,,,,,,,,,,,,,,,,,,,,,,,,,,,,,,,,,,,,,,,,,,,,,,,,,,,,,,,,,,,,
,,,,,,,,,,,,,,,,,,,,,,457.583,1.22509870822832,457.583,1.24254197820057,457.583,1.26692634009477,457.583,1.25973547044146,457.583,1.22832421268688,,,,,,,,,,,,,,,,,,,,,,,,,,,,,,,,,,,,,,,,,,,,,,,,,,,,,,,,,,,,,,,,,,,,,,,,,,,,,,,,,,,,,,,,,,,,,,,,,,,,,,,,,,,,,
,,,,,,,,,,,,,,,,,,,,,,458.082,1.21398416842893,458.082,1.24948023548048,458.082,1.25975388368472,458.082,1.26724868435736,458.082,1.2230361567481,,,,,,,,,,,,,,,,,,,,,,,,,,,,,,,,,,,,,,,,,,,,,,,,,,,,,,,,,,,,,,,,,,,,,,,,,,,,,,,,,,,,,,,,,,,,,,,,,,,,,,,,,,,,,
,,,,,,,,,,,,,,,,,,,,,,458.581,1.22520711085796,458.581,1.24454972882759,458.581,1.25747959332981,458.581,1.26731240150977,458.581,1.2273200631544,,,,,,,,,,,,,,,,,,,,,,,,,,,,,,,,,,,,,,,,,,,,,,,,,,,,,,,,,,,,,,,,,,,,,,,,,,,,,,,,,,,,,,,,,,,,,,,,,,,,,,,,,,,,,
,,,,,,,,,,,,,,,,,,,,,,459.08,1.22510107391289,459.08,1.25719628790216,459.08,1.25875698144903,459.08,1.26782377244378,459.08,1.22322155318383,,,,,,,,,,,,,,,,,,,,,,,,,,,,,,,,,,,,,,,,,,,,,,,,,,,,,,,,,,,,,,,,,,,,,,,,,,,,,,,,,,,,,,,,,,,,,,,,,,,,,,,,,,,,,
,,,,,,,,,,,,,,,,,,,,,,459.579,1.2286250153308,459.579,1.25850524160031,459.579,1.26125837677398,459.579,1.28045271896994,459.579,1.223200113843,,,,,,,,,,,,,,,,,,,,,,,,,,,,,,,,,,,,,,,,,,,,,,,,,,,,,,,,,,,,,,,,,,,,,,,,,,,,,,,,,,,,,,,,,,,,,,,,,,,,,,,,,,,,,
,,,,,,,,,,,,,,,,,,,,,,460.078,1.23005155312011,460.078,1.2498641299909,460.078,1.26347603901056,460.078,1.27971754559923,460.078,1.23346072595389,,,,,,,,,,,,,,,,,,,,,,,,,,,,,,,,,,,,,,,,,,,,,,,,,,,,,,,,,,,,,,,,,,,,,,,,,,,,,,,,,,,,,,,,,,,,,,,,,,,,,,,,,,,,,
,,,,,,,,,,,,,,,,,,,,,,460.577,1.23012967192676,460.577,1.25254027372125,460.577,1.26035607610682,460.577,1.2705255515879,460.577,1.22570401982025,,,,,,,,,,,,,,,,,,,,,,,,,,,,,,,,,,,,,,,,,,,,,,,,,,,,,,,,,,,,,,,,,,,,,,,,,,,,,,,,,,,,,,,,,,,,,,,,,,,,,,,,,,,,,
,,,,,,,,,,,,,,,,,,,,,,461.076,1.23225173536375,461.076,1.25627342899816,461.076,1.24979988456118,461.076,1.27108690669947,461.076,1.2218462535553,,,,,,,,,,,,,,,,,,,,,,,,,,,,,,,,,,,,,,,,,,,,,,,,,,,,,,,,,,,,,,,,,,,,,,,,,,,,,,,,,,,,,,,,,,,,,,,,,,,,,,,,,,,,,
,,,,,,,,,,,,,,,,,,,,,,461.575,1.22760740180153,461.575,1.25979836486474,461.575,1.25967887054055,461.575,1.26669421444413,461.575,1.21870866430965,,,,,,,,,,,,,,,,,,,,,,,,,,,,,,,,,,,,,,,,,,,,,,,,,,,,,,,,,,,,,,,,,,,,,,,,,,,,,,,,,,,,,,,,,,,,,,,,,,,,,,,,,,,,,
,,,,,,,,,,,,,,,,,,,,,,462.074,1.22696355296871,462.074,1.2524663014403,462.074,1.25767243172823,462.074,1.26595496099497,462.074,1.22415928417726,,,,,,,,,,,,,,,,,,,,,,,,,,,,,,,,,,,,,,,,,,,,,,,,,,,,,,,,,,,,,,,,,,,,,,,,,,,,,,,,,,,,,,,,,,,,,,,,,,,,,,,,,,,,,
,,,,,,,,,,,,,,,,,,,,,,462.573,1.22471011179789,462.573,1.25179173805056,462.573,1.25952720321614,462.573,1.26959538918351,462.573,1.22734165011428,,,,,,,,,,,,,,,,,,,,,,,,,,,,,,,,,,,,,,,,,,,,,,,,,,,,,,,,,,,,,,,,,,,,,,,,,,,,,,,,,,,,,,,,,,,,,,,,,,,,,,,,,,,,,
,,,,,,,,,,,,,,,,,,,,,,463.072,1.22602105563737,463.072,1.24651957871585,463.072,1.25874626155022,463.072,1.27377307751757,463.072,1.22517789056938,,,,,,,,,,,,,,,,,,,,,,,,,,,,,,,,,,,,,,,,,,,,,,,,,,,,,,,,,,,,,,,,,,,,,,,,,,,,,,,,,,,,,,,,,,,,,,,,,,,,,,,,,,,,,
,,,,,,,,,,,,,,,,,,,,,,463.571,1.2298557470309,463.571,1.24981804590676,463.571,1.2535105479463,463.571,1.27211404293084,463.571,1.22658110634799,,,,,,,,,,,,,,,,,,,,,,,,,,,,,,,,,,,,,,,,,,,,,,,,,,,,,,,,,,,,,,,,,,,,,,,,,,,,,,,,,,,,,,,,,,,,,,,,,,,,,,,,,,,,,
,,,,,,,,,,,,,,,,,,,,,,464.07,1.22557521821092,464.07,1.25638760039347,464.07,1.25861364168957,464.07,1.27356846463709,464.07,1.22216666482354,,,,,,,,,,,,,,,,,,,,,,,,,,,,,,,,,,,,,,,,,,,,,,,,,,,,,,,,,,,,,,,,,,,,,,,,,,,,,,,,,,,,,,,,,,,,,,,,,,,,,,,,,,,,,
,,,,,,,,,,,,,,,,,,,,,,464.569,1.22923810136282,464.569,1.2492964557189,464.569,1.25437233593426,464.569,1.27050803817802,464.569,1.21996184896525,,,,,,,,,,,,,,,,,,,,,,,,,,,,,,,,,,,,,,,,,,,,,,,,,,,,,,,,,,,,,,,,,,,,,,,,,,,,,,,,,,,,,,,,,,,,,,,,,,,,,,,,,,,,,
,,,,,,,,,,,,,,,,,,,,,,465.068,1.23210581355088,465.068,1.25342247725077,465.068,1.25928388136787,465.068,1.26581316947886,465.068,1.22912609205242,,,,,,,,,,,,,,,,,,,,,,,,,,,,,,,,,,,,,,,,,,,,,,,,,,,,,,,,,,,,,,,,,,,,,,,,,,,,,,,,,,,,,,,,,,,,,,,,,,,,,,,,,,,,,
,,,,,,,,,,,,,,,,,,,,,,465.567,1.23644166473475,465.567,1.25750753298779,465.567,1.25329495392131,465.567,1.26927044755682,465.567,1.22487396297626,,,,,,,,,,,,,,,,,,,,,,,,,,,,,,,,,,,,,,,,,,,,,,,,,,,,,,,,,,,,,,,,,,,,,,,,,,,,,,,,,,,,,,,,,,,,,,,,,,,,,,,,,,,,,
,,,,,,,,,,,,,,,,,,,,,,466.066,1.2319392302682,466.066,1.25246729255417,466.066,1.25281350165829,466.066,1.27420796635676,466.066,1.22254022340997,,,,,,,,,,,,,,,,,,,,,,,,,,,,,,,,,,,,,,,,,,,,,,,,,,,,,,,,,,,,,,,,,,,,,,,,,,,,,,,,,,,,,,,,,,,,,,,,,,,,,,,,,,,,,
,,,,,,,,,,,,,,,,,,,,,,466.565,1.2235193270179,466.565,1.25284009715082,466.565,1.25749930254432,466.565,1.2692156531488,466.565,1.22857544634938,,,,,,,,,,,,,,,,,,,,,,,,,,,,,,,,,,,,,,,,,,,,,,,,,,,,,,,,,,,,,,,,,,,,,,,,,,,,,,,,,,,,,,,,,,,,,,,,,,,,,,,,,,,,,
,,,,,,,,,,,,,,,,,,,,,,467.064,1.22908099671671,467.064,1.25196361237868,467.064,1.26008714732208,467.064,1.27196230110018,467.064,1.222617933109,,,,,,,,,,,,,,,,,,,,,,,,,,,,,,,,,,,,,,,,,,,,,,,,,,,,,,,,,,,,,,,,,,,,,,,,,,,,,,,,,,,,,,,,,,,,,,,,,,,,,,,,,,,,,
,,,,,,,,,,,,,,,,,,,,,,467.563,1.22486589599644,467.563,1.24474446463673,467.563,1.25462777388259,467.563,1.26242473524438,467.563,1.2290668554715,,,,,,,,,,,,,,,,,,,,,,,,,,,,,,,,,,,,,,,,,,,,,,,,,,,,,,,,,,,,,,,,,,,,,,,,,,,,,,,,,,,,,,,,,,,,,,,,,,,,,,,,,,,,,
,,,,,,,,,,,,,,,,,,,,,,468.062,1.23484923774643,468.062,1.24548145741451,468.062,1.26112863104222,468.062,1.26915801450523,468.062,1.21957160459685,,,,,,,,,,,,,,,,,,,,,,,,,,,,,,,,,,,,,,,,,,,,,,,,,,,,,,,,,,,,,,,,,,,,,,,,,,,,,,,,,,,,,,,,,,,,,,,,,,,,,,,,,,,,,
,,,,,,,,,,,,,,,,,,,,,,468.561,1.23379239940814,468.561,1.24854796972099,468.561,1.25547126687672,468.561,1.27460054015205,468.561,1.2199126763022,,,,,,,,,,,,,,,,,,,,,,,,,,,,,,,,,,,,,,,,,,,,,,,,,,,,,,,,,,,,,,,,,,,,,,,,,,,,,,,,,,,,,,,,,,,,,,,,,,,,,,,,,,,,,
,,,,,,,,,,,,,,,,,,,,,,469.06,1.22174538832935,469.06,1.25212013234851,469.06,1.25972911920469,469.06,1.2653943782339,469.06,1.22752306708761,,,,,,,,,,,,,,,,,,,,,,,,,,,,,,,,,,,,,,,,,,,,,,,,,,,,,,,,,,,,,,,,,,,,,,,,,,,,,,,,,,,,,,,,,,,,,,,,,,,,,,,,,,,,,
,,,,,,,,,,,,,,,,,,,,,,469.559,1.22764090556166,469.559,1.25812439866588,469.559,1.25900692639906,469.559,1.27033512215852,469.559,1.22386453563813,,,,,,,,,,,,,,,,,,,,,,,,,,,,,,,,,,,,,,,,,,,,,,,,,,,,,,,,,,,,,,,,,,,,,,,,,,,,,,,,,,,,,,,,,,,,,,,,,,,,,,,,,,,,,
,,,,,,,,,,,,,,,,,,,,,,470.058,1.22766334793114,470.058,1.25340362873662,470.058,1.25936844180015,470.058,1.27967636705623,470.058,1.22669772473984,,,,,,,,,,,,,,,,,,,,,,,,,,,,,,,,,,,,,,,,,,,,,,,,,,,,,,,,,,,,,,,,,,,,,,,,,,,,,,,,,,,,,,,,,,,,,,,,,,,,,,,,,,,,,
,,,,,,,,,,,,,,,,,,,,,,470.557,1.23139540461921,470.557,1.25366983195659,470.557,1.25438506377741,470.557,1.26582619526143,470.557,1.22519627731664,,,,,,,,,,,,,,,,,,,,,,,,,,,,,,,,,,,,,,,,,,,,,,,,,,,,,,,,,,,,,,,,,,,,,,,,,,,,,,,,,,,,,,,,,,,,,,,,,,,,,,,,,,,,,
,,,,,,,,,,,,,,,,,,,,,,471.056,1.22156001987519,471.056,1.25503108803911,471.056,1.24969081298138,471.056,1.27514553134484,471.056,1.22307187884636,,,,,,,,,,,,,,,,,,,,,,,,,,,,,,,,,,,,,,,,,,,,,,,,,,,,,,,,,,,,,,,,,,,,,,,,,,,,,,,,,,,,,,,,,,,,,,,,,,,,,,,,,,,,,
,,,,,,,,,,,,,,,,,,,,,,471.555,1.22850343164426,471.555,1.25014840976871,471.555,1.25847320750752,471.555,1.27397123143439,471.555,1.21854520085231,,,,,,,,,,,,,,,,,,,,,,,,,,,,,,,,,,,,,,,,,,,,,,,,,,,,,,,,,,,,,,,,,,,,,,,,,,,,,,,,,,,,,,,,,,,,,,,,,,,,,,,,,,,,,
,,,,,,,,,,,,,,,,,,,,,,472.054,1.2332368790053,472.054,1.24151027335544,472.054,1.25408141007447,472.054,1.2758566379332,472.054,1.22939184299156,,,,,,,,,,,,,,,,,,,,,,,,,,,,,,,,,,,,,,,,,,,,,,,,,,,,,,,,,,,,,,,,,,,,,,,,,,,,,,,,,,,,,,,,,,,,,,,,,,,,,,,,,,,,,
,,,,,,,,,,,,,,,,,,,,,,472.553,1.22875910359208,472.553,1.24312868732194,472.553,1.26255680972375,472.553,1.26859193467101,472.553,1.22303253880184,,,,,,,,,,,,,,,,,,,,,,,,,,,,,,,,,,,,,,,,,,,,,,,,,,,,,,,,,,,,,,,,,,,,,,,,,,,,,,,,,,,,,,,,,,,,,,,,,,,,,,,,,,,,,
,,,,,,,,,,,,,,,,,,,,,,473.052,1.22630270404345,473.052,1.24766217601246,473.052,1.26408732079868,473.052,1.2674744476937,473.052,1.21479906664357,,,,,,,,,,,,,,,,,,,,,,,,,,,,,,,,,,,,,,,,,,,,,,,,,,,,,,,,,,,,,,,,,,,,,,,,,,,,,,,,,,,,,,,,,,,,,,,,,,,,,,,,,,,,,
,,,,,,,,,,,,,,,,,,,,,,473.551,1.22924537802079,473.551,1.24999704863734,473.551,1.26128701684432,473.551,1.27431949709554,473.551,1.22203371849929,,,,,,,,,,,,,,,,,,,,,,,,,,,,,,,,,,,,,,,,,,,,,,,,,,,,,,,,,,,,,,,,,,,,,,,,,,,,,,,,,,,,,,,,,,,,,,,,,,,,,,,,,,,,,
,,,,,,,,,,,,,,,,,,,,,,474.05,1.23728912486608,474.05,1.25049056971085,474.05,1.25292606518283,474.05,1.27021597930152,474.05,1.23119026903594,,,,,,,,,,,,,,,,,,,,,,,,,,,,,,,,,,,,,,,,,,,,,,,,,,,,,,,,,,,,,,,,,,,,,,,,,,,,,,,,,,,,,,,,,,,,,,,,,,,,,,,,,,,,,
,,,,,,,,,,,,,,,,,,,,,,474.549,1.22503943818823,474.549,1.25347629892367,474.549,1.26189055548705,474.549,1.27058408554138,474.549,1.22142389821111,,,,,,,,,,,,,,,,,,,,,,,,,,,,,,,,,,,,,,,,,,,,,,,,,,,,,,,,,,,,,,,,,,,,,,,,,,,,,,,,,,,,,,,,,,,,,,,,,,,,,,,,,,,,,
,,,,,,,,,,,,,,,,,,,,,,475.048,1.23051292861044,475.048,1.24790663044143,475.048,1.2517396473671,475.048,1.2694439896996,475.048,1.21859489447683,,,,,,,,,,,,,,,,,,,,,,,,,,,,,,,,,,,,,,,,,,,,,,,,,,,,,,,,,,,,,,,,,,,,,,,,,,,,,,,,,,,,,,,,,,,,,,,,,,,,,,,,,,,,,
,,,,,,,,,,,,,,,,,,,,,,475.547,1.2312862664521,475.547,1.25135780625958,475.547,1.25666156478096,475.547,1.27119199902069,475.547,1.22267887316921,,,,,,,,,,,,,,,,,,,,,,,,,,,,,,,,,,,,,,,,,,,,,,,,,,,,,,,,,,,,,,,,,,,,,,,,,,,,,,,,,,,,,,,,,,,,,,,,,,,,,,,,,,,,,
,,,,,,,,,,,,,,,,,,,,,,476.046,1.23001909920817,476.046,1.25237919033787,476.046,1.25511568318435,476.046,1.26378194812026,476.046,1.21768769158282,,,,,,,,,,,,,,,,,,,,,,,,,,,,,,,,,,,,,,,,,,,,,,,,,,,,,,,,,,,,,,,,,,,,,,,,,,,,,,,,,,,,,,,,,,,,,,,,,,,,,,,,,,,,,
,,,,,,,,,,,,,,,,,,,,,,476.545,1.22809545706232,476.545,1.25300393818798,476.545,1.25200388720562,476.545,1.27105837865472,476.545,1.22430359020402,,,,,,,,,,,,,,,,,,,,,,,,,,,,,,,,,,,,,,,,,,,,,,,,,,,,,,,,,,,,,,,,,,,,,,,,,,,,,,,,,,,,,,,,,,,,,,,,,,,,,,,,,,,,,
,,,,,,,,,,,,,,,,,,,,,,477.044,1.22577401205655,477.044,1.23946329088078,477.044,1.2474089997989,477.044,1.27292912659655,477.044,1.22618025274059,,,,,,,,,,,,,,,,,,,,,,,,,,,,,,,,,,,,,,,,,,,,,,,,,,,,,,,,,,,,,,,,,,,,,,,,,,,,,,,,,,,,,,,,,,,,,,,,,,,,,,,,,,,,,
,,,,,,,,,,,,,,,,,,,,,,477.543,1.23241369763613,477.543,1.25138699872127,477.543,1.24749075074258,477.543,1.26528542439604,477.543,1.21788403887437,,,,,,,,,,,,,,,,,,,,,,,,,,,,,,,,,,,,,,,,,,,,,,,,,,,,,,,,,,,,,,,,,,,,,,,,,,,,,,,,,,,,,,,,,,,,,,,,,,,,,,,,,,,,,
,,,,,,,,,,,,,,,,,,,,,,478.042,1.23289297193261,478.042,1.24789801981777,478.042,1.25564336833168,478.042,1.27984167591872,478.042,1.22427037346023,,,,,,,,,,,,,,,,,,,,,,,,,,,,,,,,,,,,,,,,,,,,,,,,,,,,,,,,,,,,,,,,,,,,,,,,,,,,,,,,,,,,,,,,,,,,,,,,,,,,,,,,,,,,,
,,,,,,,,,,,,,,,,,,,,,,478.541,1.23096152205246,478.541,1.24273470785804,478.541,1.25476556846522,478.541,1.27058726701859,478.541,1.22607698707871,,,,,,,,,,,,,,,,,,,,,,,,,,,,,,,,,,,,,,,,,,,,,,,,,,,,,,,,,,,,,,,,,,,,,,,,,,,,,,,,,,,,,,,,,,,,,,,,,,,,,,,,,,,,,
,,,,,,,,,,,,,,,,,,,,,,479.04,1.22804599980205,479.04,1.25002040253059,479.04,1.24749420031807,479.04,1.26250245247557,479.04,1.21654716967695,,,,,,,,,,,,,,,,,,,,,,,,,,,,,,,,,,,,,,,,,,,,,,,,,,,,,,,,,,,,,,,,,,,,,,,,,,,,,,,,,,,,,,,,,,,,,,,,,,,,,,,,,,,,,
,,,,,,,,,,,,,,,,,,,,,,479.539,1.229714327862,479.539,1.24555122267476,479.539,1.24505451048375,479.539,1.27818333012151,479.539,1.21874971518958,,,,,,,,,,,,,,,,,,,,,,,,,,,,,,,,,,,,,,,,,,,,,,,,,,,,,,,,,,,,,,,,,,,,,,,,,,,,,,,,,,,,,,,,,,,,,,,,,,,,,,,,,,,,,
,,,,,,,,,,,,,,,,,,,,,,480.038,1.22706554392248,480.038,1.24482309615868,480.038,1.25609594109401,480.038,1.27582516408431,480.038,1.22129877583324,,,,,,,,,,,,,,,,,,,,,,,,,,,,,,,,,,,,,,,,,,,,,,,,,,,,,,,,,,,,,,,,,,,,,,,,,,,,,,,,,,,,,,,,,,,,,,,,,,,,,,,,,,,,,
,,,,,,,,,,,,,,,,,,,,,,480.537,1.2357361875162,480.537,1.24472350332936,480.537,1.25926039040701,480.537,1.27279460938941,480.537,1.22373724435577,,,,,,,,,,,,,,,,,,,,,,,,,,,,,,,,,,,,,,,,,,,,,,,,,,,,,,,,,,,,,,,,,,,,,,,,,,,,,,,,,,,,,,,,,,,,,,,,,,,,,,,,,,,,,
,,,,,,,,,,,,,,,,,,,,,,481.036,1.22212231012071,481.036,1.24447856907258,481.036,1.24670368000201,481.036,1.28143946147643,481.036,1.23400472111131,,,,,,,,,,,,,,,,,,,,,,,,,,,,,,,,,,,,,,,,,,,,,,,,,,,,,,,,,,,,,,,,,,,,,,,,,,,,,,,,,,,,,,,,,,,,,,,,,,,,,,,,,,,,,
,,,,,,,,,,,,,,,,,,,,,,481.535,1.22885350197283,481.535,1.2551248476316,481.535,1.2565858751761,481.535,1.27042917012922,481.535,1.22973675760162,,,,,,,,,,,,,,,,,,,,,,,,,,,,,,,,,,,,,,,,,,,,,,,,,,,,,,,,,,,,,,,,,,,,,,,,,,,,,,,,,,,,,,,,,,,,,,,,,,,,,,,,,,,,,
,,,,,,,,,,,,,,,,,,,,,,482.034,1.2278727507974,482.034,1.24726019539238,482.034,1.25818480281069,482.034,1.26810732920753,482.034,1.22187570992712,,,,,,,,,,,,,,,,,,,,,,,,,,,,,,,,,,,,,,,,,,,,,,,,,,,,,,,,,,,,,,,,,,,,,,,,,,,,,,,,,,,,,,,,,,,,,,,,,,,,,,,,,,,,,
,,,,,,,,,,,,,,,,,,,,,,482.533,1.22076925356683,482.533,1.24921381159156,482.533,1.25378279436053,482.533,1.26862083431878,482.533,1.22357144269478,,,,,,,,,,,,,,,,,,,,,,,,,,,,,,,,,,,,,,,,,,,,,,,,,,,,,,,,,,,,,,,,,,,,,,,,,,,,,,,,,,,,,,,,,,,,,,,,,,,,,,,,,,,,,
,,,,,,,,,,,,,,,,,,,,,,483.032,1.21904819569919,483.032,1.24923526838986,483.032,1.25597863938409,483.032,1.27225480509959,483.032,1.22602580514572,,,,,,,,,,,,,,,,,,,,,,,,,,,,,,,,,,,,,,,,,,,,,,,,,,,,,,,,,,,,,,,,,,,,,,,,,,,,,,,,,,,,,,,,,,,,,,,,,,,,,,,,,,,,,
,,,,,,,,,,,,,,,,,,,,,,483.531,1.22360928663534,483.531,1.2496009237581,483.531,1.25003705225545,483.531,1.27839894802455,483.531,1.21932835689307,,,,,,,,,,,,,,,,,,,,,,,,,,,,,,,,,,,,,,,,,,,,,,,,,,,,,,,,,,,,,,,,,,,,,,,,,,,,,,,,,,,,,,,,,,,,,,,,,,,,,,,,,,,,,
,,,,,,,,,,,,,,,,,,,,,,484.03,1.22668521845712,484.03,1.24770631886953,484.03,1.25411657903469,484.03,1.27522604330213,484.03,1.22731566900826,,,,,,,,,,,,,,,,,,,,,,,,,,,,,,,,,,,,,,,,,,,,,,,,,,,,,,,,,,,,,,,,,,,,,,,,,,,,,,,,,,,,,,,,,,,,,,,,,,,,,,,,,,,,,
,,,,,,,,,,,,,,,,,,,,,,484.529,1.22399190581019,484.529,1.24949435356233,484.529,1.25726505466236,484.529,1.27298532770344,484.529,1.22861974158797,,,,,,,,,,,,,,,,,,,,,,,,,,,,,,,,,,,,,,,,,,,,,,,,,,,,,,,,,,,,,,,,,,,,,,,,,,,,,,,,,,,,,,,,,,,,,,,,,,,,,,,,,,,,,
,,,,,,,,,,,,,,,,,,,,,,485.028,1.22727491944034,485.028,1.25302185874685,485.028,1.25490271962001,485.028,1.27380833534719,485.028,1.22630348430013,,,,,,,,,,,,,,,,,,,,,,,,,,,,,,,,,,,,,,,,,,,,,,,,,,,,,,,,,,,,,,,,,,,,,,,,,,,,,,,,,,,,,,,,,,,,,,,,,,,,,,,,,,,,,
,,,,,,,,,,,,,,,,,,,,,,485.527,1.23131274508615,485.527,1.25049950604321,485.527,1.24996887736494,485.527,1.27633343978781,485.527,1.22606628971446,,,,,,,,,,,,,,,,,,,,,,,,,,,,,,,,,,,,,,,,,,,,,,,,,,,,,,,,,,,,,,,,,,,,,,,,,,,,,,,,,,,,,,,,,,,,,,,,,,,,,,,,,,,,,
,,,,,,,,,,,,,,,,,,,,,,486.026,1.21992452007844,486.026,1.25247284204068,486.026,1.24536601415839,486.026,1.27178805465679,486.026,1.23570904546203,,,,,,,,,,,,,,,,,,,,,,,,,,,,,,,,,,,,,,,,,,,,,,,,,,,,,,,,,,,,,,,,,,,,,,,,,,,,,,,,,,,,,,,,,,,,,,,,,,,,,,,,,,,,,
,,,,,,,,,,,,,,,,,,,,,,486.525,1.22193601359319,486.525,1.25635544551711,486.525,1.25412791642253,486.525,1.27646187395748,486.525,1.23532157623593,,,,,,,,,,,,,,,,,,,,,,,,,,,,,,,,,,,,,,,,,,,,,,,,,,,,,,,,,,,,,,,,,,,,,,,,,,,,,,,,,,,,,,,,,,,,,,,,,,,,,,,,,,,,,
,,,,,,,,,,,,,,,,,,,,,,487.024,1.23202776556731,487.024,1.26278157095434,487.024,1.25539769668576,487.024,1.27448892026979,487.024,1.22648674223015,,,,,,,,,,,,,,,,,,,,,,,,,,,,,,,,,,,,,,,,,,,,,,,,,,,,,,,,,,,,,,,,,,,,,,,,,,,,,,,,,,,,,,,,,,,,,,,,,,,,,,,,,,,,,
,,,,,,,,,,,,,,,,,,,,,,487.523,1.22361845857504,487.523,1.26154348135092,487.523,1.25945442005702,487.523,1.27394753957304,487.523,1.23180342950636,,,,,,,,,,,,,,,,,,,,,,,,,,,,,,,,,,,,,,,,,,,,,,,,,,,,,,,,,,,,,,,,,,,,,,,,,,,,,,,,,,,,,,,,,,,,,,,,,,,,,,,,,,,,,
,,,,,,,,,,,,,,,,,,,,,,488.022,1.22605865472452,488.022,1.24794079304191,488.022,1.24922782489868,488.022,1.27791924847444,488.022,1.23287970920519,,,,,,,,,,,,,,,,,,,,,,,,,,,,,,,,,,,,,,,,,,,,,,,,,,,,,,,,,,,,,,,,,,,,,,,,,,,,,,,,,,,,,,,,,,,,,,,,,,,,,,,,,,,,,
,,,,,,,,,,,,,,,,,,,,,,488.521,1.22905373660088,488.521,1.24791744514797,488.521,1.25882434880143,488.521,1.27820240841499,488.521,1.23607706842065,,,,,,,,,,,,,,,,,,,,,,,,,,,,,,,,,,,,,,,,,,,,,,,,,,,,,,,,,,,,,,,,,,,,,,,,,,,,,,,,,,,,,,,,,,,,,,,,,,,,,,,,,,,,,
,,,,,,,,,,,,,,,,,,,,,,489.02,1.22421942680306,489.02,1.25187091494651,489.02,1.25346410108241,489.02,1.27487642595697,489.02,1.22627715984252,,,,,,,,,,,,,,,,,,,,,,,,,,,,,,,,,,,,,,,,,,,,,,,,,,,,,,,,,,,,,,,,,,,,,,,,,,,,,,,,,,,,,,,,,,,,,,,,,,,,,,,,,,,,,
,,,,,,,,,,,,,,,,,,,,,,489.519,1.22318161316871,489.519,1.25307577723218,489.519,1.24886777438891,489.519,1.27564376118097,489.519,1.22864082706686,,,,,,,,,,,,,,,,,,,,,,,,,,,,,,,,,,,,,,,,,,,,,,,,,,,,,,,,,,,,,,,,,,,,,,,,,,,,,,,,,,,,,,,,,,,,,,,,,,,,,,,,,,,,,
,,,,,,,,,,,,,,,,,,,,,,490.018,1.22834542004432,490.018,1.25025667471758,490.018,1.25711041455984,490.018,1.26899923770941,490.018,1.22882338291746,,,,,,,,,,,,,,,,,,,,,,,,,,,,,,,,,,,,,,,,,,,,,,,,,,,,,,,,,,,,,,,,,,,,,,,,,,,,,,,,,,,,,,,,,,,,,,,,,,,,,,,,,,,,,
,,,,,,,,,,,,,,,,,,,,,,490.517,1.22696376866767,490.517,1.25294372246189,490.517,1.25054927398794,490.517,1.28280378355766,490.517,1.22659944161516,,,,,,,,,,,,,,,,,,,,,,,,,,,,,,,,,,,,,,,,,,,,,,,,,,,,,,,,,,,,,,,,,,,,,,,,,,,,,,,,,,,,,,,,,,,,,,,,,,,,,,,,,,,,,
,,,,,,,,,,,,,,,,,,,,,,491.016,1.22996341274958,491.016,1.26176005356266,491.016,1.25210548454727,491.016,1.27362046364319,491.016,1.22642358344369,,,,,,,,,,,,,,,,,,,,,,,,,,,,,,,,,,,,,,,,,,,,,,,,,,,,,,,,,,,,,,,,,,,,,,,,,,,,,,,,,,,,,,,,,,,,,,,,,,,,,,,,,,,,,
,,,,,,,,,,,,,,,,,,,,,,491.515,1.2286656928889,491.515,1.25390027274638,491.515,1.25742679858599,491.515,1.27293218744487,491.515,1.22732053631472,,,,,,,,,,,,,,,,,,,,,,,,,,,,,,,,,,,,,,,,,,,,,,,,,,,,,,,,,,,,,,,,,,,,,,,,,,,,,,,,,,,,,,,,,,,,,,,,,,,,,,,,,,,,,
,,,,,,,,,,,,,,,,,,,,,,492.014,1.23243863934917,492.014,1.24476745084428,492.014,1.25017414217648,492.014,1.28352384902748,492.014,1.22683439675508,,,,,,,,,,,,,,,,,,,,,,,,,,,,,,,,,,,,,,,,,,,,,,,,,,,,,,,,,,,,,,,,,,,,,,,,,,,,,,,,,,,,,,,,,,,,,,,,,,,,,,,,,,,,,
,,,,,,,,,,,,,,,,,,,,,,492.513,1.22304256575651,492.513,1.24975512277719,492.513,1.24975814794479,492.513,1.27555255253333,492.513,1.23248797764537,,,,,,,,,,,,,,,,,,,,,,,,,,,,,,,,,,,,,,,,,,,,,,,,,,,,,,,,,,,,,,,,,,,,,,,,,,,,,,,,,,,,,,,,,,,,,,,,,,,,,,,,,,,,,
,,,,,,,,,,,,,,,,,,,,,,493.012,1.23471561973126,493.012,1.26014095671899,493.012,1.25536391336509,493.012,1.27894841982125,493.012,1.22797538982012,,,,,,,,,,,,,,,,,,,,,,,,,,,,,,,,,,,,,,,,,,,,,,,,,,,,,,,,,,,,,,,,,,,,,,,,,,,,,,,,,,,,,,,,,,,,,,,,,,,,,,,,,,,,,
,,,,,,,,,,,,,,,,,,,,,,493.511,1.22617147141653,493.511,1.25302596371509,493.511,1.24867428731856,493.511,1.27584667668543,493.511,1.23009742021227,,,,,,,,,,,,,,,,,,,,,,,,,,,,,,,,,,,,,,,,,,,,,,,,,,,,,,,,,,,,,,,,,,,,,,,,,,,,,,,,,,,,,,,,,,,,,,,,,,,,,,,,,,,,,
,,,,,,,,,,,,,,,,,,,,,,494.01,1.23186582529482,494.01,1.25862244036874,494.01,1.25003376947431,494.01,1.27116858257762,494.01,1.22645044128637,,,,,,,,,,,,,,,,,,,,,,,,,,,,,,,,,,,,,,,,,,,,,,,,,,,,,,,,,,,,,,,,,,,,,,,,,,,,,,,,,,,,,,,,,,,,,,,,,,,,,,,,,,,,,
,,,,,,,,,,,,,,,,,,,,,,494.509,1.22605410357804,494.509,1.25178390251533,494.509,1.2546590093447,494.509,1.26016464051974,494.509,1.22631815780297,,,,,,,,,,,,,,,,,,,,,,,,,,,,,,,,,,,,,,,,,,,,,,,,,,,,,,,,,,,,,,,,,,,,,,,,,,,,,,,,,,,,,,,,,,,,,,,,,,,,,,,,,,,,,
,,,,,,,,,,,,,,,,,,,,,,495.008,1.23276199414336,495.008,1.24679580744665,495.008,1.25310655883048,495.008,1.26709193405228,495.008,1.22088681652913,,,,,,,,,,,,,,,,,,,,,,,,,,,,,,,,,,,,,,,,,,,,,,,,,,,,,,,,,,,,,,,,,,,,,,,,,,,,,,,,,,,,,,,,,,,,,,,,,,,,,,,,,,,,,
,,,,,,,,,,,,,,,,,,,,,,495.507,1.23922360272112,495.507,1.25204987379403,495.507,1.25097716319959,495.507,1.27292499159607,495.507,1.21975981555914,,,,,,,,,,,,,,,,,,,,,,,,,,,,,,,,,,,,,,,,,,,,,,,,,,,,,,,,,,,,,,,,,,,,,,,,,,,,,,,,,,,,,,,,,,,,,,,,,,,,,,,,,,,,,
,,,,,,,,,,,,,,,,,,,,,,496.006,1.23202651302361,496.006,1.25360065237736,496.006,1.26489132128204,496.006,1.28138303970733,496.006,1.22522488255233,,,,,,,,,,,,,,,,,,,,,,,,,,,,,,,,,,,,,,,,,,,,,,,,,,,,,,,,,,,,,,,,,,,,,,,,,,,,,,,,,,,,,,,,,,,,,,,,,,,,,,,,,,,,,
,,,,,,,,,,,,,,,,,,,,,,496.505,1.23563111290308,496.505,1.25968573598076,496.505,1.2545523540702,496.505,1.27688897532375,496.505,1.21716945584581,,,,,,,,,,,,,,,,,,,,,,,,,,,,,,,,,,,,,,,,,,,,,,,,,,,,,,,,,,,,,,,,,,,,,,,,,,,,,,,,,,,,,,,,,,,,,,,,,,,,,,,,,,,,,
,,,,,,,,,,,,,,,,,,,,,,497.004,1.23503299719795,497.004,1.24633526468904,497.004,1.25738217399509,497.004,1.28215656996276,497.004,1.22671139571165,,,,,,,,,,,,,,,,,,,,,,,,,,,,,,,,,,,,,,,,,,,,,,,,,,,,,,,,,,,,,,,,,,,,,,,,,,,,,,,,,,,,,,,,,,,,,,,,,,,,,,,,,,,,,
,,,,,,,,,,,,,,,,,,,,,,497.503,1.23761874800043,497.503,1.24878646925367,497.503,1.25587475016537,497.503,1.27414525164161,497.503,1.23011830077286,,,,,,,,,,,,,,,,,,,,,,,,,,,,,,,,,,,,,,,,,,,,,,,,,,,,,,,,,,,,,,,,,,,,,,,,,,,,,,,,,,,,,,,,,,,,,,,,,,,,,,,,,,,,,
,,,,,,,,,,,,,,,,,,,,,,498.002,1.22570873981219,498.002,1.25745044098238,498.002,1.25193035506487,498.002,1.27719118471682,498.002,1.21816762564679,,,,,,,,,,,,,,,,,,,,,,,,,,,,,,,,,,,,,,,,,,,,,,,,,,,,,,,,,,,,,,,,,,,,,,,,,,,,,,,,,,,,,,,,,,,,,,,,,,,,,,,,,,,,,
,,,,,,,,,,,,,,,,,,,,,,498.501,1.2267211751792,498.501,1.25664774116126,498.501,1.25855961680992,498.501,1.26663436634142,498.501,1.22375417786533,,,,,,,,,,,,,,,,,,,,,,,,,,,,,,,,,,,,,,,,,,,,,,,,,,,,,,,,,,,,,,,,,,,,,,,,,,,,,,,,,,,,,,,,,,,,,,,,,,,,,,,,,,,,,
,,,,,,,,,,,,,,,,,,,,,,499,1.23100165779552,499,1.25765949544031,499,1.25392271123144,499,1.27288272414488,499,1.23308832928709,,,,,,,,,,,,,,,,,,,,,,,,,,,,,,,,,,,,,,,,,,,,,,,,,,,,,,,,,,,,,,,,,,,,,,,,,,,,,,,,,,,,,,,,,,,,,,,,,,,,,,,,,,,,,
,,,,,,,,,,,,,,,,,,,,,,499.499,1.23080129748215,499.499,1.26121512392527,499.499,1.25822148546927,499.499,1.26726720834382,499.499,1.21924276189055,,,,,,,,,,,,,,,,,,,,,,,,,,,,,,,,,,,,,,,,,,,,,,,,,,,,,,,,,,,,,,,,,,,,,,,,,,,,,,,,,,,,,,,,,,,,,,,,,,,,,,,,,,,,,
,,,,,,,,,,,,,,,,,,,,,,499.998,1.23351824961378,499.998,1.24646437583231,499.998,1.24225631958773,499.998,1.26726794238025,499.998,1.22616844486691,,,,,,,,,,,,,,,,,,,,,,,,,,,,,,,,,,,,,,,,,,,,,,,,,,,,,,,,,,,,,,,,,,,,,,,,,,,,,,,,,,,,,,,,,,,,,,,,,,,,,,,,,,,,,
,,,,,,,,,,,,,,,,,,,,,,500,1.23376223687697,500,1.24683483032923,500,1.24242091219814,500,1.26769881791259,500,1.22661720393552,,,,,,,,,,,,,,,,,,,,,,,,,,,,,,,,,,,,,,,,,,,,,,,,,,,,,,,,,,,,,,,,,,,,,,,,,,,,,,,,,,,,,,,,,,,,,,,,,,,,,,,,,,,,,
,,,,,,,,,,,,,,,,,,,,,,,0.00365557645363905,,0.00394192596278113,,0.00409008170554644,,0.00446116470434411,,0.003799448556239,,,,,,,,,,,,,,,,,,,,,,,,,,,,,,,,,,,,,,,,,,,,,,,,,,,,,,,,,,,,,,,,,,,,,,,,,,,,,,,,,,,,,,,,,,,,,,,,,,,,,,,,,,,,,
,,,,,,,,,,,,,,,,,,,,,,,1.22818681519957,,1.25115999290162,,1.25508188437959,,1.2711940187539,,1.22504460684337,,,,,,,,,,,,,,,,,,,,,,,,,,,,,,,,,,,,,,,,,,,,,,,,,,,,,,,,,,,,,,,,,,,,,,,,,,,,,,,,,,,,,,,,,,,,,,,,,,,,,,,,,,,,,
