,,,,,,,,,,,,,,,,,,,,,,,密度,,,,,,,,,,,,MSD,10,,20,,30,,40,,,,,PL-CuBTC,Li+,,,,,,,,,,TFSi-,,,,,,,体系相互作用能,,,,,,,,,,,,,,,,,,,,,,,,,,,,,,,0.02,Li-o-peo,,,Li-o-tfsi-,0.04,Li-o-peo,,Li-o-tfsi-,0.06,Li-o-peo,,Li-o-tfsi-,0.08,Li-o-peo,,Li-o-tfsi-,0.1,Li-o-peo,,Li-o-tfsi-,,,,,,,,,,,,,,,,,,,,,,,0.2367,0.92515,0.85756,0.86601,0.882906666666667
,,,,,The Parameters of PL/Cu-BTC MOF after MD Simulation,,,,,,,,,,,,,,,,,,,,,,,,,,,,,,,Li,TFSi-,Li,TFSi-,Li,TFSi-,Li,TFSi-,Li,TFSi-,,N,slope(A^2/ps),D(10^-12*m^2/s),R^2,n_Li,cell,volume,ci,q^2,kB*T,sigmai(s/cm),slope(A^2/ps),D(10^-12*m^2/s),R^2,t_Li,,,,,system,peo,LTFSi,CuBTC,Eint,,,,,相互作用能,Li/CuBTC,CuBTC,Li,Eint,,平均,,,,,,,,,,,,,,,r,g(r),,r,g(r),r,g(r),r,g(r),r,g(r),r,g(r),r,g(r),r,g(r),r,g(r),r,g(r),,,,,0.24496,1.07657,2.53663,0,1.2044,,0.25675,0.93641,0.56678,1.07349,0.858893333333333,,0.26656,0.52673,1.19439,0.59373,0.771616666666667,,0.71009,0.93043,0.69175,0.81743,0.813203333333333
,,,,,ionic concentrations, number of LTFSi,a=b=c (Å),C,H,Li,N,O,F,S,Cu,Molecular weight (g/mol),density ( g/cm^3),error,,,,,0.499,1.04237847248491,0.499,1.06239896107779,0.499,1.0317227590833,0.499,1.02657007098817,0.499,1.03242594189951,,,Time,MSD,MSD,MSD,MSD,MSD,MSD,MSD,MSD,MSD,MSD,,0.02,0.009336,15.56,0.9976,10,33.96033,3.91665848958788e-26,2.55319681983614e+26,2.567e-38,4.114188e-21,0.000247876652793313,0.01641,27.35,0.9991,0.362619436028898,100-250ps,,,0.02,-15426.73286,1961.97117,-369.455582,-14360.677241,-2658.571207,,,,,0.02,-14754.167045,-14360.677241,-210.380919,-183.108885000001,10,-18.3108885000001,,,,,,,,,,,,,,,0.025,0,,0.025,0,0.025,0,0.025,0,0.025,0,0.025,0,0.025,0,0.025,0,0.025,0,0.025,0,,,,,0.73489,0.65611,2.17624,0.06007,0.96414,,0.77024,0.87789,0.65919,1.04114,0.859406666666667,,0.79967,0.47591,0.98993,0.57987,0.681903333333333,,1.18348,0.80686,0.62733,0.78891,0.741033333333333
,,,,,0.02,10,33.96033,1200,2110,10,10,665,60,20,10,29805.4,1.27170505401378,0.00419548407348253,,,,,0.998,1.05705513783961,0.998,1.06843760084732,0.998,1.06447387793884,0.998,1.04429270517156,0.998,1.05211891478941,,,0,0,0,0,0,0,0,0,0,0,0,,0.04,0.009731,16.2183333333333,0.9975,20,34.453354,4.08972888944095e-26,4.8902997095081e+26,2.567e-38,4.114188e-21,0.000494861234330097,0.01687,28.1166666666667,0.9993,0.365813315288899,,,,0.04,-16782.129073,2022.301606,-1010.304392,-14358.571755,-3435.554532,,,,,0.04,-14950.027431,-14358.571755,-216.93093,-374.524746,20,-18.7262373,,,相互作用能,Li/CuBTC,Li/PEO,Li/tfsI,Cubtc/tfsI,,,,,,,,0.075,0,,0.075,0,0.075,0,0.075,0,0.075,0,0.075,0,0.075,0,0.075,0,0.075,0,0.075,0,,,,,1.22482,0.45743,2.05611,0.30495,0.939496666666667,,1.28373,0.80088,0.78394,0.94565,0.84349,,1.33279,0.33383,0.95875,0.40891,0.567163333333333,,1.65687,0.6833,0.61465,0.87657,0.72484
,,,,,0.04,20,34.453354,1220,2110,20,20,705,120,40,10,32676.2,1.31622373417206,0.0065871552229798,,,,,1.497,1.06607126203895,1.497,1.07703805879309,1.497,1.0898569997751,1.497,1.05972082678291,1.497,1.06647555001704,,,5,0.46924699,0.86870183,0.4453353,0.73777361,0.4926679,0.76939906,0.46924142,0.72513669,0.45638257,0.72034279,,0.06,0.01768,29.4666666666667,0.999,30,35.336931,4.41251795366189e-26,6.79883919228099e+26,2.567e-38,4.114188e-21,0.0012499928104583,0.02385,39.75,0.9994,0.425716349626776,,,,0.06,-17853.309541,2290.727555,-2107.029864,-14319.037908,-3717.969324,,,,,0.06,-14934.880663,-14319.037908,-231.791967,-384.050788,30,-12.8016929333333,,,0.02,-183.108885000001,-711.797187,-618.272813,-68.0729190000002,,,,,,,,0.125,0,,0.125,0,0.125,0,0.125,0,0.125,0,0.125,0,0.125,0,0.125,0,0.125,0,0.125,0,,,,,1.71474,0.59142,1.58482,0.35578,0.844006666666667,,1.79723,0.85171,1.05347,1.22904,1.04474,,1.86591,0.3038,0.89175,0.48284,0.559463333333333,,2.13026,0.82904,0.58931,1.04132,0.81989
,,,,,0.06,30,35.336931,1240,2110,30,30,745,180,60,10,35546.9,1.33553932587235,0.00542858496246342,,,,,1.996,1.06553371914538,1.996,1.08916335911177,1.996,1.08820272303437,1.996,1.06929207981518,1.996,1.06773594681754,,,10,0.53960505,0.99835771,0.52223895,0.86341346,0.56514799,0.8826591,0.53262215,0.83491889,0.52997199,0.8312248,,0.08,0.006893,11.4883333333333,0.9629,40,36.957165,5.04772802433367e-26,7.92435721718192e+26,2.567e-38,4.114188e-21,0.000568018928494338,0.00901,15.0166666666667,0.9866,0.43344023140288,,,,0.08,-18878.759014,2506.733397,-2549.684774,-14251.294367,-4584.51327,,,,,0.08,-15402.387331,-14251.294367,-505.597972,-645.494991999999,40,-16.1373748,,,0.04,-374.524746,-1190.878012,-1835.974267,-120.716885999998,,,,,,,,0.175,0,,0.175,0,0.175,0,0.175,0,0.175,0,0.175,0,0.175,0,0.175,0,0.175,0,0.175,0,,,,,2.20467,0.52211,1.4231,0.36502,0.770076666666667,,2.31072,0.89329,1.22442,1.25215,1.12328666666667,,2.39902,0.33729,0.88828,0.56139,0.595653333333333,,2.60365,0.98323,0.58191,1.11947,0.89487
,,,,,0.08,40,36.957165,1260,2110,40,40,785,240,80,10,38417.6,1.26659332346727,0.00395812202427916,,,,,2.495,1.0728509351772,2.495,1.08863065876448,2.495,1.09936378134663,2.495,1.0661415607954,2.495,1.06740186545572,,,15,0.62536306,1.14501762,0.57464743,0.96011511,0.63182915,0.97610426,0.5967147,0.93818351,0.59851994,0.91854703,,0.1,0.01875,31.25,0.9979,50,37.179691,5.13945808019751e-26,9.72865216911711e+26,2.567e-38,4.114188e-21,0.00189689998656202,0.02479,41.3166666666667,0.998,0.430638493339458,,,,0.1,-20137.096051,2582.444156,-3417.47023,-14232.501284,-5069.568693,,,,,0.1,-15817.304021,-14232.501284,-816.567749,-768.234988,50,-15.36469976,,,0.06,-384.050788,-1384.048976,-3631.902645,120.497185,,,,,,,,0.225,0,,0.225,0,0.225,0,0.225,0,0.225,0,0.225,0,0.225,0,0.225,0,0.225,0,0.225,0,,,,,2.6946,1.06271,1.13201,0.73003,0.974916666666667,,2.82421,0.81012,1.54169,1.27371,1.20850666666667,,2.93214,0.33036,0.99917,0.53828,0.622603333333333,,3.07704,1.18812,0.55657,1.16277,0.969153333333333
,,,,,0.1,50,37.179691,1280,2110,50,50,825,300,100,10,41288.3,1.33578016773473,0.00534632971634358,,,,,2.994,1.08266420267591,2.994,1.0945693755771,2.994,1.09627343596242,2.994,1.06436653100678,2.994,1.0783339524542,,,20,0.68246811,1.24057437,0.61612221,1.03806477,0.71694359,1.08462543,0.64475064,1.01831897,0.65726524,1.00258305,,,,,,,,,,,,,,,,,,,,,,,,,,,,,,,,,,,,,,,0.08,-645.494991999999,-2003.579447,-4170.450122,-50.7461500000009,,,,,,,,0.275,0,,0.275,0,0.275,0,0.275,0,0.275,0,0.275,0,0.275,0,0.275,0,0.275,0,0.275,0,,,,,3.18452,1.46007,0.82244,0.97492,1.08581,,3.33771,0.77008,1.55402,1.2429,1.189,,3.46525,0.39967,1.2637,0.63762,0.766996666666667,,3.55043,1.22825,0.39393,0.90614,0.842773333333333
,,,,,,,,,,,,,,,,,,,,,,,3.493,1.08084325156863,3.493,1.09491933618172,3.493,1.09389527609795,3.493,1.06295834451763,3.493,1.08426719729668,,,25,0.72952208,1.35760507,0.65091123,1.11787772,0.77065699,1.1628225,0.68234679,1.07400399,0.70596026,1.07229936,,,,,,,,,,,,,,,,,,,,,,,,,,,,,,,,,,,,,,,0.1,-768.234988,-2042.412977,-5266.575604,-165.839017,,,,,,,,0.325,0,,0.325,0,0.325,0,0.325,0,0.325,0,0.325,0,0.325,0,0.325,0,0.325,0,0.325,0,,,,,3.67445,1.76502,0.59142,0.76238,1.03960666666667,,3.8512,0.51441,1.79736,1.29835,1.20337333333333,,3.99837,0.41007,1.28911,0.62723,0.77547,,4.02382,1.09729,0.35063,0.76462,0.737513333333333
,,,,,,,,,,,,,,,,,,,,,,,3.992,1.08320673470066,3.992,1.10626353477502,3.992,1.0963586734649,3.992,1.07066867235936,3.992,1.09163691202263,,,30,0.773614,1.43770609,0.69972972,1.18951179,0.85799219,1.24279588,0.71835524,1.15693355,0.77124284,1.15669958,,,,,,,,,,,,,,,,,,,,,,,,,,,,,,,,,,,,,,,,,,,,,,,,,,,0.375,0,,0.375,0,0.375,0,0.375,0,0.375,0,0.375,0,0.375,0,0.375,0,0.375,0,0.375,0,,,,,4.16438,2.03762,0.32805,0.67459,1.01342,,4.36469,0.70539,1.81122,1.09505,1.20388666666667,,4.53149,0.5071,1.09274,0.63185,0.743896666666667,,4.49722,0.87657,0.35696,0.74878,0.66077
,,,,,,,,,,,,,,,,,,,,,,,4.491,1.08284291282234,4.491,1.1036026867505,4.491,1.10048827683409,4.491,1.07011115963206,4.491,1.09142305608684,,,35,0.82744325,1.51974278,0.75234683,1.26968714,0.94279283,1.3502611,0.76268664,1.22068113,0.83184466,1.24088346,,,,,,,,,,,,,,,,,,,,,,,,,,,,,,相互作用能,Li/PEO,PEO,Li,Eint,,平均,,,,,,,,,,,,,,,0.425,0,,0.425,0,0.425,0,0.425,0,0.425,0,0.425,0,0.425,0,0.425,0,0.425,0,0.425,0,,,,,4.6543,2.46733,0.37888,0.65611,1.16744,,4.87819,0.71617,1.90671,0.86557,1.16281666666667,,5.0646,0.78086,0.82129,0.82013,0.807426666666667,,4.97061,0.77835,0.50587,0.85756,0.713926666666667
,,,,,,,,,,,,,,,,,,,,,,,4.99,1.07407046129435,4.99,1.09787956460315,4.99,1.097868596095,4.99,1.0735124945214,4.99,1.09304273679936,,,40,0.89109176,1.59839005,0.78030344,1.33574897,1.00109068,1.45561173,0.81384706,1.29536483,0.90236347,1.33290093,,,,,,,,,,,,,,,,,,,,,,,,,,,,,,0.02,1039.793064,1961.97117,-210.380919,-711.797187,10,-71.1797187,,,,,,,,,,,,,,,0.475,0,,0.475,0,0.475,0,0.475,0,0.475,0,0.475,0,0.475,0,0.475,0,0.475,0,0.475,0,,,,,5.14423,2.97558,0.43894,1.09043,1.50165,,5.39168,0.75622,1.88515,0.69615,1.11250666666667,,5.59772,0.95066,0.64802,0.82475,0.80781,,5.444,0.88185,0.6305,0.81954,0.777296666666667
,,,,,,,,,,,,,,,,,,,,,,,5.489,1.07927588171995,5.489,1.10586292246484,5.489,1.11241607996737,5.489,1.08198133717107,5.489,1.09527240876171,,,45,0.94737359,1.73118281,0.8269115,1.40405082,1.09770822,1.56394697,0.84803343,1.33403823,0.97269373,1.42657155,,,,,,,,,,,,,,,,,,,,,,,,,,,,,,0.04,614.492664,2022.301606,-216.93093,-1190.878012,20,-59.5439006,,,,,,,,,,,,,,,0.525,0,,0.525,0,0.525,0,0.525,0,0.525,0,0.525,0,0.525,0,0.525,0,0.525,0,0.525,0,,,,,5.63415,3.31287,0.45281,1.08581,1.61716333333333,,5.90517,1.14125,1.60484,0.68075,1.14228,,6.13083,0.92756,0.54868,0.87442,0.783553333333333,,5.91739,0.89558,0.7266,0.87868,0.83362
,,,,,,,,,,,,,,,,,,,,,,,5.988,1.08015494149223,5.988,1.10930554733352,5.988,1.11253011132708,5.988,1.08734405776717,5.988,1.10011235172448,,,50,1.00400951,1.8256105,0.84612059,1.45876091,1.19849861,1.67868366,0.86798813,1.36929129,1.03997684,1.52109172,,,,,,,,,,,,,,,,,,,,,,,,,,,,,,0.06,674.886612,2290.727555,-231.791967,-1384.048976,30,-46.1349658666667,,,,,,,,,,,,,,,0.575,0,,0.575,0,0.575,0,0.575,0,0.575,0,0.575,0,0.575,0,0.575,0,0.575,0,0.575,0,,,,,6.12408,2.92937,0.55908,1.25215,1.5802,,6.41867,1.11969,1.28757,0.45897,0.95541,,6.66395,1.16667,0.70347,1.03267,0.967603333333333,,6.39078,0.91459,0.85545,0.88818,0.886073333333333
,,,,,,,,,,,,,,,,,,,,,,,6.487,1.09617066994579,6.487,1.12687158033123,6.487,1.1154025315537,6.487,1.07964195558706,6.487,1.10230008540156,,,55,1.07013177,1.91186273,0.8729861,1.51255396,1.28318128,1.77150516,0.90504027,1.43545197,1.09894445,1.58230532,,,,,,,,,,,,,,,,,,,,,,,,,,,,,,0.08,-2.444022,2506.733397,-505.597972,-2003.579447,40,-50.089486175,,,,,,,,,,,,,,,0.625,0,,0.625,0,0.625,0,0.625,0,0.625,0,0.625,0,0.625,0,0.625,0,0.625,0,0.625,0,,,,,6.61401,2.27789,0.64224,1.55248,1.49087,,6.93216,1.23674,0.81474,0.2033,0.751593333333333,,7.19706,1.15396,1.04653,0.9033,1.03459666666667,,6.86417,0.9505,0.90825,0.88607,0.91494
,,,,,,,,,,,,,,,,,,,,,,,6.986,1.0983826255263,6.986,1.12292854465458,6.986,1.10806912556219,6.986,1.0747551634437,6.986,1.09804156692613,,,60,1.12359013,2.01078365,0.9238717,1.57364897,1.35422308,1.86622301,0.92745274,1.46258891,1.13973953,1.64096351,,,,,,,,,,,,,,,,,,,,,,,,,,,,,,0.1,-276.53657,2582.444156,-816.567749,-2042.412977,50,-40.84825954,,,,,,,,,,,,,,,0.675,0,,0.675,0,0.675,0,0.675,0,0.675,0,0.675,0,0.675,0,0.675,0,0.675,0,0.675,0,,,,,7.10393,2.04686,0.75776,1.18746,1.33069333333333,,7.44565,1.11661,0.85479,0.15248,0.70796,,7.73018,1.12855,1.30413,0.58911,1.00726333333333,,7.33756,0.96106,0.94733,0.86284,0.923743333333333
,,,,,,,,,,,,,,,,,,,,,,,7.485,1.09400564441307,7.485,1.11817061217401,7.485,1.11887361010204,7.485,1.07007517030186,7.485,1.09782891947187,,,65,1.1966372,2.09685899,0.95160881,1.62617266,1.4323194,1.97537295,0.96681244,1.5219791,1.1927475,1.71539199,,,,,,,,,,,,,,,,,,,,,,,,,,,,,,,,,,,,,,,,,,,,,,,,,,,0.725,0,,0.725,0,0.725,0,0.725,0,0.725,0,0.725,0,0.725,0,0.725,0,0.725,0,0.725,0,,,,,7.59386,1.51089,0.56832,1.25677,1.11199333333333,,7.95915,1.10583,0.84554,0.09087,0.680746666666667,,8.2633,1.04538,1.53746,0.84092,1.14125333333333,,7.81095,1.01175,0.89663,0.85439,0.920923333333333
,,,,,,,,,,,,,,,,,,,,,,,7.984,1.09414432272316,7.984,1.11904668488776,7.984,1.11897609283792,7.984,1.08344752537478,7.984,1.09750532766925,,,70,1.2362369,2.17551972,0.98406042,1.70263722,1.5283063,2.07498686,1.00010045,1.57863842,1.23076952,1.77826822,,,,,,,,,,,,,,,,,,,,,,,,,,,,,,,,,,,,,,,,,,,,,,,,,,,0.775,0,,0.775,0,0.775,0,0.775,0,0.775,0,0.775,0,0.775,0,0.775,0,0.775,0,0.775,0,,,,,8.08379,0.90099,0.60066,1.05347,0.851706666666667,,8.47264,1.19362,0.91793,0.04928,0.720276666666667,,8.79641,0.85017,1.35264,0.85825,1.02035333333333,,8.28434,1.00964,0.84594,0.86389,0.90649
,,,,,,,,,,,,,,,,,,,,,,,8.483,1.1062863233633,8.483,1.11688637545203,8.483,1.11110129678933,8.483,1.08654547738088,8.483,1.10403766586832,,,75,1.27801875,2.24438855,1.01986484,1.74954454,1.60126493,2.1726402,1.03877256,1.62540399,1.28220008,1.8466818,,,,,,,,,,,,,,,,,,,,,,,,,,,,,,,,,,,,,,,,,,,,,,,,,,,0.825,0,,0.825,0,0.825,0,0.825,0,0.825,0,0.825,0,0.825,0,0.825,0,0.825,0,0.825,0,,,,,8.57371,0.52673,0.81782,1.37228,0.90561,,8.98613,1.0011,0.89483,0.00924,0.635056666666667,,9.32953,0.82129,1.43812,0.88482,1.04807666666667,,8.75774,1.10891,1.10257,0.94944,1.05364
,,,,,,,,,,,,,,,,,,,,,,,8.982,1.10491615481335,8.982,1.10600009806708,8.982,1.10996731821978,8.982,1.08758495947703,8.982,1.10197162585728,,,80,1.31187636,2.33048903,1.06211118,1.80685681,1.66186832,2.26939305,1.08123143,1.68217005,1.35651298,1.93177981,,,,,,,,,,,,,,,,,,,,,,,,,,,,,,相互作用能,Li/tfsI,TFSi,Li,Eint,,平均,,,,,,,,,,,,,,,0.875,0,,0.875,0,0.875,0,0.875,0,0.875,0,0.875,0,0.875,0,0.875,0,0.875,0,0.875,0,,,,,9.06364,0.54521,0.62376,1.98218,1.05038333333333,,9.49963,1.26601,0.90869,0,0.7249,,9.86264,0.97376,1.41271,0.91139,1.09928666666667,,9.23113,1.14165,1.1765,0.97267,1.09694
,,,,,,,,,,,,,,,,,,,,,,,9.481,1.11024740276006,9.481,1.12123637483078,9.481,1.10642236618542,9.481,1.08306462840218,9.481,1.09850716842925,,,85,1.34752294,2.39759213,1.08377946,1.88277324,1.7529028,2.37627831,1.11004151,1.74324617,1.41777676,2.01915098,,,,,,,,,,,,,,,,,,,,,,,,,,,,,,0.02,-369.455582,459.19815,-210.380919,-618.272813,10,-61.8272813,,,,,,,,,,,,,,,0.925,0,,0.925,0,0.925,0,0.925,0,0.925,0,0.925,0,0.925,0,0.925,0,0.925,0,0.925,0,,,,,9.55357,0.77624,0.57756,1.28911,0.88097,,10.01312,1.21826,1.08273,0,0.766996666666667,,10.39576,0.69076,1.43581,0.74158,0.95605,,9.70452,1.18389,0.98851,1.02125,1.06455
,,,,,,,,,,,,,,,,,,,,,,,9.98,1.11164329849436,9.98,1.1240271085748,9.98,1.10312217473348,9.98,1.0747134516001,9.98,1.09804528219107,,,90,1.3972383,2.49702007,1.11368971,1.9202465,1.83770848,2.48549978,1.14412933,1.77311729,1.45648541,2.07175489,,,,,,,,,,,,,,,,,,,,,,,,,,,,,,0.04,-1010.304392,1042.600805,-216.93093,-1835.974267,20,-91.79871335,,,,,,,,,,,,,,,0.975,0,,0.975,0,0.975,0,0.975,0,0.975,0,0.975,0,0.975,0,0.975,0,0.975,0,0.975,0,,,,,10.04349,0.767,0.36964,1.09967,0.745436666666667,,10.52661,1.4154,1.01342,0,0.809606666666667,,10.92888,0.74043,1.23251,0.89868,0.957206666666667,,10.17791,1.24937,0.90614,0.93149,1.029
,,,,,,,,,,,,,,,,,,,,,,,10.479,1.1108086241355,10.479,1.12591192917553,10.479,1.10507528444014,10.479,1.07041541649126,10.479,1.1059108119352,,,95,1.44530521,2.55020273,1.14528989,1.98200095,1.94420647,2.59115959,1.16481277,1.83026191,1.51559933,2.15270622,,,,,,,,,,,,,,,,,,,,,,,,,,,,,,0.06,-2107.029864,1756.664748,-231.791967,-3631.902645,30,-121.0634215,,,,,,,,,,,,,,,1.025,0,,1.025,0,1.025,0,1.025,0,1.025,0,1.025,0,1.025,0,1.025,0,1.025,0,1.025,0,,,,,10.53342,1.20594,0.2264,0.6099,0.680746666666667,,11.04011,1.64488,1.12277,0,0.92255,,11.46199,0.89406,1.10429,0.79818,0.932176666666667,,10.6513,1.45426,0.84805,0.76779,1.02336666666667
,,,,,,,,,,,,,,,,,,,,,,,10.978,1.10758590253781,10.978,1.13522814088017,10.978,1.11580076368526,10.978,1.07502433254308,10.978,1.11177028054471,,,100,1.4938942,2.6176643,1.19755237,2.05267369,2.00867941,2.68834657,1.19222887,1.87083053,1.5768061,2.23929274,,,,,,,,,,,,,,,,,,,,,,,,,,,,,,0.08,-2549.684774,2126.36332,-505.597972,-4170.450122,40,-104.26125305,,,,,,,,,,,,,,,1.075,0,,1.075,0,1.075,0,1.075,0,1.075,0,1.075,0,1.075,0,1.075,0,1.075,0,1.075,0,,,,,11.02335,1.04422,0.11551,0.68383,0.61452,,11.5536,1.47547,1.38306,0,0.952843333333333,,11.99511,0.91485,1.00495,0.83053,0.916776666666667,,11.12469,1.38033,1.04238,0.60515,1.00928666666667
,,,,,,,,,,,,,,,,,,,,,,,11.477,1.1166508728131,11.477,1.13436631040912,11.477,1.10858028465735,11.477,1.08787963223144,11.477,1.11246366690121,,,105,1.5308809,2.68873066,1.24587985,2.1219665,2.12679684,2.81303144,1.22825106,1.91240401,1.65865744,2.34239551,,,,,,,,,,,,,,,,,,,,,,,,,,,,,,0.1,-3417.47023,2665.673123,-816.567749,-5266.575604,50,-105.33151208,,,,,,,,,,,,,,,1.125,0,,1.125,0,1.125,0,1.125,0,1.125,0,1.125,0,1.125,0,1.125,0,1.125,0,1.125,0,,,,,11.51327,1.03036,0.0231,1.6033,0.885586666666667,,12.06709,1.48625,1.26909,0.00154,0.91896,,12.52822,0.86518,0.76007,0.83168,0.818976666666667,,11.59808,1.11314,1.09413,0.527,0.911423333333333
,,,,,,,,,,,,,,,,,,,,,,,11.976,1.11354006186802,11.976,1.1404126304767,11.976,1.11644761909893,11.976,1.09714070910584,11.976,1.10900329581777,,,110,1.55327268,2.75337924,1.28260994,2.17942949,2.2312623,2.9431723,1.25270322,1.95388126,1.74994323,2.45656801,,,,,,,,,,,,,,,,,,,,,,,,,,,,,,,,,,,,,,,,,,,,,,,,,,,1.175,0,,1.175,0,1.175,0,1.175,0,1.175,0,1.175,0,1.175,0,1.175,0,1.175,0,1.175,0,,,,,12.0032,1.13663,0,1.86667,1.0011,,12.58059,1.32607,1.08427,0.0154,0.80858,,13.06134,0.82129,0.83861,0.82822,0.829373333333333,,12.07147,1.16911,1.21663,0.50693,0.964223333333333
,,,,,,,,,,,,,,,,,,,,,,,12.475,1.11424622395399,12.475,1.13401073987352,12.475,1.12110862253707,12.475,1.09670107010345,12.475,1.1056778017603,,,115,1.57936971,2.85499271,1.31471303,2.25410846,2.32177415,3.06133498,1.29091046,1.99557204,1.8299618,2.55484071,,,,,,,,,,,,,,,,,,,,,,,,,,,,,,,,,,,,,,,,,,,,,,,,,,,1.225,0,,1.225,0,1.225,0,1.225,0,1.225,0,1.225,0,1.225,0,1.225,0,1.225,0,1.225,0,,,,,12.49313,0.45281,0,1.52475,0.659186666666667,,13.09408,1.19978,0.95028,0.04774,0.7326,,13.59446,1.02805,0.84554,1.12739,1.00032666666667,,12.54486,1.05716,1.35498,0.527,0.979713333333333
,,,,,,,,,,,,,,,,,,,,,,,12.974,1.12007351198219,12.974,1.13442319310877,12.974,1.12042050585471,12.974,1.08662584409623,12.974,1.11321392094617,,,120,1.63958695,2.9425054,1.35794593,2.33996381,2.41841607,3.18636293,1.3278273,2.05204939,1.89322797,2.63419732,,,,,,,,,,,,,,,,,,,,,,,,,,,,,,,,,,,,,,,,,,,,,,,,,,,1.275,0,,1.275,0,1.275,0,1.275,0,1.275,0,1.275,0,1.275,0,1.275,0,1.275,0,1.275,0,,,,,12.98305,0.18944,0,0.95182,0.38042,,13.60757,1.1505,0.69153,0.06469,0.635573333333333,,14.12757,0.92871,0.78548,1.23944,0.984543333333333,,13.01826,0.92409,1.22086,0.55446,0.899803333333333
,,,,,,,,,,,,,,,,,,,,,,,13.473,1.11887382776307,13.473,1.13856387854443,13.473,1.12061085621875,13.473,1.08428485614458,13.473,1.11060946662513,,,125,1.68092223,2.9978218,1.40947661,2.41635443,2.50262761,3.30590653,1.35675309,2.0936288,1.99199412,2.7473475,,,,,,,,,,,,,,,,,,,,,,,,,,,,,,相互作用能,Cubtc/tfsI,TFSi,Cubtc,Eint,,平均,,,,,,,,,,,,,,,1.325,0,,1.325,0,1.325,0,1.325,0,1.325,0,1.325,0,1.325,0,1.325,0,1.325,0,1.325,0,,,,,13.47298,0.2033,0.00462,0.65149,0.28647,,14.12107,1.09813,0.63916,0.22332,0.653536666666667,,14.66069,0.8236,0.66766,1.11353,0.868263333333333,,13.49165,0.89241,1.35182,0.43512,0.893116666666667
,,,,,,,,,,,,,,,,,,,,,,,13.972,1.11574199514719,13.972,1.13186143165692,13.972,1.12274157346062,13.972,1.09151843491223,13.972,1.11378056265755,,,130,1.7485743,3.08895183,1.44387841,2.48938312,2.59252064,3.4210962,1.36323843,2.1038281,2.07147559,2.86000335,,,,,,,,,,,,,,,,,,,,,,,,,,,,,,0.02,-13969.55201,459.19815,-14360.677241,-68.0729190000002,10,-6.80729190000002,,,,,,,,,,,,,,,1.375,0,,1.375,0,1.375,0,1.375,0,1.375,0,1.375,0,1.375,0,1.375,0,1.375,0,1.375,0,,,,,13.9629,0.21254,0.08779,0.74851,0.349613333333333,,14.63456,1.16898,0.90407,0.3835,0.81885,,15.1938,0.89868,0.7462,1.29026,0.97838,,13.96504,0.75723,1.35287,0.53228,0.880793333333333
,,,,,,,,,,,,,,,,,,,,,,,14.471,1.1170636729505,14.471,1.1320187725555,14.471,1.12434273096355,14.471,1.10328256128229,14.471,1.11108763807699,,,135,1.7869182,3.18266237,1.47585205,2.57952224,2.66967236,3.5441943,1.37114252,2.12334974,2.17613066,2.99128661,,,,,,,,,,,,,,,,,,,,,,,,,,,,,,0.04,-13436.687836,1042.600805,-14358.571755,-120.716885999998,20,-6.03584429999992,,,,,,,,,,,,,,,1.425,0,,1.425,0,1.425,0,1.425,0,1.425,0,1.425,0,1.425,0,1.425,0,1.425,0,1.425,0,,,,,14.45283,0.0231,0.24026,0.69307,0.31881,,15.14805,1.29835,0.99186,0.73157,1.00726,,15.72692,0.91023,0.9137,1.26139,1.02844,,14.43843,0.8565,1.28528,0.33267,0.824816666666667
,,,,,,,,,,,,,,,,,,,,,,,14.97,1.11482834032,14.97,1.13316247667564,14.97,1.13013470122872,14.97,1.1112793232289,14.97,1.11770379813775,,,140,1.82856938,3.26818984,1.52359843,2.65536082,2.73773159,3.63086325,1.37264443,2.14731332,2.24649809,3.09260154,,,,,,,,,,,,,,,,,,,,,,,,,,,,,,0.06,-12441.875975,1756.664748,-14319.037908,120.497185,30,4.01657283333334,,,,,,,,,,,,,,,1.475,0,,1.475,0,1.475,0,1.475,0,1.475,0,1.475,0,1.475,0,1.475,0,1.475,0,1.475,0,,,,,14.94276,0,0.48053,0.73465,0.40506,,15.66155,1.64796,1.00572,0.95028,1.20132,,16.26003,1.05693,0.93911,1.32492,1.10698666666667,,14.91182,0.95472,1.14271,0.29465,0.79736
,,,,,,,,,,,,,,,,,,,,,,,15.469,1.1257755229232,15.469,1.1235816177447,15.469,1.12736931006987,15.469,1.10739913383167,15.469,1.11830073680158,,,145,1.89079576,3.35553158,1.57537256,2.73991045,2.83374407,3.75613677,1.41495637,2.20361239,2.33516894,3.21888105,,,,,,,,,,,,,,,,,,,,,,,,,,,,,,0.08,-12175.677197,2126.36332,-14251.294367,-50.7461500000009,40,-1.26865375000002,,,,,,,,,,,,,,,1.525,0,,1.525,0,1.525,0,1.525,0,1.525,0,1.525,0,1.525,0,1.525,0,1.525,0,1.525,0,,,,,15.43268,0,0.70693,0.80858,0.50517,,16.17504,1.45853,0.7978,1.4077,1.22134333333333,,16.79315,1.21518,0.93564,1.1967,1.11584,,15.38521,0.83644,1.073,0.32,0.743146666666667
,,,,,,,,,,,,,,,,,,,,,,,15.968,1.1194725764585,15.968,1.11569348794398,15.968,1.13318124768866,15.968,1.11213968249034,15.968,1.11723931360823,,,150,1.93290722,3.42256382,1.62432535,2.80576134,2.91026928,3.84428726,1.42667092,2.23507815,2.4347255,3.32894294,,,,,,,,,,,,,,,,,,,,,,,,,,,,,,0.1,-11732.667178,2665.673123,-14232.501284,-165.839017,50,-3.31678034,,,,,,,,,,,,,,,1.575,0,,1.575,0,1.575,0,1.575,0,1.575,0,1.575,0,1.575,0,1.575,0,1.575,0,1.575,0,,,,,15.92261,0.05545,0.8363,1.16436,0.68537,,16.68853,1.56326,0.79318,1.30297,1.21980333333333,,17.32627,1.23366,1.04769,1.12046,1.13393666666667,,15.8586,0.7266,1.27578,0.29043,0.76427
,,,,,,,,,,,,,,,,,,,,,,,16.467,1.12100632881485,16.467,1.12514885967958,16.467,1.12650223036129,16.467,1.1143834152478,16.467,1.12259850193085,,,155,1.99186056,3.5098991,1.69087655,2.90760218,2.9935331,3.97234122,1.45573159,2.2887371,2.5231503,3.45134828,,,,,,,,,,,,,,,,,,,,,,,,,,,,,,,,,,,,,,,,,,,,,,,,,,,1.625,0.04768571,,1.625,0,1.625,0,1.625,0.16111154,1.625,0.01830964,1.625,0,1.625,0.01536123,1.625,0,1.625,0.02569964,1.625,0,,,,,16.41254,0.31419,0.89175,1.14587,0.783936666666667,,17.20203,1.74191,1.07041,1.42464,1.41232,,17.85938,1.26023,1.03498,0.89059,1.06193333333333,,16.33199,0.70442,1.18812,0.43723,0.77659
,,,,,,,,,,,,,,,,,,,,,,,16.966,1.12111391134102,16.966,1.12552967807312,16.966,1.13368380284435,16.966,1.11962813260648,16.966,1.1208953180655,,,160,2.04238387,3.58195945,1.72692907,2.9775673,3.06890701,4.07728802,1.48885411,2.34150971,2.59985867,3.56507645,,,,,,,,,,,,,,,,,,,,,,,,,,,,,,,,,,,,,,,,,,,,,,,,,,,1.675,0.17952602,,1.675,0,1.675,0.14413042,1.675,0,1.675,0.03446584,1.675,0,1.675,0.10120529,1.675,0.04563274,1.675,0.2056009,1.675,0.03053778,,,,,16.90246,0.48977,0.77624,0.76238,0.67613,,17.71552,1.67723,0.95798,1.75732,1.46417666666667,,18.3925,1.35842,0.70231,0.93564,0.99879,,16.80538,0.68647,1.38983,0.49743,0.85791
,,,,,,,,,,,,,,,,,,,,,,,17.465,1.11380765472796,17.465,1.12999491973082,17.465,1.12816710188626,17.465,1.12366526652647,17.465,1.12189856150515,,,165,2.07709066,3.62451443,1.78856501,3.07180153,3.13506198,4.19104935,1.50125802,2.35769183,2.69295528,3.70119662,,,,,,,,,,,,,,,,,,,,,,,,,,,,,,,,,,,,,,,,,,,,,,,,,,,1.725,0.97330401,,1.725,1.60277781,1.725,0.97392635,1.725,1.00082257,1.725,0.84491968,1.725,0.88892591,1.725,1.00876535,1.725,1.03262129,1.725,0.90085822,1.725,0.83500434,,,,,17.39239,0.5637,0.91947,0.71617,0.733113333333333,,18.22901,1.29681,1.03652,1.8451,1.39281,,18.92561,1.26139,0.74851,1.2198,1.07656666666667,,17.27878,0.69914,1.25043,0.69809,0.882553333333333
,,,,,,,,,,,,,,,,,,,,,,,17.964,1.11796576010959,17.964,1.14219832414812,17.964,1.1308108352651,17.964,1.11535497661181,17.964,1.12300102207848,,,170,2.13069808,3.72675767,1.84522678,3.17185797,3.2426787,4.30383884,1.53144789,2.38934639,2.77112116,3.79994343,,,,,,,,,,,,,,,,,,,,,,,,,,,,,,,,,,,,,,,,,,,,,,,,,,,1.775,4.55626214,,1.775,16.14675354,1.775,4.44942784,1.775,8.37209049,1.775,3.42215847,1.775,11.43085331,1.775,4.15857112,1.775,6.86751649,1.775,3.83409195,1.775,6.71693061,,,,,17.88232,0.71155,0.87327,0.60066,0.728493333333333,,18.74251,0.81628,0.93025,1.5802,1.10891,,19.45873,1.14703,1.03498,1.29373,1.15858,,17.75217,0.61888,1.1596,0.88924,0.88924
,,,,,,,,,,,,,,,,,,,,,,,18.463,1.11426481224926,18.463,1.13799332831988,18.463,1.12615153763141,18.463,1.11044524105448,18.463,1.11994262748452,,,175,2.20376898,3.82392414,1.89627798,3.24912153,3.32252884,4.43749503,1.56692886,2.44016953,2.8597893,3.92041108,,,,,,,,,,,,,,,,,,,,,,,,,,,,,,,,,,,,,,,,,,,,,,,,,,,1.825,8.46884918,,1.825,35.32152834,1.825,8.55960511,1.825,25.80275761,1.825,6.63413007,1.825,31.40082318,1.825,8.08690273,1.825,21.83402841,1.825,7.53905263,1.825,22.66325818,,,,,18.37224,1.0396,0.48977,0.75314,0.760836666666667,,19.256,0.86557,0.94257,1.54785,1.11866333333333,,19.99185,1.17013,1.11122,1.40924,1.23019666666667,,18.22556,0.67908,1.30007,1.14271,1.04062
,,,,,,,,,,,,,,,,,,,,,,,18.962,1.12682836446495,18.962,1.1418264066674,18.962,1.13376833711883,18.962,1.11545537574149,18.962,1.12974883378519,,,180,2.24898495,3.89197776,1.94958648,3.33035738,3.45435479,4.56472344,1.60682233,2.493886,2.9607857,4.05460263,,,,,,,,,,,,,,,,,,,,,,,,,,,,,,,,,,,,,,,,,,,,,,,,,,,1.875,12.82283429,,1.875,56.07303655,1.875,12.03919999,1.875,43.4444021,1.875,10.21836047,1.875,51.9731302,1.875,12.63434937,1.875,38.93031013,1.875,11.44707076,1.875,38.60346054,,,,,18.86217,1.87591,0.35116,1.03498,1.08735,,19.76949,1.01496,0.89791,1.07195,0.99494,,20.52496,1.29373,1.07888,1.40231,1.25830666666667,,18.69895,0.73611,1.2029,1.26733,1.06878
,,,,,,,,,,,,,,,,,,,,,,,19.461,1.13420233093862,19.461,1.13862027885533,19.461,1.14340259053568,19.461,1.12531396118741,19.461,1.12708088587955,,,185,2.32103292,4.0083274,1.98485595,3.42963615,3.52959951,4.68499604,1.64788728,2.54394498,3.05223067,4.17257684,,,,,,,,,,,,,,,,,,,,,,,,,,,,,,,,,,,,,,,,,,,,,,,,,,,1.925,16.14124423,,1.925,87.94854259,1.925,15.00494229,1.925,57.86451381,1.925,11.49504589,1.925,63.36519009,1.925,13.8256166,1.925,47.29944037,1.925,12.97543494,1.925,43.14446581,,,,,19.3521,1.6495,0.18482,1.12739,0.987236666666667,,20.28299,1.46931,0.76392,1.07503,1.10275333333333,,21.05808,1.21172,1.19208,1.39653,1.26677666666667,,19.17234,0.85017,1.02337,1.36871,1.08075
,,,,,,,,,,,,,,,,,,,,,,,19.96,1.12755660774633,19.96,1.13431691168804,19.96,1.1469413331779,19.96,1.13174060299075,19.96,1.12861660382758,,,190,2.29826408,4.0466907,2.01353808,3.51865059,3.63766227,4.84121421,1.67454746,2.56283187,3.15272935,4.32093467,,,,,,,,,,,,,,,,,,,,,,,,,,,,,,,,,,,,,,,,,,,,,,,,,,,1.975,14.75326311,,1.975,79.88391589,1.975,14.13390516,1.975,50.28184277,1.975,11.56498126,1.975,56.65043471,1.975,13.10328515,1.975,42.07935436,1.975,11.87444209,1.975,38.11021722,,,,,19.84202,1.20132,0.12475,1.47393,0.933333333333333,,20.79648,1.59098,0.89483,1.31529,1.26703333333333,,21.59119,1.50974,1.09505,1.54554,1.38344333333333,,19.64573,0.91036,0.80792,1.15327,0.957183333333333
,,,,,,,,,,,,,,,,,,,,,,,20.459,1.12850921985819,20.459,1.13260730914058,20.459,1.13711411082494,20.459,1.12229132456694,20.459,1.13113380222342,,,195,2.34625574,4.16609703,2.05506029,3.58106547,3.75459874,4.98498038,1.71459625,2.61957327,3.22845234,4.42053076,,,,,,,,,,,,,,,,,,,,,,,,,,,,,,,,,,,,,,,,,,,,,,,,,,,2.025,12.0376921,,2.025,62.80635144,2.025,11.39009588,2.025,40.35944057,2.025,10.10483875,2.025,42.9214915,2.025,11.34640656,2.025,31.25362494,2.025,10.62504706,2.025,29.21019072,,,,,20.33195,1.52937,0.19406,1.31683,1.01342,,21.30997,1.42156,1.01188,1.24906,1.2275,,22.12431,1.70842,0.76353,1.39076,1.28757,,20.11912,1.20607,0.64422,1.18495,1.01174666666667
,,,,,,,,,,,,,,,,,,,,,,,20.958,1.11703289407279,20.958,1.13511480923047,20.958,1.13537417815029,20.958,1.13197706547489,20.958,1.13187246537226,,,200,2.37457019,4.22986239,2.1064226,3.65930877,3.83892052,5.08927097,1.74350318,2.66587368,3.35255585,4.58977138,,,,,,,,,,,,,,,,,,,,,,,,,,,,,,,,,,,,,,,,,,,,,,,,,,,2.075,9.9730144,,2.075,35.81584387,2.075,8.95375234,2.075,28.75434167,2.075,8.75907151,2.075,29.29984282,2.075,9.25169516,2.075,22.33166782,2.075,7.74701256,2.075,19.36221173,,,,,20.82188,1.51551,0.38812,1.45083,1.11815333333333,,21.82347,1.51243,1.13509,1.20132,1.28294666666667,,22.65743,1.61254,0.61799,1.36881,1.19978,,20.59251,1.14799,0.57558,1.39934,1.04097
,,,,,,,,,,,,,,,,,,,,,,,21.457,1.1219309302047,21.457,1.13625909804858,21.457,1.1306967844481,21.457,1.12537539148887,21.457,1.13021414699093,,,205,2.47587946,4.34753989,2.17294585,3.78169155,3.93341107,5.23166556,1.78837557,2.7022761,3.47190499,4.74590361,,,,,,,,,,,,,,,,,,,,,,,,,,,,,,,,,,,,,,,,,,,,,,,,,,,2.125,7.69662735,,2.125,21.12389572,2.125,7.17915675,2.125,21.19884837,2.125,6.68139841,2.125,18.24937246,2.125,7.18652804,2.125,14.11984325,2.125,6.49252746,2.125,11.93471577,,,,,21.3118,1.51089,0.52673,1.30297,1.11353,,22.33696,1.3769,1.05347,0.98416,1.13817666666667,,23.19054,1.39076,0.633,1.31914,1.1143,,21.0659,1.28317,0.57558,1.54086,1.13320333333333
,,,,,,,,,,,,,,,,,,,,,,,21.956,1.12827875129953,21.956,1.14062915658891,21.956,1.1386672673431,21.956,1.12085029721271,21.956,1.13079264993585,,,210,2.51399889,4.44641802,2.21295308,3.87191727,4.01623427,5.33332361,1.8573102,2.77539055,3.59455015,4.89775572,,,,,,,,,,,,,,,,,,,,,,,,,,,,,,,,,,,,,,,,,,,,,,,,,,,2.175,6.8144624,,2.175,16.13111022,2.175,5.49940774,2.175,10.88216678,2.175,5.24324802,2.175,11.69935913,2.175,6.13963306,2.175,9.58085023,2.175,4.69113637,2.175,7.96919343,,,,,21.80173,1.52937,0.6099,1.21518,1.11815,,22.85045,1.31991,1.33993,0.96568,1.20850666666667,,23.72366,1.28449,0.6769,1.13779,1.03306,,21.5393,1.39617,0.59248,1.79644,1.26169666666667
,,,,,,,,,,,,,,,,,,,,,,,22.455,1.12635888667151,22.455,1.13823794992957,22.455,1.13567256435679,22.455,1.12092640103063,22.455,1.13118848039878,,,215,2.5754627,4.54834963,2.26576806,3.92616259,4.08420967,5.44566336,1.89637831,2.82829668,3.66721944,4.99293705,,,,,,,,,,,,,,,,,,,,,,,,,,,,,,,,,,,,,,,,,,,,,,,,,,,2.225,4.83286404,,2.225,13.16637498,2.225,4.71046799,2.225,8.8516977,2.225,4.07266261,2.225,7.76809118,2.225,4.53940049,2.225,5.63789035,2.225,3.80410622,2.225,5.01902122,,,,,22.29165,1.33993,0.6099,0.9934,0.981076666666667,,23.36395,1.17976,1.33839,0.99494,1.17103,,24.25677,1.333,0.61221,1.26716,1.07079,,22.01269,1.63696,0.63155,1.64647,1.30499333333333
,,,,,,,,,,,,,,,,,,,,,,,22.954,1.13057593584314,22.954,1.14443980984934,22.954,1.14610171073756,22.954,1.12836212764425,22.954,1.12479718413766,,,220,2.59342801,4.61893908,2.30468709,4.00562469,4.18228014,5.57886417,1.95365485,2.90634174,3.77009693,5.11104768,,,,,,,,,,,,,,,,,,,,,,,,,,,,,,,,,,,,,,,,,,,,,,,,,,,2.275,3.67388829,,2.275,7.37210697,2.275,3.24253989,2.275,3.94574132,2.275,3.02681175,2.275,4.52114435,2.275,3.62883941,2.275,4.254873,2.275,2.51105629,2.275,3.60890584,,,,,22.78158,0.65149,0.93795,1.35842,0.98262,,23.87744,1.19824,1.36304,1.13047,1.23058333333333,,24.78989,1.24868,0.50941,1.41386,1.05731666666667,,22.48608,1.80172,0.58825,1.38878,1.25958333333333
,,,,,,,,,,,,,,,,,,,,,,,23.453,1.13385840447611,23.453,1.14333202907399,23.453,1.15312419364295,23.453,1.1259762566546,23.453,1.12783296207275,,,225,2.637899,4.66590685,2.38243624,4.12790815,4.28452662,5.69800907,2.02260156,2.98262023,3.88822926,5.26997498,,,,,,,,,,,,,,,,,,,,,,,,,,,,,,,,,,,,,,,,,,,,,,,,,,,2.325,2.84201563,,2.325,4.70563243,2.325,2.69313028,2.325,3.22692491,2.325,2.48658225,2.325,3.16189505,2.325,2.53641954,2.325,2.36851307,2.325,1.99619253,2.325,1.7435298,,,,,23.27151,0.49439,1.27987,1.48317,1.08581,,24.39093,1.05039,1.39384,1.23058,1.22493666666667,,25.323,1.16551,0.63069,1.6495,1.14856666666667,,22.95947,1.40356,0.66323,1.3402,1.13566333333333
,,,,,,,,,,,,,,,,,,,,,,,23.952,1.12455291265873,23.952,1.13901819185925,23.952,1.15201957336607,23.952,1.12817386594893,23.952,1.13126247529938,,,230,2.66485412,4.70844224,2.41298653,4.18462217,4.33930492,5.79057685,2.10120961,3.05339945,3.97394969,5.39487182,,,,,,,,,,,,,,,,,,,,,,,,,,,,,,,,,,,,,,,,,,,,,,,,,,,2.375,2.09852365,,2.375,3.10034545,2.375,1.95959735,2.375,2.48907697,2.375,1.99725417,2.375,2.27262667,2.375,2.09274717,2.375,2.292538,2.375,1.54004941,2.375,1.48861417,,,,,23.76143,0.84554,1.52475,1.57096,1.31375,,24.90443,1.11969,1.07657,1.12277,1.10634333333333,,25.85612,1.06271,0.70116,1.64488,1.13625,,23.43286,1.2198,0.55234,1.3064,1.02618
,,,,,,,,,,,,,,,,,,,,,,,24.451,1.13506117338589,24.451,1.14275020803086,24.451,1.14279586106177,24.451,1.12539222384596,24.451,1.12450006210308,,,235,2.72825354,4.81552468,2.4808436,4.28245218,4.39582587,5.90575844,2.14125616,3.10801789,4.09689341,5.55722727,,,,,,,,,,,,,,,,,,,,,,,,,,,,,,,,,,,,,,,,,,,,,,,,,,,2.425,1.88439995,,2.425,2.16277721,2.425,1.69624706,2.425,1.66401264,2.425,1.70197101,2.425,1.24564545,2.425,1.5520678,2.425,1.48050023,2.425,1.26369772,2.425,1.20931255,,,,,24.25136,1.13663,1.67261,1.54785,1.45236333333333,,25.41792,0.94873,0.84862,1.06117,0.95284,,26.38924,1.19092,1.03729,1.73383,1.32068,,23.90625,1.1332,0.51855,1.39617,1.01597333333333
,,,,,,,,,,,,,,,,,,,,,,,24.95,1.13564234114775,24.95,1.13993434182128,24.95,1.14182477576037,24.95,1.12454154063711,24.95,1.12940504556567,,,240,2.76167849,4.87813927,2.55108608,4.37255935,4.47864234,6.00254247,2.1747886,3.1464196,4.18396737,5.64994368,,,,,,,,,,,,,,,,,,,,,,,,,,,,,,,,,,,,,,,,,,,,,,,,,,,2.475,1.25398962,,2.475,1.81674316,2.475,1.41935423,2.475,1.38909668,2.475,1.39710412,2.475,1.06295681,2.475,1.3178165,2.475,1.56759736,2.475,0.97495697,2.475,0.97911162,,,,,24.74129,1.12739,1.44158,1.48317,1.35071333333333,,25.93141,0.76392,0.94873,0.83168,0.84811,,26.92235,1.27178,1.21634,1.7165,1.40154,,24.37964,1.34653,0.753,1.36977,1.15643333333333
,,,,,,,,,,,,,,,,,,,,,,,25.449,1.13871296171261,25.449,1.14081560108644,25.449,1.12892090138719,25.449,1.12499694636109,25.449,1.12404754202858,,,245,2.80485868,4.96881315,2.61983423,4.46916038,4.57622815,6.12842044,2.19735673,3.17260277,4.2598782,5.75911685,,,,,,,,,,,,,,,,,,,,,,,,,,,,,,,,,,,,,,,,,,,,,,,,,,,2.525,1.0468108,,2.525,1.4961494,2.525,1.04656089,2.525,1.00097207,2.525,1.28923667,2.525,0.92553289,2.525,1.22796898,2.525,0.90367859,2.525,0.76109179,2.525,0.72569836,,,,,25.23121,0.60066,1.46007,1.09967,1.05346666666667,,26.44491,0.89021,1.09505,1.05347,1.01291,,27.45547,1.31568,1.35842,1.56056,1.41155333333333,,24.85303,1.51868,0.93782,1.32436,1.26028666666667
,,,,,,,,,,,,,,,,,,,,,,,25.948,1.13760932359734,25.948,1.14220647086411,25.948,1.13705259097134,25.948,1.1267947455264,25.948,1.13193419491044,,,250,2.85202653,5.04951481,2.65827996,4.54811465,4.69750194,6.26621499,2.24946764,3.23424631,4.37327883,5.8883947,,,,,,,,,,,,,,,,,,,,,,,,,,,,,,,,,,,,,,,,,,,,,,,,,,,2.575,0.91159599,,2.575,0.71930621,2.575,0.92499534,2.575,0.83414758,2.575,1.10110699,2.575,0.76718961,2.575,0.91767772,2.575,0.73375981,2.575,0.70111686,2.575,0.56856995,,,,,25.72114,0.29571,1.35842,1.10429,0.919473333333333,,26.9584,0.8132,1.20594,1.26909,1.09607666666667,,27.98858,1.28218,1.22904,1.26947,1.26023,,25.32642,1.57782,0.86073,1.38033,1.27296
,,,,,,,,,,,,,,,,,,,,,,,26.447,1.15135491283747,26.447,1.155711148746,26.447,1.14170937735159,26.447,1.1306391292625,26.447,1.12563312268399,,,255,2.9647715,5.13512781,2.71859675,4.60557743,4.79846195,6.38135145,2.28069143,3.26192997,4.48297796,6.01720125,,,,,,,,,,,,,,,,,,,,,,,,,,,,,,,,,,,,,,,,,,,,,,,,,,,2.625,0.71272525,,2.625,0.69216587,2.625,0.68468775,2.625,0.24697665,2.625,0.75081461,2.625,0.53153464,2.625,0.64757188,2.625,0.74323591,2.625,0.65988918,2.625,0.52224812,,,,,26.21107,0.28185,1.20594,1.26139,0.916393333333333,,27.47189,0.66227,1.08427,1.32761,1.02471666666667,,28.5217,1.28795,1.15627,1.29026,1.24482666666667,,25.79982,1.63485,1.09624,1.39617,1.37575333333333
,,,,,,,,,,,,,,,,,,,,,,,26.946,1.14586078651318,26.946,1.14733359064805,26.946,1.14925998514535,26.946,1.13806383673456,26.946,1.12448087714831,,,260,3.06079886,5.2548014,2.78865979,4.72881912,4.95765953,6.58306606,2.33667569,3.35189219,4.56744019,6.14143921,,,,,,,,,,,,,,,,,,,,,,,,,,,,,,,,,,,,,,,,,,,,,,,,,,,2.675,0.72152756,,2.675,1.33306616,2.675,0.63107482,2.675,0.53511848,2.675,0.76355251,2.675,0.45497819,2.675,0.64626655,2.675,0.64414067,2.675,0.3888585,2.675,0.43106387,,,,,26.70099,0.19406,1.15974,1.52937,0.961056666666667,,27.98538,0.63454,1.00418,1.62178,1.08683333333333,,29.05482,1.22904,1.32261,1.22442,1.25869,,26.27321,1.57888,1.12158,1.43314,1.37786666666667
,,,,,,,,,,,,,,,,,,,,,,,27.445,1.1411403380301,27.445,1.1497106448119,27.445,1.14842572560267,27.445,1.13678209801259,27.445,1.12971460827445,,,265,3.15563313,5.37996898,2.85077448,4.79671123,5.09143395,6.75284259,2.38287317,3.38027938,4.72269375,6.3202689,,,,,,,,,,,,,,,,,,,,,,,,,,,,,,,,,,,,,,,,,,,,,,,,,,,2.725,0.45787597,,2.725,1.71279529,2.725,0.62628233,2.725,0.4010703,2.725,0.64463025,2.725,0.35622875,2.725,0.57360264,2.725,0.68968889,2.725,0.39299879,2.725,0.36923607,,,,,27.19092,0.0462,0.74851,1.49241,0.762373333333333,,28.49888,0.67459,0.85941,2.04224,1.19208,,29.58793,1.2429,1.24406,1.0269,1.17128666666667,,26.7466,1.63485,1.20185,1.32752,1.38807333333333
,,,,,,,,,,,,,,,,,,,,,,,27.944,1.13799664034825,27.944,1.15356749877205,27.944,1.14022553246026,27.944,1.12797791292745,27.944,1.13542994950832,,,270,3.27037666,5.45580182,2.94445902,4.91118578,5.24853127,6.95229872,2.4267128,3.43716321,4.87136752,6.48430366,,,,,,,,,,,,,,,,,,,,,,,,,,,,,,,,,,,,,,,,,,,,,,,,,,,2.775,0.57234725,,2.775,0.82581532,2.775,0.55140296,2.775,0.44199761,2.775,0.56510021,2.775,0.60774435,2.775,0.39508504,2.775,0.56530084,2.775,0.40981059,2.775,0.3560505,,,,,27.68085,0.00924,0.91485,0.97492,0.633003333333333,,29.01237,0.61606,0.94873,2.52739,1.36406,,30.12105,1.14241,1.02228,1.00149,1.05539333333333,,27.21999,1.56515,1.50601,1.33281,1.46799
,,,,,,,,,,,,,,,,,,,,,,,28.443,1.12763814512788,28.443,1.15826871786335,28.443,1.15644941072409,28.443,1.12841947437365,28.443,1.13917491559229,,,275,3.29168094,5.51311066,2.97121038,5.00513031,5.39262291,7.11221705,2.45675839,3.4990087,4.9869993,6.59896987,,,,,,,,,,,,,,,,,,,,,,,,,,,,,,,,,,,,,,,,,,,,,,,,,,,2.825,0.41025548,,2.825,0.39842119,2.825,0.4138225,2.825,0.3198679,2.825,0.50286399,2.825,0.45893912,2.825,0.42188773,2.825,0.57755413,2.825,0.37842492,2.825,0.36503122,,,,,28.17077,0.0462,1.15512,0.74851,0.649943333333333,,29.52586,0.38504,1.0088,2.55358,1.31580666666667,,30.65416,1.06271,0.80165,0.99224,0.9522,,27.69338,1.66337,1.62535,1.29267,1.52713
,,,,,,,,,,,,,,,,,,,,,,,28.942,1.13545672932036,28.942,1.16253244548538,28.942,1.16050054696882,28.942,1.13853049126699,28.942,1.13025739580964,,,280,3.43851469,5.62775724,3.04575623,5.10291359,5.56995188,7.32247637,2.49402517,3.55343716,5.13799635,6.76668954,,,,,,,,,,,,,,,,,,,,,,,,,,,,,,,,,,,,,,,,,,,,,,,,,,,2.875,0.31993513,,2.875,0.57702586,2.875,0.22831669,2.875,0.41178545,2.875,0.35098236,2.875,0.51696777,2.875,0.35335635,2.875,0.34078029,2.875,0.26274308,2.875,0.37317728,,,,,28.6607,0.1571,1.47393,1.24752,0.959516666666667,,30.03936,0.20022,0.95182,1.96062,1.03755333333333,,31.18728,0.97376,0.71386,0.94026,0.87596,,28.16677,1.75842,1.44053,1.12686,1.44193666666667
,,,,,,,,,,,,,,,,,,,,,,,29.441,1.13540895795365,29.441,1.1610441305681,29.441,1.15621082562171,29.441,1.12950020958555,29.441,1.12705089671964,,,285,3.55028963,5.7393872,3.10418671,5.15670666,5.66660562,7.44437666,2.53004309,3.62310843,5.2243644,6.88074306,,,,,,,,,,,,,,,,,,,,,,,,,,,,,,,,,,,,,,,,,,,,,,,,,,,2.925,0.42683986,,2.925,0.92911262,2.925,0.41752244,2.925,0.44755648,2.925,0.40125154,2.925,0.66592686,2.925,0.23706898,2.925,0.40405444,2.925,0.30539813,2.925,0.32046972,,,,,29.15063,0.34191,1.64026,1.4,1.12739,,30.55285,0.13861,0.7593,1.64796,0.848623333333333,,31.7204,0.88944,0.64455,0.90099,0.81166,,28.64016,1.65492,1.487,0.93888,1.36026666666667
,,,,,,,,,,,,,,,,,,,,,,,29.94,1.13270022873637,29.94,1.16001883112649,29.94,1.15808058451115,29.94,1.13257715973434,29.94,1.13015919599711,,,290,3.65438256,5.83439143,3.19683938,5.27585152,5.84952727,7.63704901,2.5835162,3.69305289,5.33466857,7.01233051,,,,,,,,,,,,,,,,,,,,,,,,,,,,,,,,,,,,,,,,,,,,,,,,,,,2.975,0.34147299,,2.975,1.07777414,2.975,0.35029984,2.975,0.52878141,2.975,0.38241469,2.975,0.78167383,2.975,0.26583421,2.975,0.47738439,2.975,0.22237286,2.975,0.33883107,,,,,29.64055,0.59142,2.15776,1.6264,1.45852666666667,,31.06634,0.10165,0.74235,1.67107,0.838356666666667,,32.25351,1.14934,0.62838,0.98878,0.922166666666667,,29.11355,1.3497,1.74785,0.77307,1.29020666666667
,,,,,,,,,,,,,,,,,,,,,,,30.439,1.14075927317114,30.439,1.16529915401896,30.439,1.16603579577116,30.439,1.13434752891346,30.439,1.13363118876837,,,295,3.7646846,5.92829858,3.27905014,5.37451068,5.99704853,7.79853069,2.62993763,3.77481566,5.45495262,7.15163165,,,,,,,,,,,,,,,,,,,,,,,,,,,,,,,,,,,,,,,,,,,,,,,,,,,3.025,0.31651659,,3.025,1.0424405,3.025,0.28725674,3.025,0.83691146,3.025,0.33288988,3.025,0.84499428,3.025,0.28371766,3.025,0.43375,3.025,0.2299159,3.025,0.33708637,,,,,30.13048,0.54983,2.3934,1.4,1.44774333333333,,31.57984,0.1571,0.7516,1.58636,0.831686666666667,,32.78663,1.28795,0.74967,0.97954,1.00572,,29.58695,1.13109,1.81333,0.75089,1.23177
,,,,,,,,,,,,,,,,,,,,,,,30.938,1.14200756911371,30.938,1.16943218071736,30.938,1.16479021957736,30.938,1.12444706339176,30.938,1.1268244137628,,,300,3.87522786,6.03974467,3.36047862,5.45376751,6.06650959,7.87497462,2.6532677,3.82145425,5.61089996,7.31376475,,,,,,,,,,,,,,,,,,,,,,,,,,,,,,,,,,,,,,,,,,,,,,,,,,,3.075,0.3462604,,3.075,1.84949664,3.075,0.32075909,3.075,0.53994446,3.075,0.32726597,3.075,0.6671027,3.075,0.2359554,3.075,0.43329992,3.075,0.19020154,3.075,0.52556632,,,,,30.6204,0.77162,2.5967,1.03498,1.46776666666667,,32.09333,0.22178,0.65919,1.58636,0.822443333333333,,33.31974,1.15165,0.70809,0.78548,0.88174,,30.06034,1.17545,1.60634,0.9695,1.25043
,,,,,,,,,,,,,,,,,,,,,,,31.437,1.13962809174112,31.437,1.16373770871812,31.437,1.16596165095281,31.437,1.1220316839201,31.437,1.12589141906105,,,305,3.89985697,6.12794513,3.43777857,5.55134656,6.21397192,8.06210033,2.7075659,3.87288313,5.779194,7.51105944,,,,,,,,,,,,,,,,,,,,,,,,,,,,,,,,,,,,,,,,,,,,,,,,,,,3.125,0.23210927,,3.125,0.97679316,3.125,0.33128227,3.125,0.95847553,3.125,0.36638956,3.125,1.02098083,3.125,0.22431148,3.125,0.52443192,3.125,0.25713451,3.125,0.57907387,,,,,31.11033,1.08581,2.3703,0.83168,1.42926333333333,,32.60682,0.44972,0.50517,1.45699,0.80396,,33.85286,1.06848,1.2302,0.61106,0.969913333333333,,30.53373,1.00858,1.55987,1.12686,1.23177
,,,,,,,,,,,,,,,,,,,,,,,31.936,1.1363245905567,31.936,1.15845187382907,31.936,1.1616439440697,31.936,1.12613108375336,31.936,1.12273481829302,,,310,3.97044984,6.20827651,3.50187417,5.63594516,6.33922124,8.18731351,2.71914516,3.90548415,5.93075206,7.66507292,,,,,,,,,,,,,,,,,,,,,,,,,,,,,,,,,,,,,,,,,,,,,,,,,,,3.175,0.26233253,,3.175,0.78855908,3.175,0.30755845,3.175,1.43499417,3.175,0.36453383,3.175,0.88815151,3.175,0.26961584,3.175,0.63505598,3.175,0.22890245,3.175,0.59497805,,,,,31.60026,1.58944,2.20858,0.71617,1.50473,,33.12032,0.68691,0.50209,1.28449,0.824496666666667,,34.38597,1.01881,1.54092,0.47475,1.01149333333333,,31.00712,0.70759,1.30746,1.40568,1.14024333333333
,,,,,,,,,,,,,,,,,,,,,,,32.435,1.13963367493406,32.435,1.16351202632209,32.435,1.15552137351009,32.435,1.12767082018136,32.435,1.12243070012081,,,315,4.03337457,6.31186446,3.57204429,5.73007354,6.40934978,8.28686775,2.8124183,4.01364232,6.05820835,7.81030994,,,,,,,,,,,,,,,,,,,,,,,,,,,,,,,,,,,,,,,,,,,,,,,,,,,3.225,0.21793835,,3.225,0.76429767,3.225,0.34345828,3.225,1.30902969,3.225,0.33937153,3.225,0.88039019,3.225,0.20671632,3.225,0.8617243,3.225,0.19902134,3.225,0.89796147,,,,,32.09018,1.9637,1.82508,0.50825,1.43234333333333,,33.63381,0.6176,0.48515,0.99494,0.69923,,34.91909,0.98762,1.53399,0.47822,0.999943333333333,,31.48051,0.61993,1.31063,1.51446,1.14834
,,,,,,,,,,,,,,,,,,,,,,,32.934,1.14648667514205,32.934,1.16424945854585,32.934,1.16580364933952,32.934,1.13082566570898,32.934,1.13337525450517,,,320,4.15578751,6.43530588,3.68548122,5.82335951,6.50810195,8.41759723,2.8778258,4.13353048,6.24850108,8.02615074,,,,,,,,,,,,,,,,,,,,,,,,,,,,,,,,,,,,,,,,,,,,,,,,,,,3.275,0.22307548,,3.275,1.63050566,3.275,0.30163134,3.275,1.58670651,3.275,0.25695939,3.275,1.30902778,3.275,0.24583819,3.275,0.74011479,3.275,0.19299086,3.275,0.73494717,,,,,32.58011,1.46469,2.29175,0.30957,1.35533666666667,,34.1473,0.59758,0.37734,0.83938,0.604766666666667,,35.45221,1.05809,1.33762,0.70231,1.03267333333333,,31.9539,0.54389,1.40462,1.22719,1.05856666666667
,,,,,,,,,,,,,,,,,,,,,,,33.433,1.14666993328951,33.433,1.17535337098663,33.433,1.1559931554338,33.433,1.13991494471773,33.433,1.13931490134775,,,325,4.21588049,6.513606,3.76971128,5.95940943,6.57419291,8.51007495,2.93187411,4.22221789,6.36233018,8.15328268,,,,,,,,,,,,,,,,,,,,,,,,,,,,,,,,,,,,,,,,,,,,,,,,,,,3.325,0.18224591,,3.325,2.15705116,3.325,0.27433884,3.325,1.77024756,3.325,0.31489205,3.325,1.60124795,3.325,0.23850029,3.325,1.28549364,3.325,0.19950778,3.325,1.15476636,,,,,33.07004,1.49703,2.21782,0.1802,1.29835,,34.6608,0.76854,0.35732,1.03344,0.719766666666667,,35.98532,0.73812,1.23944,0.64571,0.874423333333333,,32.42729,0.54178,1.31274,1.26099,1.03850333333333
,,,,,,,,,,,,,,,,,,,,,,,33.932,1.14912286333485,33.932,1.17373344826173,33.932,1.15795084082693,33.932,1.13540557931712,33.932,1.13945317950252,,,330,4.34194623,6.62293537,3.83635768,6.02449059,6.70161586,8.66108541,2.97525272,4.29411542,6.44502994,8.27915582,,,,,,,,,,,,,,,,,,,,,,,,,,,,,,,,,,,,,,,,,,,,,,,,,,,3.375,0.28743995,,3.375,2.37276153,3.375,0.28993914,3.375,2.50257419,3.375,0.25893754,3.375,1.46483656,3.375,0.19231152,3.375,1.69730499,3.375,0.16682859,3.375,1.35399278,,,,,33.55996,1.41848,2.24554,0.0462,1.23674,,35.17429,1.01342,0.49593,1.18746,0.898936666666667,,36.51844,0.59373,1.16898,0.57987,0.78086,,32.90068,0.42878,1.15538,1.49122,1.02512666666667
,,,,,,,,,,,,,,,,,,,,,,,34.431,1.15004563207912,34.431,1.17335165884683,34.431,1.16076683261438,34.431,1.12743287332492,34.431,1.12870444408096,,,335,4.43162039,6.70008765,3.88407831,6.11575522,6.86625004,8.85399346,3.02241129,4.37949492,6.57049363,8.41524513,,,,,,,,,,,,,,,,,,,,,,,,,,,,,,,,,,,,,,,,,,,,,,,,,,,3.425,0.18249431,,3.425,3.52375052,3.425,0.28728133,3.425,2.13988681,3.425,0.23494525,3.425,2.0468403,3.425,0.2040282,3.425,1.9864652,3.425,0.18802797,3.425,1.38779103,,,,,34.04989,1.34917,2.6198,0.00462,1.32453,,35.68778,1.04114,0.56062,1.17976,0.927173333333333,,37.05155,0.59373,1.33531,0.60759,0.845543333333333,,33.37407,0.52172,1.2705,1.52924,1.10715333333333
,,,,,,,,,,,,,,,,,,,,,,,34.93,1.14768576020897,34.93,1.18040796875884,34.93,1.16500660295865,34.93,1.13393184411458,34.93,1.13607642140101,,,340,4.52926294,6.8578246,3.9595915,6.20493373,7.06469722,9.06138637,3.10050003,4.47180395,6.73493976,8.6091576,,,,,,,,,,,,,,,,,,,,,,,,,,,,,,,,,,,,,,,,,,,,,,,,,,,3.475,0.21899362,,3.475,3.15976512,3.475,0.3181442,3.475,2.6424806,3.475,0.32032701,3.475,2.30852336,3.475,0.21835507,3.475,1.8342876,3.475,0.19670658,3.475,1.68872599,,,,,,,,,,,,,,,,,,,,,,,33.84747,0.48264,1.22508,1.27472,0.994146666666667
,,,,,,,,,,,,,,,,,,,,,,,35.429,1.15120811154906,35.429,1.18302768029952,35.429,1.15501721727857,35.429,1.14113322435675,35.429,1.13334259359654,,,345,4.64760424,7.00118204,4.04538852,6.29143207,7.16803785,9.22663106,3.16829512,4.58195369,6.90912837,8.77971919,,,,,,,,,,,,,,,,,,,,,,,,,,,,,,,,,,,,,,,,,,,,,,,,,,,3.525,0.26349787,,3.525,3.83845453,3.525,0.32003152,3.525,3.80071329,3.525,0.2957391,3.525,2.62014469,3.525,0.23832213,3.525,2.13296269,3.525,0.20482063,3.525,2.01352334,,,,,,,,,,,,,,,,,,,,,,,34.32086,0.39815,0.93043,0.93465,0.75441
,,,,,,,,,,,,,,,,,,,,,,,35.928,1.15622971195111,35.928,1.18301467308049,35.928,1.16599124907876,35.928,1.14780724584791,35.928,1.13565458812668,,,350,4.71510258,7.16959602,4.15319246,6.43756637,7.40192248,9.4561905,3.22505011,4.62896412,7.08647891,8.98225926,,,,,,,,,,,,,,,,,,,,,,,,,,,,,,,,,,,,,,,,,,,,,,,,,,,3.575,0.24632592,,3.575,4.3538107,3.575,0.29004794,3.575,3.49540725,3.575,0.28752466,3.575,3.21605165,3.575,0.21265846,3.575,2.27407678,3.575,0.16196032,3.575,2.19223911,,,,,,,,,,,,,,,,,,,,,,,34.79425,0.41611,0.97795,0.83538,0.743146666666667
,,,,,,,,,,,,,,,,,,,,,,,36.427,1.15547209724497,36.427,1.18375984541934,36.427,1.17101066010211,36.427,1.141730106636,36.427,1.13234021703758,,,355,4.79579032,7.29719411,4.27675807,6.55726632,7.54393374,9.6577713,3.28608369,4.6834973,7.25255796,9.16414153,,,,,,,,,,,,,,,,,,,,,,,,,,,,,,,,,,,,,,,,,,,,,,,,,,,3.625,0.27791013,,3.625,2.90368168,3.625,0.3180058,3.625,3.88531285,3.625,0.22077456,3.625,3.11246135,3.625,0.22535489,3.625,3.22510252,3.625,0.19109388,3.625,2.7907453,,,,,,,,,,,,,,,,,,,,,,,35.26764,0.31261,1.10574,0.86178,0.760043333333333
,,,,,,,,,,,,,,,,,,,,,,,36.926,1.14994520512951,36.926,1.17828661987328,36.926,1.16523145630732,36.926,1.14812206744763,36.926,1.13915576223422,,,360,4.89364001,7.4230949,4.37907897,6.63641429,7.73393895,9.86048479,3.36288327,4.74453523,7.41960571,9.36358746,,,,,,,,,,,,,,,,,,,,,,,,,,,,,,,,,,,,,,,,,,,,,,,,,,,3.675,0.27039951,,3.675,6.59215348,3.675,0.264497,3.675,4.00082901,3.675,0.23986899,3.675,3.84193144,3.675,0.2312791,3.675,3.44130905,3.675,0.22361791,3.675,3.11501001,,,,,,,,,,,,,,,,,,,,,,,35.74103,0.28515,1.11102,1.01597,0.804046666666667
,,,,,,,,,,,,,,,,,,,,,,,37.425,1.14979498042597,37.425,1.18169026230155,37.425,1.17424818151729,37.425,1.14250345219888,37.425,1.1458322654068,,,365,4.99597841,7.56371892,4.46287757,6.79100881,7.91993882,10.10313032,3.42490408,4.78850361,7.58736096,9.54403244,,,,,,,,,,,,,,,,,,,,,,,,,,,,,,,,,,,,,,,,,,,,,,,,,,,3.725,0.19058534,,3.725,5.27059234,3.725,0.32059085,3.725,4.01679693,3.725,0.2299882,3.725,3.827474,3.725,0.28065915,3.725,3.74632453,3.725,0.22743737,3.725,2.92697226,,,,,,,,,,,,,,,,,,,,,,,36.21442,0.43934,0.78046,1.0033,0.741033333333333
,,,,,,,,,,,,,,,,,,,,,,,37.924,1.15527864403116,37.924,1.17400236715894,37.924,1.16663114769708,37.924,1.14456601757666,37.924,1.14689891757252,,,370,5.06925148,7.73508062,4.5712429,6.93573015,8.11084274,10.3416956,3.53400444,4.90739185,7.80922616,9.75836924,,,,,,,,,,,,,,,,,,,,,,,,,,,,,,,,,,,,,,,,,,,,,,,,,,,3.775,0.25626366,,3.775,6.24753123,3.775,0.30269551,3.775,4.41864499,3.775,0.30536758,3.775,4.05516842,3.775,0.24480779,3.775,3.95321881,3.775,0.21192769,3.775,3.31291794,,,,,,,,,,,,,,,,,,,,,,,36.68781,0.60726,0.68224,1.08884,0.79278
,,,,,,,,,,,,,,,,,,,,,,,38.423,1.15413845073947,38.423,1.18237906810973,38.423,1.16893902296007,38.423,1.15134665166546,38.423,1.14593971326209,,,375,5.15720258,7.8830147,4.67100366,7.02398811,8.35718585,10.61363635,3.6377662,4.98682339,7.96724416,9.90516765,,,,,,,,,,,,,,,,,,,,,,,,,,,,,,,,,,,,,,,,,,,,,,,,,,,3.825,0.258215,,3.825,6.30259789,3.825,0.27640663,3.825,4.65284489,3.825,0.30074126,3.825,4.4783458,3.825,0.23290417,3.825,4.19184184,3.825,0.2249783,3.825,3.42599041,,,,,,,,,,,,,,,,,,,,,,,37.1612,0.51116,0.74983,1.02865,0.763213333333333
,,,,,,,,,,,,,,,,,,,,,,,38.922,1.15518143050362,38.922,1.18102062968417,38.922,1.17684741988457,38.922,1.15782076800899,38.922,1.14696136455733,,,380,5.27050643,8.05565504,4.81832613,7.13237062,8.56267571,10.88789442,3.71680248,5.06718864,8.14365508,10.1118267,,,,,,,,,,,,,,,,,,,,,,,,,,,,,,,,,,,,,,,,,,,,,,,,,,,3.875,0.25159447,,3.875,8.68210598,3.875,0.3815362,3.875,4.78855986,3.875,0.30591083,3.875,4.79716481,3.875,0.31608469,3.875,4.58744926,3.875,0.21469015,3.875,4.07425411,,,,,,,,,,,,,,,,,,,,,,,37.63459,0.71498,0.88502,0.96,0.853333333333333
,,,,,,,,,,,,,,,,,,,,,,,39.421,1.15201649580842,39.421,1.18057027815844,39.421,1.16823554395037,39.421,1.16014920961132,39.421,1.15363024771407,,,385,5.3379912,8.20030702,4.94788931,7.24591424,8.76482839,11.0964806,3.7918242,5.16887563,8.27068932,10.27178622,,,,,,,,,,,,,,,,,,,,,,,,,,,,,,,,,,,,,,,,,,,,,,,,,,,3.925,0.27792205,,3.925,7.53352674,3.925,0.3893777,3.925,5.68918008,3.925,0.26050351,3.925,4.8342233,3.925,0.27911791,3.925,4.70402557,3.925,0.26211974,3.925,3.84319298,,,,,,,,,,,,,,,,,,,,,,,,,,,
,,,,,,,,,,,,,,,,,,,,,,,39.92,1.15748830960919,39.92,1.18965384895661,39.92,1.16395937855732,39.92,1.16180364472779,39.92,1.15203744375658,,,390,5.41416483,8.30205554,5.01950287,7.36196179,8.9421602,11.26528691,3.93829149,5.33824122,8.45020032,10.42287863,,,,,,,,,,,,,,,,,,,,,,,,,,,,,,,,,,,,,,,,,,,,,,,,,,,3.975,0.39052188,,3.975,8.15015177,3.975,0.40523773,3.975,5.78930091,3.975,0.28765276,3.975,5.57620486,3.975,0.30551604,3.975,4.80521848,3.975,0.30925765,3.975,3.72000449,,,,,,,,,,,,,,,,,,,,,,,,,,,
,,,,,,,,,,,,,,,,,,,,,,,40.419,1.16033150697515,40.419,1.19369025268289,40.419,1.17263285556143,40.419,1.16076197438228,40.419,1.15588115276236,,,395,5.54216186,8.50424208,5.163971,7.54288954,9.20194583,11.55953433,3.98633635,5.42237143,8.65786408,10.65309316,,,,,,,,,,,,,,,,,,,,,,,,,,,,,,,,,,,,,,,,,,,,,,,,,,,4.025,0.34201457,,4.025,7.85078894,4.025,0.50756158,4.025,5.12111953,4.025,0.31636556,4.025,5.14964533,4.025,0.24288541,4.025,4.82093103,4.025,0.28905447,4.025,3.85028932,,,,,,,,,,,,,,,,,,,,,,,,,,,
,,,,,,,,,,,,,,,,,,,,,,,40.918,1.15732646910661,40.918,1.18130763260733,40.918,1.16661540032175,40.918,1.1585369395225,40.918,1.16026081046246,,,400,5.71394249,8.73119018,5.32896712,7.72329911,9.37616954,11.72025245,4.09489898,5.55508003,8.75921843,10.7507727,,,,,,,,,,,,,,,,,,,,,,,,,,,,,,,,,,,,,,,,,,,,,,,,,,,4.075,0.38675754,,4.075,7.0848672,4.075,0.47894715,4.075,5.84173467,4.075,0.26788466,4.075,4.93827406,4.075,0.40552203,4.075,4.50288245,4.075,0.28609174,4.075,4.02985759,,,,,,,,,,,,,,,,,,,,,,,,,,,
,,,,,,,,,,,,,,,,,,,,,,,41.417,1.15713995726739,41.417,1.18022116581995,41.417,1.16006418585424,41.417,1.15937102929951,41.417,1.16565445629147,,,405,5.80910292,8.92686098,5.49838099,7.81521882,9.59790913,11.94996076,4.2154066,5.64935844,8.93010087,10.98974881,,,,,,,,,,,,,,,,,,,,,,,,,,,,,,,,,,,,,,,,,,,,,,,,,,,4.125,0.34783551,,4.125,7.66163218,4.125,0.4713679,4.125,6.12604971,4.125,0.35520369,4.125,6.02709629,4.125,0.34091794,4.125,4.69536982,4.125,0.3170895,4.125,3.9025441,,,,,,,,,,,,,,,,,,,,,,,,,,,
,,,,,,,,,,,,,,,,,,,,,,,41.916,1.1599566378377,41.916,1.17864363557317,41.916,1.16964258262422,41.916,1.16132036255732,41.916,1.15952042996768,,,410,5.95247219,9.21771744,5.66153404,7.97723108,9.88752114,12.19808665,4.27805555,5.73486778,9.18935559,11.28382035,,,,,,,,,,,,,,,,,,,,,,,,,,,,,,,,,,,,,,,,,,,,,,,,,,,4.175,0.35400322,,4.175,7.20559105,4.175,0.51041337,4.175,5.27233814,4.175,0.33565097,4.175,5.47501747,4.175,0.36771046,4.175,4.25303396,4.175,0.3114869,4.175,4.01117259,,,,,,,,,,,,,,,,,,,,,,,,,,,
,,,,,,,,,,,,,,,,,,,,,,,42.415,1.17186890910559,42.415,1.1798229424342,42.415,1.1623486482909,42.415,1.15494552204075,42.415,1.1615738028404,,,415,6.14808205,9.41646744,5.82127382,8.1473707,10.16081922,12.50962498,4.36225358,5.79456496,9.42975015,11.53867799,,,,,,,,,,,,,,,,,,,,,,,,,,,,,,,,,,,,,,,,,,,,,,,,,,,4.225,0.31040125,,4.225,6.14541569,4.225,0.51728316,4.225,5.21979293,4.225,0.31150142,4.225,4.8674354,4.225,0.37496652,4.225,4.12427663,4.225,0.36118779,4.225,3.94079644,,,,,,,,,,,,,,,,,,,,,,,,,,,
,,,,,,,,,,,,,,,,,,,,,,,42.914,1.16875698995182,42.914,1.182023927466,42.914,1.17920870182205,42.914,1.15926799059982,42.914,1.16850408351955,,,420,6.26980834,9.64454816,6.04385482,8.31521915,10.45541259,12.7825363,4.50150811,5.97703296,9.71352903,11.86483858,,,,,,,,,,,,,,,,,,,,,,,,,,,,,,,,,,,,,,,,,,,,,,,,,,,4.275,0.34452608,,4.275,7.22040524,4.275,0.472062,4.275,4.02750946,4.275,0.34129758,4.275,5.11053437,4.275,0.42839773,4.275,4.11243787,4.275,0.38435374,4.275,4.06481934,,,,,,,,,,,,,,,,,,,,,,,,,,,
,,,,,,,,,,,,,,,,,,,,,,,43.413,1.16127696622759,43.413,1.18567882362013,43.413,1.16495237330112,43.413,1.16032380621288,43.413,1.16033891584303,,,425,6.5048312,9.87107325,6.2067146,8.51190681,10.80631731,13.12055837,4.70595128,6.14734929,10.07490829,12.27999976,,,,,,,,,,,,,,,,,,,,,,,,,,,,,,,,,,,,,,,,,,,,,,,,,,,4.325,0.40392755,,4.325,6.71445396,4.325,0.46121049,4.325,3.93492716,4.325,0.38773489,4.325,4.30773463,4.325,0.44891108,4.325,3.35395674,4.325,0.42631318,4.325,3.71028524,,,,,,,,,,,,,,,,,,,,,,,,,,,
,,,,,,,,,,,,,,,,,,,,,,,43.912,1.16577744852168,43.912,1.19078786416742,43.912,1.18678363743004,43.912,1.16332153359547,43.912,1.15737765965929,,,430,6.72550991,10.15981323,6.46758726,8.8110078,11.38474065,13.61301489,4.87153394,6.32634757,10.3893498,12.62465382,,,,,,,,,,,,,,,,,,,,,,,,,,,,,,,,,,,,,,,,,,,,,,,,,,,4.375,0.48027646,,4.375,6.47879787,4.375,0.49298472,4.375,3.51207596,4.375,0.3081908,4.375,3.44441114,4.375,0.43658963,4.375,3.39814032,4.375,0.42726189,4.375,3.33051531,,,,,,,,,,,,,,,,,,,,,,,,,,,
,,,,,,,,,,,,,,,,,,,,,,,44.411,1.17324828964543,44.411,1.18751432706172,44.411,1.18467196392691,44.411,1.1658246050628,44.411,1.15106432401197,,,435,6.80902628,10.3425804,6.63952147,8.97253213,11.90352802,14.07653957,5.04495138,6.46832998,10.83607633,13.07768578,,,,,,,,,,,,,,,,,,,,,,,,,,,,,,,,,,,,,,,,,,,,,,,,,,,4.425,0.48877806,,4.425,4.22214207,4.425,0.51977099,4.425,2.93339301,4.425,0.34324507,4.425,2.83701932,4.425,0.5013618,4.425,2.70712063,4.425,0.46965189,4.425,2.84434011,,,,,,,,,,,,,,,,,,,,,,,,,,,
,,,,,,,,,,,,,,,,,,,,,,,44.91,1.16925963177254,44.91,1.19239997283239,44.91,1.17655629506717,44.91,1.16632649998084,44.91,1.16068345729666,,,440,6.97089687,10.54196053,6.74224762,9.14827895,12.47392942,14.67721014,5.2442496,6.69281191,11.2976783,13.55432702,,,,,,,,,,,,,,,,,,,,,,,,,,,,,,,,,,,,,,,,,,,,,,,,,,,4.475,0.49049354,,4.475,3.41380357,4.475,0.56543794,4.475,2.12459942,4.475,0.37183546,4.475,2.36753354,4.475,0.48819518,4.475,2.07793138,4.475,0.46768823,4.475,2.13933476,,,,,,,,,,,,,,,,,,,,,,,,,,,
,,,,,,,,,,,,,,,,,,,,,,,45.409,1.16235207209781,45.409,1.19255917069123,45.409,1.18107905637595,45.409,1.16323030557065,45.409,1.17061850640015,,,445,7.20691655,10.95548886,7.00420695,9.43695827,13.13609505,15.24276174,5.51786165,6.97270827,11.77420595,14.05544075,,,,,,,,,,,,,,,,,,,,,,,,,,,,,,,,,,,,,,,,,,,,,,,,,,,4.525,0.54736586,,4.525,3.49406997,4.525,0.50692697,4.525,1.91167428,4.525,0.36366359,4.525,1.91799089,4.525,0.57256303,4.525,1.89469575,4.525,0.44580882,4.525,1.62782366,,,,,,,,,,,,,,,,,,,,,,,,,,,
,,,,,,,,,,,,,,,,,,,,,,,45.908,1.15865161587942,45.908,1.18665262154939,45.908,1.17948968890952,45.908,1.16600951316674,45.908,1.16915860800366,,,450,7.51214175,11.29205827,7.21613079,9.70652111,13.72648285,15.7171702,5.70987451,7.19990711,12.35111908,14.56249712,,,,,,,,,,,,,,,,,,,,,,,,,,,,,,,,,,,,,,,,,,,,,,,,,,,4.575,0.58961543,,4.575,1.82299464,4.575,0.50556779,4.575,1.46357045,4.575,0.40196053,4.575,1.4388185,4.575,0.54267342,4.575,1.66387548,4.575,0.48961913,4.575,1.26085033,,,,,,,,,,,,,,,,,,,,,,,,,,,
,,,,,,,,,,,,,,,,,,,,,,,46.407,1.17487464007636,46.407,1.19315082207307,46.407,1.18629315414455,46.407,1.15708194255296,46.407,1.17359660305994,,,455,7.61890711,11.57435747,7.60379377,10.16003287,14.46209754,16.23710454,5.98478499,7.51305797,12.88277003,15.09475953,,,,,,,,,,,,,,,,,,,,,,,,,,,,,,,,,,,,,,,,,,,,,,,,,,,4.625,0.57104892,,4.625,2.08109064,4.625,0.55771436,4.625,1.27297515,4.625,0.51311988,4.625,1.45544079,4.625,0.56134654,4.625,1.44253971,4.625,0.50605875,4.625,1.17365177,,,,,,,,,,,,,,,,,,,,,,,,,,,
,,,,,,,,,,,,,,,,,,,,,,,46.906,1.16770993527025,46.906,1.19765214116345,46.906,1.1772556174443,46.906,1.15997666761591,46.906,1.15680019717409,,,460,8.14275412,11.97314773,8.1169848,10.68090511,14.93260034,16.60468989,6.17282793,7.769959,13.66900112,15.84926208,,,,,,,,,,,,,,,,,,,,,,,,,,,,,,,,,,,,,,,,,,,,,,,,,,,4.675,0.50128091,,4.675,2.40053056,4.675,0.57051967,4.675,1.03175398,4.675,0.40928426,4.675,1.37792367,4.675,0.66633729,4.675,1.30639927,4.675,0.49839723,4.675,0.98794442,,,,,,,,,,,,,,,,,,,,,,,,,,,
,,,,,,,,,,,,,,,,,,,,,,,47.405,1.16829018471714,47.405,1.19043304357211,47.405,1.17854785027617,47.405,1.15464953275603,47.405,1.16390424057879,,,465,8.28748269,12.2272278,8.64570516,11.42472448,15.49040805,17.04135567,6.57629075,8.28224655,14.26359735,16.43755219,,,,,,,,,,,,,,,,,,,,,,,,,,,,,,,,,,,,,,,,,,,,,,,,,,,4.725,0.54149299,,4.725,1.85151118,4.725,0.60379371,4.725,1.10531985,4.725,0.4223258,4.725,1.29423006,4.725,0.64140755,4.725,1.16419786,4.725,0.53350365,4.725,1.03622825,,,,,,,,,,,,,,,,,,,,,,,,,,,
,,,,,,,,,,,,,,,,,,,,,,,47.904,1.16220999419816,47.904,1.20779088298758,47.904,1.17920348097935,47.904,1.16282636362717,47.904,1.1648385665257,,,470,8.65046936,12.53126537,9.36384199,12.03580084,16.34438355,17.67934519,7.054427,8.7602937,14.67901909,16.81281975,,,,,,,,,,,,,,,,,,,,,,,,,,,,,,,,,,,,,,,,,,,,,,,,,,,4.775,0.61858101,,4.775,1.95239632,4.775,0.58530298,4.775,1.19425456,4.775,0.4495788,4.775,1.41005867,4.775,0.68497868,4.775,1.32525582,4.775,0.58340924,4.775,1.06725196,,,,,,,,,,,,,,,,,,,,,,,,,,,
,,,,,,,,,,,,,,,,,,,,,,,48.403,1.16674608014472,48.403,1.20874736785613,48.403,1.16799501938043,48.403,1.16218179210722,48.403,1.16602994049758,,,475,9.02967296,12.70308715,9.84992782,12.7672211,17.32208686,18.55708529,7.46483264,9.33224626,15.40512889,17.50569328,,,,,,,,,,,,,,,,,,,,,,,,,,,,,,,,,,,,,,,,,,,,,,,,,,,4.825,0.67614645,,4.825,1.638979,4.825,0.58481582,4.825,1.11480516,4.825,0.49846355,4.825,1.38972676,4.825,0.66388598,4.825,1.15493944,4.825,0.58158384,4.825,1.07101069,,,,,,,,,,,,,,,,,,,,,,,,,,,
,,,,,,,,,,,,,,,,,,,,,,,48.902,1.17303637823504,48.902,1.20450161943019,48.902,1.17822573632716,48.902,1.16776777487238,48.902,1.17727995870363,,,480,9.78859171,13.15434056,10.43131981,13.41999452,17.89398476,19.01301852,7.70538297,9.71215391,16.06152554,18.1281808,,,,,,,,,,,,,,,,,,,,,,,,,,,,,,,,,,,,,,,,,,,,,,,,,,,4.875,0.64645168,,4.875,2.20760598,4.875,0.64661841,4.875,1.02044468,4.875,0.59612215,4.875,1.66103774,4.875,0.65716545,4.875,1.09365773,4.875,0.6639538,4.875,0.95541525,,,,,,,,,,,,,,,,,,,,,,,,,,,
,,,,,,,,,,,,,,,,,,,,,,,49.401,1.16530900445649,49.401,1.19179929815013,49.401,1.17097769605906,49.401,1.1632539550204,49.401,1.17771912125713,,,485,10.3618214,13.9789148,11.05453353,14.12512466,19.04834025,19.7846449,8.5120319,10.68474685,17.31361377,19.27347608,,,,,,,,,,,,,,,,,,,,,,,,,,,,,,,,,,,,,,,,,,,,,,,,,,,4.925,0.79952823,,4.925,1.70418923,4.925,0.56686577,4.925,1.06999387,4.925,0.56015834,4.925,1.40097727,4.925,0.66897646,4.925,1.21408774,4.925,0.65753612,4.925,1.04915484,,,,,,,,,,,,,,,,,,,,,,,,,,,
,,,,,,,,,,,,,,,,,,,,,,,49.9,1.16031388957202,49.9,1.18710706803438,49.9,1.17648720586532,49.9,1.1715163333367,49.9,1.18434423901179,,,490,11.47418875,15.28121608,12.21755054,15.44837895,20.68017823,21.03151419,9.45824865,11.83262297,18.76053046,20.64939842,,,,,,,,,,,,,,,,,,,,,,,,,,,,,,,,,,,,,,,,,,,,,,,,,,,4.975,0.75301074,,4.975,1.86281121,4.975,0.50651158,4.975,1.03140464,4.975,0.57044491,4.975,1.69358973,4.975,0.70148919,4.975,1.2674029,4.975,0.68003272,4.975,1.02471059,,,,,,,,,,,,,,,,,,,,,,,,,,,
,,,,,,,,,,,,,,,,,,,,,,,50.399,1.1681163516686,50.399,1.18917253552586,50.399,1.17957731397251,50.399,1.17180267527827,50.399,1.18237301649733,,,495,12.44701069,16.75569341,14.80134451,17.6976482,22.3845278,22.55875071,10.41116864,13.02401744,21.59039653,23.15503042,,,,,,,,,,,,,,,,,,,,,,,,,,,,,,,,,,,,,,,,,,,,,,,,,,,5.025,0.74807446,,5.025,1.76296214,5.025,0.54719788,5.025,1.09522991,5.025,0.62042599,5.025,1.63587886,5.025,0.68759878,5.025,1.42484966,5.025,0.65715997,5.025,1.00781327,,,,,,,,,,,,,,,,,,,,,,,,,,,
,,,,,,,,,,,,,,,,,,,,,,,50.898,1.16962476493844,50.898,1.19284737664205,50.898,1.17940094555363,50.898,1.17841820798002,50.898,1.18164987646912,,,,,,,,,,,,,,,,,,,,,,,,,,,,,,,,,,,,,,,,,,,,,,,,,,,,,,,,,,,,,,,,5.075,0.64539799,,5.075,1.85185218,5.075,0.55740423,5.075,1.18939072,5.075,0.54443129,5.075,1.52479872,5.075,0.71349287,5.075,1.23286213,5.075,0.64295736,5.075,1.00801353,,,,,,,,,,,,,,,,,,,,,,,,,,,
,,,,,,,,,,,,,,,,,,,,,,,51.397,1.17337740355159,51.397,1.19209144305052,51.397,1.17950396143355,51.397,1.16208789533358,51.397,1.1863523585608,,,,,,,,,,,,,,,,,,,,,,,,,,,,,,,,,,,,,,,,,,,,,,,,,,,,,,,,,,,,,,,,5.125,0.64724971,,5.125,2.54225304,5.125,0.55684563,5.125,1.06910511,5.125,0.53017835,5.125,1.6656283,5.125,0.69809462,5.125,1.37953807,5.125,0.65243635,5.125,1.14828798,,,,,,,,,,,,,,,,,,,,,,,,,,,
,,,,,,,,,,,,,,,,,,,,,,,51.896,1.16548207210392,51.896,1.1857934887187,51.896,1.17533247165741,51.896,1.1660762157072,51.896,1.18857635635531,,,,,,,,,,,,,,,,,,,,,,,,,,,,,,,,,,,,,,,,,,,,,,,,,,,,,,,,,,,,,,,,5.175,0.67242095,,5.175,2.37463341,5.175,0.58640559,5.175,1.6363673,5.175,0.66261713,5.175,1.94512133,5.175,0.63922744,5.175,1.38169502,5.175,0.66903339,5.175,1.06861612,,,,,,,,,,,,,,,,,,,,,,,,,,,
,,,,,,,,,,,,,,,,,,,,,,,52.395,1.17096245398517,52.395,1.18982740613436,52.395,1.16826036826058,52.395,1.16101994510331,52.395,1.18808058574705,,,,,,,,,,,,,,,,,,,,,,,,,,,,,,,,,,,,,,,,,,,,,,,,,,,,,,,,,,,,,,,,5.225,0.62732456,,5.225,2.1546984,5.225,0.54561039,5.225,1.34026354,5.225,0.59332082,5.225,2.17639522,5.225,0.65974196,5.225,1.26626994,5.225,0.59787051,5.225,1.14869445,,,,,,,,,,,,,,,,,,,,,,,,,,,
,,,,,,,,,,,,,,,,,,,,,,,52.894,1.16414381079339,52.894,1.19245542443226,52.894,1.16771813219262,52.894,1.16441206240356,52.894,1.17998274095708,,,,,,,,,,,,,,,,,,,,,,,,,,,,,,,,,,,,,,,,,,,,,,,,,,,,,,,,,,,,,,,,5.275,0.59738599,,5.275,1.59981779,5.275,0.55711637,5.275,1.40671884,5.275,0.6047164,5.275,2.04026623,5.275,0.6458365,5.275,1.4494419,5.275,0.66342018,5.275,1.2378762,,,,,,,,,,,,,,,,,,,,,,,,,,,
,,,,,,,,,,,,,,,,,,,,,,,53.393,1.1650759319964,53.393,1.18790202600667,53.393,1.17054809586479,53.393,1.16413574594537,53.393,1.18687784933766,,,,,,,,,,,,,,,,,,,,,,,,,,,,,,,,,,,,,,,,,,,,,,,,,,,,,,,,,,,,,,,,5.325,0.60398448,,5.325,2.13059965,5.325,0.5538342,5.325,1.72553225,5.325,0.65139082,5.325,2.18871009,5.325,0.65808571,5.325,1.56232766,5.325,0.66298745,5.325,1.22380423,,,,,,,,,,,,,,,,,,,,,,,,,,,
,,,,,,,,,,,,,,,,,,,,,,,53.892,1.17278239412565,53.892,1.20104934795571,53.892,1.17640971274257,53.892,1.17467249866175,53.892,1.18533827795784,,,,,,,,,,,,,,,,,,,,,,,,,,,,,,,,,,,,,,,,,,,,,,,,,,,,,,,,,,,,,,,,5.375,0.52741756,,5.375,2.53138634,5.375,0.60423511,5.375,2.06174819,5.375,0.57573026,5.375,2.2115685,5.375,0.6515158,5.375,1.50680581,5.375,0.63896459,5.375,1.29901265,,,,,,,,,,,,,,,,,,,,,,,,,,,
,,,,,,,,,,,,,,,,,,,,,,,54.391,1.16259201432424,54.391,1.19849044705305,54.391,1.17859592539201,54.391,1.16860478309492,54.391,1.19117910327414,,,,,,,,,,,,,,,,,,,,,,,,,,,,,,,,,,,,,,,,,,,,,,,,,,,,,,,,,,,,,,,,5.425,0.72740393,,5.425,1.99875625,5.425,0.66414316,5.425,1.9082665,5.425,0.60295401,5.425,2.3714959,5.425,0.69745309,5.425,1.62272419,5.425,0.65837223,5.425,1.45859428,,,,,,,,,,,,,,,,,,,,,,,,,,,
,,,,,,,,,,,,,,,,,,,,,,,54.89,1.16816866152159,54.89,1.1968878484515,54.89,1.17302949946336,54.89,1.17635394272027,54.89,1.18711977124709,,,,,,,,,,,,,,,,,,,,,,,,,,,,,,,,,,,,,,,,,,,,,,,,,,,,,,,,,,,,,,,,5.475,0.63015774,,5.475,2.28064589,5.475,0.64757114,5.475,2.22841484,5.475,0.69200098,5.475,2.54560385,5.475,0.71319188,5.475,1.69573381,5.475,0.68602401,5.475,1.37776489,,,,,,,,,,,,,,,,,,,,,,,,,,,
,,,,,,,,,,,,,,,,,,,,,,,55.389,1.172638435281,55.389,1.20008238469895,55.389,1.17815181150818,55.389,1.17960982890144,55.389,1.20088476308746,,,,,,,,,,,,,,,,,,,,,,,,,,,,,,,,,,,,,,,,,,,,,,,,,,,,,,,,,,,,,,,,5.525,0.63117994,,5.525,2.6041329,5.525,0.69993546,5.525,2.06282242,5.525,0.62567709,5.525,2.52640224,5.525,0.67907918,5.525,1.64840324,5.525,0.73369298,5.525,1.55223311,,,,,,,,,,,,,,,,,,,,,,,,,,,
,,,,,,,,,,,,,,,,,,,,,,,55.888,1.17211635383144,55.888,1.20287071826559,55.888,1.17456461118117,55.888,1.17108245638739,55.888,1.1938610150909,,,,,,,,,,,,,,,,,,,,,,,,,,,,,,,,,,,,,,,,,,,,,,,,,,,,,,,,,,,,,,,,5.575,0.74956337,,5.575,2.60878441,5.575,0.67876267,5.575,2.28608025,5.575,0.65184157,5.575,2.38963201,5.575,0.67869982,5.575,1.74667313,5.575,0.72059167,5.575,1.57138116,,,,,,,,,,,,,,,,,,,,,,,,,,,
,,,,,,,,,,,,,,,,,,,,,,,56.387,1.17321344014198,56.387,1.191435077274,56.387,1.169232421014,56.387,1.17671315259459,56.387,1.19809707982177,,,,,,,,,,,,,,,,,,,,,,,,,,,,,,,,,,,,,,,,,,,,,,,,,,,,,,,,,,,,,,,,5.625,0.69649727,,5.625,2.66310706,5.625,0.75195709,5.625,2.19183242,5.625,0.64183303,5.625,2.55313283,5.625,0.76284463,5.625,1.70766617,5.625,0.67780867,5.625,1.68709475,,,,,,,,,,,,,,,,,,,,,,,,,,,
,,,,,,,,,,,,,,,,,,,,,,,56.886,1.17511596447353,56.886,1.19920952454709,56.886,1.17807280429703,56.886,1.17369185160667,56.886,1.19300450662316,,,,,,,,,,,,,,,,,,,,,,,,,,,,,,,,,,,,,,,,,,,,,,,,,,,,,,,,,,,,,,,,5.675,0.73120028,,5.675,2.07336336,5.675,0.77852876,5.675,2.65539524,5.675,0.61706081,5.675,2.57152461,5.675,0.78347093,5.675,1.70156156,5.675,0.74388897,5.675,1.64419481,,,,,,,,,,,,,,,,,,,,,,,,,,,
,,,,,,,,,,,,,,,,,,,,,,,57.385,1.16908501367565,57.385,1.19955045815268,57.385,1.18417252845641,57.385,1.1693535403636,57.385,1.19966003390804,,,,,,,,,,,,,,,,,,,,,,,,,,,,,,,,,,,,,,,,,,,,,,,,,,,,,,,,,,,,,,,,5.725,0.89522347,,5.725,2.52237858,5.725,0.79789225,5.725,2.55729093,5.725,0.72287469,5.725,2.70684609,5.725,0.79955035,5.725,1.84776117,5.725,0.77133047,5.725,1.80905467,,,,,,,,,,,,,,,,,,,,,,,,,,,
,,,,,,,,,,,,,,,,,,,,,,,57.884,1.17689836135652,57.884,1.20108605006893,57.884,1.17994952710347,57.884,1.17239356867112,57.884,1.19894570989073,,,,,,,,,,,,,,,,,,,,,,,,,,,,,,,,,,,,,,,,,,,,,,,,,,,,,,,,,,,,,,,,5.775,0.85335754,,5.775,3.00327104,5.775,0.90741492,5.775,2.81937756,5.775,0.7510066,5.775,2.78220399,5.775,0.78333263,5.775,1.82358225,5.775,0.83332646,5.775,1.93458415,,,,,,,,,,,,,,,,,,,,,,,,,,,
,,,,,,,,,,,,,,,,,,,,,,,58.383,1.18745025864497,58.383,1.20350929917299,58.383,1.17427489322421,58.383,1.16704751641866,58.383,1.1895609776944,,,,,,,,,,,,,,,,,,,,,,,,,,,,,,,,,,,,,,,,,,,,,,,,,,,,,,,,,,,,,,,,5.825,0.99093694,,5.825,2.62394163,5.825,0.88197182,5.825,2.79626285,5.825,0.72961897,5.825,3.0225036,5.825,0.83450307,5.825,1.72071425,5.825,0.78107811,5.825,1.81313131,,,,,,,,,,,,,,,,,,,,,,,,,,,
,,,,,,,,,,,,,,,,,,,,,,,58.882,1.19179051841492,58.882,1.20594117317851,58.882,1.17653763719821,58.882,1.17676291376647,58.882,1.17660685527964,,,,,,,,,,,,,,,,,,,,,,,,,,,,,,,,,,,,,,,,,,,,,,,,,,,,,,,,,,,,,,,,5.875,0.93400862,,5.875,3.04008861,5.875,0.91974791,5.875,2.63792878,5.875,0.72285639,5.875,2.82389124,5.875,0.795678,5.875,1.80654605,5.875,0.87598627,5.875,1.9561727,,,,,,,,,,,,,,,,,,,,,,,,,,,
,,,,,,,,,,,,,,,,,,,,,,,59.381,1.17932272304405,59.381,1.19024167563184,59.381,1.17847515041127,59.381,1.17669161226906,59.381,1.1836472453706,,,,,,,,,,,,,,,,,,,,,,,,,,,,,,,,,,,,,,,,,,,,,,,,,,,,,,,,,,,,,,,,5.925,0.88961414,,5.925,3.03428371,5.925,0.92732957,5.925,2.54511648,5.925,0.81263104,5.925,2.89235819,5.925,0.84701623,5.925,1.71418231,5.925,0.81583272,5.925,1.98187419,,,,,,,,,,,,,,,,,,,,,,,,,,,
,,,,,,,,,,,,,,,,,,,,,,,59.88,1.17955581496789,59.88,1.19997113400536,59.88,1.18263509804809,59.88,1.17880738333388,59.88,1.17879599117491,,,,,,,,,,,,,,,,,,,,,,,,,,,,,,,,,,,,,,,,,,,,,,,,,,,,,,,,,,,,,,,,5.975,0.9418076,,5.975,3.20637868,5.975,0.90621062,5.975,2.53845171,5.975,0.85597171,5.975,3.05504248,5.975,0.85108024,5.975,2.03708157,5.975,0.86877197,5.975,2.07844664,,,,,,,,,,,,,,,,,,,,,,,,,,,
,,,,,,,,,,,,,,,,,,,,,,,60.379,1.17567348570603,60.379,1.20711794447377,60.379,1.17524651959308,60.379,1.17705668878345,60.379,1.18821192849927,,,,,,,,,,,,,,,,,,,,,,,,,,,,,,,,,,,,,,,,,,,,,,,,,,,,,,,,,,,,,,,,6.025,0.92970996,,6.025,3.10958493,6.025,0.91536982,6.025,2.66058365,6.025,0.81118775,6.025,2.99894157,6.025,0.78560777,6.025,2.12686123,6.025,0.87310855,6.025,2.09130062,,,,,,,,,,,,,,,,,,,,,,,,,,,
,,,,,,,,,,,,,,,,,,,,,,,60.878,1.17645959769239,60.878,1.19915543273348,60.878,1.18402828980306,60.878,1.17511190299848,60.878,1.17972961251521,,,,,,,,,,,,,,,,,,,,,,,,,,,,,,,,,,,,,,,,,,,,,,,,,,,,,,,,,,,,,,,,6.075,0.90764476,,6.075,2.75705625,6.075,0.92593224,6.075,2.39792709,6.075,0.83326432,6.075,2.77885789,6.075,0.82988703,6.075,2.01913988,6.075,0.9139645,6.075,1.99665383,,,,,,,,,,,,,,,,,,,,,,,,,,,
,,,,,,,,,,,,,,,,,,,,,,,61.377,1.18698832982281,61.377,1.20305643064307,61.377,1.18819846494796,61.377,1.17941719181008,61.377,1.19532292999189,,,,,,,,,,,,,,,,,,,,,,,,,,,,,,,,,,,,,,,,,,,,,,,,,,,,,,,,,,,,,,,,6.125,0.9667344,,6.125,3.72931222,6.125,0.90908017,6.125,2.98269472,6.125,0.88802524,6.125,2.80418565,6.125,0.90938637,6.125,2.05456711,6.125,0.90905345,6.125,2.3136315,,,,,,,,,,,,,,,,,,,,,,,,,,,
,,,,,,,,,,,,,,,,,,,,,,,61.876,1.18139778237294,61.876,1.19810898908679,61.876,1.17934828927994,61.876,1.17916580521766,61.876,1.18610043839792,,,,,,,,,,,,,,,,,,,,,,,,,,,,,,,,,,,,,,,,,,,,,,,,,,,,,,,,,,,,,,,,6.175,1.04361441,,6.175,3.16882288,6.175,0.96512288,6.175,3.13543411,6.175,0.93203394,6.175,2.78030374,6.175,0.89684692,6.175,2.06172393,6.175,0.9789361,6.175,2.07407637,,,,,,,,,,,,,,,,,,,,,,,,,,,
,,,,,,,,,,,,,,,,,,,,,,,62.375,1.18272572550004,62.375,1.1955809217669,62.375,1.17993348057086,62.375,1.17710620105581,62.375,1.19653192370725,,,,,,,,,,,,,,,,,,,,,,,,,,,,,,,,,,,,,,,,,,,,,,,,,,,,,,,,,,,,,,,,6.225,1.01716773,,6.225,4.10279316,6.225,0.86967147,6.225,3.14016625,6.225,0.88093596,6.225,2.66230452,6.225,0.92332497,6.225,1.90648417,6.225,0.95539214,6.225,2.23989541,,,,,,,,,,,,,,,,,,,,,,,,,,,
,,,,,,,,,,,,,,,,,,,,,,,62.874,1.18716581699616,62.874,1.20064512227555,62.874,1.1861046282542,62.874,1.17074148395339,62.874,1.1830573894407,,,,,,,,,,,,,,,,,,,,,,,,,,,,,,,,,,,,,,,,,,,,,,,,,,,,,,,,,,,,,,,,6.275,1.04899488,,6.275,3.79541059,6.275,0.87812001,6.275,3.10112873,6.275,0.93940391,6.275,2.37716261,6.275,0.95090906,6.275,2.16237158,6.275,0.97728505,6.275,2.15864514,,,,,,,,,,,,,,,,,,,,,,,,,,,
,,,,,,,,,,,,,,,,,,,,,,,63.373,1.18468878572386,63.373,1.21836552263724,63.373,1.17943154264286,63.373,1.17839947660528,63.373,1.19054871318737,,,,,,,,,,,,,,,,,,,,,,,,,,,,,,,,,,,,,,,,,,,,,,,,,,,,,,,,,,,,,,,,6.325,1.02618004,,6.325,3.29849204,6.325,0.85755252,6.325,2.73323805,6.325,0.92098453,6.325,2.44145505,6.325,0.89233185,6.325,1.97469615,6.325,0.94577864,6.325,2.21674822,,,,,,,,,,,,,,,,,,,,,,,,,,,
,,,,,,,,,,,,,,,,,,,,,,,63.872,1.19204053423946,63.872,1.21743200672926,63.872,1.18261919761702,63.872,1.17219320729689,63.872,1.18970271568492,,,,,,,,,,,,,,,,,,,,,,,,,,,,,,,,,,,,,,,,,,,,,,,,,,,,,,,,,,,,,,,,6.375,1.09690733,,6.375,4.02935275,6.375,0.918784,6.375,2.6381871,6.375,0.88755834,6.375,2.32820472,6.375,0.93927781,6.375,1.92178884,6.375,0.92849622,6.375,1.99868831,,,,,,,,,,,,,,,,,,,,,,,,,,,
,,,,,,,,,,,,,,,,,,,,,,,64.371,1.19355117196028,64.371,1.20834144934969,64.371,1.19186263575391,64.371,1.17277039852968,64.371,1.20114516574434,,,,,,,,,,,,,,,,,,,,,,,,,,,,,,,,,,,,,,,,,,,,,,,,,,,,,,,,,,,,,,,,6.425,1.00973828,,6.425,2.73445363,6.425,0.80820774,6.425,2.43237876,6.425,0.90659473,6.425,2.34140192,6.425,0.94830033,6.425,1.8950959,6.425,0.94698256,6.425,2.10884467,,,,,,,,,,,,,,,,,,,,,,,,,,,
,,,,,,,,,,,,,,,,,,,,,,,64.87,1.18917198550556,64.87,1.20833072757637,64.87,1.18622480530711,64.87,1.1758095133395,64.87,1.19119068776961,,,,,,,,,,,,,,,,,,,,,,,,,,,,,,,,,,,,,,,,,,,,,,,,,,,,,,,,,,,,,,,,6.475,0.96717141,,6.475,3.0336743,6.475,0.87133237,6.475,2.15140321,6.475,0.98721727,6.475,2.08212311,6.475,0.99176597,6.475,1.73767679,6.475,0.95912366,6.475,2.07231415,,,,,,,,,,,,,,,,,,,,,,,,,,,
,,,,,,,,,,,,,,,,,,,,,,,65.369,1.19344272612834,65.369,1.20458192069997,65.369,1.18507224642012,65.369,1.17390657979959,65.369,1.19012845910299,,,,,,,,,,,,,,,,,,,,,,,,,,,,,,,,,,,,,,,,,,,,,,,,,,,,,,,,,,,,,,,,6.525,0.96423685,,6.525,2.35254566,6.525,0.79312353,6.525,1.84874165,6.525,0.94375345,6.525,1.87350013,6.525,0.98043602,6.525,1.55777611,6.525,0.85760454,6.525,1.81125123,,,,,,,,,,,,,,,,,,,,,,,,,,,
,,,,,,,,,,,,,,,,,,,,,,,65.868,1.19166527204224,65.868,1.20911803361356,65.868,1.18291706213574,65.868,1.17157249549684,65.868,1.1933848035542,,,,,,,,,,,,,,,,,,,,,,,,,,,,,,,,,,,,,,,,,,,,,,,,,,,,,,,,,,,,,,,,6.575,0.97875716,,6.575,2.50078281,6.575,0.81696593,6.575,1.71247128,6.575,1.03123584,6.575,1.83570046,6.575,1.02188333,6.575,1.31796793,6.575,1.0227954,6.575,1.81750272,,,,,,,,,,,,,,,,,,,,,,,,,,,
,,,,,,,,,,,,,,,,,,,,,,,66.367,1.19049383981596,66.367,1.19688904503137,66.367,1.18744300330708,66.367,1.16793288158621,66.367,1.20029098046913,,,,,,,,,,,,,,,,,,,,,,,,,,,,,,,,,,,,,,,,,,,,,,,,,,,,,,,,,,,,,,,,6.625,0.96690845,,6.625,1.63004411,6.625,0.91217651,6.625,1.51223201,6.625,0.97606913,6.625,1.45574946,6.625,1.00836547,6.625,1.24272264,6.625,0.9416975,6.625,1.8018856,,,,,,,,,,,,,,,,,,,,,,,,,,,
,,,,,,,,,,,,,,,,,,,,,,,66.866,1.18900432830167,66.866,1.20041945490022,66.866,1.19433624665378,66.866,1.17705762884399,66.866,1.19951666184684,,,,,,,,,,,,,,,,,,,,,,,,,,,,,,,,,,,,,,,,,,,,,,,,,,,,,,,,,,,,,,,,6.675,0.94682457,,6.675,1.49866784,6.675,0.85166753,6.675,1.32732687,6.675,1.02986981,6.675,1.33354937,6.675,0.98967367,6.675,1.09773429,6.675,0.94287481,6.675,1.58268543,,,,,,,,,,,,,,,,,,,,,,,,,,,
,,,,,,,,,,,,,,,,,,,,,,,67.365,1.19197733067009,67.365,1.20311097007158,67.365,1.19225794146467,67.365,1.17483928768531,67.365,1.19764833969517,,,,,,,,,,,,,,,,,,,,,,,,,,,,,,,,,,,,,,,,,,,,,,,,,,,,,,,,,,,,,,,,6.725,0.99405616,,6.725,1.30069603,6.725,0.81818598,6.725,1.57107728,6.725,1.00712879,6.725,1.26880052,6.725,1.0225518,6.725,1.02201922,6.725,0.98067921,6.725,1.56302783,,,,,,,,,,,,,,,,,,,,,,,,,,,
,,,,,,,,,,,,,,,,,,,,,,,67.864,1.18682715611207,67.864,1.19283351113491,67.864,1.20272169661983,67.864,1.17330704125107,67.864,1.18589011585866,,,,,,,,,,,,,,,,,,,,,,,,,,,,,,,,,,,,,,,,,,,,,,,,,,,,,,,,,,,,,,,,6.775,1.06997423,,6.775,1.24693151,6.775,0.81790128,6.775,1.32551035,6.775,0.97967734,6.775,1.26787454,6.775,0.9924902,6.775,0.93446421,6.775,0.92707512,6.775,1.42617273,,,,,,,,,,,,,,,,,,,,,,,,,,,
,,,,,,,,,,,,,,,,,,,,,,,68.363,1.17915546561661,68.363,1.18551868240915,68.363,1.20439255384898,68.363,1.17487575251944,68.363,1.20427994494161,,,,,,,,,,,,,,,,,,,,,,,,,,,,,,,,,,,,,,,,,,,,,,,,,,,,,,,,,,,,,,,,6.825,1.11112738,,6.825,1.2628598,6.825,0.82766586,6.825,1.16915037,6.825,1.02454393,6.825,1.05715563,6.825,1.07379868,6.825,0.95380734,6.825,0.96963606,6.825,1.3188981,,,,,,,,,,,,,,,,,,,,,,,,,,,
,,,,,,,,,,,,,,,,,,,,,,,68.862,1.18466107981791,68.862,1.18334294015869,68.862,1.20461543247812,68.862,1.18564634190871,68.862,1.19822558208409,,,,,,,,,,,,,,,,,,,,,,,,,,,,,,,,,,,,,,,,,,,,,,,,,,,,,,,,,,,,,,,,6.875,0.99910983,,6.875,0.77364404,6.875,0.82993089,6.875,1.11620001,6.875,0.9380861,6.875,1.05044501,6.875,1.08055146,6.875,0.82079319,6.875,0.97209633,6.875,1.21095633,,,,,,,,,,,,,,,,,,,,,,,,,,,
,,,,,,,,,,,,,,,,,,,,,,,69.361,1.18912857011381,69.361,1.19451762095616,69.361,1.19882195704978,69.361,1.18978914321413,69.361,1.20348676074616,,,,,,,,,,,,,,,,,,,,,,,,,,,,,,,,,,,,,,,,,,,,,,,,,,,,,,,,,,,,,,,,6.925,1.0162459,,6.925,0.99458174,6.925,0.84469378,6.925,1.33968644,6.925,1.04759831,6.925,0.9674404,6.925,1.03455136,6.925,0.91844983,6.925,1.01259586,6.925,1.179239,,,,,,,,,,,,,,,,,,,,,,,,,,,
,,,,,,,,,,,,,,,,,,,,,,,69.86,1.19477307277688,69.86,1.200707338146,69.86,1.20283447686105,69.86,1.17574692345683,69.86,1.2026519943232,,,,,,,,,,,,,,,,,,,,,,,,,,,,,,,,,,,,,,,,,,,,,,,,,,,,,,,,,,,,,,,,6.975,1.06902793,,6.975,0.88233631,6.975,0.83401233,6.975,1.03195172,6.975,0.98492703,6.975,0.97453278,6.975,1.10649048,6.975,0.81584912,6.975,0.97720529,6.975,1.28391592,,,,,,,,,,,,,,,,,,,,,,,,,,,
,,,,,,,,,,,,,,,,,,,,,,,70.359,1.18637862770266,70.359,1.19829574253401,70.359,1.21386594224271,70.359,1.18040575499923,70.359,1.20020857376625,,,,,,,,,,,,,,,,,,,,,,,,,,,,,,,,,,,,,,,,,,,,,,,,,,,,,,,,,,,,,,,,6.975,16.14124423,,6.975,87.94854259,6.975,15.00494229,6.975,57.86451381,6.975,11.56498126,6.975,63.36519009,6.975,13.8256166,6.975,47.29944037,6.975,12.97543494,6.975,43.14446581,,,,,,,,,,,,,,,,,,,,,,,,,,,
,,,,,,,,,,,,,,,,,,,,,,,70.858,1.18403481776414,70.858,1.19894020761724,70.858,1.20692844388726,70.858,1.17396694144977,70.858,1.20436075311694,,,,,,,,,,,,,,,,,,,,,,,,,,,,,,,,,,,,,,,,,,,,,,,,,,,,,,,,,,,,,,,,,,,,,,,,,,,,,,,,,,,,,,,,,,,,,,,,,,,,,,,,,,,,,,,
,,,,,,,,,,,,,,,,,,,,,,,71.357,1.18293171859517,71.357,1.20476541792547,71.357,1.20742894225404,71.357,1.18108417982742,71.357,1.19572735789468,,,,,,,,,,,,,,,,,,,,,,,,,,,,,,,,,,,,,,,,,,,,,,,,,,,,,,,,,,,,,,,,,,,,,,,,,,,,,,,,,,,,,,,,,,,,,,,,,,,,,,,,,,,,,,,
,,,,,,,,,,,,,,,,,,,,,,,71.856,1.17816956991494,71.856,1.20507561486194,71.856,1.20377382647538,71.856,1.18282970001424,71.856,1.1983528179129,,,,,,,,,,,,,,,,,,,,,,,,,,,,,,,,,,,,,,,,,,,,,,,,,,,,,,,,,,,,,,,,,max peak,,max peak,,,,,,,,,,,,,,,,,,,,,,,,,,,,,,,,,,,,,,,,,,,,
,,,,,,,,,,,,,,,,,,,,,,,72.355,1.17025452169922,72.355,1.21292913245086,72.355,1.20861544799116,72.355,1.18507893480237,72.355,1.19258447230643,,,,,,,,,,,,,,,,,,,,,,,,,,,,,,,,,,,,,,,,,,,,,,,,,,,,,,,,,,,,,,,,0.02,16.14124423,,87.94854259,,,,,,,,,,,,,,,,,,,,,,,,,,,,,,,,,,,,,,,,,,,,
,,,,,,,,,,,,,,,,,,,,,,,72.854,1.18027803842682,72.854,1.21268208433745,72.854,1.19512693125418,72.854,1.18152671817387,72.854,1.19806800510278,,,,,,,,,,,,,,,,,,,,,,,,,,,,,,,,,,,,,,,,,,,,,,,,,,,,,,,,,,,,,,,,0.04,15.00494229,,57.86451381,,,,,,,,,,,,,,,,,,,,,,,,,,,,,,,,,,,,,,,,,,,,
,,,,,,,,,,,,,,,,,,,,,,,73.353,1.19152215612439,73.353,1.20770690144576,73.353,1.20550098094655,73.353,1.19292627156617,73.353,1.20549382525768,,,,,,,,,,,,,,,,,,,,,,,,,,,,,,,,,,,,,,,,,,,,,,,,,,,,,,,,,,,,,,,,0.06,11.56498126,,63.36519009,,,,,,,,,,,,,,,,,,,,,,,,,,,,,,,,,,,,,,,,,,,,
,,,,,,,,,,,,,,,,,,,,,,,73.852,1.18528260398548,73.852,1.21782827732744,73.852,1.20316509904888,73.852,1.18936148695518,73.852,1.21135493867662,,,,,,,,,,,,,,,,,,,,,,,,,,,,,,,,,,,,,,,,,,,,,,,,,,,,,,,,,,,,,,,,0.08,13.8256166,,47.29944037,,,,,,,,,,,,,,,,,,,,,,,,,,,,,,,,,,,,,,,,,,,,
,,,,,,,,,,,,,,,,,,,,,,,74.351,1.19501944424847,74.351,1.21671769025237,74.351,1.20346378439262,74.351,1.18716247196198,74.351,1.20288730059285,,,,,,,,,,,,,,,,,,,,,,,,,,,,,,,,,,,,,,,,,,,,,,,,,,,,,,,,,,,,,,,,0.1,12.97543494,,43.14446581,,,,,,,,,,,,,,,,,,,,,,,,,,,,,,,,,,,,,,,,,,,,
,,,,,,,,,,,,,,,,,,,,,,,74.85,1.19230152504062,74.85,1.20250106663671,74.85,1.20677945473868,74.85,1.18451453989116,74.85,1.20318926846084,,,,,,,,,,,,,,,,,,,,,,,,,,,,,,,,,,,,,,,,,,,,,,,,,,,,,,,,,,,,,,,,,,,,,,,,,,,,,,,,,,,,,,,,,,,,,,,,,,,,,,,,,,,,,,,
,,,,,,,,,,,,,,,,,,,,,,,75.349,1.17934821734812,75.349,1.20032318811477,75.349,1.20348247873933,75.349,1.18889476712772,75.349,1.20705392687845,,,,,,,,,,,,,,,,,,,,,,,,,,,,,,,,,,,,,,,,,,,,,,,,,,,,,,,,,,,,,,,,,,,,,,,,,,,,,,,,,,,,,,,,,,,,,,,,,,,,,,,,,,,,,,,
,,,,,,,,,,,,,,,,,,,,,,,75.848,1.17568330513517,75.848,1.20918369661521,75.848,1.20159776143456,75.848,1.19380827718741,75.848,1.20926628666105,,,,,,,,,,,,,,,,,,,,,,,,,,,,,,,,,,,,,,,,,,,,,,,,,,,,,,,,,,,,,,,,,,,,,,,,,,,,,,,,,,,,,,,,,,,,,,,,,,,,,,,,,,,,,,,
,,,,,,,,,,,,,,,,,,,,,,,76.347,1.18371163815158,76.347,1.20875560192428,76.347,1.20000540559382,76.347,1.1898377464763,76.347,1.20099148638339,,,,,,,,,,,,,,,,,,,,,,,,,,,,,,,,,,,,,,,,,,,,,,,,,,,,,,,,,,,,,,,,,,,,,,,,,,,,,,,,,,,,,,,,,,,,,,,,,,,,,,,,,,,,,,,
,,,,,,,,,,,,,,,,,,,,,,,76.846,1.18964399886458,76.846,1.20558137156341,76.846,1.20372781683059,76.846,1.18949033183651,76.846,1.1933063828778,,,,,,,,,,,,,,,,,,,,,,,,,,,,,,,,,,,,,,,,,,,,,,,,,,,,,,,,,,,,,,,,,,,,,,,,,,,,,,,,,,,,,,,,,,,,,,,,,,,,,,,,,,,,,,,
,,,,,,,,,,,,,,,,,,,,,,,77.345,1.19959224955895,77.345,1.21346960027206,77.345,1.20804607038655,77.345,1.1901746182743,77.345,1.19695594152018,,,,,,,,,,,,,,,,,,,,,,,,,,,,,,,,,,,,,,,,,,,,,,,,,,,,,,,,,,,,,,,,,,,,,,,,,,,,,,,,,,,,,,,,,,,,,,,,,,,,,,,,,,,,,,,
,,,,,,,,,,,,,,,,,,,,,,,77.844,1.20244955772392,77.844,1.21410591143397,77.844,1.20908528660717,77.844,1.19023808763146,77.844,1.20330411330318,,,,,,,,,,,,,,,,,,,,,,,,,,,,,,,,,,,,,,,,,,,,,,,,,,,,,,,,,,,,,,,,,,,,,,,,,,,,,,,,,,,,,,,,,,,,,,,,,,,,,,,,,,,,,,,
,,,,,,,,,,,,,,,,,,,,,,,78.343,1.18357145780633,78.343,1.20346049415686,78.343,1.20539017750581,78.343,1.18364871069132,78.343,1.20837113892374,,,,,,,,,,,,,,,,,,,,,,,,,,,,,,,,,,,,,,,,,,,,,,,,,,,,,,,,,,,,,,,,,,,,,,,,,,,,,,,,,,,,,,,,,,,,,,,,,,,,,,,,,,,,,,,
,,,,,,,,,,,,,,,,,,,,,,,78.842,1.179477750495,78.842,1.21099909797537,78.842,1.20705093709393,78.842,1.18200234490902,78.842,1.20449593012346,,,,,,,,,,,,,,,,,,,,,,,,,,,,,,,,,,,,,,,,,,,,,,,,,,,,,,,,,,,,,,,,,,,,,,,,,,,,,,,,,,,,,,,,,,,,,,,,,,,,,,,,,,,,,,,
,,,,,,,,,,,,,,,,,,,,,,,79.341,1.19389419539672,79.341,1.20813894211849,79.341,1.20607702274221,79.341,1.18517696811447,79.341,1.20687757797696,,,,,,,,,,,,,,,,,,,,,,,,,,,,,,,,,,,,,,,,,,,,,,,,,,,,,,,,,,,,,,,,,,,,,,,,,,,,,,,,,,,,,,,,,,,,,,,,,,,,,,,,,,,,,,,
,,,,,,,,,,,,,,,,,,,,,,,79.84,1.20061682000075,79.84,1.19928274675086,79.84,1.20259222039805,79.84,1.19809608391604,79.84,1.20585862690615,,,,,,,,,,,,,,,,,,,,,,,,,,,,,,,,,,,,,,,,,,,,,,,,,,,,,,,,,,,,,,,,,,,,,,,,,,,,,,,,,,,,,,,,,,,,,,,,,,,,,,,,,,,,,,,
,,,,,,,,,,,,,,,,,,,,,,,80.339,1.20012173520764,80.339,1.20925370555246,80.339,1.20568867707936,80.339,1.18765998228833,80.339,1.20354418650944,,,,,,,,,,,,,,,,,,,,,,,,,,,,,,,,,,,,,,,,,,,,,,,,,,,,,,,,,,,,,,,,,,,,,,,,,,,,,,,,,,,,,,,,,,,,,,,,,,,,,,,,,,,,,,,
,,,,,,,,,,,,,,,,,,,,,,,80.838,1.19441495789001,80.838,1.2045393776305,80.838,1.20467641704567,80.838,1.19805651532516,80.838,1.21024312645799,,,,,,,,,,,,,,,,,,,,,,,,,,,,,,,,,,,,,,,,,,,,,,,,,,,,,,,,,,,,,,,,,,,,,,,,,,,,,,,,,,,,,,,,,,,,,,,,,,,,,,,,,,,,,,,
,,,,,,,,,,,,,,,,,,,,,,,81.337,1.18866930180436,81.337,1.21417856414117,81.337,1.20703661173998,81.337,1.1874769882589,81.337,1.21056807202475,,,,,,,,,,,,,,,,,,,,,,,,,,,,,,,,,,,,,,,,,,,,,,,,,,,,,,,,,,,,,,,,,,,,,,,,,,,,,,,,,,,,,,,,,,,,,,,,,,,,,,,,,,,,,,,
,,,,,,,,,,,,,,,,,,,,,,,81.836,1.20595133071625,81.836,1.21563763103228,81.836,1.20897882410448,81.836,1.18792191669503,81.836,1.21583684417926,,,,,,,,,,,,,,,,,,,,,,,,,,,,,,,,,,,,,,,,,,,,,,,,,,,,,,,,,,,,,,,,,,,,,,,,,,,,,,,,,,,,,,,,,,,,,,,,,,,,,,,,,,,,,,,
,,,,,,,,,,,,,,,,,,,,,,,82.335,1.19477690674517,82.335,1.21749183726909,82.335,1.21468107051899,82.335,1.18870406700877,82.335,1.21490929598241,,,,,,,,,,,,,,,,,,,,,,,,,,,,,,,,,,,,,,,,,,,,,,,,,,,,,,,,,,,,,,,,,,,,,,,,,,,,,,,,,,,,,,,,,,,,,,,,,,,,,,,,,,,,,,,
,,,,,,,,,,,,,,,,,,,,,,,82.834,1.19560502776592,82.834,1.21290809839151,82.834,1.21483569358211,82.834,1.19382135051003,82.834,1.22525188801729,,,,,,,,,,,,,,,,,,,,,,,,,,,,,,,,,,,,,,,,,,,,,,,,,,,,,,,,,,,,,,,,,,,,,,,,,,,,,,,,,,,,,,,,,,,,,,,,,,,,,,,,,,,,,,,
,,,,,,,,,,,,,,,,,,,,,,,83.333,1.19097519468696,83.333,1.20876819889735,83.333,1.21430834795322,83.333,1.1988732643457,83.333,1.21573986722129,,,,,,,,,,,,,,,,,,,,,,,,,,,,,,,,,,,,,,,,,,,,,,,,,,,,,,,,,,,,,,,,,,,,,,,,,,,,,,,,,,,,,,,,,,,,,,,,,,,,,,,,,,,,,,,
,,,,,,,,,,,,,,,,,,,,,,,83.832,1.18282754557289,83.832,1.20176151164469,83.832,1.20451341535093,83.832,1.19878019962257,83.832,1.21317094510238,,,,,,,,,,,,,,,,,,,,,,,,,,,,,,,,,,,,,,,,,,,,,,,,,,,,,,,,,,,,,,,,,,,,,,,,,,,,,,,,,,,,,,,,,,,,,,,,,,,,,,,,,,,,,,,
,,,,,,,,,,,,,,,,,,,,,,,84.331,1.18985213555215,84.331,1.20807269119257,84.331,1.20187591992334,84.331,1.20123864480714,84.331,1.2163213492651,,,,,,,,,,,,,,,,,,,,,,,,,,,,,,,,,,,,,,,,,,,,,,,,,,,,,,,,,,,,,,,,,,,,,,,,,,,,,,,,,,,,,,,,,,,,,,,,,,,,,,,,,,,,,,,
,,,,,,,,,,,,,,,,,,,,,,,84.83,1.19942088018868,84.83,1.2222537873494,84.83,1.19837654435293,84.83,1.18900013239574,84.83,1.21683461199396,,,,,,,,,,,,,,,,,,,,,,,,,,,,,,,,,,,,,,,,,,,,,,,,,,,,,,,,,,,,,,,,,,,,,,,,,,,,,,,,,,,,,,,,,,,,,,,,,,,,,,,,,,,,,,,
,,,,,,,,,,,,,,,,,,,,,,,85.329,1.19863726768085,85.329,1.21999498584635,85.329,1.1991074241578,85.329,1.1937838084411,85.329,1.2078264071386,,,,,,,,,,,,,,,,,,,,,,,,,,,,,,,,,,,,,,,,,,,,,,,,,,,,,,,,,,,,,,,,,,,,,,,,,,,,,,,,,,,,,,,,,,,,,,,,,,,,,,,,,,,,,,,
,,,,,,,,,,,,,,,,,,,,,,,85.828,1.19238005226073,85.828,1.21355266858464,85.828,1.20296391757061,85.828,1.19033929463777,85.828,1.19779334511159,,,,,,,,,,,,,,,,,,,,,,,,,,,,,,,,,,,,,,,,,,,,,,,,,,,,,,,,,,,,,,,,,,,,,,,,,,,,,,,,,,,,,,,,,,,,,,,,,,,,,,,,,,,,,,,
,,,,,,,,,,,,,,,,,,,,,,,86.327,1.19578815019991,86.327,1.21115965642683,86.327,1.21010703535897,86.327,1.18781042174958,86.327,1.19893655107251,,,,,,,,,,,,,,,,,,,,,,,,,,,,,,,,,,,,,,,,,,,,,,,,,,,,,,,,,,,,,,,,,,,,,,,,,,,,,,,,,,,,,,,,,,,,,,,,,,,,,,,,,,,,,,,
,,,,,,,,,,,,,,,,,,,,,,,86.826,1.20179147384696,86.826,1.20990042729586,86.826,1.20331493496313,86.826,1.19661253187047,86.826,1.2019258850443,,,,,,,,,,,,,,,,,,,,,,,,,,,,,,,,,,,,,,,,,,,,,,,,,,,,,,,,,,,,,,,,,,,,,,,,,,,,,,,,,,,,,,,,,,,,,,,,,,,,,,,,,,,,,,,
,,,,,,,,,,,,,,,,,,,,,,,87.325,1.20170654474191,87.325,1.21612418382444,87.325,1.21686706583773,87.325,1.20017152461279,87.325,1.2045958791216,,,,,,,,,,,,,,,,,,,,,,,,,,,,,,,,,,,,,,,,,,,,,,,,,,,,,,,,,,,,,,,,,,,,,,,,,,,,,,,,,,,,,,,,,,,,,,,,,,,,,,,,,,,,,,,
,,,,,,,,,,,,,,,,,,,,,,,87.824,1.19327558760135,87.824,1.22109138084462,87.824,1.22317274933431,87.824,1.19535716847214,87.824,1.21243575388589,,,,,,,,,,,,,,,,,,,,,,,,,,,,,,,,,,,,,,,,,,,,,,,,,,,,,,,,,,,,,,,,,,,,,,,,,,,,,,,,,,,,,,,,,,,,,,,,,,,,,,,,,,,,,,,
,,,,,,,,,,,,,,,,,,,,,,,88.323,1.19718208921368,88.323,1.21467240976424,88.323,1.21842130543438,88.323,1.19180253192743,88.323,1.20515647407222,,,,,,,,,,,,,,,,,,,,,,,,,,,,,,,,,,,,,,,,,,,,,,,,,,,,,,,,,,,,,,,,,,,,,,,,,,,,,,,,,,,,,,,,,,,,,,,,,,,,,,,,,,,,,,,
,,,,,,,,,,,,,,,,,,,,,,,88.822,1.19852872232668,88.822,1.21525329911022,88.822,1.21202193577929,88.822,1.19410489111376,88.822,1.20220011682438,,,,,,,,,,,,,,,,,,,,,,,,,,,,,,,,,,,,,,,,,,,,,,,,,,,,,,,,,,,,,,,,,,,,,,,,,,,,,,,,,,,,,,,,,,,,,,,,,,,,,,,,,,,,,,,
,,,,,,,,,,,,,,,,,,,,,,,89.321,1.20678916233817,89.321,1.21305432466033,89.321,1.21899539220001,89.321,1.20107157806455,89.321,1.19420912824315,,,,,,,,,,,,,,,,,,,,,,,,,,,,,,,,,,,,,,,,,,,,,,,,,,,,,,,,,,,,,,,,,,,,,,,,,,,,,,,,,,,,,,,,,,,,,,,,,,,,,,,,,,,,,,,
,,,,,,,,,,,,,,,,,,,,,,,89.82,1.21273290980269,89.82,1.20989192625393,89.82,1.21359357777617,89.82,1.18742593987603,89.82,1.20179051992274,,,,,,,,,,,,,,,,,,,,,,,,,,,,,,,,,,,,,,,,,,,,,,,,,,,,,,,,,,,,,,,,,,,,,,,,,,,,,,,,,,,,,,,,,,,,,,,,,,,,,,,,,,,,,,,
,,,,,,,,,,,,,,,,,,,,,,,90.319,1.21158551791077,90.319,1.21729731266988,90.319,1.22325002225463,90.319,1.19459024385729,90.319,1.19819283554847,,,,,,,,,,,,,,,,,,,,,,,,,,,,,,,,,,,,,,,,,,,,,,,,,,,,,,,,,,,,,,,,,,,,,,,,,,,,,,,,,,,,,,,,,,,,,,,,,,,,,,,,,,,,,,,
,,,,,,,,,,,,,,,,,,,,,,,90.818,1.20367097094129,90.818,1.19919016584166,90.818,1.22355297060786,90.818,1.19875337220703,90.818,1.19659854222537,,,,,,,,,,,,,,,,,,,,,,,,,,,,,,,,,,,,,,,,,,,,,,,,,,,,,,,,,,,,,,,,,,,,,,,,,,,,,,,,,,,,,,,,,,,,,,,,,,,,,,,,,,,,,,,
,,,,,,,,,,,,,,,,,,,,,,,91.317,1.20629959715907,91.317,1.2140571242598,91.317,1.22379140150444,91.317,1.21329992550955,91.317,1.20046836807824,,,,,,,,,,,,,,,,,,,,,,,,,,,,,,,,,,,,,,,,,,,,,,,,,,,,,,,,,,,,,,,,,,,,,,,,,,,,,,,,,,,,,,,,,,,,,,,,,,,,,,,,,,,,,,,
,,,,,,,,,,,,,,,,,,,,,,,91.816,1.2083396895515,91.816,1.21712854253126,91.816,1.21908641569943,91.816,1.21952641083437,91.816,1.20143587874243,,,,,,,,,,,,,,,,,,,,,,,,,,,,,,,,,,,,,,,,,,,,,,,,,,,,,,,,,,,,,,,,,,,,,,,,,,,,,,,,,,,,,,,,,,,,,,,,,,,,,,,,,,,,,,,
,,,,,,,,,,,,,,,,,,,,,,,92.315,1.2117344785649,92.315,1.20851487114742,92.315,1.22679730487431,92.315,1.21189403557158,92.315,1.20423423374006,,,,,,,,,,,,,,,,,,,,,,,,,,,,,,,,,,,,,,,,,,,,,,,,,,,,,,,,,,,,,,,,,,,,,,,,,,,,,,,,,,,,,,,,,,,,,,,,,,,,,,,,,,,,,,,
,,,,,,,,,,,,,,,,,,,,,,,92.814,1.21182705318326,92.814,1.21707688209307,92.814,1.22775847451592,92.814,1.20600904622788,92.814,1.20222370421467,,,,,,,,,,,,,,,,,,,,,,,,,,,,,,,,,,,,,,,,,,,,,,,,,,,,,,,,,,,,,,,,,,,,,,,,,,,,,,,,,,,,,,,,,,,,,,,,,,,,,,,,,,,,,,,
,,,,,,,,,,,,,,,,,,,,,,,93.313,1.20284868339851,93.313,1.21717035785931,93.313,1.22077565175622,93.313,1.20046503968593,93.313,1.20331691249385,,,,,,,,,,,,,,,,,,,,,,,,,,,,,,,,,,,,,,,,,,,,,,,,,,,,,,,,,,,,,,,,,,,,,,,,,,,,,,,,,,,,,,,,,,,,,,,,,,,,,,,,,,,,,,,
,,,,,,,,,,,,,,,,,,,,,,,93.812,1.20010889570894,93.812,1.21437288392617,93.812,1.21805034790395,93.812,1.2112689692504,93.812,1.209585205004,,,,,,,,,,,,,,,,,,,,,,,,,,,,,,,,,,,,,,,,,,,,,,,,,,,,,,,,,,,,,,,,,,,,,,,,,,,,,,,,,,,,,,,,,,,,,,,,,,,,,,,,,,,,,,,
,,,,,,,,,,,,,,,,,,,,,,,94.311,1.20845289213318,94.311,1.20853522679755,94.311,1.21513283612481,94.311,1.2125219264121,94.311,1.20425725358683,,,,,,,,,,,,,,,,,,,,,,,,,,,,,,,,,,,,,,,,,,,,,,,,,,,,,,,,,,,,,,,,,,,,,,,,,,,,,,,,,,,,,,,,,,,,,,,,,,,,,,,,,,,,,,,
,,,,,,,,,,,,,,,,,,,,,,,94.81,1.2120601761626,94.81,1.20923496331874,94.81,1.22068709921495,94.81,1.20535368451102,94.81,1.20275392982387,,,,,,,,,,,,,,,,,,,,,,,,,,,,,,,,,,,,,,,,,,,,,,,,,,,,,,,,,,,,,,,,,,,,,,,,,,,,,,,,,,,,,,,,,,,,,,,,,,,,,,,,,,,,,,,
,,,,,,,,,,,,,,,,,,,,,,,95.309,1.20987788194266,95.309,1.209271860007,95.309,1.22213029714784,95.309,1.20903060666,95.309,1.20698370416005,,,,,,,,,,,,,,,,,,,,,,,,,,,,,,,,,,,,,,,,,,,,,,,,,,,,,,,,,,,,,,,,,,,,,,,,,,,,,,,,,,,,,,,,,,,,,,,,,,,,,,,,,,,,,,,
,,,,,,,,,,,,,,,,,,,,,,,95.808,1.20738783769924,95.808,1.20630882579399,95.808,1.21227787388908,95.808,1.20810099093976,95.808,1.20753010858496,,,,,,,,,,,,,,,,,,,,,,,,,,,,,,,,,,,,,,,,,,,,,,,,,,,,,,,,,,,,,,,,,,,,,,,,,,,,,,,,,,,,,,,,,,,,,,,,,,,,,,,,,,,,,,,
,,,,,,,,,,,,,,,,,,,,,,,96.307,1.20348006502507,96.307,1.21376747378,96.307,1.21453588144957,96.307,1.20876147345876,96.307,1.20512137213528,,,,,,,,,,,,,,,,,,,,,,,,,,,,,,,,,,,,,,,,,,,,,,,,,,,,,,,,,,,,,,,,,,,,,,,,,,,,,,,,,,,,,,,,,,,,,,,,,,,,,,,,,,,,,,,
,,,,,,,,,,,,,,,,,,,,,,,96.806,1.21522437305501,96.806,1.21447603445422,96.806,1.2148523503798,96.806,1.21227780063699,96.806,1.20588185264355,,,,,,,,,,,,,,,,,,,,,,,,,,,,,,,,,,,,,,,,,,,,,,,,,,,,,,,,,,,,,,,,,,,,,,,,,,,,,,,,,,,,,,,,,,,,,,,,,,,,,,,,,,,,,,,
,,,,,,,,,,,,,,,,,,,,,,,97.305,1.21027912346376,97.305,1.22092715558564,97.305,1.20980743289156,97.305,1.20847105759327,97.305,1.19710924752449,,,,,,,,,,,,,,,,,,,,,,,,,,,,,,,,,,,,,,,,,,,,,,,,,,,,,,,,,,,,,,,,,,,,,,,,,,,,,,,,,,,,,,,,,,,,,,,,,,,,,,,,,,,,,,,
,,,,,,,,,,,,,,,,,,,,,,,97.804,1.20614504973861,97.804,1.22517950863156,97.804,1.21811135663759,97.804,1.20715952335364,97.804,1.19938365376426,,,,,,,,,,,,,,,,,,,,,,,,,,,,,,,,,,,,,,,,,,,,,,,,,,,,,,,,,,,,,,,,,,,,,,,,,,,,,,,,,,,,,,,,,,,,,,,,,,,,,,,,,,,,,,,
,,,,,,,,,,,,,,,,,,,,,,,98.303,1.20934368447026,98.303,1.21729761584659,98.303,1.21355789605316,98.303,1.20584398244736,98.303,1.2062064496237,,,,,,,,,,,,,,,,,,,,,,,,,,,,,,,,,,,,,,,,,,,,,,,,,,,,,,,,,,,,,,,,,,,,,,,,,,,,,,,,,,,,,,,,,,,,,,,,,,,,,,,,,,,,,,,
,,,,,,,,,,,,,,,,,,,,,,,98.802,1.21344000910027,98.802,1.20977174771135,98.802,1.21343927530675,98.802,1.20759576593543,98.802,1.19809408217611,,,,,,,,,,,,,,,,,,,,,,,,,,,,,,,,,,,,,,,,,,,,,,,,,,,,,,,,,,,,,,,,,,,,,,,,,,,,,,,,,,,,,,,,,,,,,,,,,,,,,,,,,,,,,,,
,,,,,,,,,,,,,,,,,,,,,,,99.301,1.21469034437585,99.301,1.21054163897641,99.301,1.2125230432705,99.301,1.21628005934356,99.301,1.20779361074401,,,,,,,,,,,,,,,,,,,,,,,,,,,,,,,,,,,,,,,,,,,,,,,,,,,,,,,,,,,,,,,,,,,,,,,,,,,,,,,,,,,,,,,,,,,,,,,,,,,,,,,,,,,,,,,
,,,,,,,,,,,,,,,,,,,,,,,99.8,1.20912336114885,99.8,1.20307716273728,99.8,1.20963044062133,99.8,1.21711122767334,99.8,1.19816583998622,,,,,,,,,,,,,,,,,,,,,,,,,,,,,,,,,,,,,,,,,,,,,,,,,,,,,,,,,,,,,,,,,,,,,,,,,,,,,,,,,,,,,,,,,,,,,,,,,,,,,,,,,,,,,,,
,,,,,,,,,,,,,,,,,,,,,,,100.299,1.21302963959866,100.299,1.21056779656116,100.299,1.21295614392664,100.299,1.2127900062284,100.299,1.20889324274724,,,,,,,,,,,,,,,,,,,,,,,,,,,,,,,,,,,,,,,,,,,,,,,,,,,,,,,,,,,,,,,,,,,,,,,,,,,,,,,,,,,,,,,,,,,,,,,,,,,,,,,,,,,,,,,
,,,,,,,,,,,,,,,,,,,,,,,100.798,1.20243442989733,100.798,1.21156893764717,100.798,1.20869644286449,100.798,1.21230895779708,100.798,1.20150776426823,,,,,,,,,,,,,,,,,,,,,,,,,,,,,,,,,,,,,,,,,,,,,,,,,,,,,,,,,,,,,,,,,,,,,,,,,,,,,,,,,,,,,,,,,,,,,,,,,,,,,,,,,,,,,,,
,,,,,,,,,,,,,,,,,,,,,,,101.297,1.21304666210885,101.297,1.20491071086884,101.297,1.21120063180802,101.297,1.21030871986013,101.297,1.20515935155242,,,,,,,,,,,,,,,,,,,,,,,,,,,,,,,,,,,,,,,,,,,,,,,,,,,,,,,,,,,,,,,,,,,,,,,,,,,,,,,,,,,,,,,,,,,,,,,,,,,,,,,,,,,,,,,
,,,,,,,,,,,,,,,,,,,,,,,101.796,1.21794655958639,101.796,1.21067733439345,101.796,1.21766688464928,101.796,1.20548820368549,101.796,1.21366196935253,,,,,,,,,,,,,,,,,,,,,,,,,,,,,,,,,,,,,,,,,,,,,,,,,,,,,,,,,,,,,,,,,,,,,,,,,,,,,,,,,,,,,,,,,,,,,,,,,,,,,,,,,,,,,,,
,,,,,,,,,,,,,,,,,,,,,,,102.295,1.21710386222946,102.295,1.21474937452118,102.295,1.20998262403965,102.295,1.2138540117217,102.295,1.20109527414279,,,,,,,,,,,,,,,,,,,,,,,,,,,,,,,,,,,,,,,,,,,,,,,,,,,,,,,,,,,,,,,,,,,,,,,,,,,,,,,,,,,,,,,,,,,,,,,,,,,,,,,,,,,,,,,
,,,,,,,,,,,,,,,,,,,,,,,102.794,1.21320857673717,102.794,1.22125425543901,102.794,1.21858283934648,102.794,1.21843194378856,102.794,1.20967582818114,,,,,,,,,,,,,,,,,,,,,,,,,,,,,,,,,,,,,,,,,,,,,,,,,,,,,,,,,,,,,,,,,,,,,,,,,,,,,,,,,,,,,,,,,,,,,,,,,,,,,,,,,,,,,,,
,,,,,,,,,,,,,,,,,,,,,,,103.293,1.20644897712806,103.293,1.21234882606808,103.293,1.21815525151876,103.293,1.22067524409157,103.293,1.21070286001031,,,,,,,,,,,,,,,,,,,,,,,,,,,,,,,,,,,,,,,,,,,,,,,,,,,,,,,,,,,,,,,,,,,,,,,,,,,,,,,,,,,,,,,,,,,,,,,,,,,,,,,,,,,,,,,
,,,,,,,,,,,,,,,,,,,,,,,103.792,1.20703484421503,103.792,1.20882205961668,103.792,1.21921507046676,103.792,1.21863954553299,103.792,1.21728270731584,,,,,,,,,,,,,,,,,,,,,,,,,,,,,,,,,,,,,,,,,,,,,,,,,,,,,,,,,,,,,,,,,,,,,,,,,,,,,,,,,,,,,,,,,,,,,,,,,,,,,,,,,,,,,,,
,,,,,,,,,,,,,,,,,,,,,,,104.291,1.20899382427463,104.291,1.21729054606677,104.291,1.22902195138924,104.291,1.21397846561892,104.291,1.21333505253047,,,,,,,,,,,,,,,,,,,,,,,,,,,,,,,,,,,,,,,,,,,,,,,,,,,,,,,,,,,,,,,,,,,,,,,,,,,,,,,,,,,,,,,,,,,,,,,,,,,,,,,,,,,,,,,
,,,,,,,,,,,,,,,,,,,,,,,104.79,1.21550357026983,104.79,1.21757122176699,104.79,1.22369359088596,104.79,1.20953063715428,104.79,1.208128031248,,,,,,,,,,,,,,,,,,,,,,,,,,,,,,,,,,,,,,,,,,,,,,,,,,,,,,,,,,,,,,,,,,,,,,,,,,,,,,,,,,,,,,,,,,,,,,,,,,,,,,,,,,,,,,,
,,,,,,,,,,,,,,,,,,,,,,,105.289,1.21776415469689,105.289,1.20936456732398,105.289,1.23458322707395,105.289,1.20816559765345,105.289,1.20476293236752,,,,,,,,,,,,,,,,,,,,,,,,,,,,,,,,,,,,,,,,,,,,,,,,,,,,,,,,,,,,,,,,,,,,,,,,,,,,,,,,,,,,,,,,,,,,,,,,,,,,,,,,,,,,,,,
,,,,,,,,,,,,,,,,,,,,,,,105.788,1.20731298404062,105.788,1.21753818266667,105.788,1.22320540307111,105.788,1.21766902010755,105.788,1.1945653949478,,,,,,,,,,,,,,,,,,,,,,,,,,,,,,,,,,,,,,,,,,,,,,,,,,,,,,,,,,,,,,,,,,,,,,,,,,,,,,,,,,,,,,,,,,,,,,,,,,,,,,,,,,,,,,,
,,,,,,,,,,,,,,,,,,,,,,,106.287,1.21126459515617,106.287,1.21008850884374,106.287,1.22396362668694,106.287,1.22172642524927,106.287,1.20271334978652,,,,,,,,,,,,,,,,,,,,,,,,,,,,,,,,,,,,,,,,,,,,,,,,,,,,,,,,,,,,,,,,,,,,,,,,,,,,,,,,,,,,,,,,,,,,,,,,,,,,,,,,,,,,,,,
,,,,,,,,,,,,,,,,,,,,,,,106.786,1.21329604355047,106.786,1.20689535217262,106.786,1.22411496294327,106.786,1.21487557709785,106.786,1.19815222849174,,,,,,,,,,,,,,,,,,,,,,,,,,,,,,,,,,,,,,,,,,,,,,,,,,,,,,,,,,,,,,,,,,,,,,,,,,,,,,,,,,,,,,,,,,,,,,,,,,,,,,,,,,,,,,,
,,,,,,,,,,,,,,,,,,,,,,,107.285,1.21424532233666,107.285,1.21596995451253,107.285,1.22653043090654,107.285,1.21201183318306,107.285,1.19559979679395,,,,,,,,,,,,,,,,,,,,,,,,,,,,,,,,,,,,,,,,,,,,,,,,,,,,,,,,,,,,,,,,,,,,,,,,,,,,,,,,,,,,,,,,,,,,,,,,,,,,,,,,,,,,,,,
,,,,,,,,,,,,,,,,,,,,,,,107.784,1.21202574167658,107.784,1.2143787679245,107.784,1.22447082543981,107.784,1.21954249239884,107.784,1.20393611179893,,,,,,,,,,,,,,,,,,,,,,,,,,,,,,,,,,,,,,,,,,,,,,,,,,,,,,,,,,,,,,,,,,,,,,,,,,,,,,,,,,,,,,,,,,,,,,,,,,,,,,,,,,,,,,,
,,,,,,,,,,,,,,,,,,,,,,,108.283,1.20568453704571,108.283,1.21622851002441,108.283,1.22764139494434,108.283,1.20576351527941,108.283,1.19782244137535,,,,,,,,,,,,,,,,,,,,,,,,,,,,,,,,,,,,,,,,,,,,,,,,,,,,,,,,,,,,,,,,,,,,,,,,,,,,,,,,,,,,,,,,,,,,,,,,,,,,,,,,,,,,,,,
,,,,,,,,,,,,,,,,,,,,,,,108.782,1.20390280165493,108.782,1.21697093918044,108.782,1.21715396682642,108.782,1.20624976812542,108.782,1.20542518785941,,,,,,,,,,,,,,,,,,,,,,,,,,,,,,,,,,,,,,,,,,,,,,,,,,,,,,,,,,,,,,,,,,,,,,,,,,,,,,,,,,,,,,,,,,,,,,,,,,,,,,,,,,,,,,,
,,,,,,,,,,,,,,,,,,,,,,,109.281,1.20905837864742,109.281,1.21687253399548,109.281,1.22412839380077,109.281,1.210002162976,109.281,1.21657024436719,,,,,,,,,,,,,,,,,,,,,,,,,,,,,,,,,,,,,,,,,,,,,,,,,,,,,,,,,,,,,,,,,,,,,,,,,,,,,,,,,,,,,,,,,,,,,,,,,,,,,,,,,,,,,,,
,,,,,,,,,,,,,,,,,,,,,,,109.78,1.20803913899249,109.78,1.21337970893285,109.78,1.22858288069895,109.78,1.21310540462725,109.78,1.21182404718517,,,,,,,,,,,,,,,,,,,,,,,,,,,,,,,,,,,,,,,,,,,,,,,,,,,,,,,,,,,,,,,,,,,,,,,,,,,,,,,,,,,,,,,,,,,,,,,,,,,,,,,,,,,,,,,
,,,,,,,,,,,,,,,,,,,,,,,110.279,1.2068451756228,110.279,1.21709865302257,110.279,1.22033693860691,110.279,1.21712303043163,110.279,1.22084593059558,,,,,,,,,,,,,,,,,,,,,,,,,,,,,,,,,,,,,,,,,,,,,,,,,,,,,,,,,,,,,,,,,,,,,,,,,,,,,,,,,,,,,,,,,,,,,,,,,,,,,,,,,,,,,,,
,,,,,,,,,,,,,,,,,,,,,,,110.778,1.204256690814,110.778,1.20939179221974,110.778,1.2209676679004,110.778,1.22375274369426,110.778,1.21847307966026,,,,,,,,,,,,,,,,,,,,,,,,,,,,,,,,,,,,,,,,,,,,,,,,,,,,,,,,,,,,,,,,,,,,,,,,,,,,,,,,,,,,,,,,,,,,,,,,,,,,,,,,,,,,,,,
,,,,,,,,,,,,,,,,,,,,,,,111.277,1.20611462054593,111.277,1.21261472262076,111.277,1.21690040494202,111.277,1.22072334010466,111.277,1.21696793380162,,,,,,,,,,,,,,,,,,,,,,,,,,,,,,,,,,,,,,,,,,,,,,,,,,,,,,,,,,,,,,,,,,,,,,,,,,,,,,,,,,,,,,,,,,,,,,,,,,,,,,,,,,,,,,,
,,,,,,,,,,,,,,,,,,,,,,,111.776,1.21178968603396,111.776,1.22365166981425,111.776,1.22262316460674,111.776,1.21293110709948,111.776,1.21489245911972,,,,,,,,,,,,,,,,,,,,,,,,,,,,,,,,,,,,,,,,,,,,,,,,,,,,,,,,,,,,,,,,,,,,,,,,,,,,,,,,,,,,,,,,,,,,,,,,,,,,,,,,,,,,,,,
,,,,,,,,,,,,,,,,,,,,,,,112.275,1.2097300268507,112.275,1.21203803741599,112.275,1.22189310887771,112.275,1.22090278204378,112.275,1.2133734406895,,,,,,,,,,,,,,,,,,,,,,,,,,,,,,,,,,,,,,,,,,,,,,,,,,,,,,,,,,,,,,,,,,,,,,,,,,,,,,,,,,,,,,,,,,,,,,,,,,,,,,,,,,,,,,,
,,,,,,,,,,,,,,,,,,,,,,,112.774,1.19884094445612,112.774,1.21163938472254,112.774,1.22402579408655,112.774,1.2086240267684,112.774,1.2169164679575,,,,,,,,,,,,,,,,,,,,,,,,,,,,,,,,,,,,,,,,,,,,,,,,,,,,,,,,,,,,,,,,,,,,,,,,,,,,,,,,,,,,,,,,,,,,,,,,,,,,,,,,,,,,,,,
,,,,,,,,,,,,,,,,,,,,,,,113.273,1.21825457691303,113.273,1.21710104955981,113.273,1.22067558479677,113.273,1.21074667498497,113.273,1.22718136138556,,,,,,,,,,,,,,,,,,,,,,,,,,,,,,,,,,,,,,,,,,,,,,,,,,,,,,,,,,,,,,,,,,,,,,,,,,,,,,,,,,,,,,,,,,,,,,,,,,,,,,,,,,,,,,,
,,,,,,,,,,,,,,,,,,,,,,,113.772,1.22068223093512,113.772,1.22170589505516,113.772,1.22711926143904,113.772,1.21744953281286,113.772,1.21797078362801,,,,,,,,,,,,,,,,,,,,,,,,,,,,,,,,,,,,,,,,,,,,,,,,,,,,,,,,,,,,,,,,,,,,,,,,,,,,,,,,,,,,,,,,,,,,,,,,,,,,,,,,,,,,,,,
,,,,,,,,,,,,,,,,,,,,,,,114.271,1.22342503898988,114.271,1.219511304914,114.271,1.2276848936229,114.271,1.20998022675197,114.271,1.21461339402909,,,,,,,,,,,,,,,,,,,,,,,,,,,,,,,,,,,,,,,,,,,,,,,,,,,,,,,,,,,,,,,,,,,,,,,,,,,,,,,,,,,,,,,,,,,,,,,,,,,,,,,,,,,,,,,
,,,,,,,,,,,,,,,,,,,,,,,114.77,1.22010707553816,114.77,1.2137309165232,114.77,1.23503204947619,114.77,1.21729651980455,114.77,1.21852509378375,,,,,,,,,,,,,,,,,,,,,,,,,,,,,,,,,,,,,,,,,,,,,,,,,,,,,,,,,,,,,,,,,,,,,,,,,,,,,,,,,,,,,,,,,,,,,,,,,,,,,,,,,,,,,,,
,,,,,,,,,,,,,,,,,,,,,,,115.269,1.21605709913696,115.269,1.21636432369463,115.269,1.22671004415563,115.269,1.22261979679843,115.269,1.21924217798611,,,,,,,,,,,,,,,,,,,,,,,,,,,,,,,,,,,,,,,,,,,,,,,,,,,,,,,,,,,,,,,,,,,,,,,,,,,,,,,,,,,,,,,,,,,,,,,,,,,,,,,,,,,,,,,
,,,,,,,,,,,,,,,,,,,,,,,115.768,1.21907701528274,115.768,1.22467647835374,115.768,1.22540567446238,115.768,1.22123925493177,115.768,1.21756238500089,,,,,,,,,,,,,,,,,,,,,,,,,,,,,,,,,,,,,,,,,,,,,,,,,,,,,,,,,,,,,,,,,,,,,,,,,,,,,,,,,,,,,,,,,,,,,,,,,,,,,,,,,,,,,,,
,,,,,,,,,,,,,,,,,,,,,,,116.267,1.21642233093555,116.267,1.21992335082904,116.267,1.23079384772794,116.267,1.21154308050363,116.267,1.215456707118,,,,,,,,,,,,,,,,,,,,,,,,,,,,,,,,,,,,,,,,,,,,,,,,,,,,,,,,,,,,,,,,,,,,,,,,,,,,,,,,,,,,,,,,,,,,,,,,,,,,,,,,,,,,,,,
,,,,,,,,,,,,,,,,,,,,,,,116.766,1.22378146654538,116.766,1.21383824695134,116.766,1.22917494171241,116.766,1.20806470953077,116.766,1.20990921330658,,,,,,,,,,,,,,,,,,,,,,,,,,,,,,,,,,,,,,,,,,,,,,,,,,,,,,,,,,,,,,,,,,,,,,,,,,,,,,,,,,,,,,,,,,,,,,,,,,,,,,,,,,,,,,,
,,,,,,,,,,,,,,,,,,,,,,,117.265,1.21573912230529,117.265,1.2218245130182,117.265,1.22317343763824,117.265,1.21235008817999,117.265,1.21131375767194,,,,,,,,,,,,,,,,,,,,,,,,,,,,,,,,,,,,,,,,,,,,,,,,,,,,,,,,,,,,,,,,,,,,,,,,,,,,,,,,,,,,,,,,,,,,,,,,,,,,,,,,,,,,,,,
,,,,,,,,,,,,,,,,,,,,,,,117.764,1.21656503170284,117.764,1.22488337961221,117.764,1.22447952000529,117.764,1.20999220136622,117.764,1.21323608828185,,,,,,,,,,,,,,,,,,,,,,,,,,,,,,,,,,,,,,,,,,,,,,,,,,,,,,,,,,,,,,,,,,,,,,,,,,,,,,,,,,,,,,,,,,,,,,,,,,,,,,,,,,,,,,,
,,,,,,,,,,,,,,,,,,,,,,,118.263,1.20653360234869,118.263,1.2230270553437,118.263,1.22651253902427,118.263,1.21430432210072,118.263,1.22223044260368,,,,,,,,,,,,,,,,,,,,,,,,,,,,,,,,,,,,,,,,,,,,,,,,,,,,,,,,,,,,,,,,,,,,,,,,,,,,,,,,,,,,,,,,,,,,,,,,,,,,,,,,,,,,,,,
,,,,,,,,,,,,,,,,,,,,,,,118.762,1.20503785102557,118.762,1.23781521482936,118.762,1.23797014474879,118.762,1.21797078569402,118.762,1.22128538239968,,,,,,,,,,,,,,,,,,,,,,,,,,,,,,,,,,,,,,,,,,,,,,,,,,,,,,,,,,,,,,,,,,,,,,,,,,,,,,,,,,,,,,,,,,,,,,,,,,,,,,,,,,,,,,,
,,,,,,,,,,,,,,,,,,,,,,,119.261,1.21013657313583,119.261,1.23173044096413,119.261,1.23460771853881,119.261,1.2199895776578,119.261,1.21693746279557,,,,,,,,,,,,,,,,,,,,,,,,,,,,,,,,,,,,,,,,,,,,,,,,,,,,,,,,,,,,,,,,,,,,,,,,,,,,,,,,,,,,,,,,,,,,,,,,,,,,,,,,,,,,,,,
,,,,,,,,,,,,,,,,,,,,,,,119.76,1.21461794395538,119.76,1.22256119987976,119.76,1.22471201053636,119.76,1.2152495359836,119.76,1.21123004604169,,,,,,,,,,,,,,,,,,,,,,,,,,,,,,,,,,,,,,,,,,,,,,,,,,,,,,,,,,,,,,,,,,,,,,,,,,,,,,,,,,,,,,,,,,,,,,,,,,,,,,,,,,,,,,,
,,,,,,,,,,,,,,,,,,,,,,,120.259,1.21075737189691,120.259,1.22183031059177,120.259,1.23797522088921,120.259,1.21774992898751,120.259,1.22294553043253,,,,,,,,,,,,,,,,,,,,,,,,,,,,,,,,,,,,,,,,,,,,,,,,,,,,,,,,,,,,,,,,,,,,,,,,,,,,,,,,,,,,,,,,,,,,,,,,,,,,,,,,,,,,,,,
,,,,,,,,,,,,,,,,,,,,,,,120.758,1.20302521160154,120.758,1.22311152449036,120.758,1.24159056631352,120.758,1.22022996441826,120.758,1.2272625973704,,,,,,,,,,,,,,,,,,,,,,,,,,,,,,,,,,,,,,,,,,,,,,,,,,,,,,,,,,,,,,,,,,,,,,,,,,,,,,,,,,,,,,,,,,,,,,,,,,,,,,,,,,,,,,,
,,,,,,,,,,,,,,,,,,,,,,,121.257,1.21552592519172,121.257,1.22446510172247,121.257,1.23749867769634,121.257,1.22457736615669,121.257,1.23774131816145,,,,,,,,,,,,,,,,,,,,,,,,,,,,,,,,,,,,,,,,,,,,,,,,,,,,,,,,,,,,,,,,,,,,,,,,,,,,,,,,,,,,,,,,,,,,,,,,,,,,,,,,,,,,,,,
,,,,,,,,,,,,,,,,,,,,,,,121.756,1.22685386218747,121.756,1.22533133687074,121.756,1.24283466753642,121.756,1.21732009924713,121.756,1.23563977104633,,,,,,,,,,,,,,,,,,,,,,,,,,,,,,,,,,,,,,,,,,,,,,,,,,,,,,,,,,,,,,,,,,,,,,,,,,,,,,,,,,,,,,,,,,,,,,,,,,,,,,,,,,,,,,,
,,,,,,,,,,,,,,,,,,,,,,,122.255,1.21361127380241,122.255,1.23296865093124,122.255,1.22984899347666,122.255,1.22642506114166,122.255,1.22710369142763,,,,,,,,,,,,,,,,,,,,,,,,,,,,,,,,,,,,,,,,,,,,,,,,,,,,,,,,,,,,,,,,,,,,,,,,,,,,,,,,,,,,,,,,,,,,,,,,,,,,,,,,,,,,,,,
,,,,,,,,,,,,,,,,,,,,,,,122.754,1.21604988490757,122.754,1.23096960470027,122.754,1.23998242018611,122.754,1.22855023680143,122.754,1.2291660241965,,,,,,,,,,,,,,,,,,,,,,,,,,,,,,,,,,,,,,,,,,,,,,,,,,,,,,,,,,,,,,,,,,,,,,,,,,,,,,,,,,,,,,,,,,,,,,,,,,,,,,,,,,,,,,,
,,,,,,,,,,,,,,,,,,,,,,,123.253,1.21642202035445,123.253,1.22767179532406,123.253,1.23650222402252,123.253,1.23771933131606,123.253,1.22272420360429,,,,,,,,,,,,,,,,,,,,,,,,,,,,,,,,,,,,,,,,,,,,,,,,,,,,,,,,,,,,,,,,,,,,,,,,,,,,,,,,,,,,,,,,,,,,,,,,,,,,,,,,,,,,,,,
,,,,,,,,,,,,,,,,,,,,,,,123.752,1.2162566273996,123.752,1.22456114311511,123.752,1.23159489597605,123.752,1.23183517506992,123.752,1.22671128944071,,,,,,,,,,,,,,,,,,,,,,,,,,,,,,,,,,,,,,,,,,,,,,,,,,,,,,,,,,,,,,,,,,,,,,,,,,,,,,,,,,,,,,,,,,,,,,,,,,,,,,,,,,,,,,,
,,,,,,,,,,,,,,,,,,,,,,,124.251,1.22259273542558,124.251,1.22781001388994,124.251,1.22709447005966,124.251,1.23585049034728,124.251,1.22339837947364,,,,,,,,,,,,,,,,,,,,,,,,,,,,,,,,,,,,,,,,,,,,,,,,,,,,,,,,,,,,,,,,,,,,,,,,,,,,,,,,,,,,,,,,,,,,,,,,,,,,,,,,,,,,,,,
,,,,,,,,,,,,,,,,,,,,,,,124.75,1.21983168138244,124.75,1.22304485110194,124.75,1.22952099734667,124.75,1.23870839232218,124.75,1.22469422596436,,,,,,,,,,,,,,,,,,,,,,,,,,,,,,,,,,,,,,,,,,,,,,,,,,,,,,,,,,,,,,,,,,,,,,,,,,,,,,,,,,,,,,,,,,,,,,,,,,,,,,,,,,,,,,,
,,,,,,,,,,,,,,,,,,,,,,,125.249,1.22251811053433,125.249,1.21624336443307,125.249,1.23201969548871,125.249,1.23982821703079,125.249,1.22169111865757,,,,,,,,,,,,,,,,,,,,,,,,,,,,,,,,,,,,,,,,,,,,,,,,,,,,,,,,,,,,,,,,,,,,,,,,,,,,,,,,,,,,,,,,,,,,,,,,,,,,,,,,,,,,,,,
,,,,,,,,,,,,,,,,,,,,,,,125.748,1.22269197202993,125.748,1.22881584320047,125.748,1.23639592535334,125.748,1.23656867008994,125.748,1.2246916231928,,,,,,,,,,,,,,,,,,,,,,,,,,,,,,,,,,,,,,,,,,,,,,,,,,,,,,,,,,,,,,,,,,,,,,,,,,,,,,,,,,,,,,,,,,,,,,,,,,,,,,,,,,,,,,,
,,,,,,,,,,,,,,,,,,,,,,,126.247,1.22710567287038,126.247,1.22324531232619,126.247,1.23286736547879,126.247,1.22247500931913,126.247,1.2270011142584,,,,,,,,,,,,,,,,,,,,,,,,,,,,,,,,,,,,,,,,,,,,,,,,,,,,,,,,,,,,,,,,,,,,,,,,,,,,,,,,,,,,,,,,,,,,,,,,,,,,,,,,,,,,,,,
,,,,,,,,,,,,,,,,,,,,,,,126.746,1.22064249206299,126.746,1.23069502882744,126.746,1.22254271210005,126.746,1.22764345642411,126.746,1.23191624102544,,,,,,,,,,,,,,,,,,,,,,,,,,,,,,,,,,,,,,,,,,,,,,,,,,,,,,,,,,,,,,,,,,,,,,,,,,,,,,,,,,,,,,,,,,,,,,,,,,,,,,,,,,,,,,,
,,,,,,,,,,,,,,,,,,,,,,,127.245,1.2297041720021,127.245,1.21756610556335,127.245,1.24251590896101,127.245,1.23165836489423,127.245,1.22246806108204,,,,,,,,,,,,,,,,,,,,,,,,,,,,,,,,,,,,,,,,,,,,,,,,,,,,,,,,,,,,,,,,,,,,,,,,,,,,,,,,,,,,,,,,,,,,,,,,,,,,,,,,,,,,,,,
,,,,,,,,,,,,,,,,,,,,,,,127.744,1.22480219000031,127.744,1.22524482518009,127.744,1.23256446071834,127.744,1.22445116496073,127.744,1.22643418119996,,,,,,,,,,,,,,,,,,,,,,,,,,,,,,,,,,,,,,,,,,,,,,,,,,,,,,,,,,,,,,,,,,,,,,,,,,,,,,,,,,,,,,,,,,,,,,,,,,,,,,,,,,,,,,,
,,,,,,,,,,,,,,,,,,,,,,,128.243,1.22200287443316,128.243,1.22697312168989,128.243,1.24239655744057,128.243,1.23811309753748,128.243,1.22240633582201,,,,,,,,,,,,,,,,,,,,,,,,,,,,,,,,,,,,,,,,,,,,,,,,,,,,,,,,,,,,,,,,,,,,,,,,,,,,,,,,,,,,,,,,,,,,,,,,,,,,,,,,,,,,,,,
,,,,,,,,,,,,,,,,,,,,,,,128.742,1.22367588120949,128.742,1.2302306007137,128.742,1.24237479988475,128.742,1.23956912876657,128.742,1.22618819558634,,,,,,,,,,,,,,,,,,,,,,,,,,,,,,,,,,,,,,,,,,,,,,,,,,,,,,,,,,,,,,,,,,,,,,,,,,,,,,,,,,,,,,,,,,,,,,,,,,,,,,,,,,,,,,,
,,,,,,,,,,,,,,,,,,,,,,,129.241,1.2273785880337,129.241,1.23251080454137,129.241,1.24449381238542,129.241,1.23630989977097,129.241,1.22220985184328,,,,,,,,,,,,,,,,,,,,,,,,,,,,,,,,,,,,,,,,,,,,,,,,,,,,,,,,,,,,,,,,,,,,,,,,,,,,,,,,,,,,,,,,,,,,,,,,,,,,,,,,,,,,,,,
,,,,,,,,,,,,,,,,,,,,,,,129.74,1.2143096181459,129.74,1.23346718321226,129.74,1.23504585050023,129.74,1.24272146166788,129.74,1.21704349869279,,,,,,,,,,,,,,,,,,,,,,,,,,,,,,,,,,,,,,,,,,,,,,,,,,,,,,,,,,,,,,,,,,,,,,,,,,,,,,,,,,,,,,,,,,,,,,,,,,,,,,,,,,,,,,,
,,,,,,,,,,,,,,,,,,,,,,,130.239,1.21142774127838,130.239,1.23168326981879,130.239,1.23708452164015,130.239,1.23545281348466,130.239,1.22721124249655,,,,,,,,,,,,,,,,,,,,,,,,,,,,,,,,,,,,,,,,,,,,,,,,,,,,,,,,,,,,,,,,,,,,,,,,,,,,,,,,,,,,,,,,,,,,,,,,,,,,,,,,,,,,,,,
,,,,,,,,,,,,,,,,,,,,,,,130.738,1.21896132134793,130.738,1.22407620153792,130.738,1.23886341901023,130.738,1.22526812915639,130.738,1.23508241878189,,,,,,,,,,,,,,,,,,,,,,,,,,,,,,,,,,,,,,,,,,,,,,,,,,,,,,,,,,,,,,,,,,,,,,,,,,,,,,,,,,,,,,,,,,,,,,,,,,,,,,,,,,,,,,,
,,,,,,,,,,,,,,,,,,,,,,,131.237,1.22898258964619,131.237,1.2305067177315,131.237,1.24433594893339,131.237,1.23341337035447,131.237,1.22579035548927,,,,,,,,,,,,,,,,,,,,,,,,,,,,,,,,,,,,,,,,,,,,,,,,,,,,,,,,,,,,,,,,,,,,,,,,,,,,,,,,,,,,,,,,,,,,,,,,,,,,,,,,,,,,,,,
,,,,,,,,,,,,,,,,,,,,,,,131.736,1.22499069932385,131.736,1.24196362852676,131.736,1.24469956963743,131.736,1.22689527855245,131.736,1.2278044559989,,,,,,,,,,,,,,,,,,,,,,,,,,,,,,,,,,,,,,,,,,,,,,,,,,,,,,,,,,,,,,,,,,,,,,,,,,,,,,,,,,,,,,,,,,,,,,,,,,,,,,,,,,,,,,,
,,,,,,,,,,,,,,,,,,,,,,,132.235,1.22151517206446,132.235,1.23528554265083,132.235,1.23453480983735,132.235,1.23547647618579,132.235,1.22653022651417,,,,,,,,,,,,,,,,,,,,,,,,,,,,,,,,,,,,,,,,,,,,,,,,,,,,,,,,,,,,,,,,,,,,,,,,,,,,,,,,,,,,,,,,,,,,,,,,,,,,,,,,,,,,,,,
,,,,,,,,,,,,,,,,,,,,,,,132.734,1.21739520737301,132.734,1.22754322933628,132.734,1.23504509234185,132.734,1.23071525811431,132.734,1.22465737855653,,,,,,,,,,,,,,,,,,,,,,,,,,,,,,,,,,,,,,,,,,,,,,,,,,,,,,,,,,,,,,,,,,,,,,,,,,,,,,,,,,,,,,,,,,,,,,,,,,,,,,,,,,,,,,,
,,,,,,,,,,,,,,,,,,,,,,,133.233,1.21929440669885,133.233,1.22569119026715,133.233,1.23994871399224,133.233,1.22954896178139,133.233,1.23444636029541,,,,,,,,,,,,,,,,,,,,,,,,,,,,,,,,,,,,,,,,,,,,,,,,,,,,,,,,,,,,,,,,,,,,,,,,,,,,,,,,,,,,,,,,,,,,,,,,,,,,,,,,,,,,,,,
,,,,,,,,,,,,,,,,,,,,,,,133.732,1.22545846965346,133.732,1.22363179312834,133.732,1.23125096591525,133.732,1.22456241157229,133.732,1.23486405120846,,,,,,,,,,,,,,,,,,,,,,,,,,,,,,,,,,,,,,,,,,,,,,,,,,,,,,,,,,,,,,,,,,,,,,,,,,,,,,,,,,,,,,,,,,,,,,,,,,,,,,,,,,,,,,,
,,,,,,,,,,,,,,,,,,,,,,,134.231,1.23019918860672,134.231,1.2178344989804,134.231,1.24577856211188,134.231,1.2202974613069,134.231,1.23067011515305,,,,,,,,,,,,,,,,,,,,,,,,,,,,,,,,,,,,,,,,,,,,,,,,,,,,,,,,,,,,,,,,,,,,,,,,,,,,,,,,,,,,,,,,,,,,,,,,,,,,,,,,,,,,,,,
,,,,,,,,,,,,,,,,,,,,,,,134.73,1.22438822145734,134.73,1.23563564057525,134.73,1.24884088947375,134.73,1.22157574974359,134.73,1.22725596794489,,,,,,,,,,,,,,,,,,,,,,,,,,,,,,,,,,,,,,,,,,,,,,,,,,,,,,,,,,,,,,,,,,,,,,,,,,,,,,,,,,,,,,,,,,,,,,,,,,,,,,,,,,,,,,,
,,,,,,,,,,,,,,,,,,,,,,,135.229,1.21760121464862,135.229,1.23370700518709,135.229,1.24485471084756,135.229,1.22097692522338,135.229,1.22958803920404,,,,,,,,,,,,,,,,,,,,,,,,,,,,,,,,,,,,,,,,,,,,,,,,,,,,,,,,,,,,,,,,,,,,,,,,,,,,,,,,,,,,,,,,,,,,,,,,,,,,,,,,,,,,,,,
,,,,,,,,,,,,,,,,,,,,,,,135.728,1.21255508207568,135.728,1.23231927355804,135.728,1.24098174246733,135.728,1.22729680551412,135.728,1.23468083570672,,,,,,,,,,,,,,,,,,,,,,,,,,,,,,,,,,,,,,,,,,,,,,,,,,,,,,,,,,,,,,,,,,,,,,,,,,,,,,,,,,,,,,,,,,,,,,,,,,,,,,,,,,,,,,,
,,,,,,,,,,,,,,,,,,,,,,,136.227,1.23042966768664,136.227,1.23140739368595,136.227,1.24544703260678,136.227,1.21889109279368,136.227,1.23218932266936,,,,,,,,,,,,,,,,,,,,,,,,,,,,,,,,,,,,,,,,,,,,,,,,,,,,,,,,,,,,,,,,,,,,,,,,,,,,,,,,,,,,,,,,,,,,,,,,,,,,,,,,,,,,,,,
,,,,,,,,,,,,,,,,,,,,,,,136.726,1.22611455657979,136.726,1.23315647237829,136.726,1.24086363597322,136.726,1.22431718416143,136.726,1.23188963724854,,,,,,,,,,,,,,,,,,,,,,,,,,,,,,,,,,,,,,,,,,,,,,,,,,,,,,,,,,,,,,,,,,,,,,,,,,,,,,,,,,,,,,,,,,,,,,,,,,,,,,,,,,,,,,,
,,,,,,,,,,,,,,,,,,,,,,,137.225,1.22697595363869,137.225,1.23000692316318,137.225,1.24919064894743,137.225,1.21875701881444,137.225,1.23114996456477,,,,,,,,,,,,,,,,,,,,,,,,,,,,,,,,,,,,,,,,,,,,,,,,,,,,,,,,,,,,,,,,,,,,,,,,,,,,,,,,,,,,,,,,,,,,,,,,,,,,,,,,,,,,,,,
,,,,,,,,,,,,,,,,,,,,,,,137.724,1.22314874248916,137.724,1.23060668499586,137.724,1.24708522000212,137.724,1.22519960508474,137.724,1.23168540960462,,,,,,,,,,,,,,,,,,,,,,,,,,,,,,,,,,,,,,,,,,,,,,,,,,,,,,,,,,,,,,,,,,,,,,,,,,,,,,,,,,,,,,,,,,,,,,,,,,,,,,,,,,,,,,,
,,,,,,,,,,,,,,,,,,,,,,,138.223,1.22276720149971,138.223,1.21957346322032,138.223,1.24628039034117,138.223,1.22828923722134,138.223,1.22743040667579,,,,,,,,,,,,,,,,,,,,,,,,,,,,,,,,,,,,,,,,,,,,,,,,,,,,,,,,,,,,,,,,,,,,,,,,,,,,,,,,,,,,,,,,,,,,,,,,,,,,,,,,,,,,,,,
,,,,,,,,,,,,,,,,,,,,,,,138.722,1.21886137958253,138.722,1.22835524766474,138.722,1.24953556665389,138.722,1.23075435904114,138.722,1.22407459782644,,,,,,,,,,,,,,,,,,,,,,,,,,,,,,,,,,,,,,,,,,,,,,,,,,,,,,,,,,,,,,,,,,,,,,,,,,,,,,,,,,,,,,,,,,,,,,,,,,,,,,,,,,,,,,,
,,,,,,,,,,,,,,,,,,,,,,,139.221,1.21836392977407,139.221,1.23297083950465,139.221,1.24690643067046,139.221,1.22270594438151,139.221,1.23048804775536,,,,,,,,,,,,,,,,,,,,,,,,,,,,,,,,,,,,,,,,,,,,,,,,,,,,,,,,,,,,,,,,,,,,,,,,,,,,,,,,,,,,,,,,,,,,,,,,,,,,,,,,,,,,,,,
,,,,,,,,,,,,,,,,,,,,,,,139.72,1.22759623378388,139.72,1.23161627024627,139.72,1.24851016593542,139.72,1.22276518326085,139.72,1.23405040853744,,,,,,,,,,,,,,,,,,,,,,,,,,,,,,,,,,,,,,,,,,,,,,,,,,,,,,,,,,,,,,,,,,,,,,,,,,,,,,,,,,,,,,,,,,,,,,,,,,,,,,,,,,,,,,,
,,,,,,,,,,,,,,,,,,,,,,,140.219,1.22184678716536,140.219,1.23023898568278,140.219,1.24797143009352,140.219,1.22222791797137,140.219,1.22627939347983,,,,,,,,,,,,,,,,,,,,,,,,,,,,,,,,,,,,,,,,,,,,,,,,,,,,,,,,,,,,,,,,,,,,,,,,,,,,,,,,,,,,,,,,,,,,,,,,,,,,,,,,,,,,,,,
,,,,,,,,,,,,,,,,,,,,,,,140.718,1.21996093493166,140.718,1.22932540500865,140.718,1.25214829186795,140.718,1.21861921735434,140.718,1.23449001911778,,,,,,,,,,,,,,,,,,,,,,,,,,,,,,,,,,,,,,,,,,,,,,,,,,,,,,,,,,,,,,,,,,,,,,,,,,,,,,,,,,,,,,,,,,,,,,,,,,,,,,,,,,,,,,,
,,,,,,,,,,,,,,,,,,,,,,,141.217,1.21272356874057,141.217,1.23348167077822,141.217,1.24559197548754,141.217,1.22557183858524,141.217,1.23030079688631,,,,,,,,,,,,,,,,,,,,,,,,,,,,,,,,,,,,,,,,,,,,,,,,,,,,,,,,,,,,,,,,,,,,,,,,,,,,,,,,,,,,,,,,,,,,,,,,,,,,,,,,,,,,,,,
,,,,,,,,,,,,,,,,,,,,,,,141.716,1.22208630161253,141.716,1.23797159070963,141.716,1.24783025390739,141.716,1.23341970290404,141.716,1.23705996999095,,,,,,,,,,,,,,,,,,,,,,,,,,,,,,,,,,,,,,,,,,,,,,,,,,,,,,,,,,,,,,,,,,,,,,,,,,,,,,,,,,,,,,,,,,,,,,,,,,,,,,,,,,,,,,,
,,,,,,,,,,,,,,,,,,,,,,,142.215,1.21697231627983,142.215,1.22880953134,142.215,1.25020236832084,142.215,1.2330494106663,142.215,1.23240154022407,,,,,,,,,,,,,,,,,,,,,,,,,,,,,,,,,,,,,,,,,,,,,,,,,,,,,,,,,,,,,,,,,,,,,,,,,,,,,,,,,,,,,,,,,,,,,,,,,,,,,,,,,,,,,,,
,,,,,,,,,,,,,,,,,,,,,,,142.714,1.22210040854023,142.714,1.23459332338043,142.714,1.24465722072896,142.714,1.22090842099389,142.714,1.24167134571588,,,,,,,,,,,,,,,,,,,,,,,,,,,,,,,,,,,,,,,,,,,,,,,,,,,,,,,,,,,,,,,,,,,,,,,,,,,,,,,,,,,,,,,,,,,,,,,,,,,,,,,,,,,,,,,
,,,,,,,,,,,,,,,,,,,,,,,143.213,1.22565861297959,143.213,1.23578600324116,143.213,1.24152542893294,143.213,1.22649610049392,143.213,1.23841194444414,,,,,,,,,,,,,,,,,,,,,,,,,,,,,,,,,,,,,,,,,,,,,,,,,,,,,,,,,,,,,,,,,,,,,,,,,,,,,,,,,,,,,,,,,,,,,,,,,,,,,,,,,,,,,,,
,,,,,,,,,,,,,,,,,,,,,,,143.712,1.21953520728862,143.712,1.23171256742735,143.712,1.24798649881843,143.712,1.22046340621456,143.712,1.24184122098328,,,,,,,,,,,,,,,,,,,,,,,,,,,,,,,,,,,,,,,,,,,,,,,,,,,,,,,,,,,,,,,,,,,,,,,,,,,,,,,,,,,,,,,,,,,,,,,,,,,,,,,,,,,,,,,
,,,,,,,,,,,,,,,,,,,,,,,144.211,1.21736828358104,144.211,1.23534187312502,144.211,1.24729874028677,144.211,1.22610036279823,144.211,1.24505626721241,,,,,,,,,,,,,,,,,,,,,,,,,,,,,,,,,,,,,,,,,,,,,,,,,,,,,,,,,,,,,,,,,,,,,,,,,,,,,,,,,,,,,,,,,,,,,,,,,,,,,,,,,,,,,,,
,,,,,,,,,,,,,,,,,,,,,,,144.71,1.21908585275849,144.71,1.24054005750674,144.71,1.24915400229508,144.71,1.22814344687217,144.71,1.23955834807388,,,,,,,,,,,,,,,,,,,,,,,,,,,,,,,,,,,,,,,,,,,,,,,,,,,,,,,,,,,,,,,,,,,,,,,,,,,,,,,,,,,,,,,,,,,,,,,,,,,,,,,,,,,,,,,
,,,,,,,,,,,,,,,,,,,,,,,145.209,1.22761534093847,145.209,1.23962562672433,145.209,1.24929369795041,145.209,1.22680720086825,145.209,1.23878847522294,,,,,,,,,,,,,,,,,,,,,,,,,,,,,,,,,,,,,,,,,,,,,,,,,,,,,,,,,,,,,,,,,,,,,,,,,,,,,,,,,,,,,,,,,,,,,,,,,,,,,,,,,,,,,,,
,,,,,,,,,,,,,,,,,,,,,,,145.708,1.21688198682379,145.708,1.24248751600082,145.708,1.247654743215,145.708,1.22429727892629,145.708,1.23113573661077,,,,,,,,,,,,,,,,,,,,,,,,,,,,,,,,,,,,,,,,,,,,,,,,,,,,,,,,,,,,,,,,,,,,,,,,,,,,,,,,,,,,,,,,,,,,,,,,,,,,,,,,,,,,,,,
,,,,,,,,,,,,,,,,,,,,,,,146.207,1.22527851764454,146.207,1.24030453727591,146.207,1.24876727554502,146.207,1.23083536811537,146.207,1.23288629724059,,,,,,,,,,,,,,,,,,,,,,,,,,,,,,,,,,,,,,,,,,,,,,,,,,,,,,,,,,,,,,,,,,,,,,,,,,,,,,,,,,,,,,,,,,,,,,,,,,,,,,,,,,,,,,,
,,,,,,,,,,,,,,,,,,,,,,,146.706,1.2252870660661,146.706,1.23454907425867,146.706,1.25894517731345,146.706,1.22206995656925,146.706,1.23789977233472,,,,,,,,,,,,,,,,,,,,,,,,,,,,,,,,,,,,,,,,,,,,,,,,,,,,,,,,,,,,,,,,,,,,,,,,,,,,,,,,,,,,,,,,,,,,,,,,,,,,,,,,,,,,,,,
,,,,,,,,,,,,,,,,,,,,,,,147.205,1.22485451109004,147.205,1.23732440038439,147.205,1.24922763495931,147.205,1.22295212092045,147.205,1.23170809526937,,,,,,,,,,,,,,,,,,,,,,,,,,,,,,,,,,,,,,,,,,,,,,,,,,,,,,,,,,,,,,,,,,,,,,,,,,,,,,,,,,,,,,,,,,,,,,,,,,,,,,,,,,,,,,,
,,,,,,,,,,,,,,,,,,,,,,,147.704,1.22179321047328,147.704,1.23676415894892,147.704,1.25219057010187,147.704,1.23439705021367,147.704,1.24371956331379,,,,,,,,,,,,,,,,,,,,,,,,,,,,,,,,,,,,,,,,,,,,,,,,,,,,,,,,,,,,,,,,,,,,,,,,,,,,,,,,,,,,,,,,,,,,,,,,,,,,,,,,,,,,,,,
,,,,,,,,,,,,,,,,,,,,,,,148.203,1.22383696872328,148.203,1.23801850718778,148.203,1.24669406242021,148.203,1.23280298538364,148.203,1.25036564788263,,,,,,,,,,,,,,,,,,,,,,,,,,,,,,,,,,,,,,,,,,,,,,,,,,,,,,,,,,,,,,,,,,,,,,,,,,,,,,,,,,,,,,,,,,,,,,,,,,,,,,,,,,,,,,,
,,,,,,,,,,,,,,,,,,,,,,,148.702,1.22882086694531,148.702,1.23165456668432,148.702,1.26195359870923,148.702,1.22724224775995,148.702,1.24150523863702,,,,,,,,,,,,,,,,,,,,,,,,,,,,,,,,,,,,,,,,,,,,,,,,,,,,,,,,,,,,,,,,,,,,,,,,,,,,,,,,,,,,,,,,,,,,,,,,,,,,,,,,,,,,,,,
,,,,,,,,,,,,,,,,,,,,,,,149.201,1.21976949598339,149.201,1.23382927968557,149.201,1.25403288221717,149.201,1.22823817422916,149.201,1.23775728016313,,,,,,,,,,,,,,,,,,,,,,,,,,,,,,,,,,,,,,,,,,,,,,,,,,,,,,,,,,,,,,,,,,,,,,,,,,,,,,,,,,,,,,,,,,,,,,,,,,,,,,,,,,,,,,,
,,,,,,,,,,,,,,,,,,,,,,,149.7,1.22710725571104,149.7,1.2322755277555,149.7,1.26250455834311,149.7,1.22572949268975,149.7,1.23981275372032,,,,,,,,,,,,,,,,,,,,,,,,,,,,,,,,,,,,,,,,,,,,,,,,,,,,,,,,,,,,,,,,,,,,,,,,,,,,,,,,,,,,,,,,,,,,,,,,,,,,,,,,,,,,,,,
,,,,,,,,,,,,,,,,,,,,,,,150.199,1.21591821823605,150.199,1.22748015136864,150.199,1.2571612562738,150.199,1.22866428610028,150.199,1.24965581699502,,,,,,,,,,,,,,,,,,,,,,,,,,,,,,,,,,,,,,,,,,,,,,,,,,,,,,,,,,,,,,,,,,,,,,,,,,,,,,,,,,,,,,,,,,,,,,,,,,,,,,,,,,,,,,,
,,,,,,,,,,,,,,,,,,,,,,,150.698,1.21699830151928,150.698,1.23906629399282,150.698,1.26096640551043,150.698,1.21995962801082,150.698,1.24788706171411,,,,,,,,,,,,,,,,,,,,,,,,,,,,,,,,,,,,,,,,,,,,,,,,,,,,,,,,,,,,,,,,,,,,,,,,,,,,,,,,,,,,,,,,,,,,,,,,,,,,,,,,,,,,,,,
,,,,,,,,,,,,,,,,,,,,,,,151.197,1.22314101662022,151.197,1.23202611569941,151.197,1.25374867998542,151.197,1.22766297932345,151.197,1.24347350352015,,,,,,,,,,,,,,,,,,,,,,,,,,,,,,,,,,,,,,,,,,,,,,,,,,,,,,,,,,,,,,,,,,,,,,,,,,,,,,,,,,,,,,,,,,,,,,,,,,,,,,,,,,,,,,,
,,,,,,,,,,,,,,,,,,,,,,,151.696,1.22602621779104,151.696,1.23376713299249,151.696,1.24750188701561,151.696,1.2149424360884,151.696,1.24045178424178,,,,,,,,,,,,,,,,,,,,,,,,,,,,,,,,,,,,,,,,,,,,,,,,,,,,,,,,,,,,,,,,,,,,,,,,,,,,,,,,,,,,,,,,,,,,,,,,,,,,,,,,,,,,,,,
,,,,,,,,,,,,,,,,,,,,,,,152.195,1.21695782358366,152.195,1.23147398097894,152.195,1.24605324742794,152.195,1.22425838310789,152.195,1.2483456644154,,,,,,,,,,,,,,,,,,,,,,,,,,,,,,,,,,,,,,,,,,,,,,,,,,,,,,,,,,,,,,,,,,,,,,,,,,,,,,,,,,,,,,,,,,,,,,,,,,,,,,,,,,,,,,,
,,,,,,,,,,,,,,,,,,,,,,,152.694,1.216738367803,152.694,1.23000657758187,152.694,1.24322521215832,152.694,1.21421261636943,152.694,1.24941520112811,,,,,,,,,,,,,,,,,,,,,,,,,,,,,,,,,,,,,,,,,,,,,,,,,,,,,,,,,,,,,,,,,,,,,,,,,,,,,,,,,,,,,,,,,,,,,,,,,,,,,,,,,,,,,,,
,,,,,,,,,,,,,,,,,,,,,,,153.193,1.22114438885887,153.193,1.2341644423378,153.193,1.25715496774323,153.193,1.21620683791134,153.193,1.26004199956743,,,,,,,,,,,,,,,,,,,,,,,,,,,,,,,,,,,,,,,,,,,,,,,,,,,,,,,,,,,,,,,,,,,,,,,,,,,,,,,,,,,,,,,,,,,,,,,,,,,,,,,,,,,,,,,
,,,,,,,,,,,,,,,,,,,,,,,153.692,1.22618553356092,153.692,1.22467619553844,153.692,1.2594398620461,153.692,1.21026263179636,153.692,1.26062280552222,,,,,,,,,,,,,,,,,,,,,,,,,,,,,,,,,,,,,,,,,,,,,,,,,,,,,,,,,,,,,,,,,,,,,,,,,,,,,,,,,,,,,,,,,,,,,,,,,,,,,,,,,,,,,,,
,,,,,,,,,,,,,,,,,,,,,,,154.191,1.22122423539304,154.191,1.24021618421195,154.191,1.25322385948465,154.191,1.22498862550344,154.191,1.25395098455555,,,,,,,,,,,,,,,,,,,,,,,,,,,,,,,,,,,,,,,,,,,,,,,,,,,,,,,,,,,,,,,,,,,,,,,,,,,,,,,,,,,,,,,,,,,,,,,,,,,,,,,,,,,,,,,
,,,,,,,,,,,,,,,,,,,,,,,154.69,1.2234492654953,154.69,1.23647221486717,154.69,1.26735397723367,154.69,1.22182787956681,154.69,1.24935738543995,,,,,,,,,,,,,,,,,,,,,,,,,,,,,,,,,,,,,,,,,,,,,,,,,,,,,,,,,,,,,,,,,,,,,,,,,,,,,,,,,,,,,,,,,,,,,,,,,,,,,,,,,,,,,,,
,,,,,,,,,,,,,,,,,,,,,,,155.189,1.22086300930519,155.189,1.23298041058358,155.189,1.26960478855845,155.189,1.21901772335854,155.189,1.25104608313185,,,,,,,,,,,,,,,,,,,,,,,,,,,,,,,,,,,,,,,,,,,,,,,,,,,,,,,,,,,,,,,,,,,,,,,,,,,,,,,,,,,,,,,,,,,,,,,,,,,,,,,,,,,,,,,
,,,,,,,,,,,,,,,,,,,,,,,155.688,1.23173706779363,155.688,1.24384883844056,155.688,1.26255066962153,155.688,1.22451339525222,155.688,1.24185751997283,,,,,,,,,,,,,,,,,,,,,,,,,,,,,,,,,,,,,,,,,,,,,,,,,,,,,,,,,,,,,,,,,,,,,,,,,,,,,,,,,,,,,,,,,,,,,,,,,,,,,,,,,,,,,,,
,,,,,,,,,,,,,,,,,,,,,,,156.187,1.22818203116835,156.187,1.24735136745709,156.187,1.26575795025916,156.187,1.22557571157586,156.187,1.24971164671869,,,,,,,,,,,,,,,,,,,,,,,,,,,,,,,,,,,,,,,,,,,,,,,,,,,,,,,,,,,,,,,,,,,,,,,,,,,,,,,,,,,,,,,,,,,,,,,,,,,,,,,,,,,,,,,
,,,,,,,,,,,,,,,,,,,,,,,156.686,1.22143694826767,156.686,1.23121042477416,156.686,1.26405371841369,156.686,1.2186250195159,156.686,1.24150197804047,,,,,,,,,,,,,,,,,,,,,,,,,,,,,,,,,,,,,,,,,,,,,,,,,,,,,,,,,,,,,,,,,,,,,,,,,,,,,,,,,,,,,,,,,,,,,,,,,,,,,,,,,,,,,,,
,,,,,,,,,,,,,,,,,,,,,,,157.185,1.21542756712013,157.185,1.23251865773553,157.185,1.26224977300095,157.185,1.21991470293677,157.185,1.24868054119655,,,,,,,,,,,,,,,,,,,,,,,,,,,,,,,,,,,,,,,,,,,,,,,,,,,,,,,,,,,,,,,,,,,,,,,,,,,,,,,,,,,,,,,,,,,,,,,,,,,,,,,,,,,,,,,
,,,,,,,,,,,,,,,,,,,,,,,157.684,1.21901257627282,157.684,1.23953085655501,157.684,1.27006657185174,157.684,1.21847368097536,157.684,1.25042793760267,,,,,,,,,,,,,,,,,,,,,,,,,,,,,,,,,,,,,,,,,,,,,,,,,,,,,,,,,,,,,,,,,,,,,,,,,,,,,,,,,,,,,,,,,,,,,,,,,,,,,,,,,,,,,,,
,,,,,,,,,,,,,,,,,,,,,,,158.183,1.23116427541913,158.183,1.23627771834615,158.183,1.25939379954396,158.183,1.22652725808317,158.183,1.25007649365997,,,,,,,,,,,,,,,,,,,,,,,,,,,,,,,,,,,,,,,,,,,,,,,,,,,,,,,,,,,,,,,,,,,,,,,,,,,,,,,,,,,,,,,,,,,,,,,,,,,,,,,,,,,,,,,
,,,,,,,,,,,,,,,,,,,,,,,158.682,1.23323435759405,158.682,1.24211002118197,158.682,1.26852078175953,158.682,1.21952038804067,158.682,1.24813463518272,,,,,,,,,,,,,,,,,,,,,,,,,,,,,,,,,,,,,,,,,,,,,,,,,,,,,,,,,,,,,,,,,,,,,,,,,,,,,,,,,,,,,,,,,,,,,,,,,,,,,,,,,,,,,,,
,,,,,,,,,,,,,,,,,,,,,,,159.181,1.22366054947785,159.181,1.23872084749835,159.181,1.27269817403873,159.181,1.2284260498472,159.181,1.25278787011814,,,,,,,,,,,,,,,,,,,,,,,,,,,,,,,,,,,,,,,,,,,,,,,,,,,,,,,,,,,,,,,,,,,,,,,,,,,,,,,,,,,,,,,,,,,,,,,,,,,,,,,,,,,,,,,
,,,,,,,,,,,,,,,,,,,,,,,159.68,1.21785290635378,159.68,1.23354397868001,159.68,1.26893147120007,159.68,1.22278238041515,159.68,1.25344338481085,,,,,,,,,,,,,,,,,,,,,,,,,,,,,,,,,,,,,,,,,,,,,,,,,,,,,,,,,,,,,,,,,,,,,,,,,,,,,,,,,,,,,,,,,,,,,,,,,,,,,,,,,,,,,,,
,,,,,,,,,,,,,,,,,,,,,,,160.179,1.21835089897635,160.179,1.24152884002647,160.179,1.2647285237242,160.179,1.23371629615726,160.179,1.23932366176998,,,,,,,,,,,,,,,,,,,,,,,,,,,,,,,,,,,,,,,,,,,,,,,,,,,,,,,,,,,,,,,,,,,,,,,,,,,,,,,,,,,,,,,,,,,,,,,,,,,,,,,,,,,,,,,
,,,,,,,,,,,,,,,,,,,,,,,160.678,1.21910198635342,160.678,1.24975400581367,160.678,1.26586017219607,160.678,1.22640626001985,160.678,1.24809068676154,,,,,,,,,,,,,,,,,,,,,,,,,,,,,,,,,,,,,,,,,,,,,,,,,,,,,,,,,,,,,,,,,,,,,,,,,,,,,,,,,,,,,,,,,,,,,,,,,,,,,,,,,,,,,,,
,,,,,,,,,,,,,,,,,,,,,,,161.177,1.22188208565204,161.177,1.2518980698567,161.177,1.27287636493075,161.177,1.22597114077311,161.177,1.250132126735,,,,,,,,,,,,,,,,,,,,,,,,,,,,,,,,,,,,,,,,,,,,,,,,,,,,,,,,,,,,,,,,,,,,,,,,,,,,,,,,,,,,,,,,,,,,,,,,,,,,,,,,,,,,,,,
,,,,,,,,,,,,,,,,,,,,,,,161.676,1.21732130466819,161.676,1.24545863491071,161.676,1.2613817004959,161.676,1.22553535938441,161.676,1.25251893747111,,,,,,,,,,,,,,,,,,,,,,,,,,,,,,,,,,,,,,,,,,,,,,,,,,,,,,,,,,,,,,,,,,,,,,,,,,,,,,,,,,,,,,,,,,,,,,,,,,,,,,,,,,,,,,,
,,,,,,,,,,,,,,,,,,,,,,,162.175,1.22977342114139,162.175,1.23597551996834,162.175,1.26460946189972,162.175,1.22486686206227,162.175,1.24828940569405,,,,,,,,,,,,,,,,,,,,,,,,,,,,,,,,,,,,,,,,,,,,,,,,,,,,,,,,,,,,,,,,,,,,,,,,,,,,,,,,,,,,,,,,,,,,,,,,,,,,,,,,,,,,,,,
,,,,,,,,,,,,,,,,,,,,,,,162.674,1.22534779069626,162.674,1.23292173138743,162.674,1.26650294302662,162.674,1.22608688984701,162.674,1.24027431426601,,,,,,,,,,,,,,,,,,,,,,,,,,,,,,,,,,,,,,,,,,,,,,,,,,,,,,,,,,,,,,,,,,,,,,,,,,,,,,,,,,,,,,,,,,,,,,,,,,,,,,,,,,,,,,,
,,,,,,,,,,,,,,,,,,,,,,,163.173,1.21927142501674,163.173,1.23887700266836,163.173,1.26551383071085,163.173,1.23070291773666,163.173,1.24146215065381,,,,,,,,,,,,,,,,,,,,,,,,,,,,,,,,,,,,,,,,,,,,,,,,,,,,,,,,,,,,,,,,,,,,,,,,,,,,,,,,,,,,,,,,,,,,,,,,,,,,,,,,,,,,,,,
,,,,,,,,,,,,,,,,,,,,,,,163.672,1.2255123332873,163.672,1.23837463491584,163.672,1.2683871272816,163.672,1.22828371039745,163.672,1.25381420688271,,,,,,,,,,,,,,,,,,,,,,,,,,,,,,,,,,,,,,,,,,,,,,,,,,,,,,,,,,,,,,,,,,,,,,,,,,,,,,,,,,,,,,,,,,,,,,,,,,,,,,,,,,,,,,,
,,,,,,,,,,,,,,,,,,,,,,,164.171,1.22789149088796,164.171,1.22848985961745,164.171,1.27125828189455,164.171,1.23483400342593,164.171,1.24622272273237,,,,,,,,,,,,,,,,,,,,,,,,,,,,,,,,,,,,,,,,,,,,,,,,,,,,,,,,,,,,,,,,,,,,,,,,,,,,,,,,,,,,,,,,,,,,,,,,,,,,,,,,,,,,,,,
,,,,,,,,,,,,,,,,,,,,,,,164.67,1.21964201725311,164.67,1.23624253489972,164.67,1.27256472841565,164.67,1.22678526320715,164.67,1.25178665660466,,,,,,,,,,,,,,,,,,,,,,,,,,,,,,,,,,,,,,,,,,,,,,,,,,,,,,,,,,,,,,,,,,,,,,,,,,,,,,,,,,,,,,,,,,,,,,,,,,,,,,,,,,,,,,,
,,,,,,,,,,,,,,,,,,,,,,,165.169,1.22514964988231,165.169,1.24198365742082,165.169,1.2649241948635,165.169,1.21538569274061,165.169,1.24896486718492,,,,,,,,,,,,,,,,,,,,,,,,,,,,,,,,,,,,,,,,,,,,,,,,,,,,,,,,,,,,,,,,,,,,,,,,,,,,,,,,,,,,,,,,,,,,,,,,,,,,,,,,,,,,,,,
,,,,,,,,,,,,,,,,,,,,,,,165.668,1.22859999022108,165.668,1.23915168343532,165.668,1.25898472207868,165.668,1.21813397743664,165.668,1.24980195626201,,,,,,,,,,,,,,,,,,,,,,,,,,,,,,,,,,,,,,,,,,,,,,,,,,,,,,,,,,,,,,,,,,,,,,,,,,,,,,,,,,,,,,,,,,,,,,,,,,,,,,,,,,,,,,,
,,,,,,,,,,,,,,,,,,,,,,,166.167,1.21744033255178,166.167,1.24739325509332,166.167,1.256317244202,166.167,1.22641774757378,166.167,1.25407411255392,,,,,,,,,,,,,,,,,,,,,,,,,,,,,,,,,,,,,,,,,,,,,,,,,,,,,,,,,,,,,,,,,,,,,,,,,,,,,,,,,,,,,,,,,,,,,,,,,,,,,,,,,,,,,,,
,,,,,,,,,,,,,,,,,,,,,,,166.666,1.22970993772722,166.666,1.24967102588919,166.666,1.27021327320852,166.666,1.22850395804677,166.666,1.24669401108111,,,,,,,,,,,,,,,,,,,,,,,,,,,,,,,,,,,,,,,,,,,,,,,,,,,,,,,,,,,,,,,,,,,,,,,,,,,,,,,,,,,,,,,,,,,,,,,,,,,,,,,,,,,,,,,
,,,,,,,,,,,,,,,,,,,,,,,167.165,1.22651513758847,167.165,1.23904027709661,167.165,1.26806026581775,167.165,1.2269541517329,167.165,1.24302765996652,,,,,,,,,,,,,,,,,,,,,,,,,,,,,,,,,,,,,,,,,,,,,,,,,,,,,,,,,,,,,,,,,,,,,,,,,,,,,,,,,,,,,,,,,,,,,,,,,,,,,,,,,,,,,,,
,,,,,,,,,,,,,,,,,,,,,,,167.664,1.23030303985756,167.664,1.24473527150877,167.664,1.26820925885482,167.664,1.23460524984571,167.664,1.24753941938265,,,,,,,,,,,,,,,,,,,,,,,,,,,,,,,,,,,,,,,,,,,,,,,,,,,,,,,,,,,,,,,,,,,,,,,,,,,,,,,,,,,,,,,,,,,,,,,,,,,,,,,,,,,,,,,
,,,,,,,,,,,,,,,,,,,,,,,168.163,1.22824763037826,168.163,1.24677861052619,168.163,1.26491732219507,168.163,1.22800267871097,168.163,1.24258591959227,,,,,,,,,,,,,,,,,,,,,,,,,,,,,,,,,,,,,,,,,,,,,,,,,,,,,,,,,,,,,,,,,,,,,,,,,,,,,,,,,,,,,,,,,,,,,,,,,,,,,,,,,,,,,,,
,,,,,,,,,,,,,,,,,,,,,,,168.662,1.23077266648628,168.662,1.24548244230501,168.662,1.27305377750375,168.662,1.22761701088297,168.662,1.24695558349548,,,,,,,,,,,,,,,,,,,,,,,,,,,,,,,,,,,,,,,,,,,,,,,,,,,,,,,,,,,,,,,,,,,,,,,,,,,,,,,,,,,,,,,,,,,,,,,,,,,,,,,,,,,,,,,
,,,,,,,,,,,,,,,,,,,,,,,169.161,1.22453928588623,169.161,1.24933852833283,169.161,1.26919799783384,169.161,1.23264768950355,169.161,1.25453279540473,,,,,,,,,,,,,,,,,,,,,,,,,,,,,,,,,,,,,,,,,,,,,,,,,,,,,,,,,,,,,,,,,,,,,,,,,,,,,,,,,,,,,,,,,,,,,,,,,,,,,,,,,,,,,,,
,,,,,,,,,,,,,,,,,,,,,,,169.66,1.227508089525,169.66,1.23742985008008,169.66,1.26633054623216,169.66,1.22052452035627,169.66,1.26318853226248,,,,,,,,,,,,,,,,,,,,,,,,,,,,,,,,,,,,,,,,,,,,,,,,,,,,,,,,,,,,,,,,,,,,,,,,,,,,,,,,,,,,,,,,,,,,,,,,,,,,,,,,,,,,,,,
,,,,,,,,,,,,,,,,,,,,,,,170.159,1.23201283984056,170.159,1.2476388818379,170.159,1.27073736391853,170.159,1.22375916789952,170.159,1.25634483793756,,,,,,,,,,,,,,,,,,,,,,,,,,,,,,,,,,,,,,,,,,,,,,,,,,,,,,,,,,,,,,,,,,,,,,,,,,,,,,,,,,,,,,,,,,,,,,,,,,,,,,,,,,,,,,,
,,,,,,,,,,,,,,,,,,,,,,,170.658,1.23131778167697,170.658,1.24542457565219,170.658,1.26993074922651,170.658,1.22514779199379,170.658,1.2532102428354,,,,,,,,,,,,,,,,,,,,,,,,,,,,,,,,,,,,,,,,,,,,,,,,,,,,,,,,,,,,,,,,,,,,,,,,,,,,,,,,,,,,,,,,,,,,,,,,,,,,,,,,,,,,,,,
,,,,,,,,,,,,,,,,,,,,,,,171.157,1.22711576510318,171.157,1.24602530326663,171.157,1.2650878200769,171.157,1.22767471735704,171.157,1.25150843501113,,,,,,,,,,,,,,,,,,,,,,,,,,,,,,,,,,,,,,,,,,,,,,,,,,,,,,,,,,,,,,,,,,,,,,,,,,,,,,,,,,,,,,,,,,,,,,,,,,,,,,,,,,,,,,,
,,,,,,,,,,,,,,,,,,,,,,,171.656,1.22901405329558,171.656,1.24757579347559,171.656,1.27718381579503,171.656,1.22080853337672,171.656,1.24482885590513,,,,,,,,,,,,,,,,,,,,,,,,,,,,,,,,,,,,,,,,,,,,,,,,,,,,,,,,,,,,,,,,,,,,,,,,,,,,,,,,,,,,,,,,,,,,,,,,,,,,,,,,,,,,,,,
,,,,,,,,,,,,,,,,,,,,,,,172.155,1.22056369896596,172.155,1.24733303781605,172.155,1.2776228799057,172.155,1.23586770521132,172.155,1.24808286579615,,,,,,,,,,,,,,,,,,,,,,,,,,,,,,,,,,,,,,,,,,,,,,,,,,,,,,,,,,,,,,,,,,,,,,,,,,,,,,,,,,,,,,,,,,,,,,,,,,,,,,,,,,,,,,,
,,,,,,,,,,,,,,,,,,,,,,,172.654,1.21365249881652,172.654,1.2472646427632,172.654,1.27290906971393,172.654,1.23386906404803,172.654,1.24589038382041,,,,,,,,,,,,,,,,,,,,,,,,,,,,,,,,,,,,,,,,,,,,,,,,,,,,,,,,,,,,,,,,,,,,,,,,,,,,,,,,,,,,,,,,,,,,,,,,,,,,,,,,,,,,,,,
,,,,,,,,,,,,,,,,,,,,,,,173.153,1.22050740212208,173.153,1.24754527125307,173.153,1.27440524758325,173.153,1.22697306626559,173.153,1.25012771456437,,,,,,,,,,,,,,,,,,,,,,,,,,,,,,,,,,,,,,,,,,,,,,,,,,,,,,,,,,,,,,,,,,,,,,,,,,,,,,,,,,,,,,,,,,,,,,,,,,,,,,,,,,,,,,,
,,,,,,,,,,,,,,,,,,,,,,,173.652,1.22000207590773,173.652,1.24941732520209,173.652,1.28433216947184,173.652,1.2193730553706,173.652,1.25231589837649,,,,,,,,,,,,,,,,,,,,,,,,,,,,,,,,,,,,,,,,,,,,,,,,,,,,,,,,,,,,,,,,,,,,,,,,,,,,,,,,,,,,,,,,,,,,,,,,,,,,,,,,,,,,,,,
,,,,,,,,,,,,,,,,,,,,,,,174.151,1.22998567947041,174.151,1.2417521996424,174.151,1.26416657242415,174.151,1.21667940122674,174.151,1.25501185807977,,,,,,,,,,,,,,,,,,,,,,,,,,,,,,,,,,,,,,,,,,,,,,,,,,,,,,,,,,,,,,,,,,,,,,,,,,,,,,,,,,,,,,,,,,,,,,,,,,,,,,,,,,,,,,,
,,,,,,,,,,,,,,,,,,,,,,,174.65,1.23263172409167,174.65,1.24715713072502,174.65,1.27398475167335,174.65,1.21993770585081,174.65,1.24691723680366,,,,,,,,,,,,,,,,,,,,,,,,,,,,,,,,,,,,,,,,,,,,,,,,,,,,,,,,,,,,,,,,,,,,,,,,,,,,,,,,,,,,,,,,,,,,,,,,,,,,,,,,,,,,,,,
,,,,,,,,,,,,,,,,,,,,,,,175.149,1.22616577485045,175.149,1.25214217240594,175.149,1.27947899996537,175.149,1.22767812965051,175.149,1.24134447204039,,,,,,,,,,,,,,,,,,,,,,,,,,,,,,,,,,,,,,,,,,,,,,,,,,,,,,,,,,,,,,,,,,,,,,,,,,,,,,,,,,,,,,,,,,,,,,,,,,,,,,,,,,,,,,,
,,,,,,,,,,,,,,,,,,,,,,,175.648,1.23392391188992,175.648,1.2502821198259,175.648,1.28365647026676,175.648,1.22419046418711,175.648,1.24015797463339,,,,,,,,,,,,,,,,,,,,,,,,,,,,,,,,,,,,,,,,,,,,,,,,,,,,,,,,,,,,,,,,,,,,,,,,,,,,,,,,,,,,,,,,,,,,,,,,,,,,,,,,,,,,,,,
,,,,,,,,,,,,,,,,,,,,,,,176.147,1.22895881501018,176.147,1.24534992926775,176.147,1.28402905371218,176.147,1.22741529237885,176.147,1.24552275070298,,,,,,,,,,,,,,,,,,,,,,,,,,,,,,,,,,,,,,,,,,,,,,,,,,,,,,,,,,,,,,,,,,,,,,,,,,,,,,,,,,,,,,,,,,,,,,,,,,,,,,,,,,,,,,,
,,,,,,,,,,,,,,,,,,,,,,,176.646,1.2242624171119,176.646,1.24905946255279,176.646,1.28485031836377,176.646,1.22253609169142,176.646,1.25477943503686,,,,,,,,,,,,,,,,,,,,,,,,,,,,,,,,,,,,,,,,,,,,,,,,,,,,,,,,,,,,,,,,,,,,,,,,,,,,,,,,,,,,,,,,,,,,,,,,,,,,,,,,,,,,,,,
,,,,,,,,,,,,,,,,,,,,,,,177.145,1.23260397376952,177.145,1.25180123731037,177.145,1.28047149526232,177.145,1.21834862171002,177.145,1.2549764732461,,,,,,,,,,,,,,,,,,,,,,,,,,,,,,,,,,,,,,,,,,,,,,,,,,,,,,,,,,,,,,,,,,,,,,,,,,,,,,,,,,,,,,,,,,,,,,,,,,,,,,,,,,,,,,,
,,,,,,,,,,,,,,,,,,,,,,,177.644,1.21990839896363,177.644,1.24986570569196,177.644,1.28139806903203,177.644,1.21372276161771,177.644,1.24485662187625,,,,,,,,,,,,,,,,,,,,,,,,,,,,,,,,,,,,,,,,,,,,,,,,,,,,,,,,,,,,,,,,,,,,,,,,,,,,,,,,,,,,,,,,,,,,,,,,,,,,,,,,,,,,,,,
,,,,,,,,,,,,,,,,,,,,,,,178.143,1.22390481159731,178.143,1.24857771174271,178.143,1.27636943504378,178.143,1.21497911311483,178.143,1.23942257917749,,,,,,,,,,,,,,,,,,,,,,,,,,,,,,,,,,,,,,,,,,,,,,,,,,,,,,,,,,,,,,,,,,,,,,,,,,,,,,,,,,,,,,,,,,,,,,,,,,,,,,,,,,,,,,,
,,,,,,,,,,,,,,,,,,,,,,,178.642,1.2169972370897,178.642,1.25002348464903,178.642,1.28100822290607,178.642,1.23362707842619,178.642,1.24667653903741,,,,,,,,,,,,,,,,,,,,,,,,,,,,,,,,,,,,,,,,,,,,,,,,,,,,,,,,,,,,,,,,,,,,,,,,,,,,,,,,,,,,,,,,,,,,,,,,,,,,,,,,,,,,,,,
,,,,,,,,,,,,,,,,,,,,,,,179.141,1.22976355520408,179.141,1.24107918948653,179.141,1.28084065566891,179.141,1.22771966010461,179.141,1.24002831115501,,,,,,,,,,,,,,,,,,,,,,,,,,,,,,,,,,,,,,,,,,,,,,,,,,,,,,,,,,,,,,,,,,,,,,,,,,,,,,,,,,,,,,,,,,,,,,,,,,,,,,,,,,,,,,,
,,,,,,,,,,,,,,,,,,,,,,,179.64,1.22717841822335,179.64,1.24535381635837,179.64,1.28335080362585,179.64,1.229673382187,179.64,1.24557264828015,,,,,,,,,,,,,,,,,,,,,,,,,,,,,,,,,,,,,,,,,,,,,,,,,,,,,,,,,,,,,,,,,,,,,,,,,,,,,,,,,,,,,,,,,,,,,,,,,,,,,,,,,,,,,,,
,,,,,,,,,,,,,,,,,,,,,,,180.139,1.22352305818674,180.139,1.24881606329082,180.139,1.28700687054909,180.139,1.23137991315296,180.139,1.24534390717892,,,,,,,,,,,,,,,,,,,,,,,,,,,,,,,,,,,,,,,,,,,,,,,,,,,,,,,,,,,,,,,,,,,,,,,,,,,,,,,,,,,,,,,,,,,,,,,,,,,,,,,,,,,,,,,
,,,,,,,,,,,,,,,,,,,,,,,180.638,1.21998471120609,180.638,1.24672240203008,180.638,1.28836915411701,180.638,1.22307947678067,180.638,1.24516460382208,,,,,,,,,,,,,,,,,,,,,,,,,,,,,,,,,,,,,,,,,,,,,,,,,,,,,,,,,,,,,,,,,,,,,,,,,,,,,,,,,,,,,,,,,,,,,,,,,,,,,,,,,,,,,,,
,,,,,,,,,,,,,,,,,,,,,,,181.137,1.22732720300748,181.137,1.24672508022578,181.137,1.28951976441372,181.137,1.22458590984855,181.137,1.24789458954083,,,,,,,,,,,,,,,,,,,,,,,,,,,,,,,,,,,,,,,,,,,,,,,,,,,,,,,,,,,,,,,,,,,,,,,,,,,,,,,,,,,,,,,,,,,,,,,,,,,,,,,,,,,,,,,
,,,,,,,,,,,,,,,,,,,,,,,181.636,1.2240677300665,181.636,1.25389291414326,181.636,1.26822393399825,181.636,1.22717279860571,181.636,1.24096319165711,,,,,,,,,,,,,,,,,,,,,,,,,,,,,,,,,,,,,,,,,,,,,,,,,,,,,,,,,,,,,,,,,,,,,,,,,,,,,,,,,,,,,,,,,,,,,,,,,,,,,,,,,,,,,,,
,,,,,,,,,,,,,,,,,,,,,,,182.135,1.22008240530813,182.135,1.25686337835061,182.135,1.28381477417928,182.135,1.22717250404261,182.135,1.25344819316339,,,,,,,,,,,,,,,,,,,,,,,,,,,,,,,,,,,,,,,,,,,,,,,,,,,,,,,,,,,,,,,,,,,,,,,,,,,,,,,,,,,,,,,,,,,,,,,,,,,,,,,,,,,,,,,
,,,,,,,,,,,,,,,,,,,,,,,182.634,1.22394520303491,182.634,1.25445867774206,182.634,1.28072378446391,182.634,1.23043461865123,182.634,1.25145934517792,,,,,,,,,,,,,,,,,,,,,,,,,,,,,,,,,,,,,,,,,,,,,,,,,,,,,,,,,,,,,,,,,,,,,,,,,,,,,,,,,,,,,,,,,,,,,,,,,,,,,,,,,,,,,,,
,,,,,,,,,,,,,,,,,,,,,,,183.133,1.23061030280165,183.133,1.24262314662899,183.133,1.27710842841041,183.133,1.21796419643702,183.133,1.25806280831346,,,,,,,,,,,,,,,,,,,,,,,,,,,,,,,,,,,,,,,,,,,,,,,,,,,,,,,,,,,,,,,,,,,,,,,,,,,,,,,,,,,,,,,,,,,,,,,,,,,,,,,,,,,,,,,
,,,,,,,,,,,,,,,,,,,,,,,183.632,1.2296328890714,183.632,1.24939737946497,183.632,1.28011176696544,183.632,1.22404585293471,183.632,1.25021631622503,,,,,,,,,,,,,,,,,,,,,,,,,,,,,,,,,,,,,,,,,,,,,,,,,,,,,,,,,,,,,,,,,,,,,,,,,,,,,,,,,,,,,,,,,,,,,,,,,,,,,,,,,,,,,,,
,,,,,,,,,,,,,,,,,,,,,,,184.131,1.22659080637456,184.131,1.25033657352154,184.131,1.28473381730831,184.131,1.23045803975116,184.131,1.25155648845743,,,,,,,,,,,,,,,,,,,,,,,,,,,,,,,,,,,,,,,,,,,,,,,,,,,,,,,,,,,,,,,,,,,,,,,,,,,,,,,,,,,,,,,,,,,,,,,,,,,,,,,,,,,,,,,
,,,,,,,,,,,,,,,,,,,,,,,184.63,1.22764820349936,184.63,1.25135200861967,184.63,1.27625388980118,184.63,1.22554636548898,184.63,1.24678490202478,,,,,,,,,,,,,,,,,,,,,,,,,,,,,,,,,,,,,,,,,,,,,,,,,,,,,,,,,,,,,,,,,,,,,,,,,,,,,,,,,,,,,,,,,,,,,,,,,,,,,,,,,,,,,,,
,,,,,,,,,,,,,,,,,,,,,,,185.129,1.22882068089023,185.129,1.25373796566413,185.129,1.27531392281163,185.129,1.22749593846185,185.129,1.25268842277309,,,,,,,,,,,,,,,,,,,,,,,,,,,,,,,,,,,,,,,,,,,,,,,,,,,,,,,,,,,,,,,,,,,,,,,,,,,,,,,,,,,,,,,,,,,,,,,,,,,,,,,,,,,,,,,
,,,,,,,,,,,,,,,,,,,,,,,185.628,1.2326878606825,185.628,1.25277850397276,185.628,1.27008956185888,185.628,1.21884830842122,185.628,1.2562035437556,,,,,,,,,,,,,,,,,,,,,,,,,,,,,,,,,,,,,,,,,,,,,,,,,,,,,,,,,,,,,,,,,,,,,,,,,,,,,,,,,,,,,,,,,,,,,,,,,,,,,,,,,,,,,,,
,,,,,,,,,,,,,,,,,,,,,,,186.127,1.22158756971313,186.127,1.26781611133293,186.127,1.29142554477009,186.127,1.22077296399374,186.127,1.24937276347553,,,,,,,,,,,,,,,,,,,,,,,,,,,,,,,,,,,,,,,,,,,,,,,,,,,,,,,,,,,,,,,,,,,,,,,,,,,,,,,,,,,,,,,,,,,,,,,,,,,,,,,,,,,,,,,
,,,,,,,,,,,,,,,,,,,,,,,186.626,1.23247542127215,186.626,1.25808390963847,186.626,1.290272231666,186.626,1.23042038669726,186.626,1.25030980904853,,,,,,,,,,,,,,,,,,,,,,,,,,,,,,,,,,,,,,,,,,,,,,,,,,,,,,,,,,,,,,,,,,,,,,,,,,,,,,,,,,,,,,,,,,,,,,,,,,,,,,,,,,,,,,,
,,,,,,,,,,,,,,,,,,,,,,,187.125,1.22325105210921,187.125,1.2554743082962,187.125,1.28275445481099,187.125,1.22367393363151,187.125,1.25505060998359,,,,,,,,,,,,,,,,,,,,,,,,,,,,,,,,,,,,,,,,,,,,,,,,,,,,,,,,,,,,,,,,,,,,,,,,,,,,,,,,,,,,,,,,,,,,,,,,,,,,,,,,,,,,,,,
,,,,,,,,,,,,,,,,,,,,,,,187.624,1.23740832115855,187.624,1.25916987875329,187.624,1.29118883369514,187.624,1.22152711849362,187.624,1.2556139288749,,,,,,,,,,,,,,,,,,,,,,,,,,,,,,,,,,,,,,,,,,,,,,,,,,,,,,,,,,,,,,,,,,,,,,,,,,,,,,,,,,,,,,,,,,,,,,,,,,,,,,,,,,,,,,,
,,,,,,,,,,,,,,,,,,,,,,,188.123,1.22870231686937,188.123,1.25591913946169,188.123,1.29015900350252,188.123,1.21947408575888,188.123,1.24595435526175,,,,,,,,,,,,,,,,,,,,,,,,,,,,,,,,,,,,,,,,,,,,,,,,,,,,,,,,,,,,,,,,,,,,,,,,,,,,,,,,,,,,,,,,,,,,,,,,,,,,,,,,,,,,,,,
,,,,,,,,,,,,,,,,,,,,,,,188.622,1.22532616028126,188.622,1.26148860862366,188.622,1.28553553496066,188.622,1.22370596967386,188.622,1.24715986491302,,,,,,,,,,,,,,,,,,,,,,,,,,,,,,,,,,,,,,,,,,,,,,,,,,,,,,,,,,,,,,,,,,,,,,,,,,,,,,,,,,,,,,,,,,,,,,,,,,,,,,,,,,,,,,,
,,,,,,,,,,,,,,,,,,,,,,,189.121,1.22278706541625,189.121,1.25663626955078,189.121,1.28940020517008,189.121,1.21877290776019,189.121,1.25391080224344,,,,,,,,,,,,,,,,,,,,,,,,,,,,,,,,,,,,,,,,,,,,,,,,,,,,,,,,,,,,,,,,,,,,,,,,,,,,,,,,,,,,,,,,,,,,,,,,,,,,,,,,,,,,,,,
,,,,,,,,,,,,,,,,,,,,,,,189.62,1.22391423399596,189.62,1.25772054236796,189.62,1.29031253436086,189.62,1.2142239622573,189.62,1.25880508809101,,,,,,,,,,,,,,,,,,,,,,,,,,,,,,,,,,,,,,,,,,,,,,,,,,,,,,,,,,,,,,,,,,,,,,,,,,,,,,,,,,,,,,,,,,,,,,,,,,,,,,,,,,,,,,,
,,,,,,,,,,,,,,,,,,,,,,,190.119,1.23215667679839,190.119,1.25611794258977,190.119,1.28433884105929,190.119,1.22302086595147,190.119,1.2593066153288,,,,,,,,,,,,,,,,,,,,,,,,,,,,,,,,,,,,,,,,,,,,,,,,,,,,,,,,,,,,,,,,,,,,,,,,,,,,,,,,,,,,,,,,,,,,,,,,,,,,,,,,,,,,,,,
,,,,,,,,,,,,,,,,,,,,,,,190.618,1.23042257017736,190.618,1.25192637632627,190.618,1.2933629184813,190.618,1.22492531053693,190.618,1.2560092396511,,,,,,,,,,,,,,,,,,,,,,,,,,,,,,,,,,,,,,,,,,,,,,,,,,,,,,,,,,,,,,,,,,,,,,,,,,,,,,,,,,,,,,,,,,,,,,,,,,,,,,,,,,,,,,,
,,,,,,,,,,,,,,,,,,,,,,,191.117,1.23279132904202,191.117,1.24538848570109,191.117,1.29652422848302,191.117,1.2221022656971,191.117,1.25368732337264,,,,,,,,,,,,,,,,,,,,,,,,,,,,,,,,,,,,,,,,,,,,,,,,,,,,,,,,,,,,,,,,,,,,,,,,,,,,,,,,,,,,,,,,,,,,,,,,,,,,,,,,,,,,,,,
,,,,,,,,,,,,,,,,,,,,,,,191.616,1.22402510858762,191.616,1.24341914820513,191.616,1.29962466546544,191.616,1.23209252236239,191.616,1.24950135968691,,,,,,,,,,,,,,,,,,,,,,,,,,,,,,,,,,,,,,,,,,,,,,,,,,,,,,,,,,,,,,,,,,,,,,,,,,,,,,,,,,,,,,,,,,,,,,,,,,,,,,,,,,,,,,,
,,,,,,,,,,,,,,,,,,,,,,,192.115,1.21592298364806,192.115,1.25432837333724,192.115,1.29908775767514,192.115,1.22375908009141,192.115,1.25110808665768,,,,,,,,,,,,,,,,,,,,,,,,,,,,,,,,,,,,,,,,,,,,,,,,,,,,,,,,,,,,,,,,,,,,,,,,,,,,,,,,,,,,,,,,,,,,,,,,,,,,,,,,,,,,,,,
,,,,,,,,,,,,,,,,,,,,,,,192.614,1.21865932684075,192.614,1.25663828090193,192.614,1.2950313732236,192.614,1.22550785048133,192.614,1.25906801650107,,,,,,,,,,,,,,,,,,,,,,,,,,,,,,,,,,,,,,,,,,,,,,,,,,,,,,,,,,,,,,,,,,,,,,,,,,,,,,,,,,,,,,,,,,,,,,,,,,,,,,,,,,,,,,,
,,,,,,,,,,,,,,,,,,,,,,,193.113,1.2242518215181,193.113,1.25530107793995,193.113,1.29743753968336,193.113,1.22183677636622,193.113,1.25634160466301,,,,,,,,,,,,,,,,,,,,,,,,,,,,,,,,,,,,,,,,,,,,,,,,,,,,,,,,,,,,,,,,,,,,,,,,,,,,,,,,,,,,,,,,,,,,,,,,,,,,,,,,,,,,,,,
,,,,,,,,,,,,,,,,,,,,,,,193.612,1.21621911710582,193.612,1.25302773676723,193.612,1.30155533015524,193.612,1.2220375578975,193.612,1.25855951757194,,,,,,,,,,,,,,,,,,,,,,,,,,,,,,,,,,,,,,,,,,,,,,,,,,,,,,,,,,,,,,,,,,,,,,,,,,,,,,,,,,,,,,,,,,,,,,,,,,,,,,,,,,,,,,,
,,,,,,,,,,,,,,,,,,,,,,,194.111,1.21814024033948,194.111,1.25565148616778,194.111,1.29856373874381,194.111,1.21654182983594,194.111,1.24550177378869,,,,,,,,,,,,,,,,,,,,,,,,,,,,,,,,,,,,,,,,,,,,,,,,,,,,,,,,,,,,,,,,,,,,,,,,,,,,,,,,,,,,,,,,,,,,,,,,,,,,,,,,,,,,,,,
,,,,,,,,,,,,,,,,,,,,,,,194.61,1.22738394067885,194.61,1.25393749285375,194.61,1.30039663417623,194.61,1.22833629277647,194.61,1.24735019068032,,,,,,,,,,,,,,,,,,,,,,,,,,,,,,,,,,,,,,,,,,,,,,,,,,,,,,,,,,,,,,,,,,,,,,,,,,,,,,,,,,,,,,,,,,,,,,,,,,,,,,,,,,,,,,,
,,,,,,,,,,,,,,,,,,,,,,,195.109,1.22310809439147,195.109,1.25443324668996,195.109,1.29520316911257,195.109,1.22039467554789,195.109,1.23880032722768,,,,,,,,,,,,,,,,,,,,,,,,,,,,,,,,,,,,,,,,,,,,,,,,,,,,,,,,,,,,,,,,,,,,,,,,,,,,,,,,,,,,,,,,,,,,,,,,,,,,,,,,,,,,,,,
,,,,,,,,,,,,,,,,,,,,,,,195.608,1.22248751596913,195.608,1.25776869578984,195.608,1.29840514223348,195.608,1.23069527809615,195.608,1.24112097326112,,,,,,,,,,,,,,,,,,,,,,,,,,,,,,,,,,,,,,,,,,,,,,,,,,,,,,,,,,,,,,,,,,,,,,,,,,,,,,,,,,,,,,,,,,,,,,,,,,,,,,,,,,,,,,,
,,,,,,,,,,,,,,,,,,,,,,,196.107,1.22105493980446,196.107,1.25970713335938,196.107,1.30394189007302,196.107,1.22362649308483,196.107,1.24574555114557,,,,,,,,,,,,,,,,,,,,,,,,,,,,,,,,,,,,,,,,,,,,,,,,,,,,,,,,,,,,,,,,,,,,,,,,,,,,,,,,,,,,,,,,,,,,,,,,,,,,,,,,,,,,,,,
,,,,,,,,,,,,,,,,,,,,,,,196.606,1.21856097265001,196.606,1.25296445489399,196.606,1.29624090482126,196.606,1.21827984906293,196.606,1.24146049191621,,,,,,,,,,,,,,,,,,,,,,,,,,,,,,,,,,,,,,,,,,,,,,,,,,,,,,,,,,,,,,,,,,,,,,,,,,,,,,,,,,,,,,,,,,,,,,,,,,,,,,,,,,,,,,,
,,,,,,,,,,,,,,,,,,,,,,,197.105,1.2156344230511,197.105,1.25199284869724,197.105,1.30335687525996,197.105,1.22781119891859,197.105,1.24018023522564,,,,,,,,,,,,,,,,,,,,,,,,,,,,,,,,,,,,,,,,,,,,,,,,,,,,,,,,,,,,,,,,,,,,,,,,,,,,,,,,,,,,,,,,,,,,,,,,,,,,,,,,,,,,,,,
,,,,,,,,,,,,,,,,,,,,,,,197.604,1.22056596875297,197.604,1.24824099125576,197.604,1.30174128883943,197.604,1.22129942770038,197.604,1.23899128770405,,,,,,,,,,,,,,,,,,,,,,,,,,,,,,,,,,,,,,,,,,,,,,,,,,,,,,,,,,,,,,,,,,,,,,,,,,,,,,,,,,,,,,,,,,,,,,,,,,,,,,,,,,,,,,,
,,,,,,,,,,,,,,,,,,,,,,,198.103,1.22057367152814,198.103,1.25711048714595,198.103,1.29416423866412,198.103,1.22363371651183,198.103,1.24517833394599,,,,,,,,,,,,,,,,,,,,,,,,,,,,,,,,,,,,,,,,,,,,,,,,,,,,,,,,,,,,,,,,,,,,,,,,,,,,,,,,,,,,,,,,,,,,,,,,,,,,,,,,,,,,,,,
,,,,,,,,,,,,,,,,,,,,,,,198.602,1.22672826791018,198.602,1.24582425149043,198.602,1.29108337522517,198.602,1.22314323652107,198.602,1.25071790644584,,,,,,,,,,,,,,,,,,,,,,,,,,,,,,,,,,,,,,,,,,,,,,,,,,,,,,,,,,,,,,,,,,,,,,,,,,,,,,,,,,,,,,,,,,,,,,,,,,,,,,,,,,,,,,,
,,,,,,,,,,,,,,,,,,,,,,,199.101,1.22674234509316,199.101,1.2446732754075,199.101,1.28848947864566,199.101,1.21790324560607,199.101,1.24346372722457,,,,,,,,,,,,,,,,,,,,,,,,,,,,,,,,,,,,,,,,,,,,,,,,,,,,,,,,,,,,,,,,,,,,,,,,,,,,,,,,,,,,,,,,,,,,,,,,,,,,,,,,,,,,,,,
,,,,,,,,,,,,,,,,,,,,,,,199.6,1.22158010764957,199.6,1.25212547384694,199.6,1.29429534675193,199.6,1.22878161952304,199.6,1.24770394587644,,,,,,,,,,,,,,,,,,,,,,,,,,,,,,,,,,,,,,,,,,,,,,,,,,,,,,,,,,,,,,,,,,,,,,,,,,,,,,,,,,,,,,,,,,,,,,,,,,,,,,,,,,,,,,,
,,,,,,,,,,,,,,,,,,,,,,,200.099,1.21868615365452,200.099,1.25084934424339,200.099,1.29165699234481,200.099,1.2212890868109,200.099,1.25086820606732,,,,,,,,,,,,,,,,,,,,,,,,,,,,,,,,,,,,,,,,,,,,,,,,,,,,,,,,,,,,,,,,,,,,,,,,,,,,,,,,,,,,,,,,,,,,,,,,,,,,,,,,,,,,,,,
,,,,,,,,,,,,,,,,,,,,,,,200.598,1.22307055078565,200.598,1.24579904730223,200.598,1.2869696001198,200.598,1.22377465095931,200.598,1.24705694376404,,,,,,,,,,,,,,,,,,,,,,,,,,,,,,,,,,,,,,,,,,,,,,,,,,,,,,,,,,,,,,,,,,,,,,,,,,,,,,,,,,,,,,,,,,,,,,,,,,,,,,,,,,,,,,,
,,,,,,,,,,,,,,,,,,,,,,,201.097,1.22565612711651,201.097,1.24844353538505,201.097,1.29119220481051,201.097,1.22308902752502,201.097,1.25215562832126,,,,,,,,,,,,,,,,,,,,,,,,,,,,,,,,,,,,,,,,,,,,,,,,,,,,,,,,,,,,,,,,,,,,,,,,,,,,,,,,,,,,,,,,,,,,,,,,,,,,,,,,,,,,,,,
,,,,,,,,,,,,,,,,,,,,,,,201.596,1.22253158942818,201.596,1.24859204958137,201.596,1.28684495281217,201.596,1.21713375384405,201.596,1.25401667069734,,,,,,,,,,,,,,,,,,,,,,,,,,,,,,,,,,,,,,,,,,,,,,,,,,,,,,,,,,,,,,,,,,,,,,,,,,,,,,,,,,,,,,,,,,,,,,,,,,,,,,,,,,,,,,,
,,,,,,,,,,,,,,,,,,,,,,,202.095,1.22403590735883,202.095,1.26845026127268,202.095,1.2896341262883,202.095,1.22021178594259,202.095,1.25185196039126,,,,,,,,,,,,,,,,,,,,,,,,,,,,,,,,,,,,,,,,,,,,,,,,,,,,,,,,,,,,,,,,,,,,,,,,,,,,,,,,,,,,,,,,,,,,,,,,,,,,,,,,,,,,,,,
,,,,,,,,,,,,,,,,,,,,,,,202.594,1.22895297327474,202.594,1.26511926357346,202.594,1.29655888427996,202.594,1.2233426202736,202.594,1.25303013081339,,,,,,,,,,,,,,,,,,,,,,,,,,,,,,,,,,,,,,,,,,,,,,,,,,,,,,,,,,,,,,,,,,,,,,,,,,,,,,,,,,,,,,,,,,,,,,,,,,,,,,,,,,,,,,,
,,,,,,,,,,,,,,,,,,,,,,,203.093,1.22674367252483,203.093,1.26970137451653,203.093,1.29976601095059,203.093,1.22806986144837,203.093,1.2558765663637,,,,,,,,,,,,,,,,,,,,,,,,,,,,,,,,,,,,,,,,,,,,,,,,,,,,,,,,,,,,,,,,,,,,,,,,,,,,,,,,,,,,,,,,,,,,,,,,,,,,,,,,,,,,,,,
,,,,,,,,,,,,,,,,,,,,,,,203.592,1.21445524961444,203.592,1.25644813480445,203.592,1.29992806606574,203.592,1.23045699615269,203.592,1.26756605598024,,,,,,,,,,,,,,,,,,,,,,,,,,,,,,,,,,,,,,,,,,,,,,,,,,,,,,,,,,,,,,,,,,,,,,,,,,,,,,,,,,,,,,,,,,,,,,,,,,,,,,,,,,,,,,,
,,,,,,,,,,,,,,,,,,,,,,,204.091,1.22539330867376,204.091,1.26037954105962,204.091,1.30052173238005,204.091,1.21849105477637,204.091,1.27120777662493,,,,,,,,,,,,,,,,,,,,,,,,,,,,,,,,,,,,,,,,,,,,,,,,,,,,,,,,,,,,,,,,,,,,,,,,,,,,,,,,,,,,,,,,,,,,,,,,,,,,,,,,,,,,,,,
,,,,,,,,,,,,,,,,,,,,,,,204.59,1.23100480634623,204.59,1.26266792246643,204.59,1.30518602358646,204.59,1.21441496832079,204.59,1.27298727590087,,,,,,,,,,,,,,,,,,,,,,,,,,,,,,,,,,,,,,,,,,,,,,,,,,,,,,,,,,,,,,,,,,,,,,,,,,,,,,,,,,,,,,,,,,,,,,,,,,,,,,,,,,,,,,,
,,,,,,,,,,,,,,,,,,,,,,,205.089,1.22422642114539,205.089,1.26150052792311,205.089,1.29711724445767,205.089,1.21093892749174,205.089,1.26432820495489,,,,,,,,,,,,,,,,,,,,,,,,,,,,,,,,,,,,,,,,,,,,,,,,,,,,,,,,,,,,,,,,,,,,,,,,,,,,,,,,,,,,,,,,,,,,,,,,,,,,,,,,,,,,,,,
,,,,,,,,,,,,,,,,,,,,,,,205.588,1.22966321340387,205.588,1.26995510719825,205.588,1.29725005569642,205.588,1.21865380927951,205.588,1.25744103857242,,,,,,,,,,,,,,,,,,,,,,,,,,,,,,,,,,,,,,,,,,,,,,,,,,,,,,,,,,,,,,,,,,,,,,,,,,,,,,,,,,,,,,,,,,,,,,,,,,,,,,,,,,,,,,,
,,,,,,,,,,,,,,,,,,,,,,,206.087,1.23132807284487,206.087,1.25920384136025,206.087,1.28897921542603,206.087,1.22995055448528,206.087,1.25954488125675,,,,,,,,,,,,,,,,,,,,,,,,,,,,,,,,,,,,,,,,,,,,,,,,,,,,,,,,,,,,,,,,,,,,,,,,,,,,,,,,,,,,,,,,,,,,,,,,,,,,,,,,,,,,,,,
,,,,,,,,,,,,,,,,,,,,,,,206.586,1.22798139775675,206.586,1.26591710267154,206.586,1.29208008745557,206.586,1.22768075265603,206.586,1.26093043346142,,,,,,,,,,,,,,,,,,,,,,,,,,,,,,,,,,,,,,,,,,,,,,,,,,,,,,,,,,,,,,,,,,,,,,,,,,,,,,,,,,,,,,,,,,,,,,,,,,,,,,,,,,,,,,,
,,,,,,,,,,,,,,,,,,,,,,,207.085,1.23430990789898,207.085,1.27352174113819,207.085,1.29141045193173,207.085,1.22482411544899,207.085,1.27365095529273,,,,,,,,,,,,,,,,,,,,,,,,,,,,,,,,,,,,,,,,,,,,,,,,,,,,,,,,,,,,,,,,,,,,,,,,,,,,,,,,,,,,,,,,,,,,,,,,,,,,,,,,,,,,,,,
,,,,,,,,,,,,,,,,,,,,,,,207.584,1.23343304635933,207.584,1.2667615823676,207.584,1.29852947730517,207.584,1.2279703178908,207.584,1.27415777480905,,,,,,,,,,,,,,,,,,,,,,,,,,,,,,,,,,,,,,,,,,,,,,,,,,,,,,,,,,,,,,,,,,,,,,,,,,,,,,,,,,,,,,,,,,,,,,,,,,,,,,,,,,,,,,,
,,,,,,,,,,,,,,,,,,,,,,,208.083,1.22740975863313,208.083,1.26809062772397,208.083,1.29070172942648,208.083,1.22126159133028,208.083,1.27263009887342,,,,,,,,,,,,,,,,,,,,,,,,,,,,,,,,,,,,,,,,,,,,,,,,,,,,,,,,,,,,,,,,,,,,,,,,,,,,,,,,,,,,,,,,,,,,,,,,,,,,,,,,,,,,,,,
,,,,,,,,,,,,,,,,,,,,,,,208.582,1.22898378954926,208.582,1.26791422344071,208.582,1.2924746446236,208.582,1.22313940952891,208.582,1.27449302120291,,,,,,,,,,,,,,,,,,,,,,,,,,,,,,,,,,,,,,,,,,,,,,,,,,,,,,,,,,,,,,,,,,,,,,,,,,,,,,,,,,,,,,,,,,,,,,,,,,,,,,,,,,,,,,,
,,,,,,,,,,,,,,,,,,,,,,,209.081,1.22694321802154,209.081,1.26395178448453,209.081,1.29267351272697,209.081,1.22738425281037,209.081,1.26599136352801,,,,,,,,,,,,,,,,,,,,,,,,,,,,,,,,,,,,,,,,,,,,,,,,,,,,,,,,,,,,,,,,,,,,,,,,,,,,,,,,,,,,,,,,,,,,,,,,,,,,,,,,,,,,,,,
,,,,,,,,,,,,,,,,,,,,,,,209.58,1.24038434739922,209.58,1.26147894303002,209.58,1.29593095186591,209.58,1.23283480642456,209.58,1.27029865919109,,,,,,,,,,,,,,,,,,,,,,,,,,,,,,,,,,,,,,,,,,,,,,,,,,,,,,,,,,,,,,,,,,,,,,,,,,,,,,,,,,,,,,,,,,,,,,,,,,,,,,,,,,,,,,,
,,,,,,,,,,,,,,,,,,,,,,,210.079,1.24064246565591,210.079,1.27024276224648,210.079,1.30207297394287,210.079,1.2358865939623,210.079,1.27861226246624,,,,,,,,,,,,,,,,,,,,,,,,,,,,,,,,,,,,,,,,,,,,,,,,,,,,,,,,,,,,,,,,,,,,,,,,,,,,,,,,,,,,,,,,,,,,,,,,,,,,,,,,,,,,,,,
,,,,,,,,,,,,,,,,,,,,,,,210.578,1.2329808485187,210.578,1.27068802816978,210.578,1.30307739347089,210.578,1.22937168031309,210.578,1.27604026169079,,,,,,,,,,,,,,,,,,,,,,,,,,,,,,,,,,,,,,,,,,,,,,,,,,,,,,,,,,,,,,,,,,,,,,,,,,,,,,,,,,,,,,,,,,,,,,,,,,,,,,,,,,,,,,,
,,,,,,,,,,,,,,,,,,,,,,,211.077,1.23785297769845,211.077,1.26851422477794,211.077,1.30500498906042,211.077,1.23444024252298,211.077,1.27918060690344,,,,,,,,,,,,,,,,,,,,,,,,,,,,,,,,,,,,,,,,,,,,,,,,,,,,,,,,,,,,,,,,,,,,,,,,,,,,,,,,,,,,,,,,,,,,,,,,,,,,,,,,,,,,,,,
,,,,,,,,,,,,,,,,,,,,,,,211.576,1.23338241413115,211.576,1.27339881657968,211.576,1.29851053818887,211.576,1.23665916149835,211.576,1.28808858974757,,,,,,,,,,,,,,,,,,,,,,,,,,,,,,,,,,,,,,,,,,,,,,,,,,,,,,,,,,,,,,,,,,,,,,,,,,,,,,,,,,,,,,,,,,,,,,,,,,,,,,,,,,,,,,,
,,,,,,,,,,,,,,,,,,,,,,,212.075,1.23693265266951,212.075,1.27563546611606,212.075,1.29618126472257,212.075,1.2305140246693,212.075,1.27983659387466,,,,,,,,,,,,,,,,,,,,,,,,,,,,,,,,,,,,,,,,,,,,,,,,,,,,,,,,,,,,,,,,,,,,,,,,,,,,,,,,,,,,,,,,,,,,,,,,,,,,,,,,,,,,,,,
,,,,,,,,,,,,,,,,,,,,,,,212.574,1.23912295624585,212.574,1.27590595189804,212.574,1.29592525954655,212.574,1.22396575504271,212.574,1.2742572795566,,,,,,,,,,,,,,,,,,,,,,,,,,,,,,,,,,,,,,,,,,,,,,,,,,,,,,,,,,,,,,,,,,,,,,,,,,,,,,,,,,,,,,,,,,,,,,,,,,,,,,,,,,,,,,,
,,,,,,,,,,,,,,,,,,,,,,,213.073,1.24281460254539,213.073,1.2706471903627,213.073,1.30038620333647,213.073,1.23008310986628,213.073,1.27008111836297,,,,,,,,,,,,,,,,,,,,,,,,,,,,,,,,,,,,,,,,,,,,,,,,,,,,,,,,,,,,,,,,,,,,,,,,,,,,,,,,,,,,,,,,,,,,,,,,,,,,,,,,,,,,,,,
,,,,,,,,,,,,,,,,,,,,,,,213.572,1.23787836327525,213.572,1.27375026213873,213.572,1.30191679863634,213.572,1.22731927364413,213.572,1.26619199608555,,,,,,,,,,,,,,,,,,,,,,,,,,,,,,,,,,,,,,,,,,,,,,,,,,,,,,,,,,,,,,,,,,,,,,,,,,,,,,,,,,,,,,,,,,,,,,,,,,,,,,,,,,,,,,,
,,,,,,,,,,,,,,,,,,,,,,,214.071,1.22784998269339,214.071,1.26748246266595,214.071,1.30290177823075,214.071,1.21806624738653,214.071,1.26700462849484,,,,,,,,,,,,,,,,,,,,,,,,,,,,,,,,,,,,,,,,,,,,,,,,,,,,,,,,,,,,,,,,,,,,,,,,,,,,,,,,,,,,,,,,,,,,,,,,,,,,,,,,,,,,,,,
,,,,,,,,,,,,,,,,,,,,,,,214.57,1.23222785058546,214.57,1.26897130975192,214.57,1.29585661429196,214.57,1.22779503959349,214.57,1.26805838278417,,,,,,,,,,,,,,,,,,,,,,,,,,,,,,,,,,,,,,,,,,,,,,,,,,,,,,,,,,,,,,,,,,,,,,,,,,,,,,,,,,,,,,,,,,,,,,,,,,,,,,,,,,,,,,,
,,,,,,,,,,,,,,,,,,,,,,,215.069,1.23510130975056,215.069,1.26939820955325,215.069,1.29875118651664,215.069,1.23305209532244,215.069,1.27036543341592,,,,,,,,,,,,,,,,,,,,,,,,,,,,,,,,,,,,,,,,,,,,,,,,,,,,,,,,,,,,,,,,,,,,,,,,,,,,,,,,,,,,,,,,,,,,,,,,,,,,,,,,,,,,,,,
,,,,,,,,,,,,,,,,,,,,,,,215.568,1.22981386084076,215.568,1.26646209229315,215.568,1.30196262247104,215.568,1.23073001150905,215.568,1.27505690772392,,,,,,,,,,,,,,,,,,,,,,,,,,,,,,,,,,,,,,,,,,,,,,,,,,,,,,,,,,,,,,,,,,,,,,,,,,,,,,,,,,,,,,,,,,,,,,,,,,,,,,,,,,,,,,,
,,,,,,,,,,,,,,,,,,,,,,,216.067,1.22554241276075,216.067,1.25976072595178,216.067,1.30539172322644,216.067,1.2257960796193,216.067,1.27179079142995,,,,,,,,,,,,,,,,,,,,,,,,,,,,,,,,,,,,,,,,,,,,,,,,,,,,,,,,,,,,,,,,,,,,,,,,,,,,,,,,,,,,,,,,,,,,,,,,,,,,,,,,,,,,,,,
,,,,,,,,,,,,,,,,,,,,,,,216.566,1.23869736624142,216.566,1.26578963210864,216.566,1.30131311835261,216.566,1.22198470580105,216.566,1.26570455304269,,,,,,,,,,,,,,,,,,,,,,,,,,,,,,,,,,,,,,,,,,,,,,,,,,,,,,,,,,,,,,,,,,,,,,,,,,,,,,,,,,,,,,,,,,,,,,,,,,,,,,,,,,,,,,,
,,,,,,,,,,,,,,,,,,,,,,,217.065,1.24329113410099,217.065,1.26811744663651,217.065,1.31165411160039,217.065,1.21960020237896,217.065,1.27892338479129,,,,,,,,,,,,,,,,,,,,,,,,,,,,,,,,,,,,,,,,,,,,,,,,,,,,,,,,,,,,,,,,,,,,,,,,,,,,,,,,,,,,,,,,,,,,,,,,,,,,,,,,,,,,,,,
,,,,,,,,,,,,,,,,,,,,,,,217.564,1.24236019219918,217.564,1.27489207546745,217.564,1.30134616658751,217.564,1.2212029830988,217.564,1.27796062671326,,,,,,,,,,,,,,,,,,,,,,,,,,,,,,,,,,,,,,,,,,,,,,,,,,,,,,,,,,,,,,,,,,,,,,,,,,,,,,,,,,,,,,,,,,,,,,,,,,,,,,,,,,,,,,,
,,,,,,,,,,,,,,,,,,,,,,,218.063,1.24068362659459,218.063,1.27069178045199,218.063,1.30107372762474,218.063,1.22469095951978,218.063,1.27365068645939,,,,,,,,,,,,,,,,,,,,,,,,,,,,,,,,,,,,,,,,,,,,,,,,,,,,,,,,,,,,,,,,,,,,,,,,,,,,,,,,,,,,,,,,,,,,,,,,,,,,,,,,,,,,,,,
,,,,,,,,,,,,,,,,,,,,,,,218.562,1.24423742922668,218.562,1.27200388384624,218.562,1.3112565251806,218.562,1.22528025370547,218.562,1.26420922565671,,,,,,,,,,,,,,,,,,,,,,,,,,,,,,,,,,,,,,,,,,,,,,,,,,,,,,,,,,,,,,,,,,,,,,,,,,,,,,,,,,,,,,,,,,,,,,,,,,,,,,,,,,,,,,,
,,,,,,,,,,,,,,,,,,,,,,,219.061,1.23401617391857,219.061,1.26806439649665,219.061,1.29891139056379,219.061,1.22323329071527,219.061,1.26449226572322,,,,,,,,,,,,,,,,,,,,,,,,,,,,,,,,,,,,,,,,,,,,,,,,,,,,,,,,,,,,,,,,,,,,,,,,,,,,,,,,,,,,,,,,,,,,,,,,,,,,,,,,,,,,,,,
,,,,,,,,,,,,,,,,,,,,,,,219.56,1.2429159287615,219.56,1.2739472929409,219.56,1.30115825657832,219.56,1.22364354815187,219.56,1.26244574444995,,,,,,,,,,,,,,,,,,,,,,,,,,,,,,,,,,,,,,,,,,,,,,,,,,,,,,,,,,,,,,,,,,,,,,,,,,,,,,,,,,,,,,,,,,,,,,,,,,,,,,,,,,,,,,,
,,,,,,,,,,,,,,,,,,,,,,,220.059,1.23175171056609,220.059,1.26860876407866,220.059,1.30046017388252,220.059,1.21982426476859,220.059,1.2769397622522,,,,,,,,,,,,,,,,,,,,,,,,,,,,,,,,,,,,,,,,,,,,,,,,,,,,,,,,,,,,,,,,,,,,,,,,,,,,,,,,,,,,,,,,,,,,,,,,,,,,,,,,,,,,,,,
,,,,,,,,,,,,,,,,,,,,,,,220.558,1.23893001191898,220.558,1.27316898764855,220.558,1.30880570652206,220.558,1.23345291688331,220.558,1.27439738937339,,,,,,,,,,,,,,,,,,,,,,,,,,,,,,,,,,,,,,,,,,,,,,,,,,,,,,,,,,,,,,,,,,,,,,,,,,,,,,,,,,,,,,,,,,,,,,,,,,,,,,,,,,,,,,,
,,,,,,,,,,,,,,,,,,,,,,,221.057,1.24250331967148,221.057,1.2701123543264,221.057,1.31359039308998,221.057,1.23149180874392,221.057,1.27681018830033,,,,,,,,,,,,,,,,,,,,,,,,,,,,,,,,,,,,,,,,,,,,,,,,,,,,,,,,,,,,,,,,,,,,,,,,,,,,,,,,,,,,,,,,,,,,,,,,,,,,,,,,,,,,,,,
,,,,,,,,,,,,,,,,,,,,,,,221.556,1.24720122368231,221.556,1.27757942711558,221.556,1.30326965050696,221.556,1.23518941034601,221.556,1.27848477489153,,,,,,,,,,,,,,,,,,,,,,,,,,,,,,,,,,,,,,,,,,,,,,,,,,,,,,,,,,,,,,,,,,,,,,,,,,,,,,,,,,,,,,,,,,,,,,,,,,,,,,,,,,,,,,,
,,,,,,,,,,,,,,,,,,,,,,,222.055,1.24203980380364,222.055,1.2755772975136,222.055,1.30292175983339,222.055,1.2340974105253,222.055,1.28641624889585,,,,,,,,,,,,,,,,,,,,,,,,,,,,,,,,,,,,,,,,,,,,,,,,,,,,,,,,,,,,,,,,,,,,,,,,,,,,,,,,,,,,,,,,,,,,,,,,,,,,,,,,,,,,,,,
,,,,,,,,,,,,,,,,,,,,,,,222.554,1.24487561193401,222.554,1.27757352831922,222.554,1.30543523578948,222.554,1.23342371585984,222.554,1.28233867644416,,,,,,,,,,,,,,,,,,,,,,,,,,,,,,,,,,,,,,,,,,,,,,,,,,,,,,,,,,,,,,,,,,,,,,,,,,,,,,,,,,,,,,,,,,,,,,,,,,,,,,,,,,,,,,,
,,,,,,,,,,,,,,,,,,,,,,,223.053,1.24266577543603,223.053,1.27731801453217,223.053,1.31068437967464,223.053,1.23309092451724,223.053,1.29166095814597,,,,,,,,,,,,,,,,,,,,,,,,,,,,,,,,,,,,,,,,,,,,,,,,,,,,,,,,,,,,,,,,,,,,,,,,,,,,,,,,,,,,,,,,,,,,,,,,,,,,,,,,,,,,,,,
,,,,,,,,,,,,,,,,,,,,,,,223.552,1.24533470349114,223.552,1.27830480517598,223.552,1.30729512331391,223.552,1.2312793459674,223.552,1.27718203669831,,,,,,,,,,,,,,,,,,,,,,,,,,,,,,,,,,,,,,,,,,,,,,,,,,,,,,,,,,,,,,,,,,,,,,,,,,,,,,,,,,,,,,,,,,,,,,,,,,,,,,,,,,,,,,,
,,,,,,,,,,,,,,,,,,,,,,,224.051,1.235678057105,224.051,1.2765034406093,224.051,1.30603321756211,224.051,1.22962336113583,224.051,1.27927477418025,,,,,,,,,,,,,,,,,,,,,,,,,,,,,,,,,,,,,,,,,,,,,,,,,,,,,,,,,,,,,,,,,,,,,,,,,,,,,,,,,,,,,,,,,,,,,,,,,,,,,,,,,,,,,,,
,,,,,,,,,,,,,,,,,,,,,,,224.55,1.23797499226923,224.55,1.26836205987885,224.55,1.3073747776558,224.55,1.22277116118477,224.55,1.29379105303136,,,,,,,,,,,,,,,,,,,,,,,,,,,,,,,,,,,,,,,,,,,,,,,,,,,,,,,,,,,,,,,,,,,,,,,,,,,,,,,,,,,,,,,,,,,,,,,,,,,,,,,,,,,,,,,
,,,,,,,,,,,,,,,,,,,,,,,225.049,1.24067061989579,225.049,1.28085350217925,225.049,1.30973559581836,225.049,1.22868893230884,225.049,1.29108050114428,,,,,,,,,,,,,,,,,,,,,,,,,,,,,,,,,,,,,,,,,,,,,,,,,,,,,,,,,,,,,,,,,,,,,,,,,,,,,,,,,,,,,,,,,,,,,,,,,,,,,,,,,,,,,,,
,,,,,,,,,,,,,,,,,,,,,,,225.548,1.24431155607035,225.548,1.27686373286579,225.548,1.30943322709994,225.548,1.23049792635728,225.548,1.28188675367306,,,,,,,,,,,,,,,,,,,,,,,,,,,,,,,,,,,,,,,,,,,,,,,,,,,,,,,,,,,,,,,,,,,,,,,,,,,,,,,,,,,,,,,,,,,,,,,,,,,,,,,,,,,,,,,
,,,,,,,,,,,,,,,,,,,,,,,226.047,1.24104679290143,226.047,1.27990786304307,226.047,1.30616205132006,226.047,1.23472452985407,226.047,1.29223941740947,,,,,,,,,,,,,,,,,,,,,,,,,,,,,,,,,,,,,,,,,,,,,,,,,,,,,,,,,,,,,,,,,,,,,,,,,,,,,,,,,,,,,,,,,,,,,,,,,,,,,,,,,,,,,,,
,,,,,,,,,,,,,,,,,,,,,,,226.546,1.23893655707156,226.546,1.27044753621991,226.546,1.30547078857753,226.546,1.22892618089183,226.546,1.28482476261894,,,,,,,,,,,,,,,,,,,,,,,,,,,,,,,,,,,,,,,,,,,,,,,,,,,,,,,,,,,,,,,,,,,,,,,,,,,,,,,,,,,,,,,,,,,,,,,,,,,,,,,,,,,,,,,
,,,,,,,,,,,,,,,,,,,,,,,227.045,1.24585431813787,227.045,1.27467809883862,227.045,1.30052057879408,227.045,1.23501238267075,227.045,1.27902205492016,,,,,,,,,,,,,,,,,,,,,,,,,,,,,,,,,,,,,,,,,,,,,,,,,,,,,,,,,,,,,,,,,,,,,,,,,,,,,,,,,,,,,,,,,,,,,,,,,,,,,,,,,,,,,,,
,,,,,,,,,,,,,,,,,,,,,,,227.544,1.25023790020215,227.544,1.27557351779761,227.544,1.30847983380508,227.544,1.23082743172121,227.544,1.27957909755707,,,,,,,,,,,,,,,,,,,,,,,,,,,,,,,,,,,,,,,,,,,,,,,,,,,,,,,,,,,,,,,,,,,,,,,,,,,,,,,,,,,,,,,,,,,,,,,,,,,,,,,,,,,,,,,
,,,,,,,,,,,,,,,,,,,,,,,228.043,1.2436940871548,228.043,1.27792238620886,228.043,1.30479041585683,228.043,1.24823049951523,228.043,1.28324586951528,,,,,,,,,,,,,,,,,,,,,,,,,,,,,,,,,,,,,,,,,,,,,,,,,,,,,,,,,,,,,,,,,,,,,,,,,,,,,,,,,,,,,,,,,,,,,,,,,,,,,,,,,,,,,,,
,,,,,,,,,,,,,,,,,,,,,,,228.542,1.24407561628149,228.542,1.27699473999798,228.542,1.30485654797833,228.542,1.24338012562422,228.542,1.28489943766072,,,,,,,,,,,,,,,,,,,,,,,,,,,,,,,,,,,,,,,,,,,,,,,,,,,,,,,,,,,,,,,,,,,,,,,,,,,,,,,,,,,,,,,,,,,,,,,,,,,,,,,,,,,,,,,
,,,,,,,,,,,,,,,,,,,,,,,229.041,1.23820369706237,229.041,1.27970535960335,229.041,1.2953901034834,229.041,1.23934491911882,229.041,1.28688962738955,,,,,,,,,,,,,,,,,,,,,,,,,,,,,,,,,,,,,,,,,,,,,,,,,,,,,,,,,,,,,,,,,,,,,,,,,,,,,,,,,,,,,,,,,,,,,,,,,,,,,,,,,,,,,,,
,,,,,,,,,,,,,,,,,,,,,,,229.54,1.24682935220036,229.54,1.27725930841221,229.54,1.30304188184741,229.54,1.22956458276254,229.54,1.27817242309209,,,,,,,,,,,,,,,,,,,,,,,,,,,,,,,,,,,,,,,,,,,,,,,,,,,,,,,,,,,,,,,,,,,,,,,,,,,,,,,,,,,,,,,,,,,,,,,,,,,,,,,,,,,,,,,
,,,,,,,,,,,,,,,,,,,,,,,230.039,1.24260303949756,230.039,1.27242144526115,230.039,1.30385276394185,230.039,1.2367937605593,230.039,1.28267252003041,,,,,,,,,,,,,,,,,,,,,,,,,,,,,,,,,,,,,,,,,,,,,,,,,,,,,,,,,,,,,,,,,,,,,,,,,,,,,,,,,,,,,,,,,,,,,,,,,,,,,,,,,,,,,,,
,,,,,,,,,,,,,,,,,,,,,,,230.538,1.24346885607982,230.538,1.26735636200547,230.538,1.31321269749919,230.538,1.23865235245799,230.538,1.28240414962662,,,,,,,,,,,,,,,,,,,,,,,,,,,,,,,,,,,,,,,,,,,,,,,,,,,,,,,,,,,,,,,,,,,,,,,,,,,,,,,,,,,,,,,,,,,,,,,,,,,,,,,,,,,,,,,
,,,,,,,,,,,,,,,,,,,,,,,231.037,1.24195394323497,231.037,1.27683718206306,231.037,1.30482305762847,231.037,1.24463298645472,231.037,1.28634237546074,,,,,,,,,,,,,,,,,,,,,,,,,,,,,,,,,,,,,,,,,,,,,,,,,,,,,,,,,,,,,,,,,,,,,,,,,,,,,,,,,,,,,,,,,,,,,,,,,,,,,,,,,,,,,,,
,,,,,,,,,,,,,,,,,,,,,,,231.536,1.23488966872245,231.536,1.27846122509194,231.536,1.31023405144356,231.536,1.23796945159036,231.536,1.27985592265,,,,,,,,,,,,,,,,,,,,,,,,,,,,,,,,,,,,,,,,,,,,,,,,,,,,,,,,,,,,,,,,,,,,,,,,,,,,,,,,,,,,,,,,,,,,,,,,,,,,,,,,,,,,,,,
,,,,,,,,,,,,,,,,,,,,,,,232.035,1.24392970733436,232.035,1.28112791990742,232.035,1.30998137737812,232.035,1.23516210075141,232.035,1.28136478708164,,,,,,,,,,,,,,,,,,,,,,,,,,,,,,,,,,,,,,,,,,,,,,,,,,,,,,,,,,,,,,,,,,,,,,,,,,,,,,,,,,,,,,,,,,,,,,,,,,,,,,,,,,,,,,,
,,,,,,,,,,,,,,,,,,,,,,,232.534,1.2503844772925,232.534,1.28067185613164,232.534,1.30012441101131,232.534,1.23874259536479,232.534,1.28508114677611,,,,,,,,,,,,,,,,,,,,,,,,,,,,,,,,,,,,,,,,,,,,,,,,,,,,,,,,,,,,,,,,,,,,,,,,,,,,,,,,,,,,,,,,,,,,,,,,,,,,,,,,,,,,,,,
,,,,,,,,,,,,,,,,,,,,,,,233.033,1.24721538743354,233.033,1.28358491906225,233.033,1.30817940226512,233.033,1.24021686195549,233.033,1.28444798801481,,,,,,,,,,,,,,,,,,,,,,,,,,,,,,,,,,,,,,,,,,,,,,,,,,,,,,,,,,,,,,,,,,,,,,,,,,,,,,,,,,,,,,,,,,,,,,,,,,,,,,,,,,,,,,,
,,,,,,,,,,,,,,,,,,,,,,,233.532,1.24354584398113,233.532,1.28123342656922,233.532,1.31425317072864,233.532,1.2433558396106,233.532,1.2828941779203,,,,,,,,,,,,,,,,,,,,,,,,,,,,,,,,,,,,,,,,,,,,,,,,,,,,,,,,,,,,,,,,,,,,,,,,,,,,,,,,,,,,,,,,,,,,,,,,,,,,,,,,,,,,,,,
,,,,,,,,,,,,,,,,,,,,,,,234.031,1.24429104181734,234.031,1.27389854586566,234.031,1.30963433546742,234.031,1.24494227080637,234.031,1.28348592263596,,,,,,,,,,,,,,,,,,,,,,,,,,,,,,,,,,,,,,,,,,,,,,,,,,,,,,,,,,,,,,,,,,,,,,,,,,,,,,,,,,,,,,,,,,,,,,,,,,,,,,,,,,,,,,,
,,,,,,,,,,,,,,,,,,,,,,,234.53,1.24583519229745,234.53,1.27383728907951,234.53,1.30255245936073,234.53,1.23800812773085,234.53,1.2966506442024,,,,,,,,,,,,,,,,,,,,,,,,,,,,,,,,,,,,,,,,,,,,,,,,,,,,,,,,,,,,,,,,,,,,,,,,,,,,,,,,,,,,,,,,,,,,,,,,,,,,,,,,,,,,,,,
,,,,,,,,,,,,,,,,,,,,,,,235.029,1.24826492022872,235.029,1.28115389314128,235.029,1.2999664242329,235.029,1.24418274415375,235.029,1.2926832973421,,,,,,,,,,,,,,,,,,,,,,,,,,,,,,,,,,,,,,,,,,,,,,,,,,,,,,,,,,,,,,,,,,,,,,,,,,,,,,,,,,,,,,,,,,,,,,,,,,,,,,,,,,,,,,,
,,,,,,,,,,,,,,,,,,,,,,,235.528,1.2488785445727,235.528,1.2759993046544,235.528,1.29065312200015,235.528,1.2403086611591,235.528,1.28415915079018,,,,,,,,,,,,,,,,,,,,,,,,,,,,,,,,,,,,,,,,,,,,,,,,,,,,,,,,,,,,,,,,,,,,,,,,,,,,,,,,,,,,,,,,,,,,,,,,,,,,,,,,,,,,,,,
,,,,,,,,,,,,,,,,,,,,,,,236.027,1.24270865073981,236.027,1.27141078229188,236.027,1.30228273737157,236.027,1.23473740612335,236.027,1.29405692244027,,,,,,,,,,,,,,,,,,,,,,,,,,,,,,,,,,,,,,,,,,,,,,,,,,,,,,,,,,,,,,,,,,,,,,,,,,,,,,,,,,,,,,,,,,,,,,,,,,,,,,,,,,,,,,,
,,,,,,,,,,,,,,,,,,,,,,,236.526,1.24215207921355,236.526,1.27396871032152,236.526,1.29030156497114,236.526,1.23938487859093,236.526,1.28425880285871,,,,,,,,,,,,,,,,,,,,,,,,,,,,,,,,,,,,,,,,,,,,,,,,,,,,,,,,,,,,,,,,,,,,,,,,,,,,,,,,,,,,,,,,,,,,,,,,,,,,,,,,,,,,,,,
,,,,,,,,,,,,,,,,,,,,,,,237.025,1.24353711637231,237.025,1.28207062800885,237.025,1.30165564786547,237.025,1.23344169940021,237.025,1.291111601698,,,,,,,,,,,,,,,,,,,,,,,,,,,,,,,,,,,,,,,,,,,,,,,,,,,,,,,,,,,,,,,,,,,,,,,,,,,,,,,,,,,,,,,,,,,,,,,,,,,,,,,,,,,,,,,
,,,,,,,,,,,,,,,,,,,,,,,237.524,1.24066940522144,237.524,1.27954265444599,237.524,1.30583112661687,237.524,1.23917674009492,237.524,1.29088855915526,,,,,,,,,,,,,,,,,,,,,,,,,,,,,,,,,,,,,,,,,,,,,,,,,,,,,,,,,,,,,,,,,,,,,,,,,,,,,,,,,,,,,,,,,,,,,,,,,,,,,,,,,,,,,,,
,,,,,,,,,,,,,,,,,,,,,,,238.023,1.24782219739538,238.023,1.27757203388625,238.023,1.29995301118934,238.023,1.22776696313053,238.023,1.29101390201001,,,,,,,,,,,,,,,,,,,,,,,,,,,,,,,,,,,,,,,,,,,,,,,,,,,,,,,,,,,,,,,,,,,,,,,,,,,,,,,,,,,,,,,,,,,,,,,,,,,,,,,,,,,,,,,
,,,,,,,,,,,,,,,,,,,,,,,238.522,1.23361078018479,238.522,1.28498555771761,238.522,1.2915234235924,238.522,1.23740452778101,238.522,1.29532872973715,,,,,,,,,,,,,,,,,,,,,,,,,,,,,,,,,,,,,,,,,,,,,,,,,,,,,,,,,,,,,,,,,,,,,,,,,,,,,,,,,,,,,,,,,,,,,,,,,,,,,,,,,,,,,,,
,,,,,,,,,,,,,,,,,,,,,,,239.021,1.23576233309971,239.021,1.27714213837677,239.021,1.29804840285104,239.021,1.23236931431264,239.021,1.3029288727644,,,,,,,,,,,,,,,,,,,,,,,,,,,,,,,,,,,,,,,,,,,,,,,,,,,,,,,,,,,,,,,,,,,,,,,,,,,,,,,,,,,,,,,,,,,,,,,,,,,,,,,,,,,,,,,
,,,,,,,,,,,,,,,,,,,,,,,239.52,1.23977418515564,239.52,1.27801309102938,239.52,1.30147100056991,239.52,1.24060882814832,239.52,1.28781064036473,,,,,,,,,,,,,,,,,,,,,,,,,,,,,,,,,,,,,,,,,,,,,,,,,,,,,,,,,,,,,,,,,,,,,,,,,,,,,,,,,,,,,,,,,,,,,,,,,,,,,,,,,,,,,,,
,,,,,,,,,,,,,,,,,,,,,,,240.019,1.24003036215785,240.019,1.28106395667417,240.019,1.30194034230304,240.019,1.23825516171038,240.019,1.29341600064927,,,,,,,,,,,,,,,,,,,,,,,,,,,,,,,,,,,,,,,,,,,,,,,,,,,,,,,,,,,,,,,,,,,,,,,,,,,,,,,,,,,,,,,,,,,,,,,,,,,,,,,,,,,,,,,
,,,,,,,,,,,,,,,,,,,,,,,240.518,1.24327617754001,240.518,1.2832117789995,240.518,1.289833309036,240.518,1.23995086737436,240.518,1.28963975684016,,,,,,,,,,,,,,,,,,,,,,,,,,,,,,,,,,,,,,,,,,,,,,,,,,,,,,,,,,,,,,,,,,,,,,,,,,,,,,,,,,,,,,,,,,,,,,,,,,,,,,,,,,,,,,,
,,,,,,,,,,,,,,,,,,,,,,,241.017,1.24274980320715,241.017,1.27672664238852,241.017,1.29391450063647,241.017,1.2355516795609,241.017,1.28875303215283,,,,,,,,,,,,,,,,,,,,,,,,,,,,,,,,,,,,,,,,,,,,,,,,,,,,,,,,,,,,,,,,,,,,,,,,,,,,,,,,,,,,,,,,,,,,,,,,,,,,,,,,,,,,,,,
,,,,,,,,,,,,,,,,,,,,,,,241.516,1.24243009350049,241.516,1.27710458190094,241.516,1.29372730508891,241.516,1.2392543128856,241.516,1.28752227492429,,,,,,,,,,,,,,,,,,,,,,,,,,,,,,,,,,,,,,,,,,,,,,,,,,,,,,,,,,,,,,,,,,,,,,,,,,,,,,,,,,,,,,,,,,,,,,,,,,,,,,,,,,,,,,,
,,,,,,,,,,,,,,,,,,,,,,,242.015,1.24880163327282,242.015,1.27716575614597,242.015,1.30067233795332,242.015,1.23750464528362,242.015,1.29231898569869,,,,,,,,,,,,,,,,,,,,,,,,,,,,,,,,,,,,,,,,,,,,,,,,,,,,,,,,,,,,,,,,,,,,,,,,,,,,,,,,,,,,,,,,,,,,,,,,,,,,,,,,,,,,,,,
,,,,,,,,,,,,,,,,,,,,,,,242.514,1.24861133733935,242.514,1.2803267983207,242.514,1.30015615950413,242.514,1.24260710023562,242.514,1.28714501378021,,,,,,,,,,,,,,,,,,,,,,,,,,,,,,,,,,,,,,,,,,,,,,,,,,,,,,,,,,,,,,,,,,,,,,,,,,,,,,,,,,,,,,,,,,,,,,,,,,,,,,,,,,,,,,,
,,,,,,,,,,,,,,,,,,,,,,,243.013,1.24169038107952,243.013,1.28910519419231,243.013,1.29610178086554,243.013,1.24075781012174,243.013,1.29109772345581,,,,,,,,,,,,,,,,,,,,,,,,,,,,,,,,,,,,,,,,,,,,,,,,,,,,,,,,,,,,,,,,,,,,,,,,,,,,,,,,,,,,,,,,,,,,,,,,,,,,,,,,,,,,,,,
,,,,,,,,,,,,,,,,,,,,,,,243.512,1.2335791963986,243.512,1.28074074835075,243.512,1.29974679820041,243.512,1.23878600228344,243.512,1.29389651081013,,,,,,,,,,,,,,,,,,,,,,,,,,,,,,,,,,,,,,,,,,,,,,,,,,,,,,,,,,,,,,,,,,,,,,,,,,,,,,,,,,,,,,,,,,,,,,,,,,,,,,,,,,,,,,,
,,,,,,,,,,,,,,,,,,,,,,,244.011,1.23990345828132,244.011,1.2733534118541,244.011,1.29864040154769,244.011,1.24268016717095,244.011,1.29151752879559,,,,,,,,,,,,,,,,,,,,,,,,,,,,,,,,,,,,,,,,,,,,,,,,,,,,,,,,,,,,,,,,,,,,,,,,,,,,,,,,,,,,,,,,,,,,,,,,,,,,,,,,,,,,,,,
,,,,,,,,,,,,,,,,,,,,,,,244.51,1.25234740478613,244.51,1.27908668425586,244.51,1.30398725225368,244.51,1.24022707113242,244.51,1.29531464821455,,,,,,,,,,,,,,,,,,,,,,,,,,,,,,,,,,,,,,,,,,,,,,,,,,,,,,,,,,,,,,,,,,,,,,,,,,,,,,,,,,,,,,,,,,,,,,,,,,,,,,,,,,,,,,,
,,,,,,,,,,,,,,,,,,,,,,,245.009,1.23840278577958,245.009,1.28521374461823,245.009,1.29857679093625,245.009,1.2405317187337,245.009,1.28988949644641,,,,,,,,,,,,,,,,,,,,,,,,,,,,,,,,,,,,,,,,,,,,,,,,,,,,,,,,,,,,,,,,,,,,,,,,,,,,,,,,,,,,,,,,,,,,,,,,,,,,,,,,,,,,,,,
,,,,,,,,,,,,,,,,,,,,,,,245.508,1.24311584457628,245.508,1.27980079501413,245.508,1.29811382066111,245.508,1.24652311954229,245.508,1.28975412794451,,,,,,,,,,,,,,,,,,,,,,,,,,,,,,,,,,,,,,,,,,,,,,,,,,,,,,,,,,,,,,,,,,,,,,,,,,,,,,,,,,,,,,,,,,,,,,,,,,,,,,,,,,,,,,,
,,,,,,,,,,,,,,,,,,,,,,,246.007,1.24613266970647,246.007,1.28049739244907,246.007,1.30372662556575,246.007,1.24879581933434,246.007,1.29305390197624,,,,,,,,,,,,,,,,,,,,,,,,,,,,,,,,,,,,,,,,,,,,,,,,,,,,,,,,,,,,,,,,,,,,,,,,,,,,,,,,,,,,,,,,,,,,,,,,,,,,,,,,,,,,,,,
,,,,,,,,,,,,,,,,,,,,,,,246.506,1.24307648691424,246.506,1.28093290036982,246.506,1.29830994114909,246.506,1.25060937232016,246.506,1.30133505436167,,,,,,,,,,,,,,,,,,,,,,,,,,,,,,,,,,,,,,,,,,,,,,,,,,,,,,,,,,,,,,,,,,,,,,,,,,,,,,,,,,,,,,,,,,,,,,,,,,,,,,,,,,,,,,,
,,,,,,,,,,,,,,,,,,,,,,,247.005,1.24677715357471,247.005,1.29635124340109,247.005,1.29887276438888,247.005,1.25078997902832,247.005,1.30053443851398,,,,,,,,,,,,,,,,,,,,,,,,,,,,,,,,,,,,,,,,,,,,,,,,,,,,,,,,,,,,,,,,,,,,,,,,,,,,,,,,,,,,,,,,,,,,,,,,,,,,,,,,,,,,,,,
,,,,,,,,,,,,,,,,,,,,,,,247.504,1.24047860349266,247.504,1.29111698018409,247.504,1.29900516386336,247.504,1.24392888461793,247.504,1.29118499364454,,,,,,,,,,,,,,,,,,,,,,,,,,,,,,,,,,,,,,,,,,,,,,,,,,,,,,,,,,,,,,,,,,,,,,,,,,,,,,,,,,,,,,,,,,,,,,,,,,,,,,,,,,,,,,,
,,,,,,,,,,,,,,,,,,,,,,,248.003,1.23460104046383,248.003,1.29318249250318,248.003,1.28865073886553,248.003,1.25344678156463,248.003,1.28800528372519,,,,,,,,,,,,,,,,,,,,,,,,,,,,,,,,,,,,,,,,,,,,,,,,,,,,,,,,,,,,,,,,,,,,,,,,,,,,,,,,,,,,,,,,,,,,,,,,,,,,,,,,,,,,,,,
,,,,,,,,,,,,,,,,,,,,,,,248.502,1.23833505387638,248.502,1.28420049116904,248.502,1.29757707628608,248.502,1.24681152992779,248.502,1.28901850493677,,,,,,,,,,,,,,,,,,,,,,,,,,,,,,,,,,,,,,,,,,,,,,,,,,,,,,,,,,,,,,,,,,,,,,,,,,,,,,,,,,,,,,,,,,,,,,,,,,,,,,,,,,,,,,,
,,,,,,,,,,,,,,,,,,,,,,,249.001,1.2305002965664,249.001,1.28288026548852,249.001,1.30811720575675,249.001,1.24073349819946,249.001,1.28918195787778,,,,,,,,,,,,,,,,,,,,,,,,,,,,,,,,,,,,,,,,,,,,,,,,,,,,,,,,,,,,,,,,,,,,,,,,,,,,,,,,,,,,,,,,,,,,,,,,,,,,,,,,,,,,,,,
,,,,,,,,,,,,,,,,,,,,,,,249.5,1.22878364791367,249.5,1.27923920662688,249.5,1.29254237765686,249.5,1.24404575431478,249.5,1.28998188254277,,,,,,,,,,,,,,,,,,,,,,,,,,,,,,,,,,,,,,,,,,,,,,,,,,,,,,,,,,,,,,,,,,,,,,,,,,,,,,,,,,,,,,,,,,,,,,,,,,,,,,,,,,,,,,,
,,,,,,,,,,,,,,,,,,,,,,,249.999,1.22892228572633,249.999,1.28943206740188,249.999,1.29243377640204,249.999,1.2489757678633,249.999,1.29083779524917,,,,,,,,,,,,,,,,,,,,,,,,,,,,,,,,,,,,,,,,,,,,,,,,,,,,,,,,,,,,,,,,,,,,,,,,,,,,,,,,,,,,,,,,,,,,,,,,,,,,,,,,,,,,,,,
,,,,,,,,,,,,,,,,,,,,,,,250.498,1.23933079261245,250.498,1.29003201486704,250.498,1.29983658645865,250.498,1.24008928546536,250.498,1.28973903270997,,,,,,,,,,,,,,,,,,,,,,,,,,,,,,,,,,,,,,,,,,,,,,,,,,,,,,,,,,,,,,,,,,,,,,,,,,,,,,,,,,,,,,,,,,,,,,,,,,,,,,,,,,,,,,,
,,,,,,,,,,,,,,,,,,,,,,,250.997,1.24368792331259,250.997,1.29489962019675,250.997,1.29794406115989,250.997,1.24140699343525,250.997,1.29992387314951,,,,,,,,,,,,,,,,,,,,,,,,,,,,,,,,,,,,,,,,,,,,,,,,,,,,,,,,,,,,,,,,,,,,,,,,,,,,,,,,,,,,,,,,,,,,,,,,,,,,,,,,,,,,,,,
,,,,,,,,,,,,,,,,,,,,,,,251.496,1.23970521821077,251.496,1.29633130777904,251.496,1.30630333501321,251.496,1.24344049926702,251.496,1.29167604979745,,,,,,,,,,,,,,,,,,,,,,,,,,,,,,,,,,,,,,,,,,,,,,,,,,,,,,,,,,,,,,,,,,,,,,,,,,,,,,,,,,,,,,,,,,,,,,,,,,,,,,,,,,,,,,,
,,,,,,,,,,,,,,,,,,,,,,,251.995,1.23638659421654,251.995,1.29132205359496,251.995,1.30586627131841,251.995,1.23986976573051,251.995,1.29182412967457,,,,,,,,,,,,,,,,,,,,,,,,,,,,,,,,,,,,,,,,,,,,,,,,,,,,,,,,,,,,,,,,,,,,,,,,,,,,,,,,,,,,,,,,,,,,,,,,,,,,,,,,,,,,,,,
,,,,,,,,,,,,,,,,,,,,,,,252.494,1.23158356476204,252.494,1.29676050027561,252.494,1.2901201981721,252.494,1.24640332297312,252.494,1.29256415178464,,,,,,,,,,,,,,,,,,,,,,,,,,,,,,,,,,,,,,,,,,,,,,,,,,,,,,,,,,,,,,,,,,,,,,,,,,,,,,,,,,,,,,,,,,,,,,,,,,,,,,,,,,,,,,,
,,,,,,,,,,,,,,,,,,,,,,,252.993,1.24082800660734,252.993,1.29672196626377,252.993,1.29488757049523,252.993,1.24865821174695,252.993,1.29545258982947,,,,,,,,,,,,,,,,,,,,,,,,,,,,,,,,,,,,,,,,,,,,,,,,,,,,,,,,,,,,,,,,,,,,,,,,,,,,,,,,,,,,,,,,,,,,,,,,,,,,,,,,,,,,,,,
,,,,,,,,,,,,,,,,,,,,,,,253.492,1.22882423495762,253.492,1.29019884956889,253.492,1.29366271710303,253.492,1.24946725531237,253.492,1.29789911448052,,,,,,,,,,,,,,,,,,,,,,,,,,,,,,,,,,,,,,,,,,,,,,,,,,,,,,,,,,,,,,,,,,,,,,,,,,,,,,,,,,,,,,,,,,,,,,,,,,,,,,,,,,,,,,,
,,,,,,,,,,,,,,,,,,,,,,,253.991,1.23430791338215,253.991,1.29564506635811,253.991,1.28577748569478,253.991,1.24351935684767,253.991,1.28812053623456,,,,,,,,,,,,,,,,,,,,,,,,,,,,,,,,,,,,,,,,,,,,,,,,,,,,,,,,,,,,,,,,,,,,,,,,,,,,,,,,,,,,,,,,,,,,,,,,,,,,,,,,,,,,,,,
,,,,,,,,,,,,,,,,,,,,,,,254.49,1.23306335174513,254.49,1.30348365645981,254.49,1.29481585123101,254.49,1.25082942439793,254.49,1.29420319652609,,,,,,,,,,,,,,,,,,,,,,,,,,,,,,,,,,,,,,,,,,,,,,,,,,,,,,,,,,,,,,,,,,,,,,,,,,,,,,,,,,,,,,,,,,,,,,,,,,,,,,,,,,,,,,,
,,,,,,,,,,,,,,,,,,,,,,,254.989,1.23541675676547,254.989,1.29556711669055,254.989,1.29088140732937,254.989,1.24289629224099,254.989,1.29921335741314,,,,,,,,,,,,,,,,,,,,,,,,,,,,,,,,,,,,,,,,,,,,,,,,,,,,,,,,,,,,,,,,,,,,,,,,,,,,,,,,,,,,,,,,,,,,,,,,,,,,,,,,,,,,,,,
,,,,,,,,,,,,,,,,,,,,,,,255.488,1.24321878526138,255.488,1.28330356981986,255.488,1.29705351453193,255.488,1.25061665864405,255.488,1.30054518467367,,,,,,,,,,,,,,,,,,,,,,,,,,,,,,,,,,,,,,,,,,,,,,,,,,,,,,,,,,,,,,,,,,,,,,,,,,,,,,,,,,,,,,,,,,,,,,,,,,,,,,,,,,,,,,,
,,,,,,,,,,,,,,,,,,,,,,,255.987,1.23309437734409,255.987,1.28879937387474,255.987,1.29306559678024,255.987,1.24082421805538,255.987,1.28658258715911,,,,,,,,,,,,,,,,,,,,,,,,,,,,,,,,,,,,,,,,,,,,,,,,,,,,,,,,,,,,,,,,,,,,,,,,,,,,,,,,,,,,,,,,,,,,,,,,,,,,,,,,,,,,,,,
,,,,,,,,,,,,,,,,,,,,,,,256.486,1.22773147370217,256.486,1.29121175351691,256.486,1.28612218022728,256.486,1.24842111396094,256.486,1.28888268451229,,,,,,,,,,,,,,,,,,,,,,,,,,,,,,,,,,,,,,,,,,,,,,,,,,,,,,,,,,,,,,,,,,,,,,,,,,,,,,,,,,,,,,,,,,,,,,,,,,,,,,,,,,,,,,,
,,,,,,,,,,,,,,,,,,,,,,,256.985,1.24768689639736,256.985,1.29496784081016,256.985,1.29721676358792,256.985,1.24639493404146,256.985,1.28003938303918,,,,,,,,,,,,,,,,,,,,,,,,,,,,,,,,,,,,,,,,,,,,,,,,,,,,,,,,,,,,,,,,,,,,,,,,,,,,,,,,,,,,,,,,,,,,,,,,,,,,,,,,,,,,,,,
,,,,,,,,,,,,,,,,,,,,,,,257.484,1.25307865760974,257.484,1.29291749675049,257.484,1.29050907443654,257.484,1.2496651296837,257.484,1.28637474127505,,,,,,,,,,,,,,,,,,,,,,,,,,,,,,,,,,,,,,,,,,,,,,,,,,,,,,,,,,,,,,,,,,,,,,,,,,,,,,,,,,,,,,,,,,,,,,,,,,,,,,,,,,,,,,,
,,,,,,,,,,,,,,,,,,,,,,,257.983,1.24885999794663,257.983,1.28627570120962,257.983,1.29110762906575,257.983,1.26027849619353,257.983,1.27742755235178,,,,,,,,,,,,,,,,,,,,,,,,,,,,,,,,,,,,,,,,,,,,,,,,,,,,,,,,,,,,,,,,,,,,,,,,,,,,,,,,,,,,,,,,,,,,,,,,,,,,,,,,,,,,,,,
,,,,,,,,,,,,,,,,,,,,,,,258.482,1.24022245095346,258.482,1.28841122977858,258.482,1.27874788461833,258.482,1.25762921777255,258.482,1.27509494764896,,,,,,,,,,,,,,,,,,,,,,,,,,,,,,,,,,,,,,,,,,,,,,,,,,,,,,,,,,,,,,,,,,,,,,,,,,,,,,,,,,,,,,,,,,,,,,,,,,,,,,,,,,,,,,,
,,,,,,,,,,,,,,,,,,,,,,,258.981,1.2406749479778,258.981,1.28949332412975,258.981,1.28800731809846,258.981,1.24545642612363,258.981,1.27935687918486,,,,,,,,,,,,,,,,,,,,,,,,,,,,,,,,,,,,,,,,,,,,,,,,,,,,,,,,,,,,,,,,,,,,,,,,,,,,,,,,,,,,,,,,,,,,,,,,,,,,,,,,,,,,,,,
,,,,,,,,,,,,,,,,,,,,,,,259.48,1.24479851019793,259.48,1.29184887854753,259.48,1.28348151506596,259.48,1.24727899443075,259.48,1.27966139835485,,,,,,,,,,,,,,,,,,,,,,,,,,,,,,,,,,,,,,,,,,,,,,,,,,,,,,,,,,,,,,,,,,,,,,,,,,,,,,,,,,,,,,,,,,,,,,,,,,,,,,,,,,,,,,,
,,,,,,,,,,,,,,,,,,,,,,,259.979,1.24704984491187,259.979,1.2940969276337,259.979,1.28410314537608,259.979,1.25550962424882,259.979,1.2836157862088,,,,,,,,,,,,,,,,,,,,,,,,,,,,,,,,,,,,,,,,,,,,,,,,,,,,,,,,,,,,,,,,,,,,,,,,,,,,,,,,,,,,,,,,,,,,,,,,,,,,,,,,,,,,,,,
,,,,,,,,,,,,,,,,,,,,,,,260.478,1.2382942807877,260.478,1.30042724301736,260.478,1.29579991029389,260.478,1.25242483389287,260.478,1.28750758059546,,,,,,,,,,,,,,,,,,,,,,,,,,,,,,,,,,,,,,,,,,,,,,,,,,,,,,,,,,,,,,,,,,,,,,,,,,,,,,,,,,,,,,,,,,,,,,,,,,,,,,,,,,,,,,,
,,,,,,,,,,,,,,,,,,,,,,,260.977,1.24479578801279,260.977,1.29881619049065,260.977,1.29063233921296,260.977,1.24592859705433,260.977,1.29261049987226,,,,,,,,,,,,,,,,,,,,,,,,,,,,,,,,,,,,,,,,,,,,,,,,,,,,,,,,,,,,,,,,,,,,,,,,,,,,,,,,,,,,,,,,,,,,,,,,,,,,,,,,,,,,,,,
,,,,,,,,,,,,,,,,,,,,,,,261.476,1.24782670242355,261.476,1.29425288427136,261.476,1.2903185487902,261.476,1.24904807930067,261.476,1.28970477976121,,,,,,,,,,,,,,,,,,,,,,,,,,,,,,,,,,,,,,,,,,,,,,,,,,,,,,,,,,,,,,,,,,,,,,,,,,,,,,,,,,,,,,,,,,,,,,,,,,,,,,,,,,,,,,,
,,,,,,,,,,,,,,,,,,,,,,,261.975,1.25016334540524,261.975,1.29200358343798,261.975,1.29106868335661,261.975,1.24771594269912,261.975,1.28456168530906,,,,,,,,,,,,,,,,,,,,,,,,,,,,,,,,,,,,,,,,,,,,,,,,,,,,,,,,,,,,,,,,,,,,,,,,,,,,,,,,,,,,,,,,,,,,,,,,,,,,,,,,,,,,,,,
,,,,,,,,,,,,,,,,,,,,,,,262.474,1.25208944713457,262.474,1.29075096862397,262.474,1.29916678768011,262.474,1.25002194370191,262.474,1.29161744379085,,,,,,,,,,,,,,,,,,,,,,,,,,,,,,,,,,,,,,,,,,,,,,,,,,,,,,,,,,,,,,,,,,,,,,,,,,,,,,,,,,,,,,,,,,,,,,,,,,,,,,,,,,,,,,,
,,,,,,,,,,,,,,,,,,,,,,,262.973,1.25226526287873,262.973,1.29277649030201,262.973,1.29960295522433,262.973,1.24199169898653,262.973,1.28049790497956,,,,,,,,,,,,,,,,,,,,,,,,,,,,,,,,,,,,,,,,,,,,,,,,,,,,,,,,,,,,,,,,,,,,,,,,,,,,,,,,,,,,,,,,,,,,,,,,,,,,,,,,,,,,,,,
,,,,,,,,,,,,,,,,,,,,,,,263.472,1.25166059473323,263.472,1.28812084687363,263.472,1.30041085690394,263.472,1.24177721040903,263.472,1.28979106790797,,,,,,,,,,,,,,,,,,,,,,,,,,,,,,,,,,,,,,,,,,,,,,,,,,,,,,,,,,,,,,,,,,,,,,,,,,,,,,,,,,,,,,,,,,,,,,,,,,,,,,,,,,,,,,,
,,,,,,,,,,,,,,,,,,,,,,,263.971,1.24611175175014,263.971,1.29139912739509,263.971,1.29430276863231,263.971,1.2459926727779,263.971,1.28302806475085,,,,,,,,,,,,,,,,,,,,,,,,,,,,,,,,,,,,,,,,,,,,,,,,,,,,,,,,,,,,,,,,,,,,,,,,,,,,,,,,,,,,,,,,,,,,,,,,,,,,,,,,,,,,,,,
,,,,,,,,,,,,,,,,,,,,,,,264.47,1.25118257543779,264.47,1.2974443058798,264.47,1.29596071857787,264.47,1.2552772685526,264.47,1.27950816774053,,,,,,,,,,,,,,,,,,,,,,,,,,,,,,,,,,,,,,,,,,,,,,,,,,,,,,,,,,,,,,,,,,,,,,,,,,,,,,,,,,,,,,,,,,,,,,,,,,,,,,,,,,,,,,,
,,,,,,,,,,,,,,,,,,,,,,,264.969,1.24860209655749,264.969,1.29780952988826,264.969,1.29718899561942,264.969,1.25711496235879,264.969,1.29228500018766,,,,,,,,,,,,,,,,,,,,,,,,,,,,,,,,,,,,,,,,,,,,,,,,,,,,,,,,,,,,,,,,,,,,,,,,,,,,,,,,,,,,,,,,,,,,,,,,,,,,,,,,,,,,,,,
,,,,,,,,,,,,,,,,,,,,,,,265.468,1.24621177201295,265.468,1.2900166772645,265.468,1.29223673091042,265.468,1.25150610870098,265.468,1.28770317559797,,,,,,,,,,,,,,,,,,,,,,,,,,,,,,,,,,,,,,,,,,,,,,,,,,,,,,,,,,,,,,,,,,,,,,,,,,,,,,,,,,,,,,,,,,,,,,,,,,,,,,,,,,,,,,,
,,,,,,,,,,,,,,,,,,,,,,,265.967,1.24845282620765,265.967,1.28681563190664,265.967,1.29719674388111,265.967,1.246984600272,265.967,1.29031245906062,,,,,,,,,,,,,,,,,,,,,,,,,,,,,,,,,,,,,,,,,,,,,,,,,,,,,,,,,,,,,,,,,,,,,,,,,,,,,,,,,,,,,,,,,,,,,,,,,,,,,,,,,,,,,,,
,,,,,,,,,,,,,,,,,,,,,,,266.466,1.24677316023903,266.466,1.28493997502511,266.466,1.29484945522264,266.466,1.25012366227424,266.466,1.28939201912458,,,,,,,,,,,,,,,,,,,,,,,,,,,,,,,,,,,,,,,,,,,,,,,,,,,,,,,,,,,,,,,,,,,,,,,,,,,,,,,,,,,,,,,,,,,,,,,,,,,,,,,,,,,,,,,
,,,,,,,,,,,,,,,,,,,,,,,266.965,1.25245754934632,266.965,1.28934223324926,266.965,1.29052547446615,266.965,1.24392354701214,266.965,1.28771772717782,,,,,,,,,,,,,,,,,,,,,,,,,,,,,,,,,,,,,,,,,,,,,,,,,,,,,,,,,,,,,,,,,,,,,,,,,,,,,,,,,,,,,,,,,,,,,,,,,,,,,,,,,,,,,,,
,,,,,,,,,,,,,,,,,,,,,,,267.464,1.25479364335222,267.464,1.28719560694891,267.464,1.29493861845914,267.464,1.25091415989813,267.464,1.27917906518229,,,,,,,,,,,,,,,,,,,,,,,,,,,,,,,,,,,,,,,,,,,,,,,,,,,,,,,,,,,,,,,,,,,,,,,,,,,,,,,,,,,,,,,,,,,,,,,,,,,,,,,,,,,,,,,
,,,,,,,,,,,,,,,,,,,,,,,267.963,1.24385202067426,267.963,1.2929317786368,267.963,1.30045823792704,267.963,1.25558274563996,267.963,1.2838063859843,,,,,,,,,,,,,,,,,,,,,,,,,,,,,,,,,,,,,,,,,,,,,,,,,,,,,,,,,,,,,,,,,,,,,,,,,,,,,,,,,,,,,,,,,,,,,,,,,,,,,,,,,,,,,,,
,,,,,,,,,,,,,,,,,,,,,,,268.462,1.25417845643005,268.462,1.29963282464391,268.462,1.29449467829293,268.462,1.25691567854284,268.462,1.29097791700937,,,,,,,,,,,,,,,,,,,,,,,,,,,,,,,,,,,,,,,,,,,,,,,,,,,,,,,,,,,,,,,,,,,,,,,,,,,,,,,,,,,,,,,,,,,,,,,,,,,,,,,,,,,,,,,
,,,,,,,,,,,,,,,,,,,,,,,268.961,1.24214407375312,268.961,1.29456037511142,268.961,1.2897384772659,268.961,1.24187641475202,268.961,1.30602304112161,,,,,,,,,,,,,,,,,,,,,,,,,,,,,,,,,,,,,,,,,,,,,,,,,,,,,,,,,,,,,,,,,,,,,,,,,,,,,,,,,,,,,,,,,,,,,,,,,,,,,,,,,,,,,,,
,,,,,,,,,,,,,,,,,,,,,,,269.46,1.24745552613455,269.46,1.29708315780461,269.46,1.30589292677829,269.46,1.24659596134549,269.46,1.30019208935931,,,,,,,,,,,,,,,,,,,,,,,,,,,,,,,,,,,,,,,,,,,,,,,,,,,,,,,,,,,,,,,,,,,,,,,,,,,,,,,,,,,,,,,,,,,,,,,,,,,,,,,,,,,,,,,
,,,,,,,,,,,,,,,,,,,,,,,269.959,1.24841758697519,269.959,1.29953326281465,269.959,1.30794693369238,269.959,1.25503027323048,269.959,1.30065425115869,,,,,,,,,,,,,,,,,,,,,,,,,,,,,,,,,,,,,,,,,,,,,,,,,,,,,,,,,,,,,,,,,,,,,,,,,,,,,,,,,,,,,,,,,,,,,,,,,,,,,,,,,,,,,,,
,,,,,,,,,,,,,,,,,,,,,,,270.458,1.25274127775431,270.458,1.29224386968231,270.458,1.30737829043034,270.458,1.24763908023591,270.458,1.29877301598225,,,,,,,,,,,,,,,,,,,,,,,,,,,,,,,,,,,,,,,,,,,,,,,,,,,,,,,,,,,,,,,,,,,,,,,,,,,,,,,,,,,,,,,,,,,,,,,,,,,,,,,,,,,,,,,
,,,,,,,,,,,,,,,,,,,,,,,270.957,1.24717278363836,270.957,1.29322773462918,270.957,1.30611948814951,270.957,1.25313433335484,270.957,1.29888940734434,,,,,,,,,,,,,,,,,,,,,,,,,,,,,,,,,,,,,,,,,,,,,,,,,,,,,,,,,,,,,,,,,,,,,,,,,,,,,,,,,,,,,,,,,,,,,,,,,,,,,,,,,,,,,,,
,,,,,,,,,,,,,,,,,,,,,,,271.456,1.24308496484437,271.456,1.29421204436753,271.456,1.30880177582024,271.456,1.25824738565885,271.456,1.29953298038759,,,,,,,,,,,,,,,,,,,,,,,,,,,,,,,,,,,,,,,,,,,,,,,,,,,,,,,,,,,,,,,,,,,,,,,,,,,,,,,,,,,,,,,,,,,,,,,,,,,,,,,,,,,,,,,
,,,,,,,,,,,,,,,,,,,,,,,271.955,1.23814326048017,271.955,1.2959194231959,271.955,1.30432986811959,271.955,1.25680316828187,271.955,1.29697881598256,,,,,,,,,,,,,,,,,,,,,,,,,,,,,,,,,,,,,,,,,,,,,,,,,,,,,,,,,,,,,,,,,,,,,,,,,,,,,,,,,,,,,,,,,,,,,,,,,,,,,,,,,,,,,,,
,,,,,,,,,,,,,,,,,,,,,,,272.454,1.24016009068687,272.454,1.29384848505521,272.454,1.30707152192115,272.454,1.25974663285227,272.454,1.29929354385292,,,,,,,,,,,,,,,,,,,,,,,,,,,,,,,,,,,,,,,,,,,,,,,,,,,,,,,,,,,,,,,,,,,,,,,,,,,,,,,,,,,,,,,,,,,,,,,,,,,,,,,,,,,,,,,
,,,,,,,,,,,,,,,,,,,,,,,272.953,1.24835743987918,272.953,1.29699889690924,272.953,1.30505769449595,272.953,1.252231167824,272.953,1.30256332943915,,,,,,,,,,,,,,,,,,,,,,,,,,,,,,,,,,,,,,,,,,,,,,,,,,,,,,,,,,,,,,,,,,,,,,,,,,,,,,,,,,,,,,,,,,,,,,,,,,,,,,,,,,,,,,,
,,,,,,,,,,,,,,,,,,,,,,,273.452,1.25935942144011,273.452,1.29684241833737,273.452,1.31137366708072,273.452,1.25540436091411,273.452,1.30501268667419,,,,,,,,,,,,,,,,,,,,,,,,,,,,,,,,,,,,,,,,,,,,,,,,,,,,,,,,,,,,,,,,,,,,,,,,,,,,,,,,,,,,,,,,,,,,,,,,,,,,,,,,,,,,,,,
,,,,,,,,,,,,,,,,,,,,,,,273.951,1.25585547889731,273.951,1.29183146382539,273.951,1.30918757904628,273.951,1.25998717546311,273.951,1.31042442433092,,,,,,,,,,,,,,,,,,,,,,,,,,,,,,,,,,,,,,,,,,,,,,,,,,,,,,,,,,,,,,,,,,,,,,,,,,,,,,,,,,,,,,,,,,,,,,,,,,,,,,,,,,,,,,,
,,,,,,,,,,,,,,,,,,,,,,,274.45,1.24627184315708,274.45,1.29302642933591,274.45,1.31088673211721,274.45,1.2576085608161,274.45,1.30315147408247,,,,,,,,,,,,,,,,,,,,,,,,,,,,,,,,,,,,,,,,,,,,,,,,,,,,,,,,,,,,,,,,,,,,,,,,,,,,,,,,,,,,,,,,,,,,,,,,,,,,,,,,,,,,,,,
,,,,,,,,,,,,,,,,,,,,,,,274.949,1.23798768011078,274.949,1.28915721191006,274.949,1.30828706977476,274.949,1.25946946225968,274.949,1.29727950827061,,,,,,,,,,,,,,,,,,,,,,,,,,,,,,,,,,,,,,,,,,,,,,,,,,,,,,,,,,,,,,,,,,,,,,,,,,,,,,,,,,,,,,,,,,,,,,,,,,,,,,,,,,,,,,,
,,,,,,,,,,,,,,,,,,,,,,,275.448,1.24351619802535,275.448,1.29169528778735,275.448,1.30634498781198,275.448,1.24628287361093,275.448,1.29770090398122,,,,,,,,,,,,,,,,,,,,,,,,,,,,,,,,,,,,,,,,,,,,,,,,,,,,,,,,,,,,,,,,,,,,,,,,,,,,,,,,,,,,,,,,,,,,,,,,,,,,,,,,,,,,,,,
,,,,,,,,,,,,,,,,,,,,,,,275.947,1.2509511628854,275.947,1.29192981409258,275.947,1.31040628216957,275.947,1.25156948689515,275.947,1.30485865803744,,,,,,,,,,,,,,,,,,,,,,,,,,,,,,,,,,,,,,,,,,,,,,,,,,,,,,,,,,,,,,,,,,,,,,,,,,,,,,,,,,,,,,,,,,,,,,,,,,,,,,,,,,,,,,,
,,,,,,,,,,,,,,,,,,,,,,,276.446,1.24156488083073,276.446,1.28538395085024,276.446,1.30084884655778,276.446,1.25585236220061,276.446,1.30033532167952,,,,,,,,,,,,,,,,,,,,,,,,,,,,,,,,,,,,,,,,,,,,,,,,,,,,,,,,,,,,,,,,,,,,,,,,,,,,,,,,,,,,,,,,,,,,,,,,,,,,,,,,,,,,,,,
,,,,,,,,,,,,,,,,,,,,,,,276.945,1.2419216818185,276.945,1.29364584889064,276.945,1.31058462492921,276.945,1.25102730154699,276.945,1.29578748786838,,,,,,,,,,,,,,,,,,,,,,,,,,,,,,,,,,,,,,,,,,,,,,,,,,,,,,,,,,,,,,,,,,,,,,,,,,,,,,,,,,,,,,,,,,,,,,,,,,,,,,,,,,,,,,,
,,,,,,,,,,,,,,,,,,,,,,,277.444,1.23874727519171,277.444,1.29950583504222,277.444,1.30409567250775,277.444,1.26016741319513,277.444,1.30347289288876,,,,,,,,,,,,,,,,,,,,,,,,,,,,,,,,,,,,,,,,,,,,,,,,,,,,,,,,,,,,,,,,,,,,,,,,,,,,,,,,,,,,,,,,,,,,,,,,,,,,,,,,,,,,,,,
,,,,,,,,,,,,,,,,,,,,,,,277.943,1.23998245599054,277.943,1.3002403239935,277.943,1.30498705305692,277.943,1.25157912635916,277.943,1.30482901579366,,,,,,,,,,,,,,,,,,,,,,,,,,,,,,,,,,,,,,,,,,,,,,,,,,,,,,,,,,,,,,,,,,,,,,,,,,,,,,,,,,,,,,,,,,,,,,,,,,,,,,,,,,,,,,,
,,,,,,,,,,,,,,,,,,,,,,,278.442,1.24741881822034,278.442,1.2982754277833,278.442,1.31509981149322,278.442,1.24183526652092,278.442,1.30828689553462,,,,,,,,,,,,,,,,,,,,,,,,,,,,,,,,,,,,,,,,,,,,,,,,,,,,,,,,,,,,,,,,,,,,,,,,,,,,,,,,,,,,,,,,,,,,,,,,,,,,,,,,,,,,,,,
,,,,,,,,,,,,,,,,,,,,,,,278.941,1.25204374811485,278.941,1.28935112739353,278.941,1.3112095742131,278.941,1.23427725950052,278.941,1.30951157562484,,,,,,,,,,,,,,,,,,,,,,,,,,,,,,,,,,,,,,,,,,,,,,,,,,,,,,,,,,,,,,,,,,,,,,,,,,,,,,,,,,,,,,,,,,,,,,,,,,,,,,,,,,,,,,,
,,,,,,,,,,,,,,,,,,,,,,,279.44,1.24220403590991,279.44,1.29124857794647,279.44,1.31111654963714,279.44,1.24123491791208,279.44,1.30699321294234,,,,,,,,,,,,,,,,,,,,,,,,,,,,,,,,,,,,,,,,,,,,,,,,,,,,,,,,,,,,,,,,,,,,,,,,,,,,,,,,,,,,,,,,,,,,,,,,,,,,,,,,,,,,,,,
,,,,,,,,,,,,,,,,,,,,,,,279.939,1.24155085350233,279.939,1.29577974084575,279.939,1.30525667370963,279.939,1.25565600117198,279.939,1.29432948935682,,,,,,,,,,,,,,,,,,,,,,,,,,,,,,,,,,,,,,,,,,,,,,,,,,,,,,,,,,,,,,,,,,,,,,,,,,,,,,,,,,,,,,,,,,,,,,,,,,,,,,,,,,,,,,,
,,,,,,,,,,,,,,,,,,,,,,,280.438,1.2470220903131,280.438,1.28847260887743,280.438,1.29531260983052,280.438,1.25915588686044,280.438,1.30306490038013,,,,,,,,,,,,,,,,,,,,,,,,,,,,,,,,,,,,,,,,,,,,,,,,,,,,,,,,,,,,,,,,,,,,,,,,,,,,,,,,,,,,,,,,,,,,,,,,,,,,,,,,,,,,,,,
,,,,,,,,,,,,,,,,,,,,,,,280.937,1.24530854689361,280.937,1.28252171603493,280.937,1.30655428062919,280.937,1.25838175581168,280.937,1.30407572159236,,,,,,,,,,,,,,,,,,,,,,,,,,,,,,,,,,,,,,,,,,,,,,,,,,,,,,,,,,,,,,,,,,,,,,,,,,,,,,,,,,,,,,,,,,,,,,,,,,,,,,,,,,,,,,,
,,,,,,,,,,,,,,,,,,,,,,,281.436,1.23704159410278,281.436,1.2945532362011,281.436,1.30762281672621,281.436,1.2450594267367,281.436,1.3076927874122,,,,,,,,,,,,,,,,,,,,,,,,,,,,,,,,,,,,,,,,,,,,,,,,,,,,,,,,,,,,,,,,,,,,,,,,,,,,,,,,,,,,,,,,,,,,,,,,,,,,,,,,,,,,,,,
,,,,,,,,,,,,,,,,,,,,,,,281.935,1.23526379673775,281.935,1.29612112660172,281.935,1.31915819429948,281.935,1.24823420378858,281.935,1.29883107731938,,,,,,,,,,,,,,,,,,,,,,,,,,,,,,,,,,,,,,,,,,,,,,,,,,,,,,,,,,,,,,,,,,,,,,,,,,,,,,,,,,,,,,,,,,,,,,,,,,,,,,,,,,,,,,,
,,,,,,,,,,,,,,,,,,,,,,,282.434,1.24399663456263,282.434,1.28883519773229,282.434,1.31234385341006,282.434,1.25130136072026,282.434,1.30451794696444,,,,,,,,,,,,,,,,,,,,,,,,,,,,,,,,,,,,,,,,,,,,,,,,,,,,,,,,,,,,,,,,,,,,,,,,,,,,,,,,,,,,,,,,,,,,,,,,,,,,,,,,,,,,,,,
,,,,,,,,,,,,,,,,,,,,,,,282.933,1.24627267276657,282.933,1.28737742523967,282.933,1.30916106430273,282.933,1.25018675737414,282.933,1.30362778529402,,,,,,,,,,,,,,,,,,,,,,,,,,,,,,,,,,,,,,,,,,,,,,,,,,,,,,,,,,,,,,,,,,,,,,,,,,,,,,,,,,,,,,,,,,,,,,,,,,,,,,,,,,,,,,,
,,,,,,,,,,,,,,,,,,,,,,,283.432,1.24501388855692,283.432,1.2911061755177,283.432,1.30516230418853,283.432,1.25308090493722,283.432,1.30580754308759,,,,,,,,,,,,,,,,,,,,,,,,,,,,,,,,,,,,,,,,,,,,,,,,,,,,,,,,,,,,,,,,,,,,,,,,,,,,,,,,,,,,,,,,,,,,,,,,,,,,,,,,,,,,,,,
,,,,,,,,,,,,,,,,,,,,,,,283.931,1.23633318782714,283.931,1.29175394770748,283.931,1.3088725170346,283.931,1.24396528214245,283.931,1.29915078510281,,,,,,,,,,,,,,,,,,,,,,,,,,,,,,,,,,,,,,,,,,,,,,,,,,,,,,,,,,,,,,,,,,,,,,,,,,,,,,,,,,,,,,,,,,,,,,,,,,,,,,,,,,,,,,,
,,,,,,,,,,,,,,,,,,,,,,,284.43,1.23621943696126,284.43,1.29861291863947,284.43,1.29965798174968,284.43,1.25641083309295,284.43,1.29837871090259,,,,,,,,,,,,,,,,,,,,,,,,,,,,,,,,,,,,,,,,,,,,,,,,,,,,,,,,,,,,,,,,,,,,,,,,,,,,,,,,,,,,,,,,,,,,,,,,,,,,,,,,,,,,,,,
,,,,,,,,,,,,,,,,,,,,,,,284.929,1.24156161973467,284.929,1.29326944493204,284.929,1.3005606801382,284.929,1.26071900313944,284.929,1.2969404818051,,,,,,,,,,,,,,,,,,,,,,,,,,,,,,,,,,,,,,,,,,,,,,,,,,,,,,,,,,,,,,,,,,,,,,,,,,,,,,,,,,,,,,,,,,,,,,,,,,,,,,,,,,,,,,,
,,,,,,,,,,,,,,,,,,,,,,,285.428,1.24200235607422,285.428,1.30299361907554,285.428,1.29951616744465,285.428,1.24565001860903,285.428,1.30045875582585,,,,,,,,,,,,,,,,,,,,,,,,,,,,,,,,,,,,,,,,,,,,,,,,,,,,,,,,,,,,,,,,,,,,,,,,,,,,,,,,,,,,,,,,,,,,,,,,,,,,,,,,,,,,,,,
,,,,,,,,,,,,,,,,,,,,,,,285.927,1.23617407353709,285.927,1.2945070610044,285.927,1.29722486811893,285.927,1.25209455271382,285.927,1.30174846399252,,,,,,,,,,,,,,,,,,,,,,,,,,,,,,,,,,,,,,,,,,,,,,,,,,,,,,,,,,,,,,,,,,,,,,,,,,,,,,,,,,,,,,,,,,,,,,,,,,,,,,,,,,,,,,,
,,,,,,,,,,,,,,,,,,,,,,,286.426,1.24382863653889,286.426,1.28736479271568,286.426,1.29939937301737,286.426,1.25731107531571,286.426,1.29495324466667,,,,,,,,,,,,,,,,,,,,,,,,,,,,,,,,,,,,,,,,,,,,,,,,,,,,,,,,,,,,,,,,,,,,,,,,,,,,,,,,,,,,,,,,,,,,,,,,,,,,,,,,,,,,,,,
,,,,,,,,,,,,,,,,,,,,,,,286.925,1.24680875880355,286.925,1.29492359285723,286.925,1.30220615410741,286.925,1.25227032634643,286.925,1.29816198916099,,,,,,,,,,,,,,,,,,,,,,,,,,,,,,,,,,,,,,,,,,,,,,,,,,,,,,,,,,,,,,,,,,,,,,,,,,,,,,,,,,,,,,,,,,,,,,,,,,,,,,,,,,,,,,,
,,,,,,,,,,,,,,,,,,,,,,,287.424,1.24409813862457,287.424,1.30011235653641,287.424,1.30124007362977,287.424,1.24665878140677,287.424,1.30019434699935,,,,,,,,,,,,,,,,,,,,,,,,,,,,,,,,,,,,,,,,,,,,,,,,,,,,,,,,,,,,,,,,,,,,,,,,,,,,,,,,,,,,,,,,,,,,,,,,,,,,,,,,,,,,,,,
,,,,,,,,,,,,,,,,,,,,,,,287.923,1.24339583901427,287.923,1.29251784140471,287.923,1.31347861586061,287.923,1.25760321168318,287.923,1.30936988713127,,,,,,,,,,,,,,,,,,,,,,,,,,,,,,,,,,,,,,,,,,,,,,,,,,,,,,,,,,,,,,,,,,,,,,,,,,,,,,,,,,,,,,,,,,,,,,,,,,,,,,,,,,,,,,,
,,,,,,,,,,,,,,,,,,,,,,,288.422,1.25451825075759,288.422,1.28990628556333,288.422,1.3146420411761,288.422,1.25280508321131,288.422,1.29961354134561,,,,,,,,,,,,,,,,,,,,,,,,,,,,,,,,,,,,,,,,,,,,,,,,,,,,,,,,,,,,,,,,,,,,,,,,,,,,,,,,,,,,,,,,,,,,,,,,,,,,,,,,,,,,,,,
,,,,,,,,,,,,,,,,,,,,,,,288.921,1.25493589273693,288.921,1.2887229119333,288.921,1.30562681640333,288.921,1.24851922950846,288.921,1.29593149058263,,,,,,,,,,,,,,,,,,,,,,,,,,,,,,,,,,,,,,,,,,,,,,,,,,,,,,,,,,,,,,,,,,,,,,,,,,,,,,,,,,,,,,,,,,,,,,,,,,,,,,,,,,,,,,,
,,,,,,,,,,,,,,,,,,,,,,,289.42,1.24807872852854,289.42,1.29799093560539,289.42,1.30565610889041,289.42,1.25506034846718,289.42,1.30154823906552,,,,,,,,,,,,,,,,,,,,,,,,,,,,,,,,,,,,,,,,,,,,,,,,,,,,,,,,,,,,,,,,,,,,,,,,,,,,,,,,,,,,,,,,,,,,,,,,,,,,,,,,,,,,,,,
,,,,,,,,,,,,,,,,,,,,,,,289.919,1.2455291384016,289.919,1.28758109434163,289.919,1.31327575843208,289.919,1.25030493369858,289.919,1.29045159940999,,,,,,,,,,,,,,,,,,,,,,,,,,,,,,,,,,,,,,,,,,,,,,,,,,,,,,,,,,,,,,,,,,,,,,,,,,,,,,,,,,,,,,,,,,,,,,,,,,,,,,,,,,,,,,,
,,,,,,,,,,,,,,,,,,,,,,,290.418,1.25211860014848,290.418,1.29170190348503,290.418,1.31575391118384,290.418,1.25112845957665,290.418,1.29489669137977,,,,,,,,,,,,,,,,,,,,,,,,,,,,,,,,,,,,,,,,,,,,,,,,,,,,,,,,,,,,,,,,,,,,,,,,,,,,,,,,,,,,,,,,,,,,,,,,,,,,,,,,,,,,,,,
,,,,,,,,,,,,,,,,,,,,,,,290.917,1.25079901840276,290.917,1.28959657701411,290.917,1.30705990078342,290.917,1.26125714762993,290.917,1.29309255914372,,,,,,,,,,,,,,,,,,,,,,,,,,,,,,,,,,,,,,,,,,,,,,,,,,,,,,,,,,,,,,,,,,,,,,,,,,,,,,,,,,,,,,,,,,,,,,,,,,,,,,,,,,,,,,,
,,,,,,,,,,,,,,,,,,,,,,,291.416,1.24788696981985,291.416,1.29317527543504,291.416,1.30817300088547,291.416,1.26101441341082,291.416,1.28970445542856,,,,,,,,,,,,,,,,,,,,,,,,,,,,,,,,,,,,,,,,,,,,,,,,,,,,,,,,,,,,,,,,,,,,,,,,,,,,,,,,,,,,,,,,,,,,,,,,,,,,,,,,,,,,,,,
,,,,,,,,,,,,,,,,,,,,,,,291.915,1.25474400545844,291.915,1.2865341351399,291.915,1.31205806717468,291.915,1.25566098903409,291.915,1.28392125891596,,,,,,,,,,,,,,,,,,,,,,,,,,,,,,,,,,,,,,,,,,,,,,,,,,,,,,,,,,,,,,,,,,,,,,,,,,,,,,,,,,,,,,,,,,,,,,,,,,,,,,,,,,,,,,,
,,,,,,,,,,,,,,,,,,,,,,,292.414,1.24965160688582,292.414,1.2886772592151,292.414,1.30493900283365,292.414,1.25315724584803,292.414,1.28805103098578,,,,,,,,,,,,,,,,,,,,,,,,,,,,,,,,,,,,,,,,,,,,,,,,,,,,,,,,,,,,,,,,,,,,,,,,,,,,,,,,,,,,,,,,,,,,,,,,,,,,,,,,,,,,,,,
,,,,,,,,,,,,,,,,,,,,,,,292.913,1.24689716003115,292.913,1.28759243366356,292.913,1.31287308976889,292.913,1.24934646290022,292.913,1.29321467232929,,,,,,,,,,,,,,,,,,,,,,,,,,,,,,,,,,,,,,,,,,,,,,,,,,,,,,,,,,,,,,,,,,,,,,,,,,,,,,,,,,,,,,,,,,,,,,,,,,,,,,,,,,,,,,,
,,,,,,,,,,,,,,,,,,,,,,,293.412,1.25351906852727,293.412,1.29246745212746,293.412,1.32125880666729,293.412,1.24508155411925,293.412,1.29836803429223,,,,,,,,,,,,,,,,,,,,,,,,,,,,,,,,,,,,,,,,,,,,,,,,,,,,,,,,,,,,,,,,,,,,,,,,,,,,,,,,,,,,,,,,,,,,,,,,,,,,,,,,,,,,,,,
,,,,,,,,,,,,,,,,,,,,,,,293.911,1.24028219238303,293.911,1.3026319762707,293.911,1.30956587364403,293.911,1.24166310090904,293.911,1.29210320976243,,,,,,,,,,,,,,,,,,,,,,,,,,,,,,,,,,,,,,,,,,,,,,,,,,,,,,,,,,,,,,,,,,,,,,,,,,,,,,,,,,,,,,,,,,,,,,,,,,,,,,,,,,,,,,,
,,,,,,,,,,,,,,,,,,,,,,,294.41,1.24738046383115,294.41,1.2977162320956,294.41,1.31877126547183,294.41,1.24770251662308,294.41,1.29285892631172,,,,,,,,,,,,,,,,,,,,,,,,,,,,,,,,,,,,,,,,,,,,,,,,,,,,,,,,,,,,,,,,,,,,,,,,,,,,,,,,,,,,,,,,,,,,,,,,,,,,,,,,,,,,,,,
,,,,,,,,,,,,,,,,,,,,,,,294.909,1.24899064259624,294.909,1.29522710395219,294.909,1.31873324047815,294.909,1.25916146248116,294.909,1.28886853914979,,,,,,,,,,,,,,,,,,,,,,,,,,,,,,,,,,,,,,,,,,,,,,,,,,,,,,,,,,,,,,,,,,,,,,,,,,,,,,,,,,,,,,,,,,,,,,,,,,,,,,,,,,,,,,,
,,,,,,,,,,,,,,,,,,,,,,,295.408,1.24907470156868,295.408,1.29383039152007,295.408,1.31759813230763,295.408,1.26065515824554,295.408,1.28958644062418,,,,,,,,,,,,,,,,,,,,,,,,,,,,,,,,,,,,,,,,,,,,,,,,,,,,,,,,,,,,,,,,,,,,,,,,,,,,,,,,,,,,,,,,,,,,,,,,,,,,,,,,,,,,,,,
,,,,,,,,,,,,,,,,,,,,,,,295.907,1.25149819719496,295.907,1.29239837504942,295.907,1.31373465461646,295.907,1.25409970019877,295.907,1.29503035423168,,,,,,,,,,,,,,,,,,,,,,,,,,,,,,,,,,,,,,,,,,,,,,,,,,,,,,,,,,,,,,,,,,,,,,,,,,,,,,,,,,,,,,,,,,,,,,,,,,,,,,,,,,,,,,,
,,,,,,,,,,,,,,,,,,,,,,,296.406,1.24254993134469,296.406,1.29525350664591,296.406,1.31720861108699,296.406,1.25207153156311,296.406,1.28356799370095,,,,,,,,,,,,,,,,,,,,,,,,,,,,,,,,,,,,,,,,,,,,,,,,,,,,,,,,,,,,,,,,,,,,,,,,,,,,,,,,,,,,,,,,,,,,,,,,,,,,,,,,,,,,,,,
,,,,,,,,,,,,,,,,,,,,,,,296.905,1.26234007434289,296.905,1.29653535789411,296.905,1.3113124173348,296.905,1.24640389660106,296.905,1.28262459991734,,,,,,,,,,,,,,,,,,,,,,,,,,,,,,,,,,,,,,,,,,,,,,,,,,,,,,,,,,,,,,,,,,,,,,,,,,,,,,,,,,,,,,,,,,,,,,,,,,,,,,,,,,,,,,,
,,,,,,,,,,,,,,,,,,,,,,,297.404,1.24369627049982,297.404,1.29010912364178,297.404,1.31605368943415,297.404,1.25259758275744,297.404,1.29160067273165,,,,,,,,,,,,,,,,,,,,,,,,,,,,,,,,,,,,,,,,,,,,,,,,,,,,,,,,,,,,,,,,,,,,,,,,,,,,,,,,,,,,,,,,,,,,,,,,,,,,,,,,,,,,,,,
,,,,,,,,,,,,,,,,,,,,,,,297.903,1.2453119382591,297.903,1.3026004225016,297.903,1.3140880881101,297.903,1.24773027773154,297.903,1.28373333678644,,,,,,,,,,,,,,,,,,,,,,,,,,,,,,,,,,,,,,,,,,,,,,,,,,,,,,,,,,,,,,,,,,,,,,,,,,,,,,,,,,,,,,,,,,,,,,,,,,,,,,,,,,,,,,,
,,,,,,,,,,,,,,,,,,,,,,,298.402,1.24803608588303,298.402,1.29892874152116,298.402,1.31914466363411,298.402,1.24549590461048,298.402,1.29498825502203,,,,,,,,,,,,,,,,,,,,,,,,,,,,,,,,,,,,,,,,,,,,,,,,,,,,,,,,,,,,,,,,,,,,,,,,,,,,,,,,,,,,,,,,,,,,,,,,,,,,,,,,,,,,,,,
,,,,,,,,,,,,,,,,,,,,,,,298.901,1.24317029756542,298.901,1.29096115935527,298.901,1.31580286209065,298.901,1.24815714791016,298.901,1.29560306599564,,,,,,,,,,,,,,,,,,,,,,,,,,,,,,,,,,,,,,,,,,,,,,,,,,,,,,,,,,,,,,,,,,,,,,,,,,,,,,,,,,,,,,,,,,,,,,,,,,,,,,,,,,,,,,,
,,,,,,,,,,,,,,,,,,,,,,,299.4,1.24961866210434,299.4,1.2919299283977,299.4,1.30861507686728,299.4,1.25835212147974,299.4,1.29179533122459,,,,,,,,,,,,,,,,,,,,,,,,,,,,,,,,,,,,,,,,,,,,,,,,,,,,,,,,,,,,,,,,,,,,,,,,,,,,,,,,,,,,,,,,,,,,,,,,,,,,,,,,,,,,,,,
,,,,,,,,,,,,,,,,,,,,,,,299.899,1.24999812493382,299.899,1.3021148874725,299.899,1.31486004160396,299.899,1.25012122942245,299.899,1.28971783609712,,,,,,,,,,,,,,,,,,,,,,,,,,,,,,,,,,,,,,,,,,,,,,,,,,,,,,,,,,,,,,,,,,,,,,,,,,,,,,,,,,,,,,,,,,,,,,,,,,,,,,,,,,,,,,,
,,,,,,,,,,,,,,,,,,,,,,,300.398,1.24451800457307,300.398,1.29631866386909,300.398,1.31690472363249,300.398,1.25396186587854,300.398,1.29728044773093,,,,,,,,,,,,,,,,,,,,,,,,,,,,,,,,,,,,,,,,,,,,,,,,,,,,,,,,,,,,,,,,,,,,,,,,,,,,,,,,,,,,,,,,,,,,,,,,,,,,,,,,,,,,,,,
,,,,,,,,,,,,,,,,,,,,,,,300.897,1.26616652704387,300.897,1.28791633508271,300.897,1.31450944973513,300.897,1.26431530276785,300.897,1.29983542629356,,,,,,,,,,,,,,,,,,,,,,,,,,,,,,,,,,,,,,,,,,,,,,,,,,,,,,,,,,,,,,,,,,,,,,,,,,,,,,,,,,,,,,,,,,,,,,,,,,,,,,,,,,,,,,,
,,,,,,,,,,,,,,,,,,,,,,,301.396,1.25286678247559,301.396,1.29077144102815,301.396,1.32380479712423,301.396,1.25995875743313,301.396,1.28822003081859,,,,,,,,,,,,,,,,,,,,,,,,,,,,,,,,,,,,,,,,,,,,,,,,,,,,,,,,,,,,,,,,,,,,,,,,,,,,,,,,,,,,,,,,,,,,,,,,,,,,,,,,,,,,,,,
,,,,,,,,,,,,,,,,,,,,,,,301.895,1.24965931864452,301.895,1.29013216508584,301.895,1.31163459068193,301.895,1.25677420189708,301.895,1.29045084442235,,,,,,,,,,,,,,,,,,,,,,,,,,,,,,,,,,,,,,,,,,,,,,,,,,,,,,,,,,,,,,,,,,,,,,,,,,,,,,,,,,,,,,,,,,,,,,,,,,,,,,,,,,,,,,,
,,,,,,,,,,,,,,,,,,,,,,,302.394,1.25509037174853,302.394,1.31025038969537,302.394,1.31755950573531,302.394,1.26042142400059,302.394,1.29330390086868,,,,,,,,,,,,,,,,,,,,,,,,,,,,,,,,,,,,,,,,,,,,,,,,,,,,,,,,,,,,,,,,,,,,,,,,,,,,,,,,,,,,,,,,,,,,,,,,,,,,,,,,,,,,,,,
,,,,,,,,,,,,,,,,,,,,,,,302.893,1.24754798180874,302.893,1.29404068275832,302.893,1.32212117041161,302.893,1.25118816843464,302.893,1.29583277241378,,,,,,,,,,,,,,,,,,,,,,,,,,,,,,,,,,,,,,,,,,,,,,,,,,,,,,,,,,,,,,,,,,,,,,,,,,,,,,,,,,,,,,,,,,,,,,,,,,,,,,,,,,,,,,,
,,,,,,,,,,,,,,,,,,,,,,,303.392,1.25966152505146,303.392,1.29329212487097,303.392,1.31347151768751,303.392,1.2584374512306,303.392,1.30048657441388,,,,,,,,,,,,,,,,,,,,,,,,,,,,,,,,,,,,,,,,,,,,,,,,,,,,,,,,,,,,,,,,,,,,,,,,,,,,,,,,,,,,,,,,,,,,,,,,,,,,,,,,,,,,,,,
,,,,,,,,,,,,,,,,,,,,,,,303.891,1.24528683448782,303.891,1.29449901106832,303.891,1.31358088503387,303.891,1.25179324131633,303.891,1.29375684972205,,,,,,,,,,,,,,,,,,,,,,,,,,,,,,,,,,,,,,,,,,,,,,,,,,,,,,,,,,,,,,,,,,,,,,,,,,,,,,,,,,,,,,,,,,,,,,,,,,,,,,,,,,,,,,,
,,,,,,,,,,,,,,,,,,,,,,,304.39,1.24988879577895,304.39,1.29236825110458,304.39,1.31584774466872,304.39,1.25280508243679,304.39,1.29106141048411,,,,,,,,,,,,,,,,,,,,,,,,,,,,,,,,,,,,,,,,,,,,,,,,,,,,,,,,,,,,,,,,,,,,,,,,,,,,,,,,,,,,,,,,,,,,,,,,,,,,,,,,,,,,,,,
,,,,,,,,,,,,,,,,,,,,,,,304.889,1.24989886039203,304.889,1.29183319455763,304.889,1.31084187458679,304.889,1.25431775402219,304.889,1.29784723294445,,,,,,,,,,,,,,,,,,,,,,,,,,,,,,,,,,,,,,,,,,,,,,,,,,,,,,,,,,,,,,,,,,,,,,,,,,,,,,,,,,,,,,,,,,,,,,,,,,,,,,,,,,,,,,,
,,,,,,,,,,,,,,,,,,,,,,,305.388,1.25305776471675,305.388,1.28149416272809,305.388,1.30483238316964,305.388,1.2497502652815,305.388,1.29601473652708,,,,,,,,,,,,,,,,,,,,,,,,,,,,,,,,,,,,,,,,,,,,,,,,,,,,,,,,,,,,,,,,,,,,,,,,,,,,,,,,,,,,,,,,,,,,,,,,,,,,,,,,,,,,,,,
,,,,,,,,,,,,,,,,,,,,,,,305.887,1.24532929153937,305.887,1.29015924342392,305.887,1.31951306279021,305.887,1.25190809041999,305.887,1.29365572845177,,,,,,,,,,,,,,,,,,,,,,,,,,,,,,,,,,,,,,,,,,,,,,,,,,,,,,,,,,,,,,,,,,,,,,,,,,,,,,,,,,,,,,,,,,,,,,,,,,,,,,,,,,,,,,,
,,,,,,,,,,,,,,,,,,,,,,,306.386,1.2447609730614,306.386,1.29086784032292,306.386,1.31166245423287,306.386,1.25379881203197,306.386,1.29517478111234,,,,,,,,,,,,,,,,,,,,,,,,,,,,,,,,,,,,,,,,,,,,,,,,,,,,,,,,,,,,,,,,,,,,,,,,,,,,,,,,,,,,,,,,,,,,,,,,,,,,,,,,,,,,,,,
,,,,,,,,,,,,,,,,,,,,,,,306.885,1.24591539998066,306.885,1.28889366990558,306.885,1.31192701889498,306.885,1.2430943922288,306.885,1.30522296581409,,,,,,,,,,,,,,,,,,,,,,,,,,,,,,,,,,,,,,,,,,,,,,,,,,,,,,,,,,,,,,,,,,,,,,,,,,,,,,,,,,,,,,,,,,,,,,,,,,,,,,,,,,,,,,,
,,,,,,,,,,,,,,,,,,,,,,,307.384,1.25228364675313,307.384,1.29101240968914,307.384,1.31166868780059,307.384,1.24904075235967,307.384,1.29986617170172,,,,,,,,,,,,,,,,,,,,,,,,,,,,,,,,,,,,,,,,,,,,,,,,,,,,,,,,,,,,,,,,,,,,,,,,,,,,,,,,,,,,,,,,,,,,,,,,,,,,,,,,,,,,,,,
,,,,,,,,,,,,,,,,,,,,,,,307.883,1.24990795066957,307.883,1.28951002368251,307.883,1.31700554032835,307.883,1.24171296820713,307.883,1.29467410210587,,,,,,,,,,,,,,,,,,,,,,,,,,,,,,,,,,,,,,,,,,,,,,,,,,,,,,,,,,,,,,,,,,,,,,,,,,,,,,,,,,,,,,,,,,,,,,,,,,,,,,,,,,,,,,,
,,,,,,,,,,,,,,,,,,,,,,,308.382,1.24517034740035,308.382,1.29247024078156,308.382,1.31459713627977,308.382,1.24863657814231,308.382,1.3017146535343,,,,,,,,,,,,,,,,,,,,,,,,,,,,,,,,,,,,,,,,,,,,,,,,,,,,,,,,,,,,,,,,,,,,,,,,,,,,,,,,,,,,,,,,,,,,,,,,,,,,,,,,,,,,,,,
,,,,,,,,,,,,,,,,,,,,,,,308.881,1.25640481811311,308.881,1.30318526158561,308.881,1.31982547476965,308.881,1.2549079211944,308.881,1.30584171390364,,,,,,,,,,,,,,,,,,,,,,,,,,,,,,,,,,,,,,,,,,,,,,,,,,,,,,,,,,,,,,,,,,,,,,,,,,,,,,,,,,,,,,,,,,,,,,,,,,,,,,,,,,,,,,,
,,,,,,,,,,,,,,,,,,,,,,,309.38,1.25942734005262,309.38,1.2999765766938,309.38,1.31757810464145,309.38,1.25462627411813,309.38,1.30501179950207,,,,,,,,,,,,,,,,,,,,,,,,,,,,,,,,,,,,,,,,,,,,,,,,,,,,,,,,,,,,,,,,,,,,,,,,,,,,,,,,,,,,,,,,,,,,,,,,,,,,,,,,,,,,,,,
,,,,,,,,,,,,,,,,,,,,,,,309.879,1.24728156021018,309.879,1.28549603552631,309.879,1.31992648517037,309.879,1.25323632096032,309.879,1.29642988567587,,,,,,,,,,,,,,,,,,,,,,,,,,,,,,,,,,,,,,,,,,,,,,,,,,,,,,,,,,,,,,,,,,,,,,,,,,,,,,,,,,,,,,,,,,,,,,,,,,,,,,,,,,,,,,,
,,,,,,,,,,,,,,,,,,,,,,,310.378,1.24833127780025,310.378,1.29498382179434,310.378,1.31870597282192,310.378,1.25315381160884,310.378,1.30704539077322,,,,,,,,,,,,,,,,,,,,,,,,,,,,,,,,,,,,,,,,,,,,,,,,,,,,,,,,,,,,,,,,,,,,,,,,,,,,,,,,,,,,,,,,,,,,,,,,,,,,,,,,,,,,,,,
,,,,,,,,,,,,,,,,,,,,,,,310.877,1.25597635949222,310.877,1.2945582262876,310.877,1.32273412140058,310.877,1.25585673328983,310.877,1.30081880275132,,,,,,,,,,,,,,,,,,,,,,,,,,,,,,,,,,,,,,,,,,,,,,,,,,,,,,,,,,,,,,,,,,,,,,,,,,,,,,,,,,,,,,,,,,,,,,,,,,,,,,,,,,,,,,,
,,,,,,,,,,,,,,,,,,,,,,,311.376,1.25409908410327,311.376,1.29839490253737,311.376,1.32194519836444,311.376,1.2517507554439,311.376,1.30242659017839,,,,,,,,,,,,,,,,,,,,,,,,,,,,,,,,,,,,,,,,,,,,,,,,,,,,,,,,,,,,,,,,,,,,,,,,,,,,,,,,,,,,,,,,,,,,,,,,,,,,,,,,,,,,,,,
,,,,,,,,,,,,,,,,,,,,,,,311.875,1.24666721084703,311.875,1.30000247539369,311.875,1.3122644052844,311.875,1.24339916638259,311.875,1.30072087411786,,,,,,,,,,,,,,,,,,,,,,,,,,,,,,,,,,,,,,,,,,,,,,,,,,,,,,,,,,,,,,,,,,,,,,,,,,,,,,,,,,,,,,,,,,,,,,,,,,,,,,,,,,,,,,,
,,,,,,,,,,,,,,,,,,,,,,,312.374,1.25348066644191,312.374,1.29244672738115,312.374,1.31205989136738,312.374,1.24833104450744,312.374,1.28686460474366,,,,,,,,,,,,,,,,,,,,,,,,,,,,,,,,,,,,,,,,,,,,,,,,,,,,,,,,,,,,,,,,,,,,,,,,,,,,,,,,,,,,,,,,,,,,,,,,,,,,,,,,,,,,,,,
,,,,,,,,,,,,,,,,,,,,,,,312.873,1.25754100777279,312.873,1.28586543014639,312.873,1.31462154656995,312.873,1.25190979379264,312.873,1.30628900804911,,,,,,,,,,,,,,,,,,,,,,,,,,,,,,,,,,,,,,,,,,,,,,,,,,,,,,,,,,,,,,,,,,,,,,,,,,,,,,,,,,,,,,,,,,,,,,,,,,,,,,,,,,,,,,,
,,,,,,,,,,,,,,,,,,,,,,,313.372,1.24528335744061,313.372,1.29289729707327,313.372,1.30976482161287,313.372,1.24829707309057,313.372,1.31027115514273,,,,,,,,,,,,,,,,,,,,,,,,,,,,,,,,,,,,,,,,,,,,,,,,,,,,,,,,,,,,,,,,,,,,,,,,,,,,,,,,,,,,,,,,,,,,,,,,,,,,,,,,,,,,,,,
,,,,,,,,,,,,,,,,,,,,,,,313.871,1.24739613687532,313.871,1.29546428887824,313.871,1.31606431486331,313.871,1.23809756612034,313.871,1.30810823397187,,,,,,,,,,,,,,,,,,,,,,,,,,,,,,,,,,,,,,,,,,,,,,,,,,,,,,,,,,,,,,,,,,,,,,,,,,,,,,,,,,,,,,,,,,,,,,,,,,,,,,,,,,,,,,,
,,,,,,,,,,,,,,,,,,,,,,,314.37,1.25163283171856,314.37,1.29784233635195,314.37,1.31658136337529,314.37,1.24855688557397,314.37,1.30059203204524,,,,,,,,,,,,,,,,,,,,,,,,,,,,,,,,,,,,,,,,,,,,,,,,,,,,,,,,,,,,,,,,,,,,,,,,,,,,,,,,,,,,,,,,,,,,,,,,,,,,,,,,,,,,,,,
,,,,,,,,,,,,,,,,,,,,,,,314.869,1.25043072161222,314.869,1.29330579712105,314.869,1.31810297025487,314.869,1.24315673774814,314.869,1.29581175135481,,,,,,,,,,,,,,,,,,,,,,,,,,,,,,,,,,,,,,,,,,,,,,,,,,,,,,,,,,,,,,,,,,,,,,,,,,,,,,,,,,,,,,,,,,,,,,,,,,,,,,,,,,,,,,,
,,,,,,,,,,,,,,,,,,,,,,,315.368,1.24610797652909,315.368,1.2978728988282,315.368,1.3302762520923,315.368,1.25513120425333,315.368,1.2915884809689,,,,,,,,,,,,,,,,,,,,,,,,,,,,,,,,,,,,,,,,,,,,,,,,,,,,,,,,,,,,,,,,,,,,,,,,,,,,,,,,,,,,,,,,,,,,,,,,,,,,,,,,,,,,,,,
,,,,,,,,,,,,,,,,,,,,,,,315.867,1.24402356744624,315.867,1.30183556207481,315.867,1.31943340507846,315.867,1.24705735443095,315.867,1.30731358615846,,,,,,,,,,,,,,,,,,,,,,,,,,,,,,,,,,,,,,,,,,,,,,,,,,,,,,,,,,,,,,,,,,,,,,,,,,,,,,,,,,,,,,,,,,,,,,,,,,,,,,,,,,,,,,,
,,,,,,,,,,,,,,,,,,,,,,,316.366,1.24393177882536,316.366,1.30068742646957,316.366,1.31200760880183,316.366,1.24486121562455,316.366,1.30699654626465,,,,,,,,,,,,,,,,,,,,,,,,,,,,,,,,,,,,,,,,,,,,,,,,,,,,,,,,,,,,,,,,,,,,,,,,,,,,,,,,,,,,,,,,,,,,,,,,,,,,,,,,,,,,,,,
,,,,,,,,,,,,,,,,,,,,,,,316.865,1.24773484144265,316.865,1.29153163921089,316.865,1.3041455957163,316.865,1.25480858577317,316.865,1.29385401633216,,,,,,,,,,,,,,,,,,,,,,,,,,,,,,,,,,,,,,,,,,,,,,,,,,,,,,,,,,,,,,,,,,,,,,,,,,,,,,,,,,,,,,,,,,,,,,,,,,,,,,,,,,,,,,,
,,,,,,,,,,,,,,,,,,,,,,,317.364,1.24910535711906,317.364,1.29759423726553,317.364,1.31071484085922,317.364,1.26014186389778,317.364,1.29859099242663,,,,,,,,,,,,,,,,,,,,,,,,,,,,,,,,,,,,,,,,,,,,,,,,,,,,,,,,,,,,,,,,,,,,,,,,,,,,,,,,,,,,,,,,,,,,,,,,,,,,,,,,,,,,,,,
,,,,,,,,,,,,,,,,,,,,,,,317.863,1.24934517606807,317.863,1.29075100169619,317.863,1.31153683416447,317.863,1.25239974900711,317.863,1.30381992790442,,,,,,,,,,,,,,,,,,,,,,,,,,,,,,,,,,,,,,,,,,,,,,,,,,,,,,,,,,,,,,,,,,,,,,,,,,,,,,,,,,,,,,,,,,,,,,,,,,,,,,,,,,,,,,,
,,,,,,,,,,,,,,,,,,,,,,,318.362,1.26046335035561,318.362,1.29222946559557,318.362,1.31000907937541,318.362,1.2538625109464,318.362,1.30074985842778,,,,,,,,,,,,,,,,,,,,,,,,,,,,,,,,,,,,,,,,,,,,,,,,,,,,,,,,,,,,,,,,,,,,,,,,,,,,,,,,,,,,,,,,,,,,,,,,,,,,,,,,,,,,,,,
,,,,,,,,,,,,,,,,,,,,,,,318.861,1.24128741654512,318.861,1.29717797681887,318.861,1.31451763522936,318.861,1.25585133033084,318.861,1.29752636814825,,,,,,,,,,,,,,,,,,,,,,,,,,,,,,,,,,,,,,,,,,,,,,,,,,,,,,,,,,,,,,,,,,,,,,,,,,,,,,,,,,,,,,,,,,,,,,,,,,,,,,,,,,,,,,,
,,,,,,,,,,,,,,,,,,,,,,,319.36,1.25365477727171,319.36,1.30001987866313,319.36,1.31142878544933,319.36,1.25691441507241,319.36,1.29928372850267,,,,,,,,,,,,,,,,,,,,,,,,,,,,,,,,,,,,,,,,,,,,,,,,,,,,,,,,,,,,,,,,,,,,,,,,,,,,,,,,,,,,,,,,,,,,,,,,,,,,,,,,,,,,,,,
,,,,,,,,,,,,,,,,,,,,,,,319.859,1.25135658040792,319.859,1.29998049921588,319.859,1.31793045347624,319.859,1.26063040856716,319.859,1.29953391457688,,,,,,,,,,,,,,,,,,,,,,,,,,,,,,,,,,,,,,,,,,,,,,,,,,,,,,,,,,,,,,,,,,,,,,,,,,,,,,,,,,,,,,,,,,,,,,,,,,,,,,,,,,,,,,,
,,,,,,,,,,,,,,,,,,,,,,,320.358,1.23958245357052,320.358,1.29656433739261,320.358,1.3171189404359,320.358,1.26655309357976,320.358,1.30775902448683,,,,,,,,,,,,,,,,,,,,,,,,,,,,,,,,,,,,,,,,,,,,,,,,,,,,,,,,,,,,,,,,,,,,,,,,,,,,,,,,,,,,,,,,,,,,,,,,,,,,,,,,,,,,,,,
,,,,,,,,,,,,,,,,,,,,,,,320.857,1.24972892219872,320.857,1.31052511046602,320.857,1.31109352685237,320.857,1.26459394497967,320.857,1.31712630120377,,,,,,,,,,,,,,,,,,,,,,,,,,,,,,,,,,,,,,,,,,,,,,,,,,,,,,,,,,,,,,,,,,,,,,,,,,,,,,,,,,,,,,,,,,,,,,,,,,,,,,,,,,,,,,,
,,,,,,,,,,,,,,,,,,,,,,,321.356,1.24377933465231,321.356,1.29962350669579,321.356,1.31977399678622,321.356,1.27006333253483,321.356,1.31622426296004,,,,,,,,,,,,,,,,,,,,,,,,,,,,,,,,,,,,,,,,,,,,,,,,,,,,,,,,,,,,,,,,,,,,,,,,,,,,,,,,,,,,,,,,,,,,,,,,,,,,,,,,,,,,,,,
,,,,,,,,,,,,,,,,,,,,,,,321.855,1.24448240633429,321.855,1.29289697659517,321.855,1.31807122651138,321.855,1.27053291680078,321.855,1.30356860878801,,,,,,,,,,,,,,,,,,,,,,,,,,,,,,,,,,,,,,,,,,,,,,,,,,,,,,,,,,,,,,,,,,,,,,,,,,,,,,,,,,,,,,,,,,,,,,,,,,,,,,,,,,,,,,,
,,,,,,,,,,,,,,,,,,,,,,,322.354,1.2438851730371,322.354,1.29980957563823,322.354,1.31619187107208,322.354,1.25902213263063,322.354,1.30551460595316,,,,,,,,,,,,,,,,,,,,,,,,,,,,,,,,,,,,,,,,,,,,,,,,,,,,,,,,,,,,,,,,,,,,,,,,,,,,,,,,,,,,,,,,,,,,,,,,,,,,,,,,,,,,,,,
,,,,,,,,,,,,,,,,,,,,,,,322.853,1.24100887425349,322.853,1.29515545034383,322.853,1.31814056130167,322.853,1.26276471942228,322.853,1.30514036859843,,,,,,,,,,,,,,,,,,,,,,,,,,,,,,,,,,,,,,,,,,,,,,,,,,,,,,,,,,,,,,,,,,,,,,,,,,,,,,,,,,,,,,,,,,,,,,,,,,,,,,,,,,,,,,,
,,,,,,,,,,,,,,,,,,,,,,,323.352,1.24194978064942,323.352,1.31036911879113,323.352,1.30984653801989,323.352,1.25102576824974,323.352,1.30544316682866,,,,,,,,,,,,,,,,,,,,,,,,,,,,,,,,,,,,,,,,,,,,,,,,,,,,,,,,,,,,,,,,,,,,,,,,,,,,,,,,,,,,,,,,,,,,,,,,,,,,,,,,,,,,,,,
,,,,,,,,,,,,,,,,,,,,,,,323.851,1.24611036388127,323.851,1.30102134458523,323.851,1.31646216552708,323.851,1.25603219895573,323.851,1.30231296245375,,,,,,,,,,,,,,,,,,,,,,,,,,,,,,,,,,,,,,,,,,,,,,,,,,,,,,,,,,,,,,,,,,,,,,,,,,,,,,,,,,,,,,,,,,,,,,,,,,,,,,,,,,,,,,,
,,,,,,,,,,,,,,,,,,,,,,,324.35,1.24515036624587,324.35,1.2875243345521,324.35,1.31702047087953,324.35,1.25179029546253,324.35,1.30551659403681,,,,,,,,,,,,,,,,,,,,,,,,,,,,,,,,,,,,,,,,,,,,,,,,,,,,,,,,,,,,,,,,,,,,,,,,,,,,,,,,,,,,,,,,,,,,,,,,,,,,,,,,,,,,,,,
,,,,,,,,,,,,,,,,,,,,,,,324.849,1.24220743432567,324.849,1.3028155219984,324.849,1.31899981951257,324.849,1.24809859828267,324.849,1.3104459219644,,,,,,,,,,,,,,,,,,,,,,,,,,,,,,,,,,,,,,,,,,,,,,,,,,,,,,,,,,,,,,,,,,,,,,,,,,,,,,,,,,,,,,,,,,,,,,,,,,,,,,,,,,,,,,,
,,,,,,,,,,,,,,,,,,,,,,,325.348,1.24489317670708,325.348,1.30328157319155,325.348,1.31391220731948,325.348,1.25644275515838,325.348,1.31529440836631,,,,,,,,,,,,,,,,,,,,,,,,,,,,,,,,,,,,,,,,,,,,,,,,,,,,,,,,,,,,,,,,,,,,,,,,,,,,,,,,,,,,,,,,,,,,,,,,,,,,,,,,,,,,,,,
,,,,,,,,,,,,,,,,,,,,,,,325.847,1.25115722739107,325.847,1.29611756769984,325.847,1.3164971462082,325.847,1.25109216710318,325.847,1.3162425702384,,,,,,,,,,,,,,,,,,,,,,,,,,,,,,,,,,,,,,,,,,,,,,,,,,,,,,,,,,,,,,,,,,,,,,,,,,,,,,,,,,,,,,,,,,,,,,,,,,,,,,,,,,,,,,,
,,,,,,,,,,,,,,,,,,,,,,,326.346,1.24952182688017,326.346,1.29842292155805,326.346,1.32125855592207,326.346,1.24978955133138,326.346,1.30650426045263,,,,,,,,,,,,,,,,,,,,,,,,,,,,,,,,,,,,,,,,,,,,,,,,,,,,,,,,,,,,,,,,,,,,,,,,,,,,,,,,,,,,,,,,,,,,,,,,,,,,,,,,,,,,,,,
,,,,,,,,,,,,,,,,,,,,,,,326.845,1.24839384869493,326.845,1.30109821945033,326.845,1.31048731052239,326.845,1.25096756393097,326.845,1.30940907588043,,,,,,,,,,,,,,,,,,,,,,,,,,,,,,,,,,,,,,,,,,,,,,,,,,,,,,,,,,,,,,,,,,,,,,,,,,,,,,,,,,,,,,,,,,,,,,,,,,,,,,,,,,,,,,,
,,,,,,,,,,,,,,,,,,,,,,,327.344,1.24931525054347,327.344,1.29917250979928,327.344,1.31182325873765,327.344,1.25924422157582,327.344,1.32007204819231,,,,,,,,,,,,,,,,,,,,,,,,,,,,,,,,,,,,,,,,,,,,,,,,,,,,,,,,,,,,,,,,,,,,,,,,,,,,,,,,,,,,,,,,,,,,,,,,,,,,,,,,,,,,,,,
,,,,,,,,,,,,,,,,,,,,,,,327.843,1.25351680731638,327.843,1.30051729611074,327.843,1.30319927266873,327.843,1.24800435021145,327.843,1.31439078208051,,,,,,,,,,,,,,,,,,,,,,,,,,,,,,,,,,,,,,,,,,,,,,,,,,,,,,,,,,,,,,,,,,,,,,,,,,,,,,,,,,,,,,,,,,,,,,,,,,,,,,,,,,,,,,,
,,,,,,,,,,,,,,,,,,,,,,,328.342,1.25441238720235,328.342,1.30057080696701,328.342,1.30110933075129,328.342,1.24781250065393,328.342,1.32094695215039,,,,,,,,,,,,,,,,,,,,,,,,,,,,,,,,,,,,,,,,,,,,,,,,,,,,,,,,,,,,,,,,,,,,,,,,,,,,,,,,,,,,,,,,,,,,,,,,,,,,,,,,,,,,,,,
,,,,,,,,,,,,,,,,,,,,,,,328.841,1.24815044082411,328.841,1.29860689233536,328.841,1.30885870166742,328.841,1.25431047270938,328.841,1.32317056861877,,,,,,,,,,,,,,,,,,,,,,,,,,,,,,,,,,,,,,,,,,,,,,,,,,,,,,,,,,,,,,,,,,,,,,,,,,,,,,,,,,,,,,,,,,,,,,,,,,,,,,,,,,,,,,,
,,,,,,,,,,,,,,,,,,,,,,,329.34,1.24493991452226,329.34,1.29281513222329,329.34,1.31422097505302,329.34,1.26315021430277,329.34,1.30876679902621,,,,,,,,,,,,,,,,,,,,,,,,,,,,,,,,,,,,,,,,,,,,,,,,,,,,,,,,,,,,,,,,,,,,,,,,,,,,,,,,,,,,,,,,,,,,,,,,,,,,,,,,,,,,,,,
,,,,,,,,,,,,,,,,,,,,,,,329.839,1.24639997105596,329.839,1.29219345103445,329.839,1.31038158933417,329.839,1.2631836210883,329.839,1.31487671168654,,,,,,,,,,,,,,,,,,,,,,,,,,,,,,,,,,,,,,,,,,,,,,,,,,,,,,,,,,,,,,,,,,,,,,,,,,,,,,,,,,,,,,,,,,,,,,,,,,,,,,,,,,,,,,,
,,,,,,,,,,,,,,,,,,,,,,,330.338,1.25114482990558,330.338,1.29243334087478,330.338,1.31464803799808,330.338,1.26286894889472,330.338,1.31813513335284,,,,,,,,,,,,,,,,,,,,,,,,,,,,,,,,,,,,,,,,,,,,,,,,,,,,,,,,,,,,,,,,,,,,,,,,,,,,,,,,,,,,,,,,,,,,,,,,,,,,,,,,,,,,,,,
,,,,,,,,,,,,,,,,,,,,,,,330.837,1.24896164152227,330.837,1.29485511241677,330.837,1.31834583210187,330.837,1.2638160727638,330.837,1.31190460785874,,,,,,,,,,,,,,,,,,,,,,,,,,,,,,,,,,,,,,,,,,,,,,,,,,,,,,,,,,,,,,,,,,,,,,,,,,,,,,,,,,,,,,,,,,,,,,,,,,,,,,,,,,,,,,,
,,,,,,,,,,,,,,,,,,,,,,,331.336,1.2464380712884,331.336,1.30114596292195,331.336,1.31537042313064,331.336,1.25304860853007,331.336,1.31187285750152,,,,,,,,,,,,,,,,,,,,,,,,,,,,,,,,,,,,,,,,,,,,,,,,,,,,,,,,,,,,,,,,,,,,,,,,,,,,,,,,,,,,,,,,,,,,,,,,,,,,,,,,,,,,,,,
,,,,,,,,,,,,,,,,,,,,,,,331.835,1.25012242084943,331.835,1.30201679249428,331.835,1.31520378395344,331.835,1.24702643249306,331.835,1.30938398084687,,,,,,,,,,,,,,,,,,,,,,,,,,,,,,,,,,,,,,,,,,,,,,,,,,,,,,,,,,,,,,,,,,,,,,,,,,,,,,,,,,,,,,,,,,,,,,,,,,,,,,,,,,,,,,,
,,,,,,,,,,,,,,,,,,,,,,,332.334,1.24700981109488,332.334,1.29343975150802,332.334,1.31652393039196,332.334,1.26077376434072,332.334,1.31694934799079,,,,,,,,,,,,,,,,,,,,,,,,,,,,,,,,,,,,,,,,,,,,,,,,,,,,,,,,,,,,,,,,,,,,,,,,,,,,,,,,,,,,,,,,,,,,,,,,,,,,,,,,,,,,,,,
,,,,,,,,,,,,,,,,,,,,,,,332.833,1.24418608843013,332.833,1.29584591807268,332.833,1.31383575769273,332.833,1.25805391851664,332.833,1.31626732487215,,,,,,,,,,,,,,,,,,,,,,,,,,,,,,,,,,,,,,,,,,,,,,,,,,,,,,,,,,,,,,,,,,,,,,,,,,,,,,,,,,,,,,,,,,,,,,,,,,,,,,,,,,,,,,,
,,,,,,,,,,,,,,,,,,,,,,,333.332,1.24108654202369,333.332,1.29170096530516,333.332,1.30750902828361,333.332,1.25122759763249,333.332,1.30957503896778,,,,,,,,,,,,,,,,,,,,,,,,,,,,,,,,,,,,,,,,,,,,,,,,,,,,,,,,,,,,,,,,,,,,,,,,,,,,,,,,,,,,,,,,,,,,,,,,,,,,,,,,,,,,,,,
,,,,,,,,,,,,,,,,,,,,,,,333.831,1.25095407253574,333.831,1.30188909559255,333.831,1.31318533403703,333.831,1.25698110218821,333.831,1.31671392686912,,,,,,,,,,,,,,,,,,,,,,,,,,,,,,,,,,,,,,,,,,,,,,,,,,,,,,,,,,,,,,,,,,,,,,,,,,,,,,,,,,,,,,,,,,,,,,,,,,,,,,,,,,,,,,,
,,,,,,,,,,,,,,,,,,,,,,,334.33,1.24413203953935,334.33,1.29757334021814,334.33,1.31270483738345,334.33,1.25894091178506,334.33,1.3126737487177,,,,,,,,,,,,,,,,,,,,,,,,,,,,,,,,,,,,,,,,,,,,,,,,,,,,,,,,,,,,,,,,,,,,,,,,,,,,,,,,,,,,,,,,,,,,,,,,,,,,,,,,,,,,,,,
,,,,,,,,,,,,,,,,,,,,,,,334.829,1.25080086571572,334.829,1.29538633387525,334.829,1.30902057706095,334.829,1.26339997975695,334.829,1.30339205101983,,,,,,,,,,,,,,,,,,,,,,,,,,,,,,,,,,,,,,,,,,,,,,,,,,,,,,,,,,,,,,,,,,,,,,,,,,,,,,,,,,,,,,,,,,,,,,,,,,,,,,,,,,,,,,,
,,,,,,,,,,,,,,,,,,,,,,,335.328,1.25073576130391,335.328,1.29802682162352,335.328,1.31328082066438,335.328,1.26146609853658,335.328,1.30622644953468,,,,,,,,,,,,,,,,,,,,,,,,,,,,,,,,,,,,,,,,,,,,,,,,,,,,,,,,,,,,,,,,,,,,,,,,,,,,,,,,,,,,,,,,,,,,,,,,,,,,,,,,,,,,,,,
,,,,,,,,,,,,,,,,,,,,,,,335.827,1.24205318750744,335.827,1.28102831506173,335.827,1.31893994960263,335.827,1.25864829065954,335.827,1.32011562343156,,,,,,,,,,,,,,,,,,,,,,,,,,,,,,,,,,,,,,,,,,,,,,,,,,,,,,,,,,,,,,,,,,,,,,,,,,,,,,,,,,,,,,,,,,,,,,,,,,,,,,,,,,,,,,,
,,,,,,,,,,,,,,,,,,,,,,,336.326,1.24180640149682,336.326,1.29445402221195,336.326,1.31518092153922,336.326,1.25637529946385,336.326,1.31798656884696,,,,,,,,,,,,,,,,,,,,,,,,,,,,,,,,,,,,,,,,,,,,,,,,,,,,,,,,,,,,,,,,,,,,,,,,,,,,,,,,,,,,,,,,,,,,,,,,,,,,,,,,,,,,,,,
,,,,,,,,,,,,,,,,,,,,,,,336.825,1.25895342720057,336.825,1.29080893701969,336.825,1.31273690858438,336.825,1.24863695778773,336.825,1.30805991420989,,,,,,,,,,,,,,,,,,,,,,,,,,,,,,,,,,,,,,,,,,,,,,,,,,,,,,,,,,,,,,,,,,,,,,,,,,,,,,,,,,,,,,,,,,,,,,,,,,,,,,,,,,,,,,,
,,,,,,,,,,,,,,,,,,,,,,,337.324,1.25229077232371,337.324,1.29273941219005,337.324,1.30933497809965,337.324,1.25142827307339,337.324,1.31335150153715,,,,,,,,,,,,,,,,,,,,,,,,,,,,,,,,,,,,,,,,,,,,,,,,,,,,,,,,,,,,,,,,,,,,,,,,,,,,,,,,,,,,,,,,,,,,,,,,,,,,,,,,,,,,,,,
,,,,,,,,,,,,,,,,,,,,,,,337.823,1.2480875895003,337.823,1.30071729917307,337.823,1.31679172746774,337.823,1.25855359375554,337.823,1.31482235715268,,,,,,,,,,,,,,,,,,,,,,,,,,,,,,,,,,,,,,,,,,,,,,,,,,,,,,,,,,,,,,,,,,,,,,,,,,,,,,,,,,,,,,,,,,,,,,,,,,,,,,,,,,,,,,,
,,,,,,,,,,,,,,,,,,,,,,,338.322,1.24419298537607,338.322,1.2991711207462,338.322,1.3186966627473,338.322,1.25595823357457,338.322,1.30588189658897,,,,,,,,,,,,,,,,,,,,,,,,,,,,,,,,,,,,,,,,,,,,,,,,,,,,,,,,,,,,,,,,,,,,,,,,,,,,,,,,,,,,,,,,,,,,,,,,,,,,,,,,,,,,,,,
,,,,,,,,,,,,,,,,,,,,,,,338.821,1.25704668053651,338.821,1.30284931020297,338.821,1.31231222548253,338.821,1.25701675757488,338.821,1.31196213731265,,,,,,,,,,,,,,,,,,,,,,,,,,,,,,,,,,,,,,,,,,,,,,,,,,,,,,,,,,,,,,,,,,,,,,,,,,,,,,,,,,,,,,,,,,,,,,,,,,,,,,,,,,,,,,,
,,,,,,,,,,,,,,,,,,,,,,,339.32,1.25874373410619,339.32,1.29545971017569,339.32,1.32295318884994,339.32,1.25718205282668,339.32,1.31568375354879,,,,,,,,,,,,,,,,,,,,,,,,,,,,,,,,,,,,,,,,,,,,,,,,,,,,,,,,,,,,,,,,,,,,,,,,,,,,,,,,,,,,,,,,,,,,,,,,,,,,,,,,,,,,,,,
,,,,,,,,,,,,,,,,,,,,,,,339.819,1.24879465115793,339.819,1.2958850635569,339.819,1.31111978964727,339.819,1.26368005620281,339.819,1.32098302293005,,,,,,,,,,,,,,,,,,,,,,,,,,,,,,,,,,,,,,,,,,,,,,,,,,,,,,,,,,,,,,,,,,,,,,,,,,,,,,,,,,,,,,,,,,,,,,,,,,,,,,,,,,,,,,,
,,,,,,,,,,,,,,,,,,,,,,,340.318,1.25081120935906,340.318,1.29954884827096,340.318,1.32403210076085,340.318,1.26104761597526,340.318,1.32069322331724,,,,,,,,,,,,,,,,,,,,,,,,,,,,,,,,,,,,,,,,,,,,,,,,,,,,,,,,,,,,,,,,,,,,,,,,,,,,,,,,,,,,,,,,,,,,,,,,,,,,,,,,,,,,,,,
,,,,,,,,,,,,,,,,,,,,,,,340.817,1.25511713504954,340.817,1.29240970736932,340.817,1.32064151050163,340.817,1.25691501187129,340.817,1.32403658334126,,,,,,,,,,,,,,,,,,,,,,,,,,,,,,,,,,,,,,,,,,,,,,,,,,,,,,,,,,,,,,,,,,,,,,,,,,,,,,,,,,,,,,,,,,,,,,,,,,,,,,,,,,,,,,,
,,,,,,,,,,,,,,,,,,,,,,,341.316,1.24752726723895,341.316,1.29848920944034,341.316,1.31627642091321,341.316,1.26387547802991,341.316,1.33157562757002,,,,,,,,,,,,,,,,,,,,,,,,,,,,,,,,,,,,,,,,,,,,,,,,,,,,,,,,,,,,,,,,,,,,,,,,,,,,,,,,,,,,,,,,,,,,,,,,,,,,,,,,,,,,,,,
,,,,,,,,,,,,,,,,,,,,,,,341.815,1.24554018905564,341.815,1.29745647904786,341.815,1.32656928975008,341.815,1.27177964662818,341.815,1.32325681282067,,,,,,,,,,,,,,,,,,,,,,,,,,,,,,,,,,,,,,,,,,,,,,,,,,,,,,,,,,,,,,,,,,,,,,,,,,,,,,,,,,,,,,,,,,,,,,,,,,,,,,,,,,,,,,,
,,,,,,,,,,,,,,,,,,,,,,,342.314,1.24879678234436,342.314,1.29697514131414,342.314,1.31591120959812,342.314,1.26030283803037,342.314,1.31671692699606,,,,,,,,,,,,,,,,,,,,,,,,,,,,,,,,,,,,,,,,,,,,,,,,,,,,,,,,,,,,,,,,,,,,,,,,,,,,,,,,,,,,,,,,,,,,,,,,,,,,,,,,,,,,,,,
,,,,,,,,,,,,,,,,,,,,,,,342.813,1.25886042118097,342.813,1.29573864713385,342.813,1.30577741345535,342.813,1.26539537336446,342.813,1.32667700097596,,,,,,,,,,,,,,,,,,,,,,,,,,,,,,,,,,,,,,,,,,,,,,,,,,,,,,,,,,,,,,,,,,,,,,,,,,,,,,,,,,,,,,,,,,,,,,,,,,,,,,,,,,,,,,,
,,,,,,,,,,,,,,,,,,,,,,,343.312,1.26682312661031,343.312,1.29228491096325,343.312,1.3162727916838,343.312,1.26327074643585,343.312,1.32371721719946,,,,,,,,,,,,,,,,,,,,,,,,,,,,,,,,,,,,,,,,,,,,,,,,,,,,,,,,,,,,,,,,,,,,,,,,,,,,,,,,,,,,,,,,,,,,,,,,,,,,,,,,,,,,,,,
,,,,,,,,,,,,,,,,,,,,,,,343.811,1.25512023811217,343.811,1.29124947729404,343.811,1.32286223157449,343.811,1.25590704781122,343.811,1.3150640052981,,,,,,,,,,,,,,,,,,,,,,,,,,,,,,,,,,,,,,,,,,,,,,,,,,,,,,,,,,,,,,,,,,,,,,,,,,,,,,,,,,,,,,,,,,,,,,,,,,,,,,,,,,,,,,,
,,,,,,,,,,,,,,,,,,,,,,,344.31,1.25849314066196,344.31,1.28611395560239,344.31,1.31823582820304,344.31,1.25706005875818,344.31,1.30873308681819,,,,,,,,,,,,,,,,,,,,,,,,,,,,,,,,,,,,,,,,,,,,,,,,,,,,,,,,,,,,,,,,,,,,,,,,,,,,,,,,,,,,,,,,,,,,,,,,,,,,,,,,,,,,,,,
,,,,,,,,,,,,,,,,,,,,,,,344.809,1.26406011424798,344.809,1.29400293110993,344.809,1.31538011836654,344.809,1.25682111262039,344.809,1.30883896011352,,,,,,,,,,,,,,,,,,,,,,,,,,,,,,,,,,,,,,,,,,,,,,,,,,,,,,,,,,,,,,,,,,,,,,,,,,,,,,,,,,,,,,,,,,,,,,,,,,,,,,,,,,,,,,,
,,,,,,,,,,,,,,,,,,,,,,,345.308,1.26193024102197,345.308,1.29184008380211,345.308,1.29986522347454,345.308,1.26506476247091,345.308,1.30960846926402,,,,,,,,,,,,,,,,,,,,,,,,,,,,,,,,,,,,,,,,,,,,,,,,,,,,,,,,,,,,,,,,,,,,,,,,,,,,,,,,,,,,,,,,,,,,,,,,,,,,,,,,,,,,,,,
,,,,,,,,,,,,,,,,,,,,,,,345.807,1.26428043766199,345.807,1.29936451043727,345.807,1.31793234832869,345.807,1.26187885312483,345.807,1.32448057221131,,,,,,,,,,,,,,,,,,,,,,,,,,,,,,,,,,,,,,,,,,,,,,,,,,,,,,,,,,,,,,,,,,,,,,,,,,,,,,,,,,,,,,,,,,,,,,,,,,,,,,,,,,,,,,,
,,,,,,,,,,,,,,,,,,,,,,,346.306,1.26192667548097,346.306,1.28963808514895,346.306,1.31649032982651,346.306,1.27263065479632,346.306,1.32174551273066,,,,,,,,,,,,,,,,,,,,,,,,,,,,,,,,,,,,,,,,,,,,,,,,,,,,,,,,,,,,,,,,,,,,,,,,,,,,,,,,,,,,,,,,,,,,,,,,,,,,,,,,,,,,,,,
,,,,,,,,,,,,,,,,,,,,,,,346.805,1.26167390536119,346.805,1.27951225828639,346.805,1.31588353547916,346.805,1.26335314336026,346.805,1.3221735721449,,,,,,,,,,,,,,,,,,,,,,,,,,,,,,,,,,,,,,,,,,,,,,,,,,,,,,,,,,,,,,,,,,,,,,,,,,,,,,,,,,,,,,,,,,,,,,,,,,,,,,,,,,,,,,,
,,,,,,,,,,,,,,,,,,,,,,,347.304,1.2604263946233,347.304,1.28090212390793,347.304,1.31782597208525,347.304,1.26719631298182,347.304,1.32550036281064,,,,,,,,,,,,,,,,,,,,,,,,,,,,,,,,,,,,,,,,,,,,,,,,,,,,,,,,,,,,,,,,,,,,,,,,,,,,,,,,,,,,,,,,,,,,,,,,,,,,,,,,,,,,,,,
,,,,,,,,,,,,,,,,,,,,,,,347.803,1.26412479020333,347.803,1.28601737002028,347.803,1.31892473778772,347.803,1.25667859469702,347.803,1.32131341592082,,,,,,,,,,,,,,,,,,,,,,,,,,,,,,,,,,,,,,,,,,,,,,,,,,,,,,,,,,,,,,,,,,,,,,,,,,,,,,,,,,,,,,,,,,,,,,,,,,,,,,,,,,,,,,,
,,,,,,,,,,,,,,,,,,,,,,,348.302,1.25802441261679,348.302,1.28732201825633,348.302,1.31699922562406,348.302,1.26462108369589,348.302,1.32915932133993,,,,,,,,,,,,,,,,,,,,,,,,,,,,,,,,,,,,,,,,,,,,,,,,,,,,,,,,,,,,,,,,,,,,,,,,,,,,,,,,,,,,,,,,,,,,,,,,,,,,,,,,,,,,,,,
,,,,,,,,,,,,,,,,,,,,,,,348.801,1.2563496788782,348.801,1.28910973403574,348.801,1.32510586717286,348.801,1.26879960576606,348.801,1.31983406141533,,,,,,,,,,,,,,,,,,,,,,,,,,,,,,,,,,,,,,,,,,,,,,,,,,,,,,,,,,,,,,,,,,,,,,,,,,,,,,,,,,,,,,,,,,,,,,,,,,,,,,,,,,,,,,,
,,,,,,,,,,,,,,,,,,,,,,,349.3,1.25298691081343,349.3,1.28822454610065,349.3,1.31456553906391,349.3,1.27143513180624,349.3,1.32580176409228,,,,,,,,,,,,,,,,,,,,,,,,,,,,,,,,,,,,,,,,,,,,,,,,,,,,,,,,,,,,,,,,,,,,,,,,,,,,,,,,,,,,,,,,,,,,,,,,,,,,,,,,,,,,,,,
,,,,,,,,,,,,,,,,,,,,,,,349.799,1.25269496846059,349.799,1.2881646672092,349.799,1.31476805894836,349.799,1.26762720623142,349.799,1.3190121429543,,,,,,,,,,,,,,,,,,,,,,,,,,,,,,,,,,,,,,,,,,,,,,,,,,,,,,,,,,,,,,,,,,,,,,,,,,,,,,,,,,,,,,,,,,,,,,,,,,,,,,,,,,,,,,,
,,,,,,,,,,,,,,,,,,,,,,,350.298,1.24322467024462,350.298,1.28641563099965,350.298,1.31377392120928,350.298,1.2707943746522,350.298,1.32288993806803,,,,,,,,,,,,,,,,,,,,,,,,,,,,,,,,,,,,,,,,,,,,,,,,,,,,,,,,,,,,,,,,,,,,,,,,,,,,,,,,,,,,,,,,,,,,,,,,,,,,,,,,,,,,,,,
,,,,,,,,,,,,,,,,,,,,,,,350.797,1.25097270978854,350.797,1.29050849787338,350.797,1.31794121251534,350.797,1.26340477493636,350.797,1.32341636445596,,,,,,,,,,,,,,,,,,,,,,,,,,,,,,,,,,,,,,,,,,,,,,,,,,,,,,,,,,,,,,,,,,,,,,,,,,,,,,,,,,,,,,,,,,,,,,,,,,,,,,,,,,,,,,,
,,,,,,,,,,,,,,,,,,,,,,,351.296,1.256191295601,351.296,1.29369108423898,351.296,1.32432743358486,351.296,1.2565778825571,351.296,1.32564670260781,,,,,,,,,,,,,,,,,,,,,,,,,,,,,,,,,,,,,,,,,,,,,,,,,,,,,,,,,,,,,,,,,,,,,,,,,,,,,,,,,,,,,,,,,,,,,,,,,,,,,,,,,,,,,,,
,,,,,,,,,,,,,,,,,,,,,,,351.795,1.24870277548036,351.795,1.28892005823263,351.795,1.3185609225083,351.795,1.26462637477925,351.795,1.32171853063229,,,,,,,,,,,,,,,,,,,,,,,,,,,,,,,,,,,,,,,,,,,,,,,,,,,,,,,,,,,,,,,,,,,,,,,,,,,,,,,,,,,,,,,,,,,,,,,,,,,,,,,,,,,,,,,
,,,,,,,,,,,,,,,,,,,,,,,352.294,1.24424785442443,352.294,1.28592260570375,352.294,1.31428767708775,352.294,1.25764303484571,352.294,1.31897427536065,,,,,,,,,,,,,,,,,,,,,,,,,,,,,,,,,,,,,,,,,,,,,,,,,,,,,,,,,,,,,,,,,,,,,,,,,,,,,,,,,,,,,,,,,,,,,,,,,,,,,,,,,,,,,,,
,,,,,,,,,,,,,,,,,,,,,,,352.793,1.25931945077923,352.793,1.28836728021731,352.793,1.31954986646306,352.793,1.26604882877123,352.793,1.32723374093525,,,,,,,,,,,,,,,,,,,,,,,,,,,,,,,,,,,,,,,,,,,,,,,,,,,,,,,,,,,,,,,,,,,,,,,,,,,,,,,,,,,,,,,,,,,,,,,,,,,,,,,,,,,,,,,
,,,,,,,,,,,,,,,,,,,,,,,353.292,1.26233520210983,353.292,1.29054444443,353.292,1.31431681530022,353.292,1.26294204030008,353.292,1.31770513691687,,,,,,,,,,,,,,,,,,,,,,,,,,,,,,,,,,,,,,,,,,,,,,,,,,,,,,,,,,,,,,,,,,,,,,,,,,,,,,,,,,,,,,,,,,,,,,,,,,,,,,,,,,,,,,,
,,,,,,,,,,,,,,,,,,,,,,,353.791,1.26163678756441,353.791,1.29713914047599,353.791,1.32542986939224,353.791,1.25897028429594,353.791,1.32126402397045,,,,,,,,,,,,,,,,,,,,,,,,,,,,,,,,,,,,,,,,,,,,,,,,,,,,,,,,,,,,,,,,,,,,,,,,,,,,,,,,,,,,,,,,,,,,,,,,,,,,,,,,,,,,,,,
,,,,,,,,,,,,,,,,,,,,,,,354.29,1.25567701342722,354.29,1.29180690745703,354.29,1.32433478948741,354.29,1.26066578910959,354.29,1.3184245736801,,,,,,,,,,,,,,,,,,,,,,,,,,,,,,,,,,,,,,,,,,,,,,,,,,,,,,,,,,,,,,,,,,,,,,,,,,,,,,,,,,,,,,,,,,,,,,,,,,,,,,,,,,,,,,,
,,,,,,,,,,,,,,,,,,,,,,,354.789,1.25321443733113,354.789,1.28994153834531,354.789,1.32109137609977,354.789,1.26520806034557,354.789,1.31361324565429,,,,,,,,,,,,,,,,,,,,,,,,,,,,,,,,,,,,,,,,,,,,,,,,,,,,,,,,,,,,,,,,,,,,,,,,,,,,,,,,,,,,,,,,,,,,,,,,,,,,,,,,,,,,,,,
,,,,,,,,,,,,,,,,,,,,,,,355.288,1.25490748914121,355.288,1.29150262717767,355.288,1.32169776288717,355.288,1.27136969928277,355.288,1.31553866986095,,,,,,,,,,,,,,,,,,,,,,,,,,,,,,,,,,,,,,,,,,,,,,,,,,,,,,,,,,,,,,,,,,,,,,,,,,,,,,,,,,,,,,,,,,,,,,,,,,,,,,,,,,,,,,,
,,,,,,,,,,,,,,,,,,,,,,,355.787,1.25863745213845,355.787,1.29736784588138,355.787,1.31001265689867,355.787,1.26978863314124,355.787,1.31872045679857,,,,,,,,,,,,,,,,,,,,,,,,,,,,,,,,,,,,,,,,,,,,,,,,,,,,,,,,,,,,,,,,,,,,,,,,,,,,,,,,,,,,,,,,,,,,,,,,,,,,,,,,,,,,,,,
,,,,,,,,,,,,,,,,,,,,,,,356.286,1.25091754725458,356.286,1.30007791236527,356.286,1.31608674482027,356.286,1.26653310432985,356.286,1.31957337064622,,,,,,,,,,,,,,,,,,,,,,,,,,,,,,,,,,,,,,,,,,,,,,,,,,,,,,,,,,,,,,,,,,,,,,,,,,,,,,,,,,,,,,,,,,,,,,,,,,,,,,,,,,,,,,,
,,,,,,,,,,,,,,,,,,,,,,,356.785,1.24999929883064,356.785,1.2946791603347,356.785,1.32218301020417,356.785,1.26935861929825,356.785,1.32187776637655,,,,,,,,,,,,,,,,,,,,,,,,,,,,,,,,,,,,,,,,,,,,,,,,,,,,,,,,,,,,,,,,,,,,,,,,,,,,,,,,,,,,,,,,,,,,,,,,,,,,,,,,,,,,,,,
,,,,,,,,,,,,,,,,,,,,,,,357.284,1.2553394362195,357.284,1.29440825931562,357.284,1.31282631316429,357.284,1.26922580919499,357.284,1.31629636879965,,,,,,,,,,,,,,,,,,,,,,,,,,,,,,,,,,,,,,,,,,,,,,,,,,,,,,,,,,,,,,,,,,,,,,,,,,,,,,,,,,,,,,,,,,,,,,,,,,,,,,,,,,,,,,,
,,,,,,,,,,,,,,,,,,,,,,,357.783,1.25500055144684,357.783,1.28217859516593,357.783,1.31866052140474,357.783,1.26704306628764,357.783,1.31494084103467,,,,,,,,,,,,,,,,,,,,,,,,,,,,,,,,,,,,,,,,,,,,,,,,,,,,,,,,,,,,,,,,,,,,,,,,,,,,,,,,,,,,,,,,,,,,,,,,,,,,,,,,,,,,,,,
,,,,,,,,,,,,,,,,,,,,,,,358.282,1.24380520104623,358.282,1.28812658502571,358.282,1.31443817557839,358.282,1.26246802079901,358.282,1.3120272336115,,,,,,,,,,,,,,,,,,,,,,,,,,,,,,,,,,,,,,,,,,,,,,,,,,,,,,,,,,,,,,,,,,,,,,,,,,,,,,,,,,,,,,,,,,,,,,,,,,,,,,,,,,,,,,,
,,,,,,,,,,,,,,,,,,,,,,,358.781,1.25050230447766,358.781,1.29692038549377,358.781,1.30970281742412,358.781,1.2716331347198,358.781,1.31978507629944,,,,,,,,,,,,,,,,,,,,,,,,,,,,,,,,,,,,,,,,,,,,,,,,,,,,,,,,,,,,,,,,,,,,,,,,,,,,,,,,,,,,,,,,,,,,,,,,,,,,,,,,,,,,,,,
,,,,,,,,,,,,,,,,,,,,,,,359.28,1.25891145015968,359.28,1.2947096289088,359.28,1.31453783466274,359.28,1.27130011109672,359.28,1.31000636679788,,,,,,,,,,,,,,,,,,,,,,,,,,,,,,,,,,,,,,,,,,,,,,,,,,,,,,,,,,,,,,,,,,,,,,,,,,,,,,,,,,,,,,,,,,,,,,,,,,,,,,,,,,,,,,,
,,,,,,,,,,,,,,,,,,,,,,,359.779,1.25414638187758,359.779,1.29497186431217,359.779,1.32215103264621,359.779,1.27285228274913,359.779,1.30164575298796,,,,,,,,,,,,,,,,,,,,,,,,,,,,,,,,,,,,,,,,,,,,,,,,,,,,,,,,,,,,,,,,,,,,,,,,,,,,,,,,,,,,,,,,,,,,,,,,,,,,,,,,,,,,,,,
,,,,,,,,,,,,,,,,,,,,,,,360.278,1.25763850188195,360.278,1.29706895325374,360.278,1.3293884046587,360.278,1.27811135120906,360.278,1.30779076454167,,,,,,,,,,,,,,,,,,,,,,,,,,,,,,,,,,,,,,,,,,,,,,,,,,,,,,,,,,,,,,,,,,,,,,,,,,,,,,,,,,,,,,,,,,,,,,,,,,,,,,,,,,,,,,,
,,,,,,,,,,,,,,,,,,,,,,,360.777,1.25259755581479,360.777,1.30744507273548,360.777,1.31616356436002,360.777,1.27138961281104,360.777,1.31793784028023,,,,,,,,,,,,,,,,,,,,,,,,,,,,,,,,,,,,,,,,,,,,,,,,,,,,,,,,,,,,,,,,,,,,,,,,,,,,,,,,,,,,,,,,,,,,,,,,,,,,,,,,,,,,,,,
,,,,,,,,,,,,,,,,,,,,,,,361.276,1.25593910360408,361.276,1.29105252652819,361.276,1.31559995698411,361.276,1.26878514531231,361.276,1.31852897404252,,,,,,,,,,,,,,,,,,,,,,,,,,,,,,,,,,,,,,,,,,,,,,,,,,,,,,,,,,,,,,,,,,,,,,,,,,,,,,,,,,,,,,,,,,,,,,,,,,,,,,,,,,,,,,,
,,,,,,,,,,,,,,,,,,,,,,,361.775,1.26564577021111,361.775,1.30002810265298,361.775,1.32036498287096,361.775,1.26356449688622,361.775,1.31187716814177,,,,,,,,,,,,,,,,,,,,,,,,,,,,,,,,,,,,,,,,,,,,,,,,,,,,,,,,,,,,,,,,,,,,,,,,,,,,,,,,,,,,,,,,,,,,,,,,,,,,,,,,,,,,,,,
,,,,,,,,,,,,,,,,,,,,,,,362.274,1.25581917527859,362.274,1.29744739413992,362.274,1.31788777014778,362.274,1.2723967999581,362.274,1.31486838506259,,,,,,,,,,,,,,,,,,,,,,,,,,,,,,,,,,,,,,,,,,,,,,,,,,,,,,,,,,,,,,,,,,,,,,,,,,,,,,,,,,,,,,,,,,,,,,,,,,,,,,,,,,,,,,,
,,,,,,,,,,,,,,,,,,,,,,,362.773,1.25576216583886,362.773,1.29396811987164,362.773,1.32276089917267,362.773,1.26235787934451,362.773,1.32046626122027,,,,,,,,,,,,,,,,,,,,,,,,,,,,,,,,,,,,,,,,,,,,,,,,,,,,,,,,,,,,,,,,,,,,,,,,,,,,,,,,,,,,,,,,,,,,,,,,,,,,,,,,,,,,,,,
,,,,,,,,,,,,,,,,,,,,,,,363.272,1.26116731221012,363.272,1.28962024189378,363.272,1.3120523730826,363.272,1.26321925195618,363.272,1.31471987901949,,,,,,,,,,,,,,,,,,,,,,,,,,,,,,,,,,,,,,,,,,,,,,,,,,,,,,,,,,,,,,,,,,,,,,,,,,,,,,,,,,,,,,,,,,,,,,,,,,,,,,,,,,,,,,,
,,,,,,,,,,,,,,,,,,,,,,,363.771,1.25625452538368,363.771,1.29322860056675,363.771,1.31979642148143,363.771,1.27362475526619,363.771,1.31999127031058,,,,,,,,,,,,,,,,,,,,,,,,,,,,,,,,,,,,,,,,,,,,,,,,,,,,,,,,,,,,,,,,,,,,,,,,,,,,,,,,,,,,,,,,,,,,,,,,,,,,,,,,,,,,,,,
,,,,,,,,,,,,,,,,,,,,,,,364.27,1.25648975690647,364.27,1.30073388965412,364.27,1.32165718823875,364.27,1.27631027983484,364.27,1.30385339578299,,,,,,,,,,,,,,,,,,,,,,,,,,,,,,,,,,,,,,,,,,,,,,,,,,,,,,,,,,,,,,,,,,,,,,,,,,,,,,,,,,,,,,,,,,,,,,,,,,,,,,,,,,,,,,,
,,,,,,,,,,,,,,,,,,,,,,,364.769,1.26060959736515,364.769,1.29166746014645,364.769,1.31821521345665,364.769,1.26307428088631,364.769,1.30327935345758,,,,,,,,,,,,,,,,,,,,,,,,,,,,,,,,,,,,,,,,,,,,,,,,,,,,,,,,,,,,,,,,,,,,,,,,,,,,,,,,,,,,,,,,,,,,,,,,,,,,,,,,,,,,,,,
,,,,,,,,,,,,,,,,,,,,,,,365.268,1.25499844005824,365.268,1.29512373643057,365.268,1.32088416162666,365.268,1.26123922028535,365.268,1.31922229564706,,,,,,,,,,,,,,,,,,,,,,,,,,,,,,,,,,,,,,,,,,,,,,,,,,,,,,,,,,,,,,,,,,,,,,,,,,,,,,,,,,,,,,,,,,,,,,,,,,,,,,,,,,,,,,,
,,,,,,,,,,,,,,,,,,,,,,,365.767,1.25855813363103,365.767,1.29592236644723,365.767,1.32454238221265,365.767,1.26583341077385,365.767,1.32388368866087,,,,,,,,,,,,,,,,,,,,,,,,,,,,,,,,,,,,,,,,,,,,,,,,,,,,,,,,,,,,,,,,,,,,,,,,,,,,,,,,,,,,,,,,,,,,,,,,,,,,,,,,,,,,,,,
,,,,,,,,,,,,,,,,,,,,,,,366.266,1.25765287443832,366.266,1.28937896174769,366.266,1.3215351396502,366.266,1.26940234825333,366.266,1.31164714608548,,,,,,,,,,,,,,,,,,,,,,,,,,,,,,,,,,,,,,,,,,,,,,,,,,,,,,,,,,,,,,,,,,,,,,,,,,,,,,,,,,,,,,,,,,,,,,,,,,,,,,,,,,,,,,,
,,,,,,,,,,,,,,,,,,,,,,,366.765,1.25853774506617,366.765,1.29833969379761,366.765,1.31647660730797,366.765,1.2642178772998,366.765,1.3179839778472,,,,,,,,,,,,,,,,,,,,,,,,,,,,,,,,,,,,,,,,,,,,,,,,,,,,,,,,,,,,,,,,,,,,,,,,,,,,,,,,,,,,,,,,,,,,,,,,,,,,,,,,,,,,,,,
,,,,,,,,,,,,,,,,,,,,,,,367.264,1.26226358931773,367.264,1.29485348031182,367.264,1.31088428227848,367.264,1.27032897434377,367.264,1.31604156707813,,,,,,,,,,,,,,,,,,,,,,,,,,,,,,,,,,,,,,,,,,,,,,,,,,,,,,,,,,,,,,,,,,,,,,,,,,,,,,,,,,,,,,,,,,,,,,,,,,,,,,,,,,,,,,,
,,,,,,,,,,,,,,,,,,,,,,,367.763,1.25990720084729,367.763,1.29675864220346,367.763,1.31220945162141,367.763,1.26377890639741,367.763,1.30738545634391,,,,,,,,,,,,,,,,,,,,,,,,,,,,,,,,,,,,,,,,,,,,,,,,,,,,,,,,,,,,,,,,,,,,,,,,,,,,,,,,,,,,,,,,,,,,,,,,,,,,,,,,,,,,,,,
,,,,,,,,,,,,,,,,,,,,,,,368.262,1.26216101263708,368.262,1.30501447900319,368.262,1.31823597738001,368.262,1.26745904108976,368.262,1.31257005233478,,,,,,,,,,,,,,,,,,,,,,,,,,,,,,,,,,,,,,,,,,,,,,,,,,,,,,,,,,,,,,,,,,,,,,,,,,,,,,,,,,,,,,,,,,,,,,,,,,,,,,,,,,,,,,,
,,,,,,,,,,,,,,,,,,,,,,,368.761,1.26310305837596,368.761,1.2938108256757,368.761,1.32571027844266,368.761,1.26316399583232,368.761,1.32140167989528,,,,,,,,,,,,,,,,,,,,,,,,,,,,,,,,,,,,,,,,,,,,,,,,,,,,,,,,,,,,,,,,,,,,,,,,,,,,,,,,,,,,,,,,,,,,,,,,,,,,,,,,,,,,,,,
,,,,,,,,,,,,,,,,,,,,,,,369.26,1.25413012619582,369.26,1.29712827338421,369.26,1.31293336704712,369.26,1.26358377729344,369.26,1.31216240411923,,,,,,,,,,,,,,,,,,,,,,,,,,,,,,,,,,,,,,,,,,,,,,,,,,,,,,,,,,,,,,,,,,,,,,,,,,,,,,,,,,,,,,,,,,,,,,,,,,,,,,,,,,,,,,,
,,,,,,,,,,,,,,,,,,,,,,,369.759,1.25700300654093,369.759,1.30040903971965,369.759,1.31039650122647,369.759,1.26866359982644,369.759,1.32484099907079,,,,,,,,,,,,,,,,,,,,,,,,,,,,,,,,,,,,,,,,,,,,,,,,,,,,,,,,,,,,,,,,,,,,,,,,,,,,,,,,,,,,,,,,,,,,,,,,,,,,,,,,,,,,,,,
,,,,,,,,,,,,,,,,,,,,,,,370.258,1.26341141820775,370.258,1.2982420229145,370.258,1.31318044605005,370.258,1.27190509896125,370.258,1.32492635083185,,,,,,,,,,,,,,,,,,,,,,,,,,,,,,,,,,,,,,,,,,,,,,,,,,,,,,,,,,,,,,,,,,,,,,,,,,,,,,,,,,,,,,,,,,,,,,,,,,,,,,,,,,,,,,,
,,,,,,,,,,,,,,,,,,,,,,,370.757,1.25842472488071,370.757,1.29879129465663,370.757,1.31687607048069,370.757,1.27636137522079,370.757,1.32408731069219,,,,,,,,,,,,,,,,,,,,,,,,,,,,,,,,,,,,,,,,,,,,,,,,,,,,,,,,,,,,,,,,,,,,,,,,,,,,,,,,,,,,,,,,,,,,,,,,,,,,,,,,,,,,,,,
,,,,,,,,,,,,,,,,,,,,,,,371.256,1.268617267382,371.256,1.29853119958313,371.256,1.31185448837838,371.256,1.27212065746521,371.256,1.31447791591309,,,,,,,,,,,,,,,,,,,,,,,,,,,,,,,,,,,,,,,,,,,,,,,,,,,,,,,,,,,,,,,,,,,,,,,,,,,,,,,,,,,,,,,,,,,,,,,,,,,,,,,,,,,,,,,
,,,,,,,,,,,,,,,,,,,,,,,371.755,1.26761244101742,371.755,1.30651857280308,371.755,1.31688611524892,371.755,1.26718893184452,371.755,1.32196438559001,,,,,,,,,,,,,,,,,,,,,,,,,,,,,,,,,,,,,,,,,,,,,,,,,,,,,,,,,,,,,,,,,,,,,,,,,,,,,,,,,,,,,,,,,,,,,,,,,,,,,,,,,,,,,,,
,,,,,,,,,,,,,,,,,,,,,,,372.254,1.26621935683383,372.254,1.3002061274115,372.254,1.31660676548406,372.254,1.26106143584816,372.254,1.31932030052887,,,,,,,,,,,,,,,,,,,,,,,,,,,,,,,,,,,,,,,,,,,,,,,,,,,,,,,,,,,,,,,,,,,,,,,,,,,,,,,,,,,,,,,,,,,,,,,,,,,,,,,,,,,,,,,
,,,,,,,,,,,,,,,,,,,,,,,372.753,1.26458200230972,372.753,1.30031353101283,372.753,1.32949549140763,372.753,1.2634404608913,372.753,1.3190747397535,,,,,,,,,,,,,,,,,,,,,,,,,,,,,,,,,,,,,,,,,,,,,,,,,,,,,,,,,,,,,,,,,,,,,,,,,,,,,,,,,,,,,,,,,,,,,,,,,,,,,,,,,,,,,,,
,,,,,,,,,,,,,,,,,,,,,,,373.252,1.26168452905327,373.252,1.28974748017309,373.252,1.32549888587572,373.252,1.2607430700125,373.252,1.30997142697779,,,,,,,,,,,,,,,,,,,,,,,,,,,,,,,,,,,,,,,,,,,,,,,,,,,,,,,,,,,,,,,,,,,,,,,,,,,,,,,,,,,,,,,,,,,,,,,,,,,,,,,,,,,,,,,
,,,,,,,,,,,,,,,,,,,,,,,373.751,1.25700396291448,373.751,1.29855399792043,373.751,1.31677287386833,373.751,1.26770869649076,373.751,1.31291299076248,,,,,,,,,,,,,,,,,,,,,,,,,,,,,,,,,,,,,,,,,,,,,,,,,,,,,,,,,,,,,,,,,,,,,,,,,,,,,,,,,,,,,,,,,,,,,,,,,,,,,,,,,,,,,,,
,,,,,,,,,,,,,,,,,,,,,,,374.25,1.26019666204814,374.25,1.29244883113811,374.25,1.31861319153567,374.25,1.26575314488039,374.25,1.31611274332745,,,,,,,,,,,,,,,,,,,,,,,,,,,,,,,,,,,,,,,,,,,,,,,,,,,,,,,,,,,,,,,,,,,,,,,,,,,,,,,,,,,,,,,,,,,,,,,,,,,,,,,,,,,,,,,
,,,,,,,,,,,,,,,,,,,,,,,374.749,1.25718583067581,374.749,1.29603149980089,374.749,1.32007922228256,374.749,1.26660698848304,374.749,1.31949669192568,,,,,,,,,,,,,,,,,,,,,,,,,,,,,,,,,,,,,,,,,,,,,,,,,,,,,,,,,,,,,,,,,,,,,,,,,,,,,,,,,,,,,,,,,,,,,,,,,,,,,,,,,,,,,,,
,,,,,,,,,,,,,,,,,,,,,,,375.248,1.27092202423485,375.248,1.29040125385001,375.248,1.32042360497878,375.248,1.26333439247322,375.248,1.32864022695589,,,,,,,,,,,,,,,,,,,,,,,,,,,,,,,,,,,,,,,,,,,,,,,,,,,,,,,,,,,,,,,,,,,,,,,,,,,,,,,,,,,,,,,,,,,,,,,,,,,,,,,,,,,,,,,
,,,,,,,,,,,,,,,,,,,,,,,375.747,1.25828869871364,375.747,1.29795413778648,375.747,1.32461126534828,375.747,1.26615030631833,375.747,1.32407949488426,,,,,,,,,,,,,,,,,,,,,,,,,,,,,,,,,,,,,,,,,,,,,,,,,,,,,,,,,,,,,,,,,,,,,,,,,,,,,,,,,,,,,,,,,,,,,,,,,,,,,,,,,,,,,,,
,,,,,,,,,,,,,,,,,,,,,,,376.246,1.26186342674862,376.246,1.29571766169113,376.246,1.32242476955845,376.246,1.27699937210247,376.246,1.31669760343429,,,,,,,,,,,,,,,,,,,,,,,,,,,,,,,,,,,,,,,,,,,,,,,,,,,,,,,,,,,,,,,,,,,,,,,,,,,,,,,,,,,,,,,,,,,,,,,,,,,,,,,,,,,,,,,
,,,,,,,,,,,,,,,,,,,,,,,376.745,1.26659422945455,376.745,1.29065369848753,376.745,1.32380008930981,376.745,1.27143787895012,376.745,1.32392580276095,,,,,,,,,,,,,,,,,,,,,,,,,,,,,,,,,,,,,,,,,,,,,,,,,,,,,,,,,,,,,,,,,,,,,,,,,,,,,,,,,,,,,,,,,,,,,,,,,,,,,,,,,,,,,,,
,,,,,,,,,,,,,,,,,,,,,,,377.244,1.26336311189825,377.244,1.29128756881238,377.244,1.3223189484127,377.244,1.27205371381931,377.244,1.31977042938487,,,,,,,,,,,,,,,,,,,,,,,,,,,,,,,,,,,,,,,,,,,,,,,,,,,,,,,,,,,,,,,,,,,,,,,,,,,,,,,,,,,,,,,,,,,,,,,,,,,,,,,,,,,,,,,
,,,,,,,,,,,,,,,,,,,,,,,377.743,1.26285540122089,377.743,1.30038189447698,377.743,1.32214233365265,377.743,1.27516075478061,377.743,1.32272987768616,,,,,,,,,,,,,,,,,,,,,,,,,,,,,,,,,,,,,,,,,,,,,,,,,,,,,,,,,,,,,,,,,,,,,,,,,,,,,,,,,,,,,,,,,,,,,,,,,,,,,,,,,,,,,,,
,,,,,,,,,,,,,,,,,,,,,,,378.242,1.26727770250979,378.242,1.2944527117735,378.242,1.32433100888999,378.242,1.27165179179282,378.242,1.32194716889548,,,,,,,,,,,,,,,,,,,,,,,,,,,,,,,,,,,,,,,,,,,,,,,,,,,,,,,,,,,,,,,,,,,,,,,,,,,,,,,,,,,,,,,,,,,,,,,,,,,,,,,,,,,,,,,
,,,,,,,,,,,,,,,,,,,,,,,378.741,1.26297586093851,378.741,1.30308179603404,378.741,1.32931150668041,378.741,1.26509438722051,378.741,1.31220198999019,,,,,,,,,,,,,,,,,,,,,,,,,,,,,,,,,,,,,,,,,,,,,,,,,,,,,,,,,,,,,,,,,,,,,,,,,,,,,,,,,,,,,,,,,,,,,,,,,,,,,,,,,,,,,,,
,,,,,,,,,,,,,,,,,,,,,,,379.24,1.26425787169093,379.24,1.30051773527248,379.24,1.31790182740787,379.24,1.27544578592919,379.24,1.31732455968076,,,,,,,,,,,,,,,,,,,,,,,,,,,,,,,,,,,,,,,,,,,,,,,,,,,,,,,,,,,,,,,,,,,,,,,,,,,,,,,,,,,,,,,,,,,,,,,,,,,,,,,,,,,,,,,
,,,,,,,,,,,,,,,,,,,,,,,379.739,1.27228996578338,379.739,1.30120997847883,379.739,1.31567472009375,379.739,1.28169245629535,379.739,1.31707821073547,,,,,,,,,,,,,,,,,,,,,,,,,,,,,,,,,,,,,,,,,,,,,,,,,,,,,,,,,,,,,,,,,,,,,,,,,,,,,,,,,,,,,,,,,,,,,,,,,,,,,,,,,,,,,,,
,,,,,,,,,,,,,,,,,,,,,,,380.238,1.26658639398565,380.238,1.30422971300769,380.238,1.31652463741974,380.238,1.27900218591746,380.238,1.32139646424705,,,,,,,,,,,,,,,,,,,,,,,,,,,,,,,,,,,,,,,,,,,,,,,,,,,,,,,,,,,,,,,,,,,,,,,,,,,,,,,,,,,,,,,,,,,,,,,,,,,,,,,,,,,,,,,
,,,,,,,,,,,,,,,,,,,,,,,380.737,1.26312870001704,380.737,1.29539474657254,380.737,1.32107584617821,380.737,1.26725982864441,380.737,1.32933302321143,,,,,,,,,,,,,,,,,,,,,,,,,,,,,,,,,,,,,,,,,,,,,,,,,,,,,,,,,,,,,,,,,,,,,,,,,,,,,,,,,,,,,,,,,,,,,,,,,,,,,,,,,,,,,,,
,,,,,,,,,,,,,,,,,,,,,,,381.236,1.2665718798497,381.236,1.28940927238614,381.236,1.32393020740652,381.236,1.26400918378625,381.236,1.32540733728078,,,,,,,,,,,,,,,,,,,,,,,,,,,,,,,,,,,,,,,,,,,,,,,,,,,,,,,,,,,,,,,,,,,,,,,,,,,,,,,,,,,,,,,,,,,,,,,,,,,,,,,,,,,,,,,
,,,,,,,,,,,,,,,,,,,,,,,381.735,1.26408605193923,381.735,1.2971095268628,381.735,1.31798609766036,381.735,1.27228161447093,381.735,1.3204078567185,,,,,,,,,,,,,,,,,,,,,,,,,,,,,,,,,,,,,,,,,,,,,,,,,,,,,,,,,,,,,,,,,,,,,,,,,,,,,,,,,,,,,,,,,,,,,,,,,,,,,,,,,,,,,,,
,,,,,,,,,,,,,,,,,,,,,,,382.234,1.26043041231858,382.234,1.29651491154342,382.234,1.32228322100723,382.234,1.27361009344734,382.234,1.3225425802713,,,,,,,,,,,,,,,,,,,,,,,,,,,,,,,,,,,,,,,,,,,,,,,,,,,,,,,,,,,,,,,,,,,,,,,,,,,,,,,,,,,,,,,,,,,,,,,,,,,,,,,,,,,,,,,
,,,,,,,,,,,,,,,,,,,,,,,382.733,1.26456960572622,382.733,1.29543714903205,382.733,1.32626656104168,382.733,1.26751172507006,382.733,1.31771486065241,,,,,,,,,,,,,,,,,,,,,,,,,,,,,,,,,,,,,,,,,,,,,,,,,,,,,,,,,,,,,,,,,,,,,,,,,,,,,,,,,,,,,,,,,,,,,,,,,,,,,,,,,,,,,,,
,,,,,,,,,,,,,,,,,,,,,,,383.232,1.26705182681498,383.232,1.3010415260824,383.232,1.31826062590261,383.232,1.26255163904078,383.232,1.31935638643888,,,,,,,,,,,,,,,,,,,,,,,,,,,,,,,,,,,,,,,,,,,,,,,,,,,,,,,,,,,,,,,,,,,,,,,,,,,,,,,,,,,,,,,,,,,,,,,,,,,,,,,,,,,,,,,
,,,,,,,,,,,,,,,,,,,,,,,383.731,1.26041629081046,383.731,1.30796676317815,383.731,1.32315045940723,383.731,1.27064478304032,383.731,1.31941509512509,,,,,,,,,,,,,,,,,,,,,,,,,,,,,,,,,,,,,,,,,,,,,,,,,,,,,,,,,,,,,,,,,,,,,,,,,,,,,,,,,,,,,,,,,,,,,,,,,,,,,,,,,,,,,,,
,,,,,,,,,,,,,,,,,,,,,,,384.23,1.26893405146839,384.23,1.30232813599471,384.23,1.32261255398348,384.23,1.26516284859478,384.23,1.32268194991323,,,,,,,,,,,,,,,,,,,,,,,,,,,,,,,,,,,,,,,,,,,,,,,,,,,,,,,,,,,,,,,,,,,,,,,,,,,,,,,,,,,,,,,,,,,,,,,,,,,,,,,,,,,,,,,
,,,,,,,,,,,,,,,,,,,,,,,384.729,1.25952152633866,384.729,1.30386327847167,384.729,1.32033160794165,384.729,1.26033584338074,384.729,1.3247070541917,,,,,,,,,,,,,,,,,,,,,,,,,,,,,,,,,,,,,,,,,,,,,,,,,,,,,,,,,,,,,,,,,,,,,,,,,,,,,,,,,,,,,,,,,,,,,,,,,,,,,,,,,,,,,,,
,,,,,,,,,,,,,,,,,,,,,,,385.228,1.26390920259868,385.228,1.30331387124878,385.228,1.31979936752568,385.228,1.2648701500787,385.228,1.32226683945285,,,,,,,,,,,,,,,,,,,,,,,,,,,,,,,,,,,,,,,,,,,,,,,,,,,,,,,,,,,,,,,,,,,,,,,,,,,,,,,,,,,,,,,,,,,,,,,,,,,,,,,,,,,,,,,
,,,,,,,,,,,,,,,,,,,,,,,385.727,1.26702568132196,385.727,1.30618505329989,385.727,1.32298816126784,385.727,1.27001082909833,385.727,1.32376794974321,,,,,,,,,,,,,,,,,,,,,,,,,,,,,,,,,,,,,,,,,,,,,,,,,,,,,,,,,,,,,,,,,,,,,,,,,,,,,,,,,,,,,,,,,,,,,,,,,,,,,,,,,,,,,,,
,,,,,,,,,,,,,,,,,,,,,,,386.226,1.26491009223742,386.226,1.30601548101257,386.226,1.31472630603397,386.226,1.27375372297255,386.226,1.32205090478483,,,,,,,,,,,,,,,,,,,,,,,,,,,,,,,,,,,,,,,,,,,,,,,,,,,,,,,,,,,,,,,,,,,,,,,,,,,,,,,,,,,,,,,,,,,,,,,,,,,,,,,,,,,,,,,
,,,,,,,,,,,,,,,,,,,,,,,386.725,1.26257250502466,386.725,1.30455203160676,386.725,1.32755239149979,386.725,1.27023832106738,386.725,1.31951675279893,,,,,,,,,,,,,,,,,,,,,,,,,,,,,,,,,,,,,,,,,,,,,,,,,,,,,,,,,,,,,,,,,,,,,,,,,,,,,,,,,,,,,,,,,,,,,,,,,,,,,,,,,,,,,,,
,,,,,,,,,,,,,,,,,,,,,,,387.224,1.26441480763043,387.224,1.30662056156042,387.224,1.32726294655823,387.224,1.27056091631628,387.224,1.31422966221818,,,,,,,,,,,,,,,,,,,,,,,,,,,,,,,,,,,,,,,,,,,,,,,,,,,,,,,,,,,,,,,,,,,,,,,,,,,,,,,,,,,,,,,,,,,,,,,,,,,,,,,,,,,,,,,
,,,,,,,,,,,,,,,,,,,,,,,387.723,1.27370526266113,387.723,1.30354051698577,387.723,1.32813252697913,387.723,1.26691434185664,387.723,1.3290365028832,,,,,,,,,,,,,,,,,,,,,,,,,,,,,,,,,,,,,,,,,,,,,,,,,,,,,,,,,,,,,,,,,,,,,,,,,,,,,,,,,,,,,,,,,,,,,,,,,,,,,,,,,,,,,,,
,,,,,,,,,,,,,,,,,,,,,,,388.222,1.27843130594786,388.222,1.30145854302653,388.222,1.32145591200334,388.222,1.25686520136775,388.222,1.32915925394793,,,,,,,,,,,,,,,,,,,,,,,,,,,,,,,,,,,,,,,,,,,,,,,,,,,,,,,,,,,,,,,,,,,,,,,,,,,,,,,,,,,,,,,,,,,,,,,,,,,,,,,,,,,,,,,
,,,,,,,,,,,,,,,,,,,,,,,388.721,1.26853612451514,388.721,1.30339384174134,388.721,1.32602906591434,388.721,1.27099147988119,388.721,1.3242457535157,,,,,,,,,,,,,,,,,,,,,,,,,,,,,,,,,,,,,,,,,,,,,,,,,,,,,,,,,,,,,,,,,,,,,,,,,,,,,,,,,,,,,,,,,,,,,,,,,,,,,,,,,,,,,,,
,,,,,,,,,,,,,,,,,,,,,,,389.22,1.28138637873597,389.22,1.30367677917879,389.22,1.323725328771,389.22,1.27133927180844,389.22,1.32270931724254,,,,,,,,,,,,,,,,,,,,,,,,,,,,,,,,,,,,,,,,,,,,,,,,,,,,,,,,,,,,,,,,,,,,,,,,,,,,,,,,,,,,,,,,,,,,,,,,,,,,,,,,,,,,,,,
,,,,,,,,,,,,,,,,,,,,,,,389.719,1.2616855427908,389.719,1.29965136047064,389.719,1.32886562706972,389.719,1.26810878376654,389.719,1.31566164618138,,,,,,,,,,,,,,,,,,,,,,,,,,,,,,,,,,,,,,,,,,,,,,,,,,,,,,,,,,,,,,,,,,,,,,,,,,,,,,,,,,,,,,,,,,,,,,,,,,,,,,,,,,,,,,,
,,,,,,,,,,,,,,,,,,,,,,,390.218,1.26830482927023,390.218,1.30038718825234,390.218,1.33514278027982,390.218,1.26508044976331,390.218,1.31498819324662,,,,,,,,,,,,,,,,,,,,,,,,,,,,,,,,,,,,,,,,,,,,,,,,,,,,,,,,,,,,,,,,,,,,,,,,,,,,,,,,,,,,,,,,,,,,,,,,,,,,,,,,,,,,,,,
,,,,,,,,,,,,,,,,,,,,,,,390.717,1.27774676910476,390.717,1.29840065892886,390.717,1.32729189057512,390.717,1.27367342926784,390.717,1.32771516450494,,,,,,,,,,,,,,,,,,,,,,,,,,,,,,,,,,,,,,,,,,,,,,,,,,,,,,,,,,,,,,,,,,,,,,,,,,,,,,,,,,,,,,,,,,,,,,,,,,,,,,,,,,,,,,,
,,,,,,,,,,,,,,,,,,,,,,,391.216,1.26523442681347,391.216,1.29457809694623,391.216,1.32872958442497,391.216,1.27353728589985,391.216,1.31815563862555,,,,,,,,,,,,,,,,,,,,,,,,,,,,,,,,,,,,,,,,,,,,,,,,,,,,,,,,,,,,,,,,,,,,,,,,,,,,,,,,,,,,,,,,,,,,,,,,,,,,,,,,,,,,,,,
,,,,,,,,,,,,,,,,,,,,,,,391.715,1.2693641741053,391.715,1.29869658609985,391.715,1.32773366826462,391.715,1.27124663735571,391.715,1.32448697300395,,,,,,,,,,,,,,,,,,,,,,,,,,,,,,,,,,,,,,,,,,,,,,,,,,,,,,,,,,,,,,,,,,,,,,,,,,,,,,,,,,,,,,,,,,,,,,,,,,,,,,,,,,,,,,,
,,,,,,,,,,,,,,,,,,,,,,,392.214,1.27363290203001,392.214,1.29649292494264,392.214,1.33057653295587,392.214,1.26866109036578,392.214,1.31696736465862,,,,,,,,,,,,,,,,,,,,,,,,,,,,,,,,,,,,,,,,,,,,,,,,,,,,,,,,,,,,,,,,,,,,,,,,,,,,,,,,,,,,,,,,,,,,,,,,,,,,,,,,,,,,,,,
,,,,,,,,,,,,,,,,,,,,,,,392.713,1.26873122283442,392.713,1.29908080749642,392.713,1.32199211993196,392.713,1.26349434917565,392.713,1.33000593166759,,,,,,,,,,,,,,,,,,,,,,,,,,,,,,,,,,,,,,,,,,,,,,,,,,,,,,,,,,,,,,,,,,,,,,,,,,,,,,,,,,,,,,,,,,,,,,,,,,,,,,,,,,,,,,,
,,,,,,,,,,,,,,,,,,,,,,,393.212,1.27059128065669,393.212,1.30242572443159,393.212,1.31623221916644,393.212,1.26228389831856,393.212,1.3264737171372,,,,,,,,,,,,,,,,,,,,,,,,,,,,,,,,,,,,,,,,,,,,,,,,,,,,,,,,,,,,,,,,,,,,,,,,,,,,,,,,,,,,,,,,,,,,,,,,,,,,,,,,,,,,,,,
,,,,,,,,,,,,,,,,,,,,,,,393.711,1.26434984362669,393.711,1.30106632457421,393.711,1.3283956800544,393.711,1.27017662084754,393.711,1.32632373119082,,,,,,,,,,,,,,,,,,,,,,,,,,,,,,,,,,,,,,,,,,,,,,,,,,,,,,,,,,,,,,,,,,,,,,,,,,,,,,,,,,,,,,,,,,,,,,,,,,,,,,,,,,,,,,,
,,,,,,,,,,,,,,,,,,,,,,,394.21,1.26465686400175,394.21,1.31085109941545,394.21,1.330818971488,394.21,1.27224015272506,394.21,1.32613739588218,,,,,,,,,,,,,,,,,,,,,,,,,,,,,,,,,,,,,,,,,,,,,,,,,,,,,,,,,,,,,,,,,,,,,,,,,,,,,,,,,,,,,,,,,,,,,,,,,,,,,,,,,,,,,,,
,,,,,,,,,,,,,,,,,,,,,,,394.709,1.27098269146925,394.709,1.31152079106774,394.709,1.32661455021476,394.709,1.26823327750264,394.709,1.32543706795404,,,,,,,,,,,,,,,,,,,,,,,,,,,,,,,,,,,,,,,,,,,,,,,,,,,,,,,,,,,,,,,,,,,,,,,,,,,,,,,,,,,,,,,,,,,,,,,,,,,,,,,,,,,,,,,
,,,,,,,,,,,,,,,,,,,,,,,395.208,1.26562092729484,395.208,1.29864593515768,395.208,1.32185636163118,395.208,1.27104460909945,395.208,1.32905714320055,,,,,,,,,,,,,,,,,,,,,,,,,,,,,,,,,,,,,,,,,,,,,,,,,,,,,,,,,,,,,,,,,,,,,,,,,,,,,,,,,,,,,,,,,,,,,,,,,,,,,,,,,,,,,,,
,,,,,,,,,,,,,,,,,,,,,,,395.707,1.27418980137204,395.707,1.29473970368434,395.707,1.32926876078679,395.707,1.27644277086439,395.707,1.31983229094332,,,,,,,,,,,,,,,,,,,,,,,,,,,,,,,,,,,,,,,,,,,,,,,,,,,,,,,,,,,,,,,,,,,,,,,,,,,,,,,,,,,,,,,,,,,,,,,,,,,,,,,,,,,,,,,
,,,,,,,,,,,,,,,,,,,,,,,396.206,1.26983773196615,396.206,1.30791911638134,396.206,1.32291978221677,396.206,1.27213993740785,396.206,1.32118883333373,,,,,,,,,,,,,,,,,,,,,,,,,,,,,,,,,,,,,,,,,,,,,,,,,,,,,,,,,,,,,,,,,,,,,,,,,,,,,,,,,,,,,,,,,,,,,,,,,,,,,,,,,,,,,,,
,,,,,,,,,,,,,,,,,,,,,,,396.705,1.2693476778688,396.705,1.30219409501924,396.705,1.32456164745398,396.705,1.27756376843256,396.705,1.32484309237023,,,,,,,,,,,,,,,,,,,,,,,,,,,,,,,,,,,,,,,,,,,,,,,,,,,,,,,,,,,,,,,,,,,,,,,,,,,,,,,,,,,,,,,,,,,,,,,,,,,,,,,,,,,,,,,
,,,,,,,,,,,,,,,,,,,,,,,397.204,1.26459405693056,397.204,1.30020305690662,397.204,1.32207399281716,397.204,1.27275127291648,397.204,1.32059679744329,,,,,,,,,,,,,,,,,,,,,,,,,,,,,,,,,,,,,,,,,,,,,,,,,,,,,,,,,,,,,,,,,,,,,,,,,,,,,,,,,,,,,,,,,,,,,,,,,,,,,,,,,,,,,,,
,,,,,,,,,,,,,,,,,,,,,,,397.703,1.27270526170774,397.703,1.30066142805134,397.703,1.3274612530227,397.703,1.27153446924754,397.703,1.32233897765634,,,,,,,,,,,,,,,,,,,,,,,,,,,,,,,,,,,,,,,,,,,,,,,,,,,,,,,,,,,,,,,,,,,,,,,,,,,,,,,,,,,,,,,,,,,,,,,,,,,,,,,,,,,,,,,
,,,,,,,,,,,,,,,,,,,,,,,398.202,1.26694605915304,398.202,1.30314079416345,398.202,1.33616975342933,398.202,1.27307372881957,398.202,1.31612359955641,,,,,,,,,,,,,,,,,,,,,,,,,,,,,,,,,,,,,,,,,,,,,,,,,,,,,,,,,,,,,,,,,,,,,,,,,,,,,,,,,,,,,,,,,,,,,,,,,,,,,,,,,,,,,,,
,,,,,,,,,,,,,,,,,,,,,,,398.701,1.27470461194105,398.701,1.30139608129248,398.701,1.33798516337071,398.701,1.26995476567005,398.701,1.31012030589979,,,,,,,,,,,,,,,,,,,,,,,,,,,,,,,,,,,,,,,,,,,,,,,,,,,,,,,,,,,,,,,,,,,,,,,,,,,,,,,,,,,,,,,,,,,,,,,,,,,,,,,,,,,,,,,
,,,,,,,,,,,,,,,,,,,,,,,399.2,1.27286048919031,399.2,1.3031386047629,399.2,1.33682455662496,399.2,1.26777934302915,399.2,1.32073041577069,,,,,,,,,,,,,,,,,,,,,,,,,,,,,,,,,,,,,,,,,,,,,,,,,,,,,,,,,,,,,,,,,,,,,,,,,,,,,,,,,,,,,,,,,,,,,,,,,,,,,,,,,,,,,,,
,,,,,,,,,,,,,,,,,,,,,,,399.699,1.27150499775045,399.699,1.30178276818362,399.699,1.33061165194057,399.699,1.27487041736698,399.699,1.32281938174108,,,,,,,,,,,,,,,,,,,,,,,,,,,,,,,,,,,,,,,,,,,,,,,,,,,,,,,,,,,,,,,,,,,,,,,,,,,,,,,,,,,,,,,,,,,,,,,,,,,,,,,,,,,,,,,
,,,,,,,,,,,,,,,,,,,,,,,400.198,1.26550712272772,400.198,1.30689874529108,400.198,1.33463372034633,400.198,1.27819181252861,400.198,1.32777447232747,,,,,,,,,,,,,,,,,,,,,,,,,,,,,,,,,,,,,,,,,,,,,,,,,,,,,,,,,,,,,,,,,,,,,,,,,,,,,,,,,,,,,,,,,,,,,,,,,,,,,,,,,,,,,,,
,,,,,,,,,,,,,,,,,,,,,,,400.697,1.27081373697502,400.697,1.29840973141449,400.697,1.32615314163728,400.697,1.26807166268074,400.697,1.32239549049047,,,,,,,,,,,,,,,,,,,,,,,,,,,,,,,,,,,,,,,,,,,,,,,,,,,,,,,,,,,,,,,,,,,,,,,,,,,,,,,,,,,,,,,,,,,,,,,,,,,,,,,,,,,,,,,
,,,,,,,,,,,,,,,,,,,,,,,401.196,1.27074406471725,401.196,1.30614556245438,401.196,1.3257277053607,401.196,1.26715289224522,401.196,1.32526031592126,,,,,,,,,,,,,,,,,,,,,,,,,,,,,,,,,,,,,,,,,,,,,,,,,,,,,,,,,,,,,,,,,,,,,,,,,,,,,,,,,,,,,,,,,,,,,,,,,,,,,,,,,,,,,,,
,,,,,,,,,,,,,,,,,,,,,,,401.695,1.27673155015739,401.695,1.31126470856281,401.695,1.33376764162675,401.695,1.26755259211526,401.695,1.3223731881797,,,,,,,,,,,,,,,,,,,,,,,,,,,,,,,,,,,,,,,,,,,,,,,,,,,,,,,,,,,,,,,,,,,,,,,,,,,,,,,,,,,,,,,,,,,,,,,,,,,,,,,,,,,,,,,
,,,,,,,,,,,,,,,,,,,,,,,402.194,1.26422438319302,402.194,1.3074472901224,402.194,1.32596221298254,402.194,1.27410975976924,402.194,1.32179886404468,,,,,,,,,,,,,,,,,,,,,,,,,,,,,,,,,,,,,,,,,,,,,,,,,,,,,,,,,,,,,,,,,,,,,,,,,,,,,,,,,,,,,,,,,,,,,,,,,,,,,,,,,,,,,,,
,,,,,,,,,,,,,,,,,,,,,,,402.693,1.2631427705407,402.693,1.30492647653197,402.693,1.32939423846594,402.693,1.27325966015259,402.693,1.32254380651387,,,,,,,,,,,,,,,,,,,,,,,,,,,,,,,,,,,,,,,,,,,,,,,,,,,,,,,,,,,,,,,,,,,,,,,,,,,,,,,,,,,,,,,,,,,,,,,,,,,,,,,,,,,,,,,
,,,,,,,,,,,,,,,,,,,,,,,403.192,1.26449575817906,403.192,1.30507747931804,403.192,1.33260391086999,403.192,1.26969335210886,403.192,1.31805916640918,,,,,,,,,,,,,,,,,,,,,,,,,,,,,,,,,,,,,,,,,,,,,,,,,,,,,,,,,,,,,,,,,,,,,,,,,,,,,,,,,,,,,,,,,,,,,,,,,,,,,,,,,,,,,,,
,,,,,,,,,,,,,,,,,,,,,,,403.691,1.27235692561348,403.691,1.3149923695426,403.691,1.32288476398062,403.691,1.27477933024765,403.691,1.31637425562518,,,,,,,,,,,,,,,,,,,,,,,,,,,,,,,,,,,,,,,,,,,,,,,,,,,,,,,,,,,,,,,,,,,,,,,,,,,,,,,,,,,,,,,,,,,,,,,,,,,,,,,,,,,,,,,
,,,,,,,,,,,,,,,,,,,,,,,404.19,1.26701452623771,404.19,1.3047541504149,404.19,1.3370417700954,404.19,1.27543611160435,404.19,1.32029715940282,,,,,,,,,,,,,,,,,,,,,,,,,,,,,,,,,,,,,,,,,,,,,,,,,,,,,,,,,,,,,,,,,,,,,,,,,,,,,,,,,,,,,,,,,,,,,,,,,,,,,,,,,,,,,,,
,,,,,,,,,,,,,,,,,,,,,,,404.689,1.26583662127999,404.689,1.3008288925854,404.689,1.33087139001735,404.689,1.27734761180001,404.689,1.32064429999508,,,,,,,,,,,,,,,,,,,,,,,,,,,,,,,,,,,,,,,,,,,,,,,,,,,,,,,,,,,,,,,,,,,,,,,,,,,,,,,,,,,,,,,,,,,,,,,,,,,,,,,,,,,,,,,
,,,,,,,,,,,,,,,,,,,,,,,405.188,1.26451323094253,405.188,1.3003949754356,405.188,1.32779295734148,405.188,1.27883756989984,405.188,1.33058277139657,,,,,,,,,,,,,,,,,,,,,,,,,,,,,,,,,,,,,,,,,,,,,,,,,,,,,,,,,,,,,,,,,,,,,,,,,,,,,,,,,,,,,,,,,,,,,,,,,,,,,,,,,,,,,,,
,,,,,,,,,,,,,,,,,,,,,,,405.687,1.26345042593108,405.687,1.30746896294932,405.687,1.32287955205916,405.687,1.27674033793188,405.687,1.32173821089065,,,,,,,,,,,,,,,,,,,,,,,,,,,,,,,,,,,,,,,,,,,,,,,,,,,,,,,,,,,,,,,,,,,,,,,,,,,,,,,,,,,,,,,,,,,,,,,,,,,,,,,,,,,,,,,
,,,,,,,,,,,,,,,,,,,,,,,406.186,1.27029709608918,406.186,1.30466690088231,406.186,1.32169323362137,406.186,1.27521224599896,406.186,1.32307748121818,,,,,,,,,,,,,,,,,,,,,,,,,,,,,,,,,,,,,,,,,,,,,,,,,,,,,,,,,,,,,,,,,,,,,,,,,,,,,,,,,,,,,,,,,,,,,,,,,,,,,,,,,,,,,,,
,,,,,,,,,,,,,,,,,,,,,,,406.685,1.26698646222814,406.685,1.3097802448947,406.685,1.3248377372226,406.685,1.27294046942588,406.685,1.32949906203758,,,,,,,,,,,,,,,,,,,,,,,,,,,,,,,,,,,,,,,,,,,,,,,,,,,,,,,,,,,,,,,,,,,,,,,,,,,,,,,,,,,,,,,,,,,,,,,,,,,,,,,,,,,,,,,
,,,,,,,,,,,,,,,,,,,,,,,407.184,1.27035023766362,407.184,1.30840031133175,407.184,1.32838784923117,407.184,1.26861973305743,407.184,1.32260764242462,,,,,,,,,,,,,,,,,,,,,,,,,,,,,,,,,,,,,,,,,,,,,,,,,,,,,,,,,,,,,,,,,,,,,,,,,,,,,,,,,,,,,,,,,,,,,,,,,,,,,,,,,,,,,,,
,,,,,,,,,,,,,,,,,,,,,,,407.683,1.27021625442064,407.683,1.30291625923497,407.683,1.32501281243104,407.683,1.27512260379773,407.683,1.32212835852347,,,,,,,,,,,,,,,,,,,,,,,,,,,,,,,,,,,,,,,,,,,,,,,,,,,,,,,,,,,,,,,,,,,,,,,,,,,,,,,,,,,,,,,,,,,,,,,,,,,,,,,,,,,,,,,
,,,,,,,,,,,,,,,,,,,,,,,408.182,1.25847957117187,408.182,1.2958366338502,408.182,1.32637903946467,408.182,1.26624778437673,408.182,1.32524961359099,,,,,,,,,,,,,,,,,,,,,,,,,,,,,,,,,,,,,,,,,,,,,,,,,,,,,,,,,,,,,,,,,,,,,,,,,,,,,,,,,,,,,,,,,,,,,,,,,,,,,,,,,,,,,,,
,,,,,,,,,,,,,,,,,,,,,,,408.681,1.26458640494863,408.681,1.29733548169248,408.681,1.32610375347585,408.681,1.26689365767223,408.681,1.32271608243247,,,,,,,,,,,,,,,,,,,,,,,,,,,,,,,,,,,,,,,,,,,,,,,,,,,,,,,,,,,,,,,,,,,,,,,,,,,,,,,,,,,,,,,,,,,,,,,,,,,,,,,,,,,,,,,
,,,,,,,,,,,,,,,,,,,,,,,409.18,1.26549202527864,409.18,1.30202140782256,409.18,1.31704004372612,409.18,1.26664664154556,409.18,1.32239513121629,,,,,,,,,,,,,,,,,,,,,,,,,,,,,,,,,,,,,,,,,,,,,,,,,,,,,,,,,,,,,,,,,,,,,,,,,,,,,,,,,,,,,,,,,,,,,,,,,,,,,,,,,,,,,,,
,,,,,,,,,,,,,,,,,,,,,,,409.679,1.25932538644937,409.679,1.3059452466358,409.679,1.31450299578564,409.679,1.27238315725223,409.679,1.32254066222782,,,,,,,,,,,,,,,,,,,,,,,,,,,,,,,,,,,,,,,,,,,,,,,,,,,,,,,,,,,,,,,,,,,,,,,,,,,,,,,,,,,,,,,,,,,,,,,,,,,,,,,,,,,,,,,
,,,,,,,,,,,,,,,,,,,,,,,410.178,1.25559432221335,410.178,1.30081855903651,410.178,1.32634756672765,410.178,1.26649080915088,410.178,1.32175011989014,,,,,,,,,,,,,,,,,,,,,,,,,,,,,,,,,,,,,,,,,,,,,,,,,,,,,,,,,,,,,,,,,,,,,,,,,,,,,,,,,,,,,,,,,,,,,,,,,,,,,,,,,,,,,,,
,,,,,,,,,,,,,,,,,,,,,,,410.677,1.26035794096414,410.677,1.30534060446309,410.677,1.32314184825837,410.677,1.273884421157,410.677,1.32799418696554,,,,,,,,,,,,,,,,,,,,,,,,,,,,,,,,,,,,,,,,,,,,,,,,,,,,,,,,,,,,,,,,,,,,,,,,,,,,,,,,,,,,,,,,,,,,,,,,,,,,,,,,,,,,,,,
,,,,,,,,,,,,,,,,,,,,,,,411.176,1.26366350713158,411.176,1.30253141318307,411.176,1.32009067772224,411.176,1.27199461612423,411.176,1.32829305259072,,,,,,,,,,,,,,,,,,,,,,,,,,,,,,,,,,,,,,,,,,,,,,,,,,,,,,,,,,,,,,,,,,,,,,,,,,,,,,,,,,,,,,,,,,,,,,,,,,,,,,,,,,,,,,,
,,,,,,,,,,,,,,,,,,,,,,,411.675,1.26344811265891,411.675,1.30101427487333,411.675,1.32901781986039,411.675,1.27631242154857,411.675,1.32764787881605,,,,,,,,,,,,,,,,,,,,,,,,,,,,,,,,,,,,,,,,,,,,,,,,,,,,,,,,,,,,,,,,,,,,,,,,,,,,,,,,,,,,,,,,,,,,,,,,,,,,,,,,,,,,,,,
,,,,,,,,,,,,,,,,,,,,,,,412.174,1.26255249431264,412.174,1.30465189564098,412.174,1.3223780628812,412.174,1.27683213458116,412.174,1.32598271324453,,,,,,,,,,,,,,,,,,,,,,,,,,,,,,,,,,,,,,,,,,,,,,,,,,,,,,,,,,,,,,,,,,,,,,,,,,,,,,,,,,,,,,,,,,,,,,,,,,,,,,,,,,,,,,,
,,,,,,,,,,,,,,,,,,,,,,,412.673,1.26661499647765,412.673,1.30103502775265,412.673,1.32130636139055,412.673,1.27802385359062,412.673,1.31780767073923,,,,,,,,,,,,,,,,,,,,,,,,,,,,,,,,,,,,,,,,,,,,,,,,,,,,,,,,,,,,,,,,,,,,,,,,,,,,,,,,,,,,,,,,,,,,,,,,,,,,,,,,,,,,,,,
,,,,,,,,,,,,,,,,,,,,,,,413.172,1.26643153884939,413.172,1.30254461803781,413.172,1.32461555450182,413.172,1.26748701641441,413.172,1.3263242291025,,,,,,,,,,,,,,,,,,,,,,,,,,,,,,,,,,,,,,,,,,,,,,,,,,,,,,,,,,,,,,,,,,,,,,,,,,,,,,,,,,,,,,,,,,,,,,,,,,,,,,,,,,,,,,,
,,,,,,,,,,,,,,,,,,,,,,,413.671,1.26063716660102,413.671,1.30619950468109,413.671,1.32331570956549,413.671,1.26447859462083,413.671,1.32166612197304,,,,,,,,,,,,,,,,,,,,,,,,,,,,,,,,,,,,,,,,,,,,,,,,,,,,,,,,,,,,,,,,,,,,,,,,,,,,,,,,,,,,,,,,,,,,,,,,,,,,,,,,,,,,,,,
,,,,,,,,,,,,,,,,,,,,,,,414.17,1.24685811460947,414.17,1.30712398125713,414.17,1.32379325704437,414.17,1.27332766951046,414.17,1.32749444214737,,,,,,,,,,,,,,,,,,,,,,,,,,,,,,,,,,,,,,,,,,,,,,,,,,,,,,,,,,,,,,,,,,,,,,,,,,,,,,,,,,,,,,,,,,,,,,,,,,,,,,,,,,,,,,,
,,,,,,,,,,,,,,,,,,,,,,,414.669,1.26882943688376,414.669,1.29990872041647,414.669,1.32100092690229,414.669,1.26071288984114,414.669,1.33050066203295,,,,,,,,,,,,,,,,,,,,,,,,,,,,,,,,,,,,,,,,,,,,,,,,,,,,,,,,,,,,,,,,,,,,,,,,,,,,,,,,,,,,,,,,,,,,,,,,,,,,,,,,,,,,,,,
,,,,,,,,,,,,,,,,,,,,,,,415.168,1.27010968602116,415.168,1.31289512495667,415.168,1.32417238640574,415.168,1.26194406835962,415.168,1.32618494846491,,,,,,,,,,,,,,,,,,,,,,,,,,,,,,,,,,,,,,,,,,,,,,,,,,,,,,,,,,,,,,,,,,,,,,,,,,,,,,,,,,,,,,,,,,,,,,,,,,,,,,,,,,,,,,,
,,,,,,,,,,,,,,,,,,,,,,,415.667,1.26833855500952,415.667,1.30255122578857,415.667,1.32943956961076,415.667,1.26047886037449,415.667,1.32037933096974,,,,,,,,,,,,,,,,,,,,,,,,,,,,,,,,,,,,,,,,,,,,,,,,,,,,,,,,,,,,,,,,,,,,,,,,,,,,,,,,,,,,,,,,,,,,,,,,,,,,,,,,,,,,,,,
,,,,,,,,,,,,,,,,,,,,,,,416.166,1.26680404265228,416.166,1.30207064020846,416.166,1.32204803970539,416.166,1.26078604115237,416.166,1.31871799851357,,,,,,,,,,,,,,,,,,,,,,,,,,,,,,,,,,,,,,,,,,,,,,,,,,,,,,,,,,,,,,,,,,,,,,,,,,,,,,,,,,,,,,,,,,,,,,,,,,,,,,,,,,,,,,,
,,,,,,,,,,,,,,,,,,,,,,,416.665,1.27426300101537,416.665,1.30781058100685,416.665,1.32054463907784,416.665,1.26266549383287,416.665,1.32180180772446,,,,,,,,,,,,,,,,,,,,,,,,,,,,,,,,,,,,,,,,,,,,,,,,,,,,,,,,,,,,,,,,,,,,,,,,,,,,,,,,,,,,,,,,,,,,,,,,,,,,,,,,,,,,,,,
,,,,,,,,,,,,,,,,,,,,,,,417.164,1.26864892320525,417.164,1.29830226536249,417.164,1.32207645248186,417.164,1.26895792347719,417.164,1.31836007151388,,,,,,,,,,,,,,,,,,,,,,,,,,,,,,,,,,,,,,,,,,,,,,,,,,,,,,,,,,,,,,,,,,,,,,,,,,,,,,,,,,,,,,,,,,,,,,,,,,,,,,,,,,,,,,,
,,,,,,,,,,,,,,,,,,,,,,,417.663,1.2693302274238,417.663,1.30586121611566,417.663,1.3259261774551,417.663,1.27119962067365,417.663,1.31593713351268,,,,,,,,,,,,,,,,,,,,,,,,,,,,,,,,,,,,,,,,,,,,,,,,,,,,,,,,,,,,,,,,,,,,,,,,,,,,,,,,,,,,,,,,,,,,,,,,,,,,,,,,,,,,,,,
,,,,,,,,,,,,,,,,,,,,,,,418.162,1.25813215318613,418.162,1.31507024743478,418.162,1.32316449390459,418.162,1.27001628366372,418.162,1.32545460696738,,,,,,,,,,,,,,,,,,,,,,,,,,,,,,,,,,,,,,,,,,,,,,,,,,,,,,,,,,,,,,,,,,,,,,,,,,,,,,,,,,,,,,,,,,,,,,,,,,,,,,,,,,,,,,,
,,,,,,,,,,,,,,,,,,,,,,,418.661,1.26915391790084,418.661,1.30936712808864,418.661,1.3186409596668,418.661,1.26330032917762,418.661,1.32662862728986,,,,,,,,,,,,,,,,,,,,,,,,,,,,,,,,,,,,,,,,,,,,,,,,,,,,,,,,,,,,,,,,,,,,,,,,,,,,,,,,,,,,,,,,,,,,,,,,,,,,,,,,,,,,,,,
,,,,,,,,,,,,,,,,,,,,,,,419.16,1.27366399664306,419.16,1.31036133681026,419.16,1.32078437132687,419.16,1.25757639252771,419.16,1.32634484049389,,,,,,,,,,,,,,,,,,,,,,,,,,,,,,,,,,,,,,,,,,,,,,,,,,,,,,,,,,,,,,,,,,,,,,,,,,,,,,,,,,,,,,,,,,,,,,,,,,,,,,,,,,,,,,,
,,,,,,,,,,,,,,,,,,,,,,,419.659,1.26675170836393,419.659,1.3055419714241,419.659,1.32348351529532,419.659,1.26796388279732,419.659,1.32463388595999,,,,,,,,,,,,,,,,,,,,,,,,,,,,,,,,,,,,,,,,,,,,,,,,,,,,,,,,,,,,,,,,,,,,,,,,,,,,,,,,,,,,,,,,,,,,,,,,,,,,,,,,,,,,,,,
,,,,,,,,,,,,,,,,,,,,,,,420.158,1.26298083458463,420.158,1.30943276524186,420.158,1.32056869627548,420.158,1.26534770408971,420.158,1.3233642180264,,,,,,,,,,,,,,,,,,,,,,,,,,,,,,,,,,,,,,,,,,,,,,,,,,,,,,,,,,,,,,,,,,,,,,,,,,,,,,,,,,,,,,,,,,,,,,,,,,,,,,,,,,,,,,,
,,,,,,,,,,,,,,,,,,,,,,,420.657,1.25901182675256,420.657,1.29816946370203,420.657,1.32879070725986,420.657,1.26211635597155,420.657,1.32357053155214,,,,,,,,,,,,,,,,,,,,,,,,,,,,,,,,,,,,,,,,,,,,,,,,,,,,,,,,,,,,,,,,,,,,,,,,,,,,,,,,,,,,,,,,,,,,,,,,,,,,,,,,,,,,,,,
,,,,,,,,,,,,,,,,,,,,,,,421.156,1.26596516217616,421.156,1.30291987636336,421.156,1.31813685424795,421.156,1.26523844981138,421.156,1.32430880207494,,,,,,,,,,,,,,,,,,,,,,,,,,,,,,,,,,,,,,,,,,,,,,,,,,,,,,,,,,,,,,,,,,,,,,,,,,,,,,,,,,,,,,,,,,,,,,,,,,,,,,,,,,,,,,,
,,,,,,,,,,,,,,,,,,,,,,,421.655,1.26379924600312,421.655,1.31071830912565,421.655,1.32114300100453,421.655,1.26264703402587,421.655,1.33324249144194,,,,,,,,,,,,,,,,,,,,,,,,,,,,,,,,,,,,,,,,,,,,,,,,,,,,,,,,,,,,,,,,,,,,,,,,,,,,,,,,,,,,,,,,,,,,,,,,,,,,,,,,,,,,,,,
,,,,,,,,,,,,,,,,,,,,,,,422.154,1.26980994035215,422.154,1.30883919983899,422.154,1.31869934753755,422.154,1.25933442455273,422.154,1.3314108298513,,,,,,,,,,,,,,,,,,,,,,,,,,,,,,,,,,,,,,,,,,,,,,,,,,,,,,,,,,,,,,,,,,,,,,,,,,,,,,,,,,,,,,,,,,,,,,,,,,,,,,,,,,,,,,,
,,,,,,,,,,,,,,,,,,,,,,,422.653,1.2727459062885,422.653,1.30721435257666,422.653,1.31754644463821,422.653,1.2664003979062,422.653,1.32954462308903,,,,,,,,,,,,,,,,,,,,,,,,,,,,,,,,,,,,,,,,,,,,,,,,,,,,,,,,,,,,,,,,,,,,,,,,,,,,,,,,,,,,,,,,,,,,,,,,,,,,,,,,,,,,,,,
,,,,,,,,,,,,,,,,,,,,,,,423.152,1.26609516018621,423.152,1.30952909172329,423.152,1.32075156090255,423.152,1.26276519807105,423.152,1.32501664868908,,,,,,,,,,,,,,,,,,,,,,,,,,,,,,,,,,,,,,,,,,,,,,,,,,,,,,,,,,,,,,,,,,,,,,,,,,,,,,,,,,,,,,,,,,,,,,,,,,,,,,,,,,,,,,,
,,,,,,,,,,,,,,,,,,,,,,,423.651,1.26123565748183,423.651,1.3097372503083,423.651,1.32302694130345,423.651,1.26324046033453,423.651,1.32439406934374,,,,,,,,,,,,,,,,,,,,,,,,,,,,,,,,,,,,,,,,,,,,,,,,,,,,,,,,,,,,,,,,,,,,,,,,,,,,,,,,,,,,,,,,,,,,,,,,,,,,,,,,,,,,,,,
,,,,,,,,,,,,,,,,,,,,,,,424.15,1.26489008215086,424.15,1.31330274000186,424.15,1.3254012723226,424.15,1.25506191453219,424.15,1.32609006516528,,,,,,,,,,,,,,,,,,,,,,,,,,,,,,,,,,,,,,,,,,,,,,,,,,,,,,,,,,,,,,,,,,,,,,,,,,,,,,,,,,,,,,,,,,,,,,,,,,,,,,,,,,,,,,,
,,,,,,,,,,,,,,,,,,,,,,,424.649,1.26524497389297,424.649,1.29877138868219,424.649,1.31338617941777,424.649,1.26855864889815,424.649,1.32158503048492,,,,,,,,,,,,,,,,,,,,,,,,,,,,,,,,,,,,,,,,,,,,,,,,,,,,,,,,,,,,,,,,,,,,,,,,,,,,,,,,,,,,,,,,,,,,,,,,,,,,,,,,,,,,,,,
,,,,,,,,,,,,,,,,,,,,,,,425.148,1.26073468557655,425.148,1.29935362557462,425.148,1.3161841939824,425.148,1.26859656380259,425.148,1.3302264917193,,,,,,,,,,,,,,,,,,,,,,,,,,,,,,,,,,,,,,,,,,,,,,,,,,,,,,,,,,,,,,,,,,,,,,,,,,,,,,,,,,,,,,,,,,,,,,,,,,,,,,,,,,,,,,,
,,,,,,,,,,,,,,,,,,,,,,,425.647,1.26573338704831,425.647,1.30386694909302,425.647,1.30692539144143,425.647,1.2633644512268,425.647,1.33260672438409,,,,,,,,,,,,,,,,,,,,,,,,,,,,,,,,,,,,,,,,,,,,,,,,,,,,,,,,,,,,,,,,,,,,,,,,,,,,,,,,,,,,,,,,,,,,,,,,,,,,,,,,,,,,,,,
,,,,,,,,,,,,,,,,,,,,,,,426.146,1.27089573177407,426.146,1.29704560853965,426.146,1.31479483729935,426.146,1.2516327787382,426.146,1.32638787488838,,,,,,,,,,,,,,,,,,,,,,,,,,,,,,,,,,,,,,,,,,,,,,,,,,,,,,,,,,,,,,,,,,,,,,,,,,,,,,,,,,,,,,,,,,,,,,,,,,,,,,,,,,,,,,,
,,,,,,,,,,,,,,,,,,,,,,,426.645,1.26953471712474,426.645,1.31141579995686,426.645,1.32665963545773,426.645,1.26396272881574,426.645,1.33156796808718,,,,,,,,,,,,,,,,,,,,,,,,,,,,,,,,,,,,,,,,,,,,,,,,,,,,,,,,,,,,,,,,,,,,,,,,,,,,,,,,,,,,,,,,,,,,,,,,,,,,,,,,,,,,,,,
,,,,,,,,,,,,,,,,,,,,,,,427.144,1.26776104248217,427.144,1.30347781810907,427.144,1.32270679213742,427.144,1.25490285037991,427.144,1.32592435162099,,,,,,,,,,,,,,,,,,,,,,,,,,,,,,,,,,,,,,,,,,,,,,,,,,,,,,,,,,,,,,,,,,,,,,,,,,,,,,,,,,,,,,,,,,,,,,,,,,,,,,,,,,,,,,,
,,,,,,,,,,,,,,,,,,,,,,,427.643,1.2726216733978,427.643,1.30274949862536,427.643,1.32122792780212,427.643,1.26289486589952,427.643,1.3236725643039,,,,,,,,,,,,,,,,,,,,,,,,,,,,,,,,,,,,,,,,,,,,,,,,,,,,,,,,,,,,,,,,,,,,,,,,,,,,,,,,,,,,,,,,,,,,,,,,,,,,,,,,,,,,,,,
,,,,,,,,,,,,,,,,,,,,,,,428.142,1.27894823746195,428.142,1.30543165502287,428.142,1.32197615359337,428.142,1.26571670085089,428.142,1.3252623901923,,,,,,,,,,,,,,,,,,,,,,,,,,,,,,,,,,,,,,,,,,,,,,,,,,,,,,,,,,,,,,,,,,,,,,,,,,,,,,,,,,,,,,,,,,,,,,,,,,,,,,,,,,,,,,,
,,,,,,,,,,,,,,,,,,,,,,,428.641,1.2707903038191,428.641,1.31205574020969,428.641,1.31953105172723,428.641,1.26912628694592,428.641,1.32831353987044,,,,,,,,,,,,,,,,,,,,,,,,,,,,,,,,,,,,,,,,,,,,,,,,,,,,,,,,,,,,,,,,,,,,,,,,,,,,,,,,,,,,,,,,,,,,,,,,,,,,,,,,,,,,,,,
,,,,,,,,,,,,,,,,,,,,,,,429.14,1.27167072278158,429.14,1.29980622803422,429.14,1.32715059172413,429.14,1.25719465017295,429.14,1.32729393958014,,,,,,,,,,,,,,,,,,,,,,,,,,,,,,,,,,,,,,,,,,,,,,,,,,,,,,,,,,,,,,,,,,,,,,,,,,,,,,,,,,,,,,,,,,,,,,,,,,,,,,,,,,,,,,,
,,,,,,,,,,,,,,,,,,,,,,,429.639,1.26790478936328,429.639,1.31261591434949,429.639,1.3248751874272,429.639,1.26048503496696,429.639,1.31830173253907,,,,,,,,,,,,,,,,,,,,,,,,,,,,,,,,,,,,,,,,,,,,,,,,,,,,,,,,,,,,,,,,,,,,,,,,,,,,,,,,,,,,,,,,,,,,,,,,,,,,,,,,,,,,,,,
,,,,,,,,,,,,,,,,,,,,,,,430.138,1.27211536417422,430.138,1.3075530372664,430.138,1.33057942740317,430.138,1.26105308704829,430.138,1.31942740313701,,,,,,,,,,,,,,,,,,,,,,,,,,,,,,,,,,,,,,,,,,,,,,,,,,,,,,,,,,,,,,,,,,,,,,,,,,,,,,,,,,,,,,,,,,,,,,,,,,,,,,,,,,,,,,,
,,,,,,,,,,,,,,,,,,,,,,,430.637,1.26313282274908,430.637,1.3045106691385,430.637,1.31775022268775,430.637,1.25681760571518,430.637,1.32331192886381,,,,,,,,,,,,,,,,,,,,,,,,,,,,,,,,,,,,,,,,,,,,,,,,,,,,,,,,,,,,,,,,,,,,,,,,,,,,,,,,,,,,,,,,,,,,,,,,,,,,,,,,,,,,,,,
,,,,,,,,,,,,,,,,,,,,,,,431.136,1.274829307522,431.136,1.30768634840573,431.136,1.32463920128291,431.136,1.26076589013885,431.136,1.3263799046975,,,,,,,,,,,,,,,,,,,,,,,,,,,,,,,,,,,,,,,,,,,,,,,,,,,,,,,,,,,,,,,,,,,,,,,,,,,,,,,,,,,,,,,,,,,,,,,,,,,,,,,,,,,,,,,
,,,,,,,,,,,,,,,,,,,,,,,431.635,1.27611622743214,431.635,1.3000161181835,431.635,1.31813201049976,431.635,1.26907508681064,431.635,1.316680990616,,,,,,,,,,,,,,,,,,,,,,,,,,,,,,,,,,,,,,,,,,,,,,,,,,,,,,,,,,,,,,,,,,,,,,,,,,,,,,,,,,,,,,,,,,,,,,,,,,,,,,,,,,,,,,,
,,,,,,,,,,,,,,,,,,,,,,,432.134,1.28492867988736,432.134,1.31239711866013,432.134,1.31550409080615,432.134,1.26384076690954,432.134,1.32141827693812,,,,,,,,,,,,,,,,,,,,,,,,,,,,,,,,,,,,,,,,,,,,,,,,,,,,,,,,,,,,,,,,,,,,,,,,,,,,,,,,,,,,,,,,,,,,,,,,,,,,,,,,,,,,,,,
,,,,,,,,,,,,,,,,,,,,,,,432.633,1.27017573021638,432.633,1.29853626220846,432.633,1.31847796467696,432.633,1.25271154825074,432.633,1.31462007369524,,,,,,,,,,,,,,,,,,,,,,,,,,,,,,,,,,,,,,,,,,,,,,,,,,,,,,,,,,,,,,,,,,,,,,,,,,,,,,,,,,,,,,,,,,,,,,,,,,,,,,,,,,,,,,,
,,,,,,,,,,,,,,,,,,,,,,,433.132,1.27936210752538,433.132,1.29502879155369,433.132,1.31566282047704,433.132,1.25358753603175,433.132,1.32262703823867,,,,,,,,,,,,,,,,,,,,,,,,,,,,,,,,,,,,,,,,,,,,,,,,,,,,,,,,,,,,,,,,,,,,,,,,,,,,,,,,,,,,,,,,,,,,,,,,,,,,,,,,,,,,,,,
,,,,,,,,,,,,,,,,,,,,,,,433.631,1.28113351429551,433.631,1.30511580780358,433.631,1.31893883547014,433.631,1.25583347254388,433.631,1.32596587980596,,,,,,,,,,,,,,,,,,,,,,,,,,,,,,,,,,,,,,,,,,,,,,,,,,,,,,,,,,,,,,,,,,,,,,,,,,,,,,,,,,,,,,,,,,,,,,,,,,,,,,,,,,,,,,,
,,,,,,,,,,,,,,,,,,,,,,,434.13,1.27472373581188,434.13,1.3037573093453,434.13,1.31720289097088,434.13,1.25345203137833,434.13,1.33053502067078,,,,,,,,,,,,,,,,,,,,,,,,,,,,,,,,,,,,,,,,,,,,,,,,,,,,,,,,,,,,,,,,,,,,,,,,,,,,,,,,,,,,,,,,,,,,,,,,,,,,,,,,,,,,,,,
,,,,,,,,,,,,,,,,,,,,,,,434.629,1.27250497802103,434.629,1.30073070647598,434.629,1.31569038720218,434.629,1.25660088149169,434.629,1.32645910462325,,,,,,,,,,,,,,,,,,,,,,,,,,,,,,,,,,,,,,,,,,,,,,,,,,,,,,,,,,,,,,,,,,,,,,,,,,,,,,,,,,,,,,,,,,,,,,,,,,,,,,,,,,,,,,,
,,,,,,,,,,,,,,,,,,,,,,,435.128,1.26774194258519,435.128,1.30304541852322,435.128,1.30754946111386,435.128,1.26461669285137,435.128,1.33034051604119,,,,,,,,,,,,,,,,,,,,,,,,,,,,,,,,,,,,,,,,,,,,,,,,,,,,,,,,,,,,,,,,,,,,,,,,,,,,,,,,,,,,,,,,,,,,,,,,,,,,,,,,,,,,,,,
,,,,,,,,,,,,,,,,,,,,,,,435.627,1.26930020023599,435.627,1.30683726432482,435.627,1.3154843671552,435.627,1.26048733788103,435.627,1.33407231739117,,,,,,,,,,,,,,,,,,,,,,,,,,,,,,,,,,,,,,,,,,,,,,,,,,,,,,,,,,,,,,,,,,,,,,,,,,,,,,,,,,,,,,,,,,,,,,,,,,,,,,,,,,,,,,,
,,,,,,,,,,,,,,,,,,,,,,,436.126,1.27673059614086,436.126,1.31139596480406,436.126,1.31929025735061,436.126,1.25949405661744,436.126,1.32431200010301,,,,,,,,,,,,,,,,,,,,,,,,,,,,,,,,,,,,,,,,,,,,,,,,,,,,,,,,,,,,,,,,,,,,,,,,,,,,,,,,,,,,,,,,,,,,,,,,,,,,,,,,,,,,,,,
,,,,,,,,,,,,,,,,,,,,,,,436.625,1.27898963752428,436.625,1.30619650183564,436.625,1.32669666189598,436.625,1.26351924199719,436.625,1.33407746859114,,,,,,,,,,,,,,,,,,,,,,,,,,,,,,,,,,,,,,,,,,,,,,,,,,,,,,,,,,,,,,,,,,,,,,,,,,,,,,,,,,,,,,,,,,,,,,,,,,,,,,,,,,,,,,,
,,,,,,,,,,,,,,,,,,,,,,,437.124,1.27399788421118,437.124,1.30663058504981,437.124,1.32196309720729,437.124,1.25640498434483,437.124,1.33289829734936,,,,,,,,,,,,,,,,,,,,,,,,,,,,,,,,,,,,,,,,,,,,,,,,,,,,,,,,,,,,,,,,,,,,,,,,,,,,,,,,,,,,,,,,,,,,,,,,,,,,,,,,,,,,,,,
,,,,,,,,,,,,,,,,,,,,,,,437.623,1.27169864261957,437.623,1.3088598825296,437.623,1.32656884962362,437.623,1.26039067193474,437.623,1.33755842002049,,,,,,,,,,,,,,,,,,,,,,,,,,,,,,,,,,,,,,,,,,,,,,,,,,,,,,,,,,,,,,,,,,,,,,,,,,,,,,,,,,,,,,,,,,,,,,,,,,,,,,,,,,,,,,,
,,,,,,,,,,,,,,,,,,,,,,,438.122,1.27231848285363,438.122,1.30557117352644,438.122,1.32646988973743,438.122,1.26759659019912,438.122,1.33002692484415,,,,,,,,,,,,,,,,,,,,,,,,,,,,,,,,,,,,,,,,,,,,,,,,,,,,,,,,,,,,,,,,,,,,,,,,,,,,,,,,,,,,,,,,,,,,,,,,,,,,,,,,,,,,,,,
,,,,,,,,,,,,,,,,,,,,,,,438.621,1.26844096433081,438.621,1.31359148228815,438.621,1.33686377360658,438.621,1.26893091360638,438.621,1.33083756140626,,,,,,,,,,,,,,,,,,,,,,,,,,,,,,,,,,,,,,,,,,,,,,,,,,,,,,,,,,,,,,,,,,,,,,,,,,,,,,,,,,,,,,,,,,,,,,,,,,,,,,,,,,,,,,,
,,,,,,,,,,,,,,,,,,,,,,,439.12,1.26608668448335,439.12,1.30637410398574,439.12,1.32535371678395,439.12,1.25822980596859,439.12,1.32827268053117,,,,,,,,,,,,,,,,,,,,,,,,,,,,,,,,,,,,,,,,,,,,,,,,,,,,,,,,,,,,,,,,,,,,,,,,,,,,,,,,,,,,,,,,,,,,,,,,,,,,,,,,,,,,,,,
,,,,,,,,,,,,,,,,,,,,,,,439.619,1.25542637755531,439.619,1.30161514576883,439.619,1.32495462102887,439.619,1.26299340189143,439.619,1.32312979869621,,,,,,,,,,,,,,,,,,,,,,,,,,,,,,,,,,,,,,,,,,,,,,,,,,,,,,,,,,,,,,,,,,,,,,,,,,,,,,,,,,,,,,,,,,,,,,,,,,,,,,,,,,,,,,,
,,,,,,,,,,,,,,,,,,,,,,,440.118,1.27258285609453,440.118,1.30319205160531,440.118,1.32615421335679,440.118,1.25832373503048,440.118,1.31932458541774,,,,,,,,,,,,,,,,,,,,,,,,,,,,,,,,,,,,,,,,,,,,,,,,,,,,,,,,,,,,,,,,,,,,,,,,,,,,,,,,,,,,,,,,,,,,,,,,,,,,,,,,,,,,,,,
,,,,,,,,,,,,,,,,,,,,,,,440.617,1.26767727991984,440.617,1.30739873764396,440.617,1.32275702257194,440.617,1.26097994035069,440.617,1.33472904721157,,,,,,,,,,,,,,,,,,,,,,,,,,,,,,,,,,,,,,,,,,,,,,,,,,,,,,,,,,,,,,,,,,,,,,,,,,,,,,,,,,,,,,,,,,,,,,,,,,,,,,,,,,,,,,,
,,,,,,,,,,,,,,,,,,,,,,,441.116,1.27146117680842,441.116,1.31089248759506,441.116,1.32810935773551,441.116,1.25955950370949,441.116,1.32628141649093,,,,,,,,,,,,,,,,,,,,,,,,,,,,,,,,,,,,,,,,,,,,,,,,,,,,,,,,,,,,,,,,,,,,,,,,,,,,,,,,,,,,,,,,,,,,,,,,,,,,,,,,,,,,,,,
,,,,,,,,,,,,,,,,,,,,,,,441.615,1.27203059251434,441.615,1.30880350535639,441.615,1.32906844677602,441.615,1.26027873379982,441.615,1.33097705556896,,,,,,,,,,,,,,,,,,,,,,,,,,,,,,,,,,,,,,,,,,,,,,,,,,,,,,,,,,,,,,,,,,,,,,,,,,,,,,,,,,,,,,,,,,,,,,,,,,,,,,,,,,,,,,,
,,,,,,,,,,,,,,,,,,,,,,,442.114,1.27722129563574,442.114,1.3107489870975,442.114,1.32529748543138,442.114,1.25655820431521,442.114,1.32614661030903,,,,,,,,,,,,,,,,,,,,,,,,,,,,,,,,,,,,,,,,,,,,,,,,,,,,,,,,,,,,,,,,,,,,,,,,,,,,,,,,,,,,,,,,,,,,,,,,,,,,,,,,,,,,,,,
,,,,,,,,,,,,,,,,,,,,,,,442.613,1.27488453629293,442.613,1.31458955369931,442.613,1.32437410600563,442.613,1.26087780191717,442.613,1.33123220602394,,,,,,,,,,,,,,,,,,,,,,,,,,,,,,,,,,,,,,,,,,,,,,,,,,,,,,,,,,,,,,,,,,,,,,,,,,,,,,,,,,,,,,,,,,,,,,,,,,,,,,,,,,,,,,,
,,,,,,,,,,,,,,,,,,,,,,,443.112,1.27037024449545,443.112,1.30919066732662,443.112,1.3208529759625,443.112,1.25609109220604,443.112,1.33635904515749,,,,,,,,,,,,,,,,,,,,,,,,,,,,,,,,,,,,,,,,,,,,,,,,,,,,,,,,,,,,,,,,,,,,,,,,,,,,,,,,,,,,,,,,,,,,,,,,,,,,,,,,,,,,,,,
,,,,,,,,,,,,,,,,,,,,,,,443.611,1.26862612473559,443.611,1.30313244369829,443.611,1.32273031575455,443.611,1.25526337247228,443.611,1.32606090492474,,,,,,,,,,,,,,,,,,,,,,,,,,,,,,,,,,,,,,,,,,,,,,,,,,,,,,,,,,,,,,,,,,,,,,,,,,,,,,,,,,,,,,,,,,,,,,,,,,,,,,,,,,,,,,,
,,,,,,,,,,,,,,,,,,,,,,,444.11,1.27328107890252,444.11,1.29941637698136,444.11,1.32329658922513,444.11,1.25258802412685,444.11,1.3271576263364,,,,,,,,,,,,,,,,,,,,,,,,,,,,,,,,,,,,,,,,,,,,,,,,,,,,,,,,,,,,,,,,,,,,,,,,,,,,,,,,,,,,,,,,,,,,,,,,,,,,,,,,,,,,,,,
,,,,,,,,,,,,,,,,,,,,,,,444.609,1.26852321193451,444.609,1.29619697988618,444.609,1.32661091090076,444.609,1.26050464425634,444.609,1.32358265631939,,,,,,,,,,,,,,,,,,,,,,,,,,,,,,,,,,,,,,,,,,,,,,,,,,,,,,,,,,,,,,,,,,,,,,,,,,,,,,,,,,,,,,,,,,,,,,,,,,,,,,,,,,,,,,,
,,,,,,,,,,,,,,,,,,,,,,,445.108,1.27007360392935,445.108,1.31017642408209,445.108,1.32858069936708,445.108,1.25867466873516,445.108,1.333389093666,,,,,,,,,,,,,,,,,,,,,,,,,,,,,,,,,,,,,,,,,,,,,,,,,,,,,,,,,,,,,,,,,,,,,,,,,,,,,,,,,,,,,,,,,,,,,,,,,,,,,,,,,,,,,,,
,,,,,,,,,,,,,,,,,,,,,,,445.607,1.27310266012651,445.607,1.30798321635719,445.607,1.32715751066459,445.607,1.26561371700327,445.607,1.32764065510892,,,,,,,,,,,,,,,,,,,,,,,,,,,,,,,,,,,,,,,,,,,,,,,,,,,,,,,,,,,,,,,,,,,,,,,,,,,,,,,,,,,,,,,,,,,,,,,,,,,,,,,,,,,,,,,
,,,,,,,,,,,,,,,,,,,,,,,446.106,1.26804477600424,446.106,1.31221778056769,446.106,1.33207317850316,446.106,1.26017909854188,446.106,1.32659535855831,,,,,,,,,,,,,,,,,,,,,,,,,,,,,,,,,,,,,,,,,,,,,,,,,,,,,,,,,,,,,,,,,,,,,,,,,,,,,,,,,,,,,,,,,,,,,,,,,,,,,,,,,,,,,,,
,,,,,,,,,,,,,,,,,,,,,,,446.605,1.27152195863219,446.605,1.30922807744942,446.605,1.32596652714171,446.605,1.26333861639834,446.605,1.33212347351412,,,,,,,,,,,,,,,,,,,,,,,,,,,,,,,,,,,,,,,,,,,,,,,,,,,,,,,,,,,,,,,,,,,,,,,,,,,,,,,,,,,,,,,,,,,,,,,,,,,,,,,,,,,,,,,
,,,,,,,,,,,,,,,,,,,,,,,447.104,1.2726525761879,447.104,1.30889187141289,447.104,1.3164471826525,447.104,1.26130903836381,447.104,1.32909011325663,,,,,,,,,,,,,,,,,,,,,,,,,,,,,,,,,,,,,,,,,,,,,,,,,,,,,,,,,,,,,,,,,,,,,,,,,,,,,,,,,,,,,,,,,,,,,,,,,,,,,,,,,,,,,,,
,,,,,,,,,,,,,,,,,,,,,,,447.603,1.26767306838398,447.603,1.30453610115232,447.603,1.31830336714208,447.603,1.25493873559224,447.603,1.31896392160996,,,,,,,,,,,,,,,,,,,,,,,,,,,,,,,,,,,,,,,,,,,,,,,,,,,,,,,,,,,,,,,,,,,,,,,,,,,,,,,,,,,,,,,,,,,,,,,,,,,,,,,,,,,,,,,
,,,,,,,,,,,,,,,,,,,,,,,448.102,1.27436343810477,448.102,1.30174540652372,448.102,1.33406518832978,448.102,1.26770919385393,448.102,1.33490717270868,,,,,,,,,,,,,,,,,,,,,,,,,,,,,,,,,,,,,,,,,,,,,,,,,,,,,,,,,,,,,,,,,,,,,,,,,,,,,,,,,,,,,,,,,,,,,,,,,,,,,,,,,,,,,,,
,,,,,,,,,,,,,,,,,,,,,,,448.601,1.27866362399224,448.601,1.30782857524038,448.601,1.32152754173467,448.601,1.26615204138321,448.601,1.33519247190281,,,,,,,,,,,,,,,,,,,,,,,,,,,,,,,,,,,,,,,,,,,,,,,,,,,,,,,,,,,,,,,,,,,,,,,,,,,,,,,,,,,,,,,,,,,,,,,,,,,,,,,,,,,,,,,
,,,,,,,,,,,,,,,,,,,,,,,449.1,1.27440419618101,449.1,1.30229545541683,449.1,1.32648355779184,449.1,1.25742759951845,449.1,1.32847302919028,,,,,,,,,,,,,,,,,,,,,,,,,,,,,,,,,,,,,,,,,,,,,,,,,,,,,,,,,,,,,,,,,,,,,,,,,,,,,,,,,,,,,,,,,,,,,,,,,,,,,,,,,,,,,,,
,,,,,,,,,,,,,,,,,,,,,,,449.599,1.26635222893911,449.599,1.30088937778758,449.599,1.32082074283455,449.599,1.26819105646209,449.599,1.33392885945386,,,,,,,,,,,,,,,,,,,,,,,,,,,,,,,,,,,,,,,,,,,,,,,,,,,,,,,,,,,,,,,,,,,,,,,,,,,,,,,,,,,,,,,,,,,,,,,,,,,,,,,,,,,,,,,
,,,,,,,,,,,,,,,,,,,,,,,450.098,1.28587289745282,450.098,1.30301584483815,450.098,1.32615726847089,450.098,1.26203736420516,450.098,1.32695304818435,,,,,,,,,,,,,,,,,,,,,,,,,,,,,,,,,,,,,,,,,,,,,,,,,,,,,,,,,,,,,,,,,,,,,,,,,,,,,,,,,,,,,,,,,,,,,,,,,,,,,,,,,,,,,,,
,,,,,,,,,,,,,,,,,,,,,,,450.597,1.27030187035582,450.597,1.29901684821405,450.597,1.31943264518447,450.597,1.2686417388041,450.597,1.33072090029446,,,,,,,,,,,,,,,,,,,,,,,,,,,,,,,,,,,,,,,,,,,,,,,,,,,,,,,,,,,,,,,,,,,,,,,,,,,,,,,,,,,,,,,,,,,,,,,,,,,,,,,,,,,,,,,
,,,,,,,,,,,,,,,,,,,,,,,451.096,1.27403288190644,451.096,1.30111848088882,451.096,1.32350285248319,451.096,1.26907525632698,451.096,1.32679552752223,,,,,,,,,,,,,,,,,,,,,,,,,,,,,,,,,,,,,,,,,,,,,,,,,,,,,,,,,,,,,,,,,,,,,,,,,,,,,,,,,,,,,,,,,,,,,,,,,,,,,,,,,,,,,,,
,,,,,,,,,,,,,,,,,,,,,,,451.595,1.26783965160307,451.595,1.3011615077126,451.595,1.32612883821365,451.595,1.267623686615,451.595,1.33478650989104,,,,,,,,,,,,,,,,,,,,,,,,,,,,,,,,,,,,,,,,,,,,,,,,,,,,,,,,,,,,,,,,,,,,,,,,,,,,,,,,,,,,,,,,,,,,,,,,,,,,,,,,,,,,,,,
,,,,,,,,,,,,,,,,,,,,,,,452.094,1.26801160565914,452.094,1.3013192200288,452.094,1.33075479851501,452.094,1.26872019076578,452.094,1.33346556738969,,,,,,,,,,,,,,,,,,,,,,,,,,,,,,,,,,,,,,,,,,,,,,,,,,,,,,,,,,,,,,,,,,,,,,,,,,,,,,,,,,,,,,,,,,,,,,,,,,,,,,,,,,,,,,,
,,,,,,,,,,,,,,,,,,,,,,,452.593,1.2663684896793,452.593,1.29612707521081,452.593,1.31708868046759,452.593,1.27091963245016,452.593,1.3319119161026,,,,,,,,,,,,,,,,,,,,,,,,,,,,,,,,,,,,,,,,,,,,,,,,,,,,,,,,,,,,,,,,,,,,,,,,,,,,,,,,,,,,,,,,,,,,,,,,,,,,,,,,,,,,,,,
,,,,,,,,,,,,,,,,,,,,,,,453.092,1.26704758490032,453.092,1.30196516242346,453.092,1.3208381085739,453.092,1.26434967959977,453.092,1.32528452214009,,,,,,,,,,,,,,,,,,,,,,,,,,,,,,,,,,,,,,,,,,,,,,,,,,,,,,,,,,,,,,,,,,,,,,,,,,,,,,,,,,,,,,,,,,,,,,,,,,,,,,,,,,,,,,,
,,,,,,,,,,,,,,,,,,,,,,,453.591,1.26757180369124,453.591,1.30816139405299,453.591,1.32245004636169,453.591,1.26167136294065,453.591,1.32794856227377,,,,,,,,,,,,,,,,,,,,,,,,,,,,,,,,,,,,,,,,,,,,,,,,,,,,,,,,,,,,,,,,,,,,,,,,,,,,,,,,,,,,,,,,,,,,,,,,,,,,,,,,,,,,,,,
,,,,,,,,,,,,,,,,,,,,,,,454.09,1.26966622991089,454.09,1.31263340609357,454.09,1.33229191779589,454.09,1.27694775377105,454.09,1.32485418187598,,,,,,,,,,,,,,,,,,,,,,,,,,,,,,,,,,,,,,,,,,,,,,,,,,,,,,,,,,,,,,,,,,,,,,,,,,,,,,,,,,,,,,,,,,,,,,,,,,,,,,,,,,,,,,,
,,,,,,,,,,,,,,,,,,,,,,,454.589,1.26512457922627,454.589,1.30210596846528,454.589,1.32665653232848,454.589,1.26311287582407,454.589,1.31576034415669,,,,,,,,,,,,,,,,,,,,,,,,,,,,,,,,,,,,,,,,,,,,,,,,,,,,,,,,,,,,,,,,,,,,,,,,,,,,,,,,,,,,,,,,,,,,,,,,,,,,,,,,,,,,,,,
,,,,,,,,,,,,,,,,,,,,,,,455.088,1.26975281195632,455.088,1.30761960159946,455.088,1.33947478899648,455.088,1.26421355413176,455.088,1.32408552605403,,,,,,,,,,,,,,,,,,,,,,,,,,,,,,,,,,,,,,,,,,,,,,,,,,,,,,,,,,,,,,,,,,,,,,,,,,,,,,,,,,,,,,,,,,,,,,,,,,,,,,,,,,,,,,,
,,,,,,,,,,,,,,,,,,,,,,,455.587,1.2713233149386,455.587,1.31532774004519,455.587,1.3378315231236,455.587,1.26971919944589,455.587,1.31833814422198,,,,,,,,,,,,,,,,,,,,,,,,,,,,,,,,,,,,,,,,,,,,,,,,,,,,,,,,,,,,,,,,,,,,,,,,,,,,,,,,,,,,,,,,,,,,,,,,,,,,,,,,,,,,,,,
,,,,,,,,,,,,,,,,,,,,,,,456.086,1.26978621805394,456.086,1.31174507217536,456.086,1.33975939772393,456.086,1.26497922755417,456.086,1.32674850992112,,,,,,,,,,,,,,,,,,,,,,,,,,,,,,,,,,,,,,,,,,,,,,,,,,,,,,,,,,,,,,,,,,,,,,,,,,,,,,,,,,,,,,,,,,,,,,,,,,,,,,,,,,,,,,,
,,,,,,,,,,,,,,,,,,,,,,,456.585,1.27105509810238,456.585,1.30600402664432,456.585,1.33831619693898,456.585,1.25541150017788,456.585,1.3341691844083,,,,,,,,,,,,,,,,,,,,,,,,,,,,,,,,,,,,,,,,,,,,,,,,,,,,,,,,,,,,,,,,,,,,,,,,,,,,,,,,,,,,,,,,,,,,,,,,,,,,,,,,,,,,,,,
,,,,,,,,,,,,,,,,,,,,,,,457.084,1.26920492909422,457.084,1.3062969546723,457.084,1.34226056083115,457.084,1.26371255407893,457.084,1.33297077101792,,,,,,,,,,,,,,,,,,,,,,,,,,,,,,,,,,,,,,,,,,,,,,,,,,,,,,,,,,,,,,,,,,,,,,,,,,,,,,,,,,,,,,,,,,,,,,,,,,,,,,,,,,,,,,,
,,,,,,,,,,,,,,,,,,,,,,,457.583,1.27255526211466,457.583,1.30872459536682,457.583,1.33797141560029,457.583,1.26977971257805,457.583,1.32558915694534,,,,,,,,,,,,,,,,,,,,,,,,,,,,,,,,,,,,,,,,,,,,,,,,,,,,,,,,,,,,,,,,,,,,,,,,,,,,,,,,,,,,,,,,,,,,,,,,,,,,,,,,,,,,,,,
,,,,,,,,,,,,,,,,,,,,,,,458.082,1.26395878031049,458.082,1.31314311809982,458.082,1.3264981239736,458.082,1.26581737405051,458.082,1.32934387064249,,,,,,,,,,,,,,,,,,,,,,,,,,,,,,,,,,,,,,,,,,,,,,,,,,,,,,,,,,,,,,,,,,,,,,,,,,,,,,,,,,,,,,,,,,,,,,,,,,,,,,,,,,,,,,,
,,,,,,,,,,,,,,,,,,,,,,,458.581,1.27578120063814,458.581,1.31561994116245,458.581,1.33744622869979,458.581,1.26908356592695,458.581,1.3335198265209,,,,,,,,,,,,,,,,,,,,,,,,,,,,,,,,,,,,,,,,,,,,,,,,,,,,,,,,,,,,,,,,,,,,,,,,,,,,,,,,,,,,,,,,,,,,,,,,,,,,,,,,,,,,,,,
,,,,,,,,,,,,,,,,,,,,,,,459.08,1.27041080039824,459.08,1.31084670208068,459.08,1.34326365323146,459.08,1.26973316036663,459.08,1.32704819763083,,,,,,,,,,,,,,,,,,,,,,,,,,,,,,,,,,,,,,,,,,,,,,,,,,,,,,,,,,,,,,,,,,,,,,,,,,,,,,,,,,,,,,,,,,,,,,,,,,,,,,,,,,,,,,,
,,,,,,,,,,,,,,,,,,,,,,,459.579,1.26768222928937,459.579,1.30498962080242,459.579,1.33525599541103,459.579,1.26241530812847,459.579,1.33471771738598,,,,,,,,,,,,,,,,,,,,,,,,,,,,,,,,,,,,,,,,,,,,,,,,,,,,,,,,,,,,,,,,,,,,,,,,,,,,,,,,,,,,,,,,,,,,,,,,,,,,,,,,,,,,,,,
,,,,,,,,,,,,,,,,,,,,,,,460.078,1.26886375678033,460.078,1.31599660421334,460.078,1.33783677898309,460.078,1.26085770923501,460.078,1.33980214642096,,,,,,,,,,,,,,,,,,,,,,,,,,,,,,,,,,,,,,,,,,,,,,,,,,,,,,,,,,,,,,,,,,,,,,,,,,,,,,,,,,,,,,,,,,,,,,,,,,,,,,,,,,,,,,,
,,,,,,,,,,,,,,,,,,,,,,,460.577,1.28616091289313,460.577,1.30426196779461,460.577,1.34284317086337,460.577,1.26648532870256,460.577,1.33939920107929,,,,,,,,,,,,,,,,,,,,,,,,,,,,,,,,,,,,,,,,,,,,,,,,,,,,,,,,,,,,,,,,,,,,,,,,,,,,,,,,,,,,,,,,,,,,,,,,,,,,,,,,,,,,,,,
,,,,,,,,,,,,,,,,,,,,,,,461.076,1.27362231164013,461.076,1.31940428587407,461.076,1.33192016198157,461.076,1.26024790925444,461.076,1.33779558836116,,,,,,,,,,,,,,,,,,,,,,,,,,,,,,,,,,,,,,,,,,,,,,,,,,,,,,,,,,,,,,,,,,,,,,,,,,,,,,,,,,,,,,,,,,,,,,,,,,,,,,,,,,,,,,,
,,,,,,,,,,,,,,,,,,,,,,,461.575,1.26489072994247,461.575,1.30184674796619,461.575,1.3315221193665,461.575,1.26116927539252,461.575,1.33078942053577,,,,,,,,,,,,,,,,,,,,,,,,,,,,,,,,,,,,,,,,,,,,,,,,,,,,,,,,,,,,,,,,,,,,,,,,,,,,,,,,,,,,,,,,,,,,,,,,,,,,,,,,,,,,,,,
,,,,,,,,,,,,,,,,,,,,,,,462.074,1.26871466072194,462.074,1.30457697082676,462.074,1.3319608245383,462.074,1.25468777696896,462.074,1.3360923749787,,,,,,,,,,,,,,,,,,,,,,,,,,,,,,,,,,,,,,,,,,,,,,,,,,,,,,,,,,,,,,,,,,,,,,,,,,,,,,,,,,,,,,,,,,,,,,,,,,,,,,,,,,,,,,,
,,,,,,,,,,,,,,,,,,,,,,,462.573,1.27015644121151,462.573,1.31924933615956,462.573,1.33048492342875,462.573,1.26003899990685,462.573,1.33179923694834,,,,,,,,,,,,,,,,,,,,,,,,,,,,,,,,,,,,,,,,,,,,,,,,,,,,,,,,,,,,,,,,,,,,,,,,,,,,,,,,,,,,,,,,,,,,,,,,,,,,,,,,,,,,,,,
,,,,,,,,,,,,,,,,,,,,,,,463.072,1.27442151546056,463.072,1.30609714858637,463.072,1.3405745775298,463.072,1.25420343978619,463.072,1.33237314921995,,,,,,,,,,,,,,,,,,,,,,,,,,,,,,,,,,,,,,,,,,,,,,,,,,,,,,,,,,,,,,,,,,,,,,,,,,,,,,,,,,,,,,,,,,,,,,,,,,,,,,,,,,,,,,,
,,,,,,,,,,,,,,,,,,,,,,,463.571,1.27269956009758,463.571,1.30811064826925,463.571,1.3396985402688,463.571,1.26261276251132,463.571,1.32276441951756,,,,,,,,,,,,,,,,,,,,,,,,,,,,,,,,,,,,,,,,,,,,,,,,,,,,,,,,,,,,,,,,,,,,,,,,,,,,,,,,,,,,,,,,,,,,,,,,,,,,,,,,,,,,,,,
,,,,,,,,,,,,,,,,,,,,,,,464.07,1.27771326754915,464.07,1.30807048998712,464.07,1.34983846356956,464.07,1.26178794863755,464.07,1.32660103809424,,,,,,,,,,,,,,,,,,,,,,,,,,,,,,,,,,,,,,,,,,,,,,,,,,,,,,,,,,,,,,,,,,,,,,,,,,,,,,,,,,,,,,,,,,,,,,,,,,,,,,,,,,,,,,,
,,,,,,,,,,,,,,,,,,,,,,,464.569,1.2717103158381,464.569,1.32007619475303,464.569,1.33811705671793,464.569,1.25885311712912,464.569,1.33781084531358,,,,,,,,,,,,,,,,,,,,,,,,,,,,,,,,,,,,,,,,,,,,,,,,,,,,,,,,,,,,,,,,,,,,,,,,,,,,,,,,,,,,,,,,,,,,,,,,,,,,,,,,,,,,,,,
,,,,,,,,,,,,,,,,,,,,,,,465.068,1.27162938574968,465.068,1.3122156993849,465.068,1.32997321487866,465.068,1.26163670145455,465.068,1.33742211494686,,,,,,,,,,,,,,,,,,,,,,,,,,,,,,,,,,,,,,,,,,,,,,,,,,,,,,,,,,,,,,,,,,,,,,,,,,,,,,,,,,,,,,,,,,,,,,,,,,,,,,,,,,,,,,,
,,,,,,,,,,,,,,,,,,,,,,,465.567,1.26995120089931,465.567,1.31398339972958,465.567,1.34149512113256,465.567,1.26682634807182,465.567,1.33008920553201,,,,,,,,,,,,,,,,,,,,,,,,,,,,,,,,,,,,,,,,,,,,,,,,,,,,,,,,,,,,,,,,,,,,,,,,,,,,,,,,,,,,,,,,,,,,,,,,,,,,,,,,,,,,,,,
,,,,,,,,,,,,,,,,,,,,,,,466.066,1.27515538080448,466.066,1.31797435016801,466.066,1.34485105425947,466.066,1.26455150548643,466.066,1.32281367051779,,,,,,,,,,,,,,,,,,,,,,,,,,,,,,,,,,,,,,,,,,,,,,,,,,,,,,,,,,,,,,,,,,,,,,,,,,,,,,,,,,,,,,,,,,,,,,,,,,,,,,,,,,,,,,,
,,,,,,,,,,,,,,,,,,,,,,,466.565,1.27670729576293,466.565,1.31641985967716,466.565,1.33849636468164,466.565,1.26263070407393,466.565,1.32921924901631,,,,,,,,,,,,,,,,,,,,,,,,,,,,,,,,,,,,,,,,,,,,,,,,,,,,,,,,,,,,,,,,,,,,,,,,,,,,,,,,,,,,,,,,,,,,,,,,,,,,,,,,,,,,,,,
,,,,,,,,,,,,,,,,,,,,,,,467.064,1.26649479066435,467.064,1.31059322606971,467.064,1.33768177075346,467.064,1.26922566258176,467.064,1.33170401610483,,,,,,,,,,,,,,,,,,,,,,,,,,,,,,,,,,,,,,,,,,,,,,,,,,,,,,,,,,,,,,,,,,,,,,,,,,,,,,,,,,,,,,,,,,,,,,,,,,,,,,,,,,,,,,,
,,,,,,,,,,,,,,,,,,,,,,,467.563,1.26933626088133,467.563,1.31342500572537,467.563,1.32887429048901,467.563,1.26647828598616,467.563,1.33758757376425,,,,,,,,,,,,,,,,,,,,,,,,,,,,,,,,,,,,,,,,,,,,,,,,,,,,,,,,,,,,,,,,,,,,,,,,,,,,,,,,,,,,,,,,,,,,,,,,,,,,,,,,,,,,,,,
,,,,,,,,,,,,,,,,,,,,,,,468.062,1.27205438859921,468.062,1.31448137187867,468.062,1.33176597097931,468.062,1.26990686973395,468.062,1.33546505006176,,,,,,,,,,,,,,,,,,,,,,,,,,,,,,,,,,,,,,,,,,,,,,,,,,,,,,,,,,,,,,,,,,,,,,,,,,,,,,,,,,,,,,,,,,,,,,,,,,,,,,,,,,,,,,,
,,,,,,,,,,,,,,,,,,,,,,,468.561,1.26825017267818,468.561,1.31996181729292,468.561,1.34084099924144,468.561,1.25807076236281,468.561,1.33606090665413,,,,,,,,,,,,,,,,,,,,,,,,,,,,,,,,,,,,,,,,,,,,,,,,,,,,,,,,,,,,,,,,,,,,,,,,,,,,,,,,,,,,,,,,,,,,,,,,,,,,,,,,,,,,,,,
,,,,,,,,,,,,,,,,,,,,,,,469.06,1.28098963344207,469.06,1.31666981062429,469.06,1.33700784432914,469.06,1.26048508387861,469.06,1.33997170488497,,,,,,,,,,,,,,,,,,,,,,,,,,,,,,,,,,,,,,,,,,,,,,,,,,,,,,,,,,,,,,,,,,,,,,,,,,,,,,,,,,,,,,,,,,,,,,,,,,,,,,,,,,,,,,,
,,,,,,,,,,,,,,,,,,,,,,,469.559,1.27546494307079,469.559,1.30959891247663,469.559,1.32406968662358,469.559,1.26748447275999,469.559,1.33641030832761,,,,,,,,,,,,,,,,,,,,,,,,,,,,,,,,,,,,,,,,,,,,,,,,,,,,,,,,,,,,,,,,,,,,,,,,,,,,,,,,,,,,,,,,,,,,,,,,,,,,,,,,,,,,,,,
,,,,,,,,,,,,,,,,,,,,,,,470.058,1.2716041471494,470.058,1.31700317555942,470.058,1.32891683604314,470.058,1.26443972135615,470.058,1.34026172448657,,,,,,,,,,,,,,,,,,,,,,,,,,,,,,,,,,,,,,,,,,,,,,,,,,,,,,,,,,,,,,,,,,,,,,,,,,,,,,,,,,,,,,,,,,,,,,,,,,,,,,,,,,,,,,,
,,,,,,,,,,,,,,,,,,,,,,,470.557,1.27036329159573,470.557,1.3223139625679,470.557,1.33821008596646,470.557,1.26775649381368,470.557,1.33828641638538,,,,,,,,,,,,,,,,,,,,,,,,,,,,,,,,,,,,,,,,,,,,,,,,,,,,,,,,,,,,,,,,,,,,,,,,,,,,,,,,,,,,,,,,,,,,,,,,,,,,,,,,,,,,,,,
,,,,,,,,,,,,,,,,,,,,,,,471.056,1.27529161331336,471.056,1.32197237215064,471.056,1.34637043498304,471.056,1.2576243823283,471.056,1.34526821209531,,,,,,,,,,,,,,,,,,,,,,,,,,,,,,,,,,,,,,,,,,,,,,,,,,,,,,,,,,,,,,,,,,,,,,,,,,,,,,,,,,,,,,,,,,,,,,,,,,,,,,,,,,,,,,,
,,,,,,,,,,,,,,,,,,,,,,,471.555,1.28039409869481,471.555,1.31963708258202,471.555,1.34282497628926,471.555,1.26929601328352,471.555,1.33284664984792,,,,,,,,,,,,,,,,,,,,,,,,,,,,,,,,,,,,,,,,,,,,,,,,,,,,,,,,,,,,,,,,,,,,,,,,,,,,,,,,,,,,,,,,,,,,,,,,,,,,,,,,,,,,,,,
,,,,,,,,,,,,,,,,,,,,,,,472.054,1.27931086977378,472.054,1.32426345846069,472.054,1.33096717239844,472.054,1.27075468655388,472.054,1.33239847670945,,,,,,,,,,,,,,,,,,,,,,,,,,,,,,,,,,,,,,,,,,,,,,,,,,,,,,,,,,,,,,,,,,,,,,,,,,,,,,,,,,,,,,,,,,,,,,,,,,,,,,,,,,,,,,,
,,,,,,,,,,,,,,,,,,,,,,,472.553,1.2770411477367,472.553,1.31529132432564,472.553,1.33469495591576,472.553,1.26008630735881,472.553,1.33422242073442,,,,,,,,,,,,,,,,,,,,,,,,,,,,,,,,,,,,,,,,,,,,,,,,,,,,,,,,,,,,,,,,,,,,,,,,,,,,,,,,,,,,,,,,,,,,,,,,,,,,,,,,,,,,,,,
,,,,,,,,,,,,,,,,,,,,,,,473.052,1.27591722924059,473.052,1.3156525511812,473.052,1.34037346704392,473.052,1.26363190775139,473.052,1.33120633125306,,,,,,,,,,,,,,,,,,,,,,,,,,,,,,,,,,,,,,,,,,,,,,,,,,,,,,,,,,,,,,,,,,,,,,,,,,,,,,,,,,,,,,,,,,,,,,,,,,,,,,,,,,,,,,,
,,,,,,,,,,,,,,,,,,,,,,,473.551,1.27895102385801,473.551,1.31911698833627,473.551,1.34729358904625,473.551,1.26180817544613,473.551,1.33854735743471,,,,,,,,,,,,,,,,,,,,,,,,,,,,,,,,,,,,,,,,,,,,,,,,,,,,,,,,,,,,,,,,,,,,,,,,,,,,,,,,,,,,,,,,,,,,,,,,,,,,,,,,,,,,,,,
,,,,,,,,,,,,,,,,,,,,,,,474.05,1.27333347637013,474.05,1.3187022871454,474.05,1.3450388375565,474.05,1.2551665990113,474.05,1.33831370296256,,,,,,,,,,,,,,,,,,,,,,,,,,,,,,,,,,,,,,,,,,,,,,,,,,,,,,,,,,,,,,,,,,,,,,,,,,,,,,,,,,,,,,,,,,,,,,,,,,,,,,,,,,,,,,,
,,,,,,,,,,,,,,,,,,,,,,,474.549,1.27375414639641,474.549,1.31691413551259,474.549,1.33473219449931,474.549,1.27207059614056,474.549,1.33319813973947,,,,,,,,,,,,,,,,,,,,,,,,,,,,,,,,,,,,,,,,,,,,,,,,,,,,,,,,,,,,,,,,,,,,,,,,,,,,,,,,,,,,,,,,,,,,,,,,,,,,,,,,,,,,,,,
,,,,,,,,,,,,,,,,,,,,,,,475.048,1.27181617598853,475.048,1.32307863049121,475.048,1.3357959439918,475.048,1.27310165138897,475.048,1.34649092792503,,,,,,,,,,,,,,,,,,,,,,,,,,,,,,,,,,,,,,,,,,,,,,,,,,,,,,,,,,,,,,,,,,,,,,,,,,,,,,,,,,,,,,,,,,,,,,,,,,,,,,,,,,,,,,,
,,,,,,,,,,,,,,,,,,,,,,,475.547,1.2714034106836,475.547,1.31602184830052,475.547,1.34266291918958,475.547,1.26976838468804,475.547,1.33435387053381,,,,,,,,,,,,,,,,,,,,,,,,,,,,,,,,,,,,,,,,,,,,,,,,,,,,,,,,,,,,,,,,,,,,,,,,,,,,,,,,,,,,,,,,,,,,,,,,,,,,,,,,,,,,,,,
,,,,,,,,,,,,,,,,,,,,,,,476.046,1.26637542123477,476.046,1.31625179055039,476.046,1.33175074613581,476.046,1.27076499822242,476.046,1.33912500042108,,,,,,,,,,,,,,,,,,,,,,,,,,,,,,,,,,,,,,,,,,,,,,,,,,,,,,,,,,,,,,,,,,,,,,,,,,,,,,,,,,,,,,,,,,,,,,,,,,,,,,,,,,,,,,,
,,,,,,,,,,,,,,,,,,,,,,,476.545,1.25954265447562,476.545,1.31270790017273,476.545,1.34026946536014,476.545,1.26660726837775,476.545,1.33668361840476,,,,,,,,,,,,,,,,,,,,,,,,,,,,,,,,,,,,,,,,,,,,,,,,,,,,,,,,,,,,,,,,,,,,,,,,,,,,,,,,,,,,,,,,,,,,,,,,,,,,,,,,,,,,,,,
,,,,,,,,,,,,,,,,,,,,,,,477.044,1.27008758567565,477.044,1.31953567749295,477.044,1.33962536835384,477.044,1.26582032156047,477.044,1.33664138610883,,,,,,,,,,,,,,,,,,,,,,,,,,,,,,,,,,,,,,,,,,,,,,,,,,,,,,,,,,,,,,,,,,,,,,,,,,,,,,,,,,,,,,,,,,,,,,,,,,,,,,,,,,,,,,,
,,,,,,,,,,,,,,,,,,,,,,,477.543,1.26444429161697,477.543,1.3194440599078,477.543,1.34042734917814,477.543,1.26740213118135,477.543,1.32983882361531,,,,,,,,,,,,,,,,,,,,,,,,,,,,,,,,,,,,,,,,,,,,,,,,,,,,,,,,,,,,,,,,,,,,,,,,,,,,,,,,,,,,,,,,,,,,,,,,,,,,,,,,,,,,,,,
,,,,,,,,,,,,,,,,,,,,,,,478.042,1.26355900674274,478.042,1.30695947562656,478.042,1.33522003003692,478.042,1.26091214496325,478.042,1.33988464687103,,,,,,,,,,,,,,,,,,,,,,,,,,,,,,,,,,,,,,,,,,,,,,,,,,,,,,,,,,,,,,,,,,,,,,,,,,,,,,,,,,,,,,,,,,,,,,,,,,,,,,,,,,,,,,,
,,,,,,,,,,,,,,,,,,,,,,,478.541,1.26816990396391,478.541,1.31924898171882,478.541,1.34307831716903,478.541,1.26634320207912,478.541,1.33656166781447,,,,,,,,,,,,,,,,,,,,,,,,,,,,,,,,,,,,,,,,,,,,,,,,,,,,,,,,,,,,,,,,,,,,,,,,,,,,,,,,,,,,,,,,,,,,,,,,,,,,,,,,,,,,,,,
,,,,,,,,,,,,,,,,,,,,,,,479.04,1.27028438760019,479.04,1.30898481610139,479.04,1.3394988127879,479.04,1.27222715957956,479.04,1.33446580100947,,,,,,,,,,,,,,,,,,,,,,,,,,,,,,,,,,,,,,,,,,,,,,,,,,,,,,,,,,,,,,,,,,,,,,,,,,,,,,,,,,,,,,,,,,,,,,,,,,,,,,,,,,,,,,,
,,,,,,,,,,,,,,,,,,,,,,,479.539,1.27868599844104,479.539,1.31154280394054,479.539,1.33455432960777,479.539,1.27327263160583,479.539,1.34070585859932,,,,,,,,,,,,,,,,,,,,,,,,,,,,,,,,,,,,,,,,,,,,,,,,,,,,,,,,,,,,,,,,,,,,,,,,,,,,,,,,,,,,,,,,,,,,,,,,,,,,,,,,,,,,,,,
,,,,,,,,,,,,,,,,,,,,,,,480.038,1.27675325911634,480.038,1.31580267821994,480.038,1.33806299782819,480.038,1.26925726845419,480.038,1.33922359196127,,,,,,,,,,,,,,,,,,,,,,,,,,,,,,,,,,,,,,,,,,,,,,,,,,,,,,,,,,,,,,,,,,,,,,,,,,,,,,,,,,,,,,,,,,,,,,,,,,,,,,,,,,,,,,,
,,,,,,,,,,,,,,,,,,,,,,,480.537,1.2796369388762,480.537,1.31656975060626,480.537,1.32951490427427,480.537,1.26572135696366,480.537,1.34082608466211,,,,,,,,,,,,,,,,,,,,,,,,,,,,,,,,,,,,,,,,,,,,,,,,,,,,,,,,,,,,,,,,,,,,,,,,,,,,,,,,,,,,,,,,,,,,,,,,,,,,,,,,,,,,,,,
,,,,,,,,,,,,,,,,,,,,,,,481.036,1.26984533391328,481.036,1.32425903222118,481.036,1.32891011784056,481.036,1.27158239391004,481.036,1.34295252822148,,,,,,,,,,,,,,,,,,,,,,,,,,,,,,,,,,,,,,,,,,,,,,,,,,,,,,,,,,,,,,,,,,,,,,,,,,,,,,,,,,,,,,,,,,,,,,,,,,,,,,,,,,,,,,,
,,,,,,,,,,,,,,,,,,,,,,,481.535,1.26781469249663,481.535,1.31487171778019,481.535,1.32829372352845,481.535,1.26463197051174,481.535,1.33619743582461,,,,,,,,,,,,,,,,,,,,,,,,,,,,,,,,,,,,,,,,,,,,,,,,,,,,,,,,,,,,,,,,,,,,,,,,,,,,,,,,,,,,,,,,,,,,,,,,,,,,,,,,,,,,,,,
,,,,,,,,,,,,,,,,,,,,,,,482.034,1.26447604898679,482.034,1.31008911952594,482.034,1.33771297351514,482.034,1.27192317793025,482.034,1.35282251669667,,,,,,,,,,,,,,,,,,,,,,,,,,,,,,,,,,,,,,,,,,,,,,,,,,,,,,,,,,,,,,,,,,,,,,,,,,,,,,,,,,,,,,,,,,,,,,,,,,,,,,,,,,,,,,,
,,,,,,,,,,,,,,,,,,,,,,,482.533,1.26821572140262,482.533,1.30885707006072,482.533,1.32501151991281,482.533,1.2765827124931,482.533,1.34161478570328,,,,,,,,,,,,,,,,,,,,,,,,,,,,,,,,,,,,,,,,,,,,,,,,,,,,,,,,,,,,,,,,,,,,,,,,,,,,,,,,,,,,,,,,,,,,,,,,,,,,,,,,,,,,,,,
,,,,,,,,,,,,,,,,,,,,,,,483.032,1.27018208690692,483.032,1.31018447685205,483.032,1.33038345157339,483.032,1.27733812263031,483.032,1.345049219436,,,,,,,,,,,,,,,,,,,,,,,,,,,,,,,,,,,,,,,,,,,,,,,,,,,,,,,,,,,,,,,,,,,,,,,,,,,,,,,,,,,,,,,,,,,,,,,,,,,,,,,,,,,,,,,
,,,,,,,,,,,,,,,,,,,,,,,483.531,1.26972256240038,483.531,1.32045493271994,483.531,1.33193543655367,483.531,1.27266291652229,483.531,1.33479586890585,,,,,,,,,,,,,,,,,,,,,,,,,,,,,,,,,,,,,,,,,,,,,,,,,,,,,,,,,,,,,,,,,,,,,,,,,,,,,,,,,,,,,,,,,,,,,,,,,,,,,,,,,,,,,,,
,,,,,,,,,,,,,,,,,,,,,,,484.03,1.27531810259157,484.03,1.31913185722902,484.03,1.33218228534634,484.03,1.271251034316,484.03,1.34311383220214,,,,,,,,,,,,,,,,,,,,,,,,,,,,,,,,,,,,,,,,,,,,,,,,,,,,,,,,,,,,,,,,,,,,,,,,,,,,,,,,,,,,,,,,,,,,,,,,,,,,,,,,,,,,,,,
,,,,,,,,,,,,,,,,,,,,,,,484.529,1.27191929321592,484.529,1.32135855634614,484.529,1.32314795833106,484.529,1.27274322432291,484.529,1.34076642489528,,,,,,,,,,,,,,,,,,,,,,,,,,,,,,,,,,,,,,,,,,,,,,,,,,,,,,,,,,,,,,,,,,,,,,,,,,,,,,,,,,,,,,,,,,,,,,,,,,,,,,,,,,,,,,,
,,,,,,,,,,,,,,,,,,,,,,,485.028,1.273172060221,485.028,1.31360480283857,485.028,1.32707283583323,485.028,1.26924358473987,485.028,1.34215046441436,,,,,,,,,,,,,,,,,,,,,,,,,,,,,,,,,,,,,,,,,,,,,,,,,,,,,,,,,,,,,,,,,,,,,,,,,,,,,,,,,,,,,,,,,,,,,,,,,,,,,,,,,,,,,,,
,,,,,,,,,,,,,,,,,,,,,,,485.527,1.27641948027989,485.527,1.3227767331758,485.527,1.33707089158717,485.527,1.26784386421005,485.527,1.34445696221354,,,,,,,,,,,,,,,,,,,,,,,,,,,,,,,,,,,,,,,,,,,,,,,,,,,,,,,,,,,,,,,,,,,,,,,,,,,,,,,,,,,,,,,,,,,,,,,,,,,,,,,,,,,,,,,
,,,,,,,,,,,,,,,,,,,,,,,486.026,1.27003647367759,486.026,1.32221072682008,486.026,1.3375313379574,486.026,1.26811108744428,486.026,1.35236855417251,,,,,,,,,,,,,,,,,,,,,,,,,,,,,,,,,,,,,,,,,,,,,,,,,,,,,,,,,,,,,,,,,,,,,,,,,,,,,,,,,,,,,,,,,,,,,,,,,,,,,,,,,,,,,,,
,,,,,,,,,,,,,,,,,,,,,,,486.525,1.27272535528443,486.525,1.31836221802826,486.525,1.33145490152109,486.525,1.26498840154921,486.525,1.3499987622878,,,,,,,,,,,,,,,,,,,,,,,,,,,,,,,,,,,,,,,,,,,,,,,,,,,,,,,,,,,,,,,,,,,,,,,,,,,,,,,,,,,,,,,,,,,,,,,,,,,,,,,,,,,,,,,
,,,,,,,,,,,,,,,,,,,,,,,487.024,1.27854395140378,487.024,1.31619320561179,487.024,1.3304582308894,487.024,1.26666704093526,487.024,1.3411988035175,,,,,,,,,,,,,,,,,,,,,,,,,,,,,,,,,,,,,,,,,,,,,,,,,,,,,,,,,,,,,,,,,,,,,,,,,,,,,,,,,,,,,,,,,,,,,,,,,,,,,,,,,,,,,,,
,,,,,,,,,,,,,,,,,,,,,,,487.523,1.26966214961573,487.523,1.32287263715143,487.523,1.34376597850848,487.523,1.26785180527236,487.523,1.34165071025935,,,,,,,,,,,,,,,,,,,,,,,,,,,,,,,,,,,,,,,,,,,,,,,,,,,,,,,,,,,,,,,,,,,,,,,,,,,,,,,,,,,,,,,,,,,,,,,,,,,,,,,,,,,,,,,
,,,,,,,,,,,,,,,,,,,,,,,488.022,1.27735627762786,488.022,1.31995539871012,488.022,1.33958653460091,488.022,1.26707665642427,488.022,1.33472609908207,,,,,,,,,,,,,,,,,,,,,,,,,,,,,,,,,,,,,,,,,,,,,,,,,,,,,,,,,,,,,,,,,,,,,,,,,,,,,,,,,,,,,,,,,,,,,,,,,,,,,,,,,,,,,,,
,,,,,,,,,,,,,,,,,,,,,,,488.521,1.26713481053008,488.521,1.32075258595366,488.521,1.33442060378194,488.521,1.27064569612214,488.521,1.34849956040961,,,,,,,,,,,,,,,,,,,,,,,,,,,,,,,,,,,,,,,,,,,,,,,,,,,,,,,,,,,,,,,,,,,,,,,,,,,,,,,,,,,,,,,,,,,,,,,,,,,,,,,,,,,,,,,
,,,,,,,,,,,,,,,,,,,,,,,489.02,1.27577497784035,489.02,1.32465489666764,489.02,1.33445203464329,489.02,1.2584895428847,489.02,1.33371005970191,,,,,,,,,,,,,,,,,,,,,,,,,,,,,,,,,,,,,,,,,,,,,,,,,,,,,,,,,,,,,,,,,,,,,,,,,,,,,,,,,,,,,,,,,,,,,,,,,,,,,,,,,,,,,,,
,,,,,,,,,,,,,,,,,,,,,,,489.519,1.2806693321458,489.519,1.3158300598633,489.519,1.33461089578888,489.519,1.26759954921092,489.519,1.33958218941496,,,,,,,,,,,,,,,,,,,,,,,,,,,,,,,,,,,,,,,,,,,,,,,,,,,,,,,,,,,,,,,,,,,,,,,,,,,,,,,,,,,,,,,,,,,,,,,,,,,,,,,,,,,,,,,
,,,,,,,,,,,,,,,,,,,,,,,490.018,1.28111274388966,490.018,1.32430642799163,490.018,1.33524552046592,490.018,1.27076594130271,490.018,1.3350518412483,,,,,,,,,,,,,,,,,,,,,,,,,,,,,,,,,,,,,,,,,,,,,,,,,,,,,,,,,,,,,,,,,,,,,,,,,,,,,,,,,,,,,,,,,,,,,,,,,,,,,,,,,,,,,,,
,,,,,,,,,,,,,,,,,,,,,,,490.517,1.2765703862912,490.517,1.32440903175665,490.517,1.34134987837788,490.517,1.26544001710806,490.517,1.33644266926964,,,,,,,,,,,,,,,,,,,,,,,,,,,,,,,,,,,,,,,,,,,,,,,,,,,,,,,,,,,,,,,,,,,,,,,,,,,,,,,,,,,,,,,,,,,,,,,,,,,,,,,,,,,,,,,
,,,,,,,,,,,,,,,,,,,,,,,491.016,1.28320228446662,491.016,1.32117070169516,491.016,1.3466745164956,491.016,1.26854563478043,491.016,1.33268715386778,,,,,,,,,,,,,,,,,,,,,,,,,,,,,,,,,,,,,,,,,,,,,,,,,,,,,,,,,,,,,,,,,,,,,,,,,,,,,,,,,,,,,,,,,,,,,,,,,,,,,,,,,,,,,,,
,,,,,,,,,,,,,,,,,,,,,,,491.515,1.28047962822744,491.515,1.3264033034513,491.515,1.3423854078496,491.515,1.26675448396332,491.515,1.32805260372604,,,,,,,,,,,,,,,,,,,,,,,,,,,,,,,,,,,,,,,,,,,,,,,,,,,,,,,,,,,,,,,,,,,,,,,,,,,,,,,,,,,,,,,,,,,,,,,,,,,,,,,,,,,,,,,
,,,,,,,,,,,,,,,,,,,,,,,492.014,1.27754441434151,492.014,1.32337955716622,492.014,1.34017688434621,492.014,1.26570885387525,492.014,1.34125663953939,,,,,,,,,,,,,,,,,,,,,,,,,,,,,,,,,,,,,,,,,,,,,,,,,,,,,,,,,,,,,,,,,,,,,,,,,,,,,,,,,,,,,,,,,,,,,,,,,,,,,,,,,,,,,,,
,,,,,,,,,,,,,,,,,,,,,,,492.513,1.27047236622504,492.513,1.32154807262731,492.513,1.33411423297452,492.513,1.27604654958592,492.513,1.32825902253355,,,,,,,,,,,,,,,,,,,,,,,,,,,,,,,,,,,,,,,,,,,,,,,,,,,,,,,,,,,,,,,,,,,,,,,,,,,,,,,,,,,,,,,,,,,,,,,,,,,,,,,,,,,,,,,
,,,,,,,,,,,,,,,,,,,,,,,493.012,1.27515131657337,493.012,1.32887031537872,493.012,1.33428541839003,493.012,1.26617333383187,493.012,1.33844850633446,,,,,,,,,,,,,,,,,,,,,,,,,,,,,,,,,,,,,,,,,,,,,,,,,,,,,,,,,,,,,,,,,,,,,,,,,,,,,,,,,,,,,,,,,,,,,,,,,,,,,,,,,,,,,,,
,,,,,,,,,,,,,,,,,,,,,,,493.511,1.27117752121292,493.511,1.324103196088,493.511,1.33097656174165,493.511,1.26826431626962,493.511,1.33297632284493,,,,,,,,,,,,,,,,,,,,,,,,,,,,,,,,,,,,,,,,,,,,,,,,,,,,,,,,,,,,,,,,,,,,,,,,,,,,,,,,,,,,,,,,,,,,,,,,,,,,,,,,,,,,,,,
,,,,,,,,,,,,,,,,,,,,,,,494.01,1.26702277390058,494.01,1.32451890462227,494.01,1.33557715459183,494.01,1.27016432793837,494.01,1.33648056954153,,,,,,,,,,,,,,,,,,,,,,,,,,,,,,,,,,,,,,,,,,,,,,,,,,,,,,,,,,,,,,,,,,,,,,,,,,,,,,,,,,,,,,,,,,,,,,,,,,,,,,,,,,,,,,,
,,,,,,,,,,,,,,,,,,,,,,,494.509,1.27142912606021,494.509,1.32890409790039,494.509,1.33751231579323,494.509,1.27016111572118,494.509,1.34164283682879,,,,,,,,,,,,,,,,,,,,,,,,,,,,,,,,,,,,,,,,,,,,,,,,,,,,,,,,,,,,,,,,,,,,,,,,,,,,,,,,,,,,,,,,,,,,,,,,,,,,,,,,,,,,,,,
,,,,,,,,,,,,,,,,,,,,,,,495.008,1.26485689768953,495.008,1.32796953414504,495.008,1.3351614802338,495.008,1.26940468307418,495.008,1.34317894853195,,,,,,,,,,,,,,,,,,,,,,,,,,,,,,,,,,,,,,,,,,,,,,,,,,,,,,,,,,,,,,,,,,,,,,,,,,,,,,,,,,,,,,,,,,,,,,,,,,,,,,,,,,,,,,,
,,,,,,,,,,,,,,,,,,,,,,,495.507,1.26761172000806,495.507,1.32600763060559,495.507,1.34331252425443,495.507,1.26858917546951,495.507,1.33465720208282,,,,,,,,,,,,,,,,,,,,,,,,,,,,,,,,,,,,,,,,,,,,,,,,,,,,,,,,,,,,,,,,,,,,,,,,,,,,,,,,,,,,,,,,,,,,,,,,,,,,,,,,,,,,,,,
,,,,,,,,,,,,,,,,,,,,,,,496.006,1.2728860325683,496.006,1.32744656936172,496.006,1.32415313645215,496.006,1.27095524889219,496.006,1.33228559640216,,,,,,,,,,,,,,,,,,,,,,,,,,,,,,,,,,,,,,,,,,,,,,,,,,,,,,,,,,,,,,,,,,,,,,,,,,,,,,,,,,,,,,,,,,,,,,,,,,,,,,,,,,,,,,,
,,,,,,,,,,,,,,,,,,,,,,,496.505,1.27151663538441,496.505,1.32687276283267,496.505,1.33478129400851,496.505,1.27326670088378,496.505,1.34190452132427,,,,,,,,,,,,,,,,,,,,,,,,,,,,,,,,,,,,,,,,,,,,,,,,,,,,,,,,,,,,,,,,,,,,,,,,,,,,,,,,,,,,,,,,,,,,,,,,,,,,,,,,,,,,,,,
,,,,,,,,,,,,,,,,,,,,,,,497.004,1.25900634903215,497.004,1.32111036958571,497.004,1.33694406018348,497.004,1.27453868430716,497.004,1.343150873915,,,,,,,,,,,,,,,,,,,,,,,,,,,,,,,,,,,,,,,,,,,,,,,,,,,,,,,,,,,,,,,,,,,,,,,,,,,,,,,,,,,,,,,,,,,,,,,,,,,,,,,,,,,,,,,
,,,,,,,,,,,,,,,,,,,,,,,497.503,1.27013735628964,497.503,1.32549645937327,497.503,1.34706742458971,497.503,1.26863449262981,497.503,1.34555820867467,,,,,,,,,,,,,,,,,,,,,,,,,,,,,,,,,,,,,,,,,,,,,,,,,,,,,,,,,,,,,,,,,,,,,,,,,,,,,,,,,,,,,,,,,,,,,,,,,,,,,,,,,,,,,,,
,,,,,,,,,,,,,,,,,,,,,,,498.002,1.26478141076248,498.002,1.32341665922445,498.002,1.33771392930984,498.002,1.26996658813985,498.002,1.3452263454565,,,,,,,,,,,,,,,,,,,,,,,,,,,,,,,,,,,,,,,,,,,,,,,,,,,,,,,,,,,,,,,,,,,,,,,,,,,,,,,,,,,,,,,,,,,,,,,,,,,,,,,,,,,,,,,
,,,,,,,,,,,,,,,,,,,,,,,498.501,1.27431868230906,498.501,1.33042185195323,498.501,1.3456935693391,498.501,1.2651189385011,498.501,1.34158500073613,,,,,,,,,,,,,,,,,,,,,,,,,,,,,,,,,,,,,,,,,,,,,,,,,,,,,,,,,,,,,,,,,,,,,,,,,,,,,,,,,,,,,,,,,,,,,,,,,,,,,,,,,,,,,,,
,,,,,,,,,,,,,,,,,,,,,,,499,1.26545664695761,499,1.32552942410237,499,1.34658047349239,499,1.25939914617911,499,1.33859035769607,,,,,,,,,,,,,,,,,,,,,,,,,,,,,,,,,,,,,,,,,,,,,,,,,,,,,,,,,,,,,,,,,,,,,,,,,,,,,,,,,,,,,,,,,,,,,,,,,,,,,,,,,,,,,,,
,,,,,,,,,,,,,,,,,,,,,,,499.499,1.26756087830562,499.499,1.33585102928848,499.499,1.33892475954226,499.499,1.26994299447533,499.499,1.34217034935793,,,,,,,,,,,,,,,,,,,,,,,,,,,,,,,,,,,,,,,,,,,,,,,,,,,,,,,,,,,,,,,,,,,,,,,,,,,,,,,,,,,,,,,,,,,,,,,,,,,,,,,,,,,,,,,
,,,,,,,,,,,,,,,,,,,,,,,499.998,1.26392091335532,499.998,1.32695410690307,499.998,1.33754614074079,499.998,1.26359123247542,499.998,1.33397245240286,,,,,,,,,,,,,,,,,,,,,,,,,,,,,,,,,,,,,,,,,,,,,,,,,,,,,,,,,,,,,,,,,,,,,,,,,,,,,,,,,,,,,,,,,,,,,,,,,,,,,,,,,,,,,,,
,,,,,,,,,,,,,,,,,,,,,,,500,1.26365547250064,500,1.32673897295531,500,1.33771660289711,500,1.26381498906269,500,1.33401039483333,,,,,,,,,,,,,,,,,,,,,,,,,,,,,,,,,,,,,,,,,,,,,,,,,,,,,,,,,,,,,,,,,,,,,,,,,,,,,,,,,,,,,,,,,,,,,,,,,,,,,,,,,,,,,,,
,,,,,,,,,,,,,,,,,,,,,,,,,,,,,,,,,,,,,,,,,,,,,,,,,,,,,,,,,,,,,,,,,,,,,,,,,,,,,,,,,,,,,,,,,,,,,,,,,,,,,,,,,,,,,,,,,,,,,,,,,,,,,,,,,,,,,,,,,,,,,,,
,,,,,,,,,,,,,,,,,,,,,,,,0.00419548407348253,,0.0065871552229798,,0.00542858496246342,,0.00395812202427916,,0.00534632971634358,,,,,,,,,,,,,,,,,,,,,,,,,,,,,,,,,,,,,,,,,,,,,,,,,,,,,,,,,,,,,,,,,,,,,,,,,,,,,,,,,,,,,,,,,,,,,,,,,,,,,,,,,,,,,,,
,,,,,,,,,,,,,,,,,,,,,,,,1.27170505401378,,1.31622373417206,,1.33553932587235,,1.26659332346727,,1.33578016773473,,,,,,,,,,,,,,,,,,,,,,,,,,,,,,,,,,,,,,,,,,,,,,,,,,,,,,,,,,,,,,,,,,,,,,,,,,,,,,,,,,,,,,,,,,,,,,,,,,,,,,,,,,,,,,,
,,,,,,,,,,,,,,,,,,,,,,,,,,,,,,,,,,,,,,,,,,,,,,,,,,,,,,,,,,,,,,,,,,,,,,,,,,,,,,,,,,,,,,,,,,,,,,,,,,,,,,,,,,,,,,,,,,,,,,,,,,,,,,,,,,,,,,,,,,,,,,,
,,,,,,,,,,,,,,,,,,,,,,,,,,,,,,,,,,,,,,,,,,,,,,,,,,,,,,,,,,,,,,,,,,,,,,,,,,,,,,,,,,,,,,,,,,,,,,,,,,,,,,,,,,,,,,,,,,,,,,,,,,,,,,,,,,,,,,,,,,,,,,,
,,,,,,,,,,,,,,,,,,,,,,,,0.00419548407348253,,0.0065871552229798,,0.00542858496246342,,0.00395812202427916,,0.00534632971634358,,,,,,,,,,,,,,,,,,,,,,,,,,,,,,,,,,,,,,,,,,,,,,,,,,,,,,,,,,,,,,,,,,,,,,,,,,,,,,,,,,,,,,,,,,,,,,,,,,,,,,,,,,,,,,,
,,,,,,,,,,,,,,,,,,,,,,,,1.27170505401378,,1.31622373417206,,1.33553932587235,,1.26659332346727,,1.33578016773473,,,,,,,,,,,,,,,,,,,,,,,,,,,,,,,,,,,,,,,,,,,,,,,,,,,,,,,,,,,,,,,,,,,,,,,,,,,,,,,,,,,,,,,,,,,,,,,,,,,,,,,,,,,,,,,
